Timestamp,Vehicle_ID,Violation_Type,Details,LiDAR Points,Latitude,Longitude,Altitude,Accel X,Accel Y,Accel Z,Gyro X,Gyro Y,Gyro Z,Collision
2025-03-30 20:54:36,49413cc2,Running Red Light,Traffic light was red,5812,-0.0025390911104921088,0.0030069278336403837,5.5117443480412476e-06,-112979.265625,133960.09375,9.807795524597168,1.8615199337546073e-07,-1.8637690857303824e-07,-5.9721041907323524e-06,No
2025-03-30 20:54:36,49413cc2,Aggressive Acceleration,Acceleration 9.81 m/s²,5812,-0.0025390911104921088,0.0030069278336403837,5.5117443480412476e-06,-112979.265625,133960.09375,9.807795524597168,1.8615199337546073e-07,-1.8637690857303824e-07,-5.9721041907323524e-06,No
2025-03-30 20:54:36,49413cc2,Tailgating,LiDAR points 5812,5812,-0.0025390911104921088,0.0030069278336403837,5.5117443480412476e-06,-112979.265625,133960.09375,9.807795524597168,1.8615199337546073e-07,-1.8637690857303824e-07,-5.9721041907323524e-06,No
2025-03-30 20:54:36,baa8daec,Running Red Light,Traffic light was red,5816,-0.0011992966862663934,0.002753202289376768,-0.00025649057351984084,-122617.859375,-53347.2578125,9.912596702575684,0.0,0.0,0.0,No
2025-03-30 20:54:36,baa8daec,Aggressive Acceleration,Acceleration 9.91 m/s²,5816,-0.0011992966862663934,0.002753202289376768,-0.00025649057351984084,-122617.859375,-53347.2578125,9.912596702575684,0.0,0.0,0.0,No
2025-03-30 20:54:36,baa8daec,Tailgating,LiDAR points 5816,5816,-0.0011992966862663934,0.002753202289376768,-0.00025649057351984084,-122617.859375,-53347.2578125,9.912596702575684,0.0,0.0,0.0,No
2025-03-30 20:54:36,eaad9b1d,Aggressive Acceleration,Acceleration 9.72 m/s²,5984,-0.0011632970466877168,0.0025683949191048342,0.0002277775784023106,114388.0390625,51747.921875,9.718889236450195,0.0,0.0,0.0,No
2025-03-30 20:54:36,eaad9b1d,Tailgating,LiDAR points 5984,5984,-0.0011632970466877168,0.0025683949191048342,0.0002277775784023106,114388.0390625,51747.921875,9.718889236450195,0.0,0.0,0.0,No
2025-03-30 20:54:36,bae04e05,Aggressive Acceleration,Acceleration 9.81 m/s²,6092,-0.000534259705531781,0.0027633549408147815,-1.3792713389193523e-06,-123043.1953125,-23804.4140625,9.810552597045898,0.0,0.0,0.0,No
2025-03-30 20:54:36,bae04e05,Tailgating,LiDAR points 6092,6092,-0.000534259705531781,0.0027633549408147815,-1.3792713389193523e-06,-123043.1953125,-23804.4140625,9.810552597045898,0.0,0.0,0.0,No
2025-03-30 20:54:37,3a6d4cdd,Aggressive Acceleration,Acceleration 9.79 m/s²,6120,-0.0004983535490623581,0.0025544313909686566,4.967310815118253e-05,113740.484375,22204.44140625,9.790131568908691,0.0,0.0,0.0,No
2025-03-30 20:54:37,3a6d4cdd,Tailgating,LiDAR points 6120,6120,-0.0004983535490623581,0.0025544313909686566,4.967310815118253e-05,113740.484375,22204.44140625,9.790131568908691,0.0,0.0,0.0,No
2025-03-30 20:54:37,f064b8c5,Aggressive Acceleration,Acceleration 9.84 m/s²,6072,-0.0005342824252210221,0.0025696880566766092,-7.270830974448472e-05,-114419.640625,-23804.373046875,9.839083671569824,0.0,0.0,0.0,No
2025-03-30 20:54:37,f064b8c5,Tailgating,LiDAR points 6072,6072,-0.0005342824252210221,0.0025696880566766092,-7.270830974448472e-05,-114419.640625,-23804.373046875,9.839083671569824,0.0,0.0,0.0,No
2025-03-30 20:54:37,f880463a,Aggressive Acceleration,Acceleration 9.68 m/s²,6080,-0.0004983906270581429,0.0022914266182697146,0.00033333184546791017,102029.4609375,22204.666015625,9.676668167114258,0.0,0.0,0.0,No
2025-03-30 20:54:37,f880463a,Tailgating,LiDAR points 6080,6080,-0.0004983906270581429,0.0022914266182697146,0.00033333184546791017,102029.4609375,22204.666015625,9.676668167114258,0.0,0.0,0.0,No
2025-03-30 20:54:37,756bc8e8,Aggressive Acceleration,Acceleration 9.81 m/s²,6044,-0.0005343194689260145,0.0022729002362550928,-3.4114286791009363e-06,-101204.328125,-23804.41015625,9.811365127563477,0.0,0.0,0.0,No
2025-03-30 20:54:37,756bc8e8,Tailgating,LiDAR points 6044,6044,-0.0005343194689260145,0.0022729002362550928,-3.4114286791009363e-06,-101204.328125,-23804.41015625,9.811365127563477,0.0,0.0,0.0,No
2025-03-30 20:54:37,9ed9aae0,Aggressive Acceleration,Acceleration 9.81 m/s²,5988,-0.0004984263343317252,0.0019508079587938648,6.347881935653277e-06,197.72999572753906,-0.0009101778268814087,9.81003475189209,0.0,0.0,0.0,No
2025-03-30 20:54:37,9ed9aae0,Tailgating,LiDAR points 5988,5988,-0.0004984263343317252,0.0019508079587938648,6.347881935653277e-06,197.72999572753906,-0.0009101778268814087,9.81003475189209,0.0,0.0,0.0,No
2025-03-30 20:54:37,f616da22,Aggressive Acceleration,Acceleration 9.81 m/s²,5948,-0.0005343517836706724,0.0020081516331355315,-6.012287485646084e-07,-89415.65625,-23804.41015625,9.810240745544434,0.0,0.0,0.0,No
2025-03-30 20:54:37,f616da22,Tailgating,LiDAR points 5948,5948,-0.0005343517836706724,0.0020081516331355315,-6.012287485646084e-07,-89415.65625,-23804.41015625,9.810240745544434,0.0,0.0,0.0,No
2025-03-30 20:54:37,94820f69,Running Red Light,Traffic light was red,6052,-0.0004984594715011781,0.001708327941297896,0.00021418154938146472,76065.3671875,22204.56640625,9.72432804107666,0.0,0.0,0.0,No
2025-03-30 20:54:37,94820f69,Aggressive Acceleration,Acceleration 9.72 m/s²,6052,-0.0004984594715011781,0.001708327941297896,0.00021418154938146472,76065.3671875,22204.56640625,9.72432804107666,0.0,0.0,0.0,No
2025-03-30 20:54:37,94820f69,Tailgating,LiDAR points 6052,6052,-0.0004984594715011781,0.001708327941297896,0.00021418154938146472,76065.3671875,22204.56640625,9.72432804107666,0.0,0.0,0.0,No
2025-03-30 20:54:37,fa7cb4b5,Aggressive Acceleration,Acceleration 9.82 m/s²,4316,-0.0019446998915100266,0.0008300679406638016,-2.6607836844050325e-05,86598.8203125,-36947.9140625,9.820643424987793,0.0,0.0,0.0,No
2025-03-30 20:54:37,fa7cb4b5,Tailgating,LiDAR points 4316,4316,-0.0019446998915100266,0.0008300679406638016,-2.6607836844050325e-05,86598.8203125,-36947.9140625,9.820643424987793,0.0,0.0,0.0,No
2025-03-30 20:54:37,1cc9f7c6,Aggressive Acceleration,Acceleration 9.82 m/s²,5836,-0.0004984731786947805,0.0016042496939268607,-2.589156065369025e-05,71430.9921875,22204.61328125,9.820357322692871,0.0,0.0,0.0,No
2025-03-30 20:54:37,1cc9f7c6,Tailgating,LiDAR points 5836,5836,-0.0004984731786947805,0.0016042496939268607,-2.589156065369025e-05,71430.9921875,22204.61328125,9.820357322692871,0.0,0.0,0.0,No
2025-03-30 20:54:37,88d08d87,Aggressive Acceleration,Acceleration 8.50 m/s²,6108,-0.0003167823809917536,0.0013836928405279976,0.003271776018664241,-14030.78125,61629.8671875,8.501290321350098,-3.720761867498368e-07,3.729811055563914e-07,1.1938389434362762e-05,No
2025-03-30 20:54:37,88d08d87,Tailgating,LiDAR points 6108,6108,-0.0003167823809917536,0.0013836928405279976,0.003271776018664241,-14030.78125,61629.8671875,8.501290321350098,-3.720761867498368e-07,3.729811055563914e-07,1.1938389434362762e-05,No
2025-03-30 20:54:37,f586837c,Aggressive Acceleration,Acceleration 9.81 m/s²,6012,-0.0011626484218254518,0.0011224096240440976,-9.057058605321799e-07,50001.5234375,51747.8046875,9.810362815856934,0.0,0.0,0.0,No
2025-03-30 20:54:37,f586837c,Tailgating,LiDAR points 6012,6012,-0.0011626484218254518,0.0011224096240440976,-9.057058605321799e-07,50001.5234375,51747.8046875,9.810362815856934,0.0,0.0,0.0,No
2025-03-30 20:54:37,720e4480,Aggressive Acceleration,Acceleration 9.81 m/s²,5704,-0.0011988994515093054,0.001835544222206215,2.090487427608423e-08,-81756.578125,-53347.8203125,9.809991836547852,0.0,0.0,0.0,No
2025-03-30 20:54:37,720e4480,Tailgating,LiDAR points 5704,5704,-0.0011988994515093054,0.001835544222206215,2.090487427608423e-08,-81756.578125,-53347.8203125,9.809991836547852,0.0,0.0,0.0,No
2025-03-30 20:54:37,dc129413,Aggressive Acceleration,Acceleration 10.05 m/s²,5660,-0.00019989223332572692,0.001419816256164552,-0.000605235283728689,8823.98046875,-63232.046875,10.052094459533691,0.0,0.0,0.0,No
2025-03-30 20:54:37,dc129413,Tailgating,LiDAR points 5660,5660,-0.00019989223332572692,0.001419816256164552,-0.000605235283728689,8823.98046875,-63232.046875,10.052094459533691,0.0,0.0,0.0,No
2025-03-30 20:54:37,b1d56077,Aggressive Acceleration,Acceleration 9.81 m/s²,6060,-0.0017890669331137588,0.0028055832707158798,3.364305257491651e-06,-124932.90625,-79653.0546875,9.80865478515625,0.0,0.0,0.0,No
2025-03-30 20:54:37,b1d56077,Tailgating,LiDAR points 6060,6060,-0.0017890669331137588,0.0028055832707158798,3.364305257491651e-06,-124932.90625,-79653.0546875,9.80865478515625,0.0,0.0,0.0,No
2025-03-30 20:54:37,746a2b15,Aggressive Acceleration,Acceleration 9.81 m/s²,5676,-0.001753099231308397,0.002374774639458331,1.2408700911237247e-07,105749.7578125,78053.0625,9.809950828552246,0.0,0.0,0.0,No
2025-03-30 20:54:37,746a2b15,Tailgating,LiDAR points 5676,5676,-0.001753099231308397,0.002374774639458331,1.2408700911237247e-07,105749.7578125,78053.0625,9.809950828552246,0.0,0.0,0.0,No
2025-03-30 20:54:37,a2ad0c25,Aggressive Acceleration,Acceleration 9.81 m/s²,6040,-0.0017890485654419308,0.0025840521092970704,1.8743429031076175e-09,-115068.6171875,-79653.03125,9.809999465942383,0.0,0.0,0.0,No
2025-03-30 20:54:37,a2ad0c25,Tailgating,LiDAR points 6040,6040,-0.0017890485654419308,0.0025840521092970704,1.8743429031076175e-09,-115068.6171875,-79653.03125,9.809999465942383,0.0,0.0,0.0,No
2025-03-30 20:54:37,20b8ad53,Aggressive Acceleration,Acceleration 9.81 m/s²,5176,-0.0017530703091068744,0.002017749828194721,9.752454843692249e-08,-299.9998779296875,0.0042471736669540405,9.810009956359863,0.0,0.0,0.0,No
2025-03-30 20:54:37,20b8ad53,Tailgating,LiDAR points 5176,5176,-0.0017530703091068744,0.002017749828194721,9.752454843692249e-08,-299.9998779296875,0.0042471736669540405,9.810009956359863,0.0,0.0,0.0,No
2025-03-30 20:54:37,6a9201db,Aggressive Acceleration,Acceleration 9.81 m/s²,6068,-0.0022001296522091707,0.0007941754228690594,2.0275194023700038e-10,-97972.296875,35347.9375,9.8100004196167,-5.678657544194721e-11,3.725289161593537e-07,-5.960463568044361e-06,No
2025-03-30 20:54:37,6a9201db,Tailgating,LiDAR points 6068,6068,-0.0022001296522091707,0.0007941754228690594,2.0275194023700038e-10,-97972.296875,35347.9375,9.8100004196167,-5.678657544194721e-11,3.725289161593537e-07,-5.960463568044361e-06,No
2025-03-30 20:54:37,5c260c49,Aggressive Acceleration,Acceleration 9.81 m/s²,6068,-0.0017890330762924123,0.0023893467674268895,2.9656799238608755e-10,-106398.8125,-79653.046875,9.8100004196167,0.0,0.0,0.0,No
2025-03-30 20:54:37,5c260c49,Tailgating,LiDAR points 6068,6068,-0.0017890330762924123,0.0023893467674268895,2.9656799238608755e-10,-106398.8125,-79653.046875,9.8100004196167,0.0,0.0,0.0,No
2025-03-30 20:54:37,cda6e947,Aggressive Acceleration,Acceleration 9.81 m/s²,5340,-0.0017530502965854566,0.0017716696137173374,2.4744901239159844e-08,78894.8203125,78053.0546875,9.809990882873535,0.0,0.0,0.0,No
2025-03-30 20:54:37,cda6e947,Tailgating,LiDAR points 5340,5340,-0.0017530502965854566,0.0017716696137173374,2.4744901239159844e-08,78894.8203125,78053.0546875,9.809990882873535,0.0,0.0,0.0,No
2025-03-30 20:54:37,58f65db3,Aggressive Acceleration,Acceleration 9.81 m/s²,5168,-0.0017889989453578892,0.0019709580961270413,-2.555481461207279e-14,-87768.8984375,-79653.0390625,9.8100004196167,0.0,0.0,0.0,No
2025-03-30 20:54:37,58f65db3,Tailgating,LiDAR points 5168,5168,-0.0017889989453578892,0.0019709580961270413,-2.555481461207279e-14,-87768.8984375,-79653.0390625,9.8100004196167,0.0,0.0,0.0,No
2025-03-30 20:54:38,f90c3470,Aggressive Acceleration,Acceleration 9.81 m/s²,5924,-0.001753010682762124,0.001287117916315639,4.8087208881497645e-08,57318.8125,78053.03125,9.809981346130371,0.0,0.0,0.0,No
2025-03-30 20:54:38,f90c3470,Tailgating,LiDAR points 5924,5924,-0.001753010682762124,0.001287117916315639,4.8087208881497645e-08,57318.8125,78053.03125,9.809981346130371,0.0,0.0,0.0,No
2025-03-30 20:54:38,d23e6b94,Aggressive Acceleration,Acceleration 9.81 m/s²,5024,-0.0017889727646007714,0.0016492376950949235,-2.3687241404446446e-12,-72843.390625,-79653.0390625,9.8100004196167,0.0,0.0,0.0,No
2025-03-30 20:54:38,d23e6b94,Tailgating,LiDAR points 5024,5024,-0.0017889727646007714,0.0016492376950949235,-2.3687241404446446e-12,-72843.390625,-79653.0390625,9.8100004196167,0.0,0.0,0.0,No
2025-03-30 20:54:38,8c837c22,Aggressive Acceleration,Acceleration 9.81 m/s²,6100,-0.001752990259035414,0.00103660013179918,5.483684617502149e-08,142.4749298095703,0.0034846123307943344,9.809998512268066,0.0,0.0,0.0,No
2025-03-30 20:54:38,8c837c22,Tailgating,LiDAR points 6100,6100,-0.001752990259035414,0.00103660013179918,5.483684617502149e-08,142.4749298095703,0.0034846123307943344,9.809998512268066,0.0,0.0,0.0,No
2025-03-30 20:54:38,be1b45a2,Aggressive Acceleration,Acceleration 9.81 m/s²,5476,-0.0029698191428906284,0.0016678944326141837,-8.331597217692277e-11,-74281.78125,-132231.546875,9.8100004196167,0.0,0.0,0.0,No
2025-03-30 20:54:38,be1b45a2,Tailgating,LiDAR points 5476,5476,-0.0029698191428906284,0.0016678944326141837,-8.331597217692277e-11,-74281.78125,-132231.546875,9.8100004196167,0.0,0.0,0.0,No
2025-03-30 20:54:39,49413cc2,Aggressive Acceleration,Acceleration 9.81 m/s²,5812,-0.0025390911104921088,0.0030069278336403837,5.5117443480412476e-06,-112979.265625,133960.09375,9.807795524597168,1.8615199337546073e-07,-1.8637690857303824e-07,-5.9721041907323524e-06,No
2025-03-30 20:54:39,49413cc2,Tailgating,LiDAR points 5812,5812,-0.0025390911104921088,0.0030069278336403837,5.5117443480412476e-06,-112979.265625,133960.09375,9.807795524597168,1.8615199337546073e-07,-1.8637690857303824e-07,-5.9721041907323524e-06,No
2025-03-30 20:54:39,baa8daec,Aggressive Acceleration,Acceleration 9.91 m/s²,5816,-0.0011992966862663934,0.002753202289376768,-0.00025649057351984084,-122617.859375,-53347.2578125,9.912596702575684,0.0,0.0,0.0,No
2025-03-30 20:54:39,baa8daec,Tailgating,LiDAR points 5816,5816,-0.0011992966862663934,0.002753202289376768,-0.00025649057351984084,-122617.859375,-53347.2578125,9.912596702575684,0.0,0.0,0.0,No
2025-03-30 20:54:39,eaad9b1d,Aggressive Acceleration,Acceleration 9.72 m/s²,5984,-0.0011632970466877168,0.0025683949191048342,0.0002277775784023106,114388.0390625,51747.921875,9.718889236450195,0.0,0.0,0.0,No
2025-03-30 20:54:39,eaad9b1d,Tailgating,LiDAR points 5984,5984,-0.0011632970466877168,0.0025683949191048342,0.0002277775784023106,114388.0390625,51747.921875,9.718889236450195,0.0,0.0,0.0,No
2025-03-30 20:54:39,bae04e05,Aggressive Acceleration,Acceleration 9.81 m/s²,6092,-0.000534259705531781,0.0027633549408147815,-1.3792713389193523e-06,-123043.1953125,-23804.4140625,9.810552597045898,0.0,0.0,0.0,No
2025-03-30 20:54:39,bae04e05,Tailgating,LiDAR points 6092,6092,-0.000534259705531781,0.0027633549408147815,-1.3792713389193523e-06,-123043.1953125,-23804.4140625,9.810552597045898,0.0,0.0,0.0,No
2025-03-30 20:54:39,3a6d4cdd,Aggressive Acceleration,Acceleration 9.79 m/s²,6120,-0.0004983535490623581,0.0025544313909686566,4.967310815118253e-05,113740.484375,22204.44140625,9.790131568908691,0.0,0.0,0.0,No
2025-03-30 20:54:39,3a6d4cdd,Tailgating,LiDAR points 6120,6120,-0.0004983535490623581,0.0025544313909686566,4.967310815118253e-05,113740.484375,22204.44140625,9.790131568908691,0.0,0.0,0.0,No
2025-03-30 20:54:39,f064b8c5,Aggressive Acceleration,Acceleration 9.84 m/s²,6072,-0.0005342824252210221,0.0025696880566766092,-7.270830974448472e-05,-114419.640625,-23804.373046875,9.839083671569824,0.0,0.0,0.0,No
2025-03-30 20:54:39,f064b8c5,Tailgating,LiDAR points 6072,6072,-0.0005342824252210221,0.0025696880566766092,-7.270830974448472e-05,-114419.640625,-23804.373046875,9.839083671569824,0.0,0.0,0.0,No
2025-03-30 20:54:39,f880463a,Aggressive Acceleration,Acceleration 9.68 m/s²,6080,-0.0004983906270581429,0.0022914266182697146,0.00033333184546791017,102029.4609375,22204.666015625,9.676668167114258,0.0,0.0,0.0,No
2025-03-30 20:54:39,f880463a,Tailgating,LiDAR points 6080,6080,-0.0004983906270581429,0.0022914266182697146,0.00033333184546791017,102029.4609375,22204.666015625,9.676668167114258,0.0,0.0,0.0,No
2025-03-30 20:54:39,756bc8e8,Aggressive Acceleration,Acceleration 9.81 m/s²,6044,-0.0005343194689260145,0.0022729002362550928,-3.4114286791009363e-06,-101204.328125,-23804.41015625,9.811365127563477,0.0,0.0,0.0,No
2025-03-30 20:54:39,756bc8e8,Tailgating,LiDAR points 6044,6044,-0.0005343194689260145,0.0022729002362550928,-3.4114286791009363e-06,-101204.328125,-23804.41015625,9.811365127563477,0.0,0.0,0.0,No
2025-03-30 20:54:39,9ed9aae0,Aggressive Acceleration,Acceleration 9.81 m/s²,5988,-0.0004984263343317252,0.0019508079587938648,6.347881935653277e-06,197.72999572753906,-0.0009101778268814087,9.81003475189209,0.0,0.0,0.0,No
2025-03-30 20:54:39,9ed9aae0,Tailgating,LiDAR points 5988,5988,-0.0004984263343317252,0.0019508079587938648,6.347881935653277e-06,197.72999572753906,-0.0009101778268814087,9.81003475189209,0.0,0.0,0.0,No
2025-03-30 20:54:39,f616da22,Aggressive Acceleration,Acceleration 9.81 m/s²,5948,-0.0005343517836706724,0.0020081516331355315,-6.012287485646084e-07,-89415.65625,-23804.41015625,9.810240745544434,0.0,0.0,0.0,No
2025-03-30 20:54:39,f616da22,Tailgating,LiDAR points 5948,5948,-0.0005343517836706724,0.0020081516331355315,-6.012287485646084e-07,-89415.65625,-23804.41015625,9.810240745544434,0.0,0.0,0.0,No
2025-03-30 20:54:39,94820f69,Running Red Light,Traffic light was red,6052,-0.0004984594715011781,0.001708327941297896,0.00021418154938146472,76065.3671875,22204.56640625,9.72432804107666,0.0,0.0,0.0,No
2025-03-30 20:54:39,94820f69,Aggressive Acceleration,Acceleration 9.72 m/s²,6052,-0.0004984594715011781,0.001708327941297896,0.00021418154938146472,76065.3671875,22204.56640625,9.72432804107666,0.0,0.0,0.0,No
2025-03-30 20:54:39,94820f69,Tailgating,LiDAR points 6052,6052,-0.0004984594715011781,0.001708327941297896,0.00021418154938146472,76065.3671875,22204.56640625,9.72432804107666,0.0,0.0,0.0,No
2025-03-30 20:54:39,fa7cb4b5,Aggressive Acceleration,Acceleration 9.82 m/s²,4316,-0.0019446998915100266,0.0008300679406638016,-2.6607836844050325e-05,86598.8203125,-36947.9140625,9.820643424987793,0.0,0.0,0.0,No
2025-03-30 20:54:39,fa7cb4b5,Tailgating,LiDAR points 4316,4316,-0.0019446998915100266,0.0008300679406638016,-2.6607836844050325e-05,86598.8203125,-36947.9140625,9.820643424987793,0.0,0.0,0.0,No
2025-03-30 20:54:39,1cc9f7c6,Aggressive Acceleration,Acceleration 9.82 m/s²,5836,-0.0004984731786947805,0.0016042496939268607,-2.589156065369025e-05,71430.9921875,22204.61328125,9.820357322692871,0.0,0.0,0.0,No
2025-03-30 20:54:39,1cc9f7c6,Tailgating,LiDAR points 5836,5836,-0.0004984731786947805,0.0016042496939268607,-2.589156065369025e-05,71430.9921875,22204.61328125,9.820357322692871,0.0,0.0,0.0,No
2025-03-30 20:54:39,88d08d87,Aggressive Acceleration,Acceleration 8.50 m/s²,6108,-0.0003167823809917536,0.0013836928405279976,0.003271776018664241,-14030.78125,61629.8671875,8.501290321350098,-3.720761867498368e-07,3.729811055563914e-07,1.1938389434362762e-05,No
2025-03-30 20:54:39,88d08d87,Tailgating,LiDAR points 6108,6108,-0.0003167823809917536,0.0013836928405279976,0.003271776018664241,-14030.78125,61629.8671875,8.501290321350098,-3.720761867498368e-07,3.729811055563914e-07,1.1938389434362762e-05,No
2025-03-30 20:54:39,f586837c,Aggressive Acceleration,Acceleration 9.81 m/s²,6012,-0.0011626484218254518,0.0011224096240440976,-9.057058605321799e-07,50001.5234375,51747.8046875,9.810362815856934,0.0,0.0,0.0,No
2025-03-30 20:54:39,f586837c,Tailgating,LiDAR points 6012,6012,-0.0011626484218254518,0.0011224096240440976,-9.057058605321799e-07,50001.5234375,51747.8046875,9.810362815856934,0.0,0.0,0.0,No
2025-03-30 20:54:39,720e4480,Aggressive Acceleration,Acceleration 9.81 m/s²,5704,-0.0011988994515093054,0.001835544222206215,2.090487427608423e-08,-81756.578125,-53347.8203125,9.809991836547852,0.0,0.0,0.0,No
2025-03-30 20:54:39,720e4480,Tailgating,LiDAR points 5704,5704,-0.0011988994515093054,0.001835544222206215,2.090487427608423e-08,-81756.578125,-53347.8203125,9.809991836547852,0.0,0.0,0.0,No
2025-03-30 20:54:39,dc129413,Aggressive Acceleration,Acceleration 10.05 m/s²,5660,-0.00019989223332572692,0.001419816256164552,-0.000605235283728689,8823.98046875,-63232.046875,10.052094459533691,0.0,0.0,0.0,No
2025-03-30 20:54:39,dc129413,Tailgating,LiDAR points 5660,5660,-0.00019989223332572692,0.001419816256164552,-0.000605235283728689,8823.98046875,-63232.046875,10.052094459533691,0.0,0.0,0.0,No
2025-03-30 20:54:39,b1d56077,Aggressive Acceleration,Acceleration 9.81 m/s²,6060,-0.0017890669331137588,0.0028055832707158798,3.364305257491651e-06,-124932.90625,-79653.0546875,9.80865478515625,0.0,0.0,0.0,No
2025-03-30 20:54:39,b1d56077,Tailgating,LiDAR points 6060,6060,-0.0017890669331137588,0.0028055832707158798,3.364305257491651e-06,-124932.90625,-79653.0546875,9.80865478515625,0.0,0.0,0.0,No
2025-03-30 20:54:39,746a2b15,Aggressive Acceleration,Acceleration 9.81 m/s²,5676,-0.001753099231308397,0.002374774639458331,1.2408700911237247e-07,105749.7578125,78053.0625,9.809950828552246,0.0,0.0,0.0,No
2025-03-30 20:54:39,746a2b15,Tailgating,LiDAR points 5676,5676,-0.001753099231308397,0.002374774639458331,1.2408700911237247e-07,105749.7578125,78053.0625,9.809950828552246,0.0,0.0,0.0,No
2025-03-30 20:54:39,a2ad0c25,Aggressive Acceleration,Acceleration 9.81 m/s²,6040,-0.0017890485654419308,0.0025840521092970704,1.8743429031076175e-09,-115068.6171875,-79653.03125,9.809999465942383,0.0,0.0,0.0,No
2025-03-30 20:54:39,a2ad0c25,Tailgating,LiDAR points 6040,6040,-0.0017890485654419308,0.0025840521092970704,1.8743429031076175e-09,-115068.6171875,-79653.03125,9.809999465942383,0.0,0.0,0.0,No
2025-03-30 20:54:39,20b8ad53,Aggressive Acceleration,Acceleration 9.81 m/s²,5176,-0.0017530703091068744,0.002017749828194721,9.752454843692249e-08,-299.9998779296875,0.0042471736669540405,9.810009956359863,0.0,0.0,0.0,No
2025-03-30 20:54:39,20b8ad53,Tailgating,LiDAR points 5176,5176,-0.0017530703091068744,0.002017749828194721,9.752454843692249e-08,-299.9998779296875,0.0042471736669540405,9.810009956359863,0.0,0.0,0.0,No
2025-03-30 20:54:40,6a9201db,Aggressive Acceleration,Acceleration 9.81 m/s²,6068,-0.0022001296522091707,0.0007941754228690594,2.0275194023700038e-10,-97972.296875,35347.9375,9.8100004196167,-5.678657544194721e-11,3.725289161593537e-07,-5.960463568044361e-06,No
2025-03-30 20:54:40,6a9201db,Tailgating,LiDAR points 6068,6068,-0.0022001296522091707,0.0007941754228690594,2.0275194023700038e-10,-97972.296875,35347.9375,9.8100004196167,-5.678657544194721e-11,3.725289161593537e-07,-5.960463568044361e-06,No
2025-03-30 20:54:40,5c260c49,Aggressive Acceleration,Acceleration 9.81 m/s²,6068,-0.0017890330762924123,0.0023893467674268895,2.9656799238608755e-10,-106398.8125,-79653.046875,9.8100004196167,0.0,0.0,0.0,No
2025-03-30 20:54:40,5c260c49,Tailgating,LiDAR points 6068,6068,-0.0017890330762924123,0.0023893467674268895,2.9656799238608755e-10,-106398.8125,-79653.046875,9.8100004196167,0.0,0.0,0.0,No
2025-03-30 20:54:40,cda6e947,Aggressive Acceleration,Acceleration 9.81 m/s²,5340,-0.0017530502965854566,0.0017716696137173374,2.4744901239159844e-08,78894.8203125,78053.0546875,9.809990882873535,0.0,0.0,0.0,No
2025-03-30 20:54:40,cda6e947,Tailgating,LiDAR points 5340,5340,-0.0017530502965854566,0.0017716696137173374,2.4744901239159844e-08,78894.8203125,78053.0546875,9.809990882873535,0.0,0.0,0.0,No
2025-03-30 20:54:40,58f65db3,Aggressive Acceleration,Acceleration 9.81 m/s²,5168,-0.0017889989453578892,0.0019709580961270413,-2.555481461207279e-14,-87768.8984375,-79653.0390625,9.8100004196167,0.0,0.0,0.0,No
2025-03-30 20:54:40,58f65db3,Tailgating,LiDAR points 5168,5168,-0.0017889989453578892,0.0019709580961270413,-2.555481461207279e-14,-87768.8984375,-79653.0390625,9.8100004196167,0.0,0.0,0.0,No
2025-03-30 20:54:40,f90c3470,Aggressive Acceleration,Acceleration 9.81 m/s²,5924,-0.001753010682762124,0.001287117916315639,4.8087208881497645e-08,57318.8125,78053.03125,9.809981346130371,0.0,0.0,0.0,No
2025-03-30 20:54:40,f90c3470,Tailgating,LiDAR points 5924,5924,-0.001753010682762124,0.001287117916315639,4.8087208881497645e-08,57318.8125,78053.03125,9.809981346130371,0.0,0.0,0.0,No
2025-03-30 20:54:40,d23e6b94,Aggressive Acceleration,Acceleration 9.81 m/s²,5024,-0.0017889727646007714,0.0016492376950949235,-2.3687241404446446e-12,-72843.390625,-79653.0390625,9.8100004196167,0.0,0.0,0.0,No
2025-03-30 20:54:40,d23e6b94,Tailgating,LiDAR points 5024,5024,-0.0017889727646007714,0.0016492376950949235,-2.3687241404446446e-12,-72843.390625,-79653.0390625,9.8100004196167,0.0,0.0,0.0,No
2025-03-30 20:54:40,8c837c22,Aggressive Acceleration,Acceleration 9.81 m/s²,6100,-0.001752990259035414,0.00103660013179918,5.483684617502149e-08,142.4749298095703,0.0034846123307943344,9.809998512268066,0.0,0.0,0.0,No
2025-03-30 20:54:40,8c837c22,Tailgating,LiDAR points 6100,6100,-0.001752990259035414,0.00103660013179918,5.483684617502149e-08,142.4749298095703,0.0034846123307943344,9.809998512268066,0.0,0.0,0.0,No
2025-03-30 20:54:40,be1b45a2,Aggressive Acceleration,Acceleration 9.81 m/s²,5476,-0.0029698191428906284,0.0016678944326141837,-8.331597217692277e-11,-74281.78125,-132231.546875,9.8100004196167,0.0,0.0,0.0,No
2025-03-30 20:54:40,be1b45a2,Tailgating,LiDAR points 5476,5476,-0.0029698191428906284,0.0016678944326141837,-8.331597217692277e-11,-74281.78125,-132231.546875,9.8100004196167,0.0,0.0,0.0,No
2025-03-30 20:54:41,49413cc2,Aggressive Acceleration,Acceleration 9.81 m/s²,5812,-0.0025390911104921088,0.0030069278336403837,5.5117443480412476e-06,-112979.265625,133960.09375,9.807795524597168,1.8615199337546073e-07,-1.8637690857303824e-07,-5.9721041907323524e-06,No
2025-03-30 20:54:41,49413cc2,Tailgating,LiDAR points 5812,5812,-0.0025390911104921088,0.0030069278336403837,5.5117443480412476e-06,-112979.265625,133960.09375,9.807795524597168,1.8615199337546073e-07,-1.8637690857303824e-07,-5.9721041907323524e-06,No
2025-03-30 20:54:41,baa8daec,Aggressive Acceleration,Acceleration 9.91 m/s²,5816,-0.0011992966862663934,0.002753202289376768,-0.00025649057351984084,-122617.859375,-53347.2578125,9.912596702575684,0.0,0.0,0.0,No
2025-03-30 20:54:41,baa8daec,Tailgating,LiDAR points 5816,5816,-0.0011992966862663934,0.002753202289376768,-0.00025649057351984084,-122617.859375,-53347.2578125,9.912596702575684,0.0,0.0,0.0,No
2025-03-30 20:54:41,eaad9b1d,Aggressive Acceleration,Acceleration 9.72 m/s²,5984,-0.0011632970466877168,0.0025683949191048342,0.0002277775784023106,114388.0390625,51747.921875,9.718889236450195,0.0,0.0,0.0,No
2025-03-30 20:54:41,eaad9b1d,Tailgating,LiDAR points 5984,5984,-0.0011632970466877168,0.0025683949191048342,0.0002277775784023106,114388.0390625,51747.921875,9.718889236450195,0.0,0.0,0.0,No
2025-03-30 20:54:41,bae04e05,Aggressive Acceleration,Acceleration 9.81 m/s²,6092,-0.000534259705531781,0.0027633549408147815,-1.3792713389193523e-06,-123043.1953125,-23804.4140625,9.810552597045898,0.0,0.0,0.0,No
2025-03-30 20:54:41,bae04e05,Tailgating,LiDAR points 6092,6092,-0.000534259705531781,0.0027633549408147815,-1.3792713389193523e-06,-123043.1953125,-23804.4140625,9.810552597045898,0.0,0.0,0.0,No
2025-03-30 20:54:41,3a6d4cdd,Aggressive Acceleration,Acceleration 9.79 m/s²,6120,-0.0004983535490623581,0.0025544313909686566,4.967310815118253e-05,113740.484375,22204.44140625,9.790131568908691,0.0,0.0,0.0,No
2025-03-30 20:54:41,3a6d4cdd,Tailgating,LiDAR points 6120,6120,-0.0004983535490623581,0.0025544313909686566,4.967310815118253e-05,113740.484375,22204.44140625,9.790131568908691,0.0,0.0,0.0,No
2025-03-30 20:54:41,f064b8c5,Aggressive Acceleration,Acceleration 9.84 m/s²,6072,-0.0005342824252210221,0.0025696880566766092,-7.270830974448472e-05,-114419.640625,-23804.373046875,9.839083671569824,0.0,0.0,0.0,No
2025-03-30 20:54:41,f064b8c5,Tailgating,LiDAR points 6072,6072,-0.0005342824252210221,0.0025696880566766092,-7.270830974448472e-05,-114419.640625,-23804.373046875,9.839083671569824,0.0,0.0,0.0,No
2025-03-30 20:54:41,f880463a,Aggressive Acceleration,Acceleration 9.68 m/s²,6080,-0.0004983906270581429,0.0022914266182697146,0.00033333184546791017,102029.4609375,22204.666015625,9.676668167114258,0.0,0.0,0.0,No
2025-03-30 20:54:41,f880463a,Tailgating,LiDAR points 6080,6080,-0.0004983906270581429,0.0022914266182697146,0.00033333184546791017,102029.4609375,22204.666015625,9.676668167114258,0.0,0.0,0.0,No
2025-03-30 20:54:41,756bc8e8,Aggressive Acceleration,Acceleration 9.81 m/s²,6044,-0.0005343194689260145,0.0022729002362550928,-3.4114286791009363e-06,-101204.328125,-23804.41015625,9.811365127563477,0.0,0.0,0.0,No
2025-03-30 20:54:41,756bc8e8,Tailgating,LiDAR points 6044,6044,-0.0005343194689260145,0.0022729002362550928,-3.4114286791009363e-06,-101204.328125,-23804.41015625,9.811365127563477,0.0,0.0,0.0,No
2025-03-30 20:54:41,9ed9aae0,Aggressive Acceleration,Acceleration 9.81 m/s²,5988,-0.0004984263343317252,0.0019508079587938648,6.347881935653277e-06,197.72999572753906,-0.0009101778268814087,9.81003475189209,0.0,0.0,0.0,No
2025-03-30 20:54:41,9ed9aae0,Tailgating,LiDAR points 5988,5988,-0.0004984263343317252,0.0019508079587938648,6.347881935653277e-06,197.72999572753906,-0.0009101778268814087,9.81003475189209,0.0,0.0,0.0,No
2025-03-30 20:54:41,f616da22,Aggressive Acceleration,Acceleration 9.81 m/s²,5948,-0.0005343517836706724,0.0020081516331355315,-6.012287485646084e-07,-89415.65625,-23804.41015625,9.810240745544434,0.0,0.0,0.0,No
2025-03-30 20:54:41,f616da22,Tailgating,LiDAR points 5948,5948,-0.0005343517836706724,0.0020081516331355315,-6.012287485646084e-07,-89415.65625,-23804.41015625,9.810240745544434,0.0,0.0,0.0,No
2025-03-30 20:54:41,94820f69,Running Red Light,Traffic light was red,6052,-0.0004984594715011781,0.001708327941297896,0.00021418154938146472,76065.3671875,22204.56640625,9.72432804107666,0.0,0.0,0.0,No
2025-03-30 20:54:41,94820f69,Aggressive Acceleration,Acceleration 9.72 m/s²,6052,-0.0004984594715011781,0.001708327941297896,0.00021418154938146472,76065.3671875,22204.56640625,9.72432804107666,0.0,0.0,0.0,No
2025-03-30 20:54:41,94820f69,Tailgating,LiDAR points 6052,6052,-0.0004984594715011781,0.001708327941297896,0.00021418154938146472,76065.3671875,22204.56640625,9.72432804107666,0.0,0.0,0.0,No
2025-03-30 20:54:41,fa7cb4b5,Aggressive Acceleration,Acceleration 9.82 m/s²,4316,-0.0019446998915100266,0.0008300679406638016,-2.6607836844050325e-05,86598.8203125,-36947.9140625,9.820643424987793,0.0,0.0,0.0,No
2025-03-30 20:54:41,fa7cb4b5,Tailgating,LiDAR points 4316,4316,-0.0019446998915100266,0.0008300679406638016,-2.6607836844050325e-05,86598.8203125,-36947.9140625,9.820643424987793,0.0,0.0,0.0,No
2025-03-30 20:54:41,1cc9f7c6,Aggressive Acceleration,Acceleration 9.82 m/s²,5836,-0.0004984731786947805,0.0016042496939268607,-2.589156065369025e-05,71430.9921875,22204.61328125,9.820357322692871,0.0,0.0,0.0,No
2025-03-30 20:54:41,1cc9f7c6,Tailgating,LiDAR points 5836,5836,-0.0004984731786947805,0.0016042496939268607,-2.589156065369025e-05,71430.9921875,22204.61328125,9.820357322692871,0.0,0.0,0.0,No
2025-03-30 20:54:41,88d08d87,Aggressive Acceleration,Acceleration 8.50 m/s²,6108,-0.0003167823809917536,0.0013836928405279976,0.003271776018664241,-14030.78125,61629.8671875,8.501290321350098,-3.720761867498368e-07,3.729811055563914e-07,1.1938389434362762e-05,No
2025-03-30 20:54:41,88d08d87,Tailgating,LiDAR points 6108,6108,-0.0003167823809917536,0.0013836928405279976,0.003271776018664241,-14030.78125,61629.8671875,8.501290321350098,-3.720761867498368e-07,3.729811055563914e-07,1.1938389434362762e-05,No
2025-03-30 20:54:41,f586837c,Aggressive Acceleration,Acceleration 9.81 m/s²,6012,-0.0011626484218254518,0.0011224096240440976,-9.057058605321799e-07,50001.5234375,51747.8046875,9.810362815856934,0.0,0.0,0.0,No
2025-03-30 20:54:41,f586837c,Tailgating,LiDAR points 6012,6012,-0.0011626484218254518,0.0011224096240440976,-9.057058605321799e-07,50001.5234375,51747.8046875,9.810362815856934,0.0,0.0,0.0,No
2025-03-30 20:54:42,720e4480,Aggressive Acceleration,Acceleration 9.81 m/s²,5704,-0.0011988994515093054,0.001835544222206215,2.090487427608423e-08,-81756.578125,-53347.8203125,9.809991836547852,0.0,0.0,0.0,No
2025-03-30 20:54:42,720e4480,Tailgating,LiDAR points 5704,5704,-0.0011988994515093054,0.001835544222206215,2.090487427608423e-08,-81756.578125,-53347.8203125,9.809991836547852,0.0,0.0,0.0,No
2025-03-30 20:54:42,dc129413,Aggressive Acceleration,Acceleration 10.05 m/s²,5660,-0.00019989223332572692,0.001419816256164552,-0.000605235283728689,8823.98046875,-63232.046875,10.052094459533691,0.0,0.0,0.0,No
2025-03-30 20:54:42,dc129413,Tailgating,LiDAR points 5660,5660,-0.00019989223332572692,0.001419816256164552,-0.000605235283728689,8823.98046875,-63232.046875,10.052094459533691,0.0,0.0,0.0,No
2025-03-30 20:54:42,b1d56077,Aggressive Acceleration,Acceleration 9.81 m/s²,6060,-0.0017890669331137588,0.0028055832707158798,3.364305257491651e-06,-124932.90625,-79653.0546875,9.80865478515625,0.0,0.0,0.0,No
2025-03-30 20:54:42,b1d56077,Tailgating,LiDAR points 6060,6060,-0.0017890669331137588,0.0028055832707158798,3.364305257491651e-06,-124932.90625,-79653.0546875,9.80865478515625,0.0,0.0,0.0,No
2025-03-30 20:54:42,746a2b15,Aggressive Acceleration,Acceleration 9.81 m/s²,5676,-0.001753099231308397,0.002374774639458331,1.2408700911237247e-07,105749.7578125,78053.0625,9.809950828552246,0.0,0.0,0.0,No
2025-03-30 20:54:42,746a2b15,Tailgating,LiDAR points 5676,5676,-0.001753099231308397,0.002374774639458331,1.2408700911237247e-07,105749.7578125,78053.0625,9.809950828552246,0.0,0.0,0.0,No
2025-03-30 20:54:42,a2ad0c25,Aggressive Acceleration,Acceleration 9.81 m/s²,6040,-0.0017890485654419308,0.0025840521092970704,1.8743429031076175e-09,-115068.6171875,-79653.03125,9.809999465942383,0.0,0.0,0.0,No
2025-03-30 20:54:42,a2ad0c25,Tailgating,LiDAR points 6040,6040,-0.0017890485654419308,0.0025840521092970704,1.8743429031076175e-09,-115068.6171875,-79653.03125,9.809999465942383,0.0,0.0,0.0,No
2025-03-30 20:54:42,20b8ad53,Aggressive Acceleration,Acceleration 9.81 m/s²,5176,-0.0017530703091068744,0.002017749828194721,9.752454843692249e-08,-299.9998779296875,0.0042471736669540405,9.810009956359863,0.0,0.0,0.0,No
2025-03-30 20:54:42,20b8ad53,Tailgating,LiDAR points 5176,5176,-0.0017530703091068744,0.002017749828194721,9.752454843692249e-08,-299.9998779296875,0.0042471736669540405,9.810009956359863,0.0,0.0,0.0,No
2025-03-30 20:54:42,6a9201db,Aggressive Acceleration,Acceleration 9.81 m/s²,6068,-0.0022001296522091707,0.0007941754228690594,2.0275194023700038e-10,-97972.296875,35347.9375,9.8100004196167,-5.678657544194721e-11,3.725289161593537e-07,-5.960463568044361e-06,No
2025-03-30 20:54:42,6a9201db,Tailgating,LiDAR points 6068,6068,-0.0022001296522091707,0.0007941754228690594,2.0275194023700038e-10,-97972.296875,35347.9375,9.8100004196167,-5.678657544194721e-11,3.725289161593537e-07,-5.960463568044361e-06,No
2025-03-30 20:54:42,5c260c49,Aggressive Acceleration,Acceleration 9.81 m/s²,6068,-0.0017890330762924123,0.0023893467674268895,2.9656799238608755e-10,-106398.8125,-79653.046875,9.8100004196167,0.0,0.0,0.0,No
2025-03-30 20:54:42,5c260c49,Tailgating,LiDAR points 6068,6068,-0.0017890330762924123,0.0023893467674268895,2.9656799238608755e-10,-106398.8125,-79653.046875,9.8100004196167,0.0,0.0,0.0,No
2025-03-30 20:54:42,cda6e947,Aggressive Acceleration,Acceleration 9.81 m/s²,5340,-0.0017530502965854566,0.0017716696137173374,2.4744901239159844e-08,78894.8203125,78053.0546875,9.809990882873535,0.0,0.0,0.0,No
2025-03-30 20:54:42,cda6e947,Tailgating,LiDAR points 5340,5340,-0.0017530502965854566,0.0017716696137173374,2.4744901239159844e-08,78894.8203125,78053.0546875,9.809990882873535,0.0,0.0,0.0,No
2025-03-30 20:54:42,58f65db3,Aggressive Acceleration,Acceleration 9.81 m/s²,5168,-0.0017889989453578892,0.0019709580961270413,-2.555481461207279e-14,-87768.8984375,-79653.0390625,9.8100004196167,0.0,0.0,0.0,No
2025-03-30 20:54:42,58f65db3,Tailgating,LiDAR points 5168,5168,-0.0017889989453578892,0.0019709580961270413,-2.555481461207279e-14,-87768.8984375,-79653.0390625,9.8100004196167,0.0,0.0,0.0,No
2025-03-30 20:54:42,f90c3470,Aggressive Acceleration,Acceleration 9.81 m/s²,5924,-0.001753010682762124,0.001287117916315639,4.8087208881497645e-08,57318.8125,78053.03125,9.809981346130371,0.0,0.0,0.0,No
2025-03-30 20:54:42,f90c3470,Tailgating,LiDAR points 5924,5924,-0.001753010682762124,0.001287117916315639,4.8087208881497645e-08,57318.8125,78053.03125,9.809981346130371,0.0,0.0,0.0,No
2025-03-30 20:54:42,d23e6b94,Aggressive Acceleration,Acceleration 9.81 m/s²,5024,-0.0017889727646007714,0.0016492376950949235,-2.3687241404446446e-12,-72843.390625,-79653.0390625,9.8100004196167,0.0,0.0,0.0,No
2025-03-30 20:54:42,d23e6b94,Tailgating,LiDAR points 5024,5024,-0.0017889727646007714,0.0016492376950949235,-2.3687241404446446e-12,-72843.390625,-79653.0390625,9.8100004196167,0.0,0.0,0.0,No
2025-03-30 20:54:42,8c837c22,Aggressive Acceleration,Acceleration 9.81 m/s²,6100,-0.001752990259035414,0.00103660013179918,5.483684617502149e-08,142.4749298095703,0.0034846123307943344,9.809998512268066,0.0,0.0,0.0,No
2025-03-30 20:54:42,8c837c22,Tailgating,LiDAR points 6100,6100,-0.001752990259035414,0.00103660013179918,5.483684617502149e-08,142.4749298095703,0.0034846123307943344,9.809998512268066,0.0,0.0,0.0,No
2025-03-30 20:54:42,be1b45a2,Aggressive Acceleration,Acceleration 9.81 m/s²,5476,-0.0029698191428906284,0.0016678944326141837,-8.331597217692277e-11,-74281.78125,-132231.546875,9.8100004196167,0.0,0.0,0.0,No
2025-03-30 20:54:42,be1b45a2,Tailgating,LiDAR points 5476,5476,-0.0029698191428906284,0.0016678944326141837,-8.331597217692277e-11,-74281.78125,-132231.546875,9.8100004196167,0.0,0.0,0.0,No
2025-03-30 20:54:43,49413cc2,Aggressive Acceleration,Acceleration 9.81 m/s²,5812,-0.0025390911104921088,0.0030069278336403837,5.5117443480412476e-06,-112979.265625,133960.09375,9.807795524597168,1.8615199337546073e-07,-1.8637690857303824e-07,-5.9721041907323524e-06,No
2025-03-30 20:54:43,49413cc2,Tailgating,LiDAR points 5812,5812,-0.0025390911104921088,0.0030069278336403837,5.5117443480412476e-06,-112979.265625,133960.09375,9.807795524597168,1.8615199337546073e-07,-1.8637690857303824e-07,-5.9721041907323524e-06,No
2025-03-30 20:54:43,baa8daec,Aggressive Acceleration,Acceleration 9.91 m/s²,5816,-0.0011992966862663934,0.002753202289376768,-0.00025649057351984084,-122617.859375,-53347.2578125,9.912596702575684,0.0,0.0,0.0,No
2025-03-30 20:54:43,baa8daec,Tailgating,LiDAR points 5816,5816,-0.0011992966862663934,0.002753202289376768,-0.00025649057351984084,-122617.859375,-53347.2578125,9.912596702575684,0.0,0.0,0.0,No
2025-03-30 20:54:43,eaad9b1d,Aggressive Acceleration,Acceleration 9.72 m/s²,5984,-0.0011632970466877168,0.0025683949191048342,0.0002277775784023106,114388.0390625,51747.921875,9.718889236450195,0.0,0.0,0.0,No
2025-03-30 20:54:43,eaad9b1d,Tailgating,LiDAR points 5984,5984,-0.0011632970466877168,0.0025683949191048342,0.0002277775784023106,114388.0390625,51747.921875,9.718889236450195,0.0,0.0,0.0,No
2025-03-30 20:54:43,bae04e05,Aggressive Acceleration,Acceleration 9.81 m/s²,6092,-0.000534259705531781,0.0027633549408147815,-1.3792713389193523e-06,-123043.1953125,-23804.4140625,9.810552597045898,0.0,0.0,0.0,No
2025-03-30 20:54:43,bae04e05,Tailgating,LiDAR points 6092,6092,-0.000534259705531781,0.0027633549408147815,-1.3792713389193523e-06,-123043.1953125,-23804.4140625,9.810552597045898,0.0,0.0,0.0,No
2025-03-30 20:54:43,3a6d4cdd,Aggressive Acceleration,Acceleration 9.79 m/s²,6120,-0.0004983535490623581,0.0025544313909686566,4.967310815118253e-05,113740.484375,22204.44140625,9.790131568908691,0.0,0.0,0.0,No
2025-03-30 20:54:43,3a6d4cdd,Tailgating,LiDAR points 6120,6120,-0.0004983535490623581,0.0025544313909686566,4.967310815118253e-05,113740.484375,22204.44140625,9.790131568908691,0.0,0.0,0.0,No
2025-03-30 20:54:43,f064b8c5,Aggressive Acceleration,Acceleration 9.84 m/s²,6072,-0.0005342824252210221,0.0025696880566766092,-7.270830974448472e-05,-114419.640625,-23804.373046875,9.839083671569824,0.0,0.0,0.0,No
2025-03-30 20:54:43,f064b8c5,Tailgating,LiDAR points 6072,6072,-0.0005342824252210221,0.0025696880566766092,-7.270830974448472e-05,-114419.640625,-23804.373046875,9.839083671569824,0.0,0.0,0.0,No
2025-03-30 20:54:43,f880463a,Aggressive Acceleration,Acceleration 9.68 m/s²,6080,-0.0004983906270581429,0.0022914266182697146,0.00033333184546791017,102029.4609375,22204.666015625,9.676668167114258,0.0,0.0,0.0,No
2025-03-30 20:54:43,f880463a,Tailgating,LiDAR points 6080,6080,-0.0004983906270581429,0.0022914266182697146,0.00033333184546791017,102029.4609375,22204.666015625,9.676668167114258,0.0,0.0,0.0,No
2025-03-30 20:54:43,756bc8e8,Aggressive Acceleration,Acceleration 9.81 m/s²,6044,-0.0005343194689260145,0.0022729002362550928,-3.4114286791009363e-06,-101204.328125,-23804.41015625,9.811365127563477,0.0,0.0,0.0,No
2025-03-30 20:54:43,756bc8e8,Tailgating,LiDAR points 6044,6044,-0.0005343194689260145,0.0022729002362550928,-3.4114286791009363e-06,-101204.328125,-23804.41015625,9.811365127563477,0.0,0.0,0.0,No
2025-03-30 20:54:43,9ed9aae0,Aggressive Acceleration,Acceleration 9.81 m/s²,5988,-0.0004984263343317252,0.0019508079587938648,6.347881935653277e-06,197.72999572753906,-0.0009101778268814087,9.81003475189209,0.0,0.0,0.0,No
2025-03-30 20:54:43,9ed9aae0,Tailgating,LiDAR points 5988,5988,-0.0004984263343317252,0.0019508079587938648,6.347881935653277e-06,197.72999572753906,-0.0009101778268814087,9.81003475189209,0.0,0.0,0.0,No
2025-03-30 20:54:44,f616da22,Aggressive Acceleration,Acceleration 9.81 m/s²,5948,-0.0005343517836706724,0.0020081516331355315,-6.012287485646084e-07,-89415.65625,-23804.41015625,9.810240745544434,0.0,0.0,0.0,No
2025-03-30 20:54:44,f616da22,Tailgating,LiDAR points 5948,5948,-0.0005343517836706724,0.0020081516331355315,-6.012287485646084e-07,-89415.65625,-23804.41015625,9.810240745544434,0.0,0.0,0.0,No
2025-03-30 20:54:44,94820f69,Running Red Light,Traffic light was red,6052,-0.0004984594715011781,0.001708327941297896,0.00021418154938146472,76065.3671875,22204.56640625,9.72432804107666,0.0,0.0,0.0,No
2025-03-30 20:54:44,94820f69,Aggressive Acceleration,Acceleration 9.72 m/s²,6052,-0.0004984594715011781,0.001708327941297896,0.00021418154938146472,76065.3671875,22204.56640625,9.72432804107666,0.0,0.0,0.0,No
2025-03-30 20:54:44,94820f69,Tailgating,LiDAR points 6052,6052,-0.0004984594715011781,0.001708327941297896,0.00021418154938146472,76065.3671875,22204.56640625,9.72432804107666,0.0,0.0,0.0,No
2025-03-30 20:54:44,fa7cb4b5,Aggressive Acceleration,Acceleration 9.82 m/s²,4316,-0.0019446998915100266,0.0008300679406638016,-2.6607836844050325e-05,86598.8203125,-36947.9140625,9.820643424987793,0.0,0.0,0.0,No
2025-03-30 20:54:44,fa7cb4b5,Tailgating,LiDAR points 4316,4316,-0.0019446998915100266,0.0008300679406638016,-2.6607836844050325e-05,86598.8203125,-36947.9140625,9.820643424987793,0.0,0.0,0.0,No
2025-03-30 20:54:44,1cc9f7c6,Aggressive Acceleration,Acceleration 9.82 m/s²,5836,-0.0004984731786947805,0.0016042496939268607,-2.589156065369025e-05,71430.9921875,22204.61328125,9.820357322692871,0.0,0.0,0.0,No
2025-03-30 20:54:44,1cc9f7c6,Tailgating,LiDAR points 5836,5836,-0.0004984731786947805,0.0016042496939268607,-2.589156065369025e-05,71430.9921875,22204.61328125,9.820357322692871,0.0,0.0,0.0,No
2025-03-30 20:54:44,88d08d87,Aggressive Acceleration,Acceleration 8.50 m/s²,6108,-0.0003167823809917536,0.0013836928405279976,0.003271776018664241,-14030.78125,61629.8671875,8.501290321350098,-3.720761867498368e-07,3.729811055563914e-07,1.1938389434362762e-05,No
2025-03-30 20:54:44,88d08d87,Tailgating,LiDAR points 6108,6108,-0.0003167823809917536,0.0013836928405279976,0.003271776018664241,-14030.78125,61629.8671875,8.501290321350098,-3.720761867498368e-07,3.729811055563914e-07,1.1938389434362762e-05,No
2025-03-30 20:54:44,f586837c,Aggressive Acceleration,Acceleration 9.81 m/s²,6012,-0.0011626484218254518,0.0011224096240440976,-9.057058605321799e-07,50001.5234375,51747.8046875,9.810362815856934,0.0,0.0,0.0,No
2025-03-30 20:54:44,f586837c,Tailgating,LiDAR points 6012,6012,-0.0011626484218254518,0.0011224096240440976,-9.057058605321799e-07,50001.5234375,51747.8046875,9.810362815856934,0.0,0.0,0.0,No
2025-03-30 20:54:44,720e4480,Aggressive Acceleration,Acceleration 9.81 m/s²,5704,-0.0011988994515093054,0.001835544222206215,2.090487427608423e-08,-81756.578125,-53347.8203125,9.809991836547852,0.0,0.0,0.0,No
2025-03-30 20:54:44,720e4480,Tailgating,LiDAR points 5704,5704,-0.0011988994515093054,0.001835544222206215,2.090487427608423e-08,-81756.578125,-53347.8203125,9.809991836547852,0.0,0.0,0.0,No
2025-03-30 20:54:44,dc129413,Aggressive Acceleration,Acceleration 10.05 m/s²,5660,-0.00019989223332572692,0.001419816256164552,-0.000605235283728689,8823.98046875,-63232.046875,10.052094459533691,0.0,0.0,0.0,No
2025-03-30 20:54:44,dc129413,Tailgating,LiDAR points 5660,5660,-0.00019989223332572692,0.001419816256164552,-0.000605235283728689,8823.98046875,-63232.046875,10.052094459533691,0.0,0.0,0.0,No
2025-03-30 20:54:44,b1d56077,Aggressive Acceleration,Acceleration 9.81 m/s²,6060,-0.0017890669331137588,0.0028055832707158798,3.364305257491651e-06,-124932.90625,-79653.0546875,9.80865478515625,0.0,0.0,0.0,No
2025-03-30 20:54:44,b1d56077,Tailgating,LiDAR points 6060,6060,-0.0017890669331137588,0.0028055832707158798,3.364305257491651e-06,-124932.90625,-79653.0546875,9.80865478515625,0.0,0.0,0.0,No
2025-03-30 20:54:44,746a2b15,Aggressive Acceleration,Acceleration 9.81 m/s²,5676,-0.001753099231308397,0.002374774639458331,1.2408700911237247e-07,105749.7578125,78053.0625,9.809950828552246,0.0,0.0,0.0,No
2025-03-30 20:54:44,746a2b15,Tailgating,LiDAR points 5676,5676,-0.001753099231308397,0.002374774639458331,1.2408700911237247e-07,105749.7578125,78053.0625,9.809950828552246,0.0,0.0,0.0,No
2025-03-30 20:54:44,a2ad0c25,Aggressive Acceleration,Acceleration 9.81 m/s²,6040,-0.0017890485654419308,0.0025840521092970704,1.8743429031076175e-09,-115068.6171875,-79653.03125,9.809999465942383,0.0,0.0,0.0,No
2025-03-30 20:54:44,a2ad0c25,Tailgating,LiDAR points 6040,6040,-0.0017890485654419308,0.0025840521092970704,1.8743429031076175e-09,-115068.6171875,-79653.03125,9.809999465942383,0.0,0.0,0.0,No
2025-03-30 20:54:44,20b8ad53,Aggressive Acceleration,Acceleration 9.81 m/s²,5176,-0.0017530703091068744,0.002017749828194721,9.752454843692249e-08,-299.9998779296875,0.0042471736669540405,9.810009956359863,0.0,0.0,0.0,No
2025-03-30 20:54:44,20b8ad53,Tailgating,LiDAR points 5176,5176,-0.0017530703091068744,0.002017749828194721,9.752454843692249e-08,-299.9998779296875,0.0042471736669540405,9.810009956359863,0.0,0.0,0.0,No
2025-03-30 20:54:44,6a9201db,Aggressive Acceleration,Acceleration 9.81 m/s²,6068,-0.0022001296522091707,0.0007941754228690594,2.0275194023700038e-10,-97972.296875,35347.9375,9.8100004196167,-5.678657544194721e-11,3.725289161593537e-07,-5.960463568044361e-06,No
2025-03-30 20:54:44,6a9201db,Tailgating,LiDAR points 6068,6068,-0.0022001296522091707,0.0007941754228690594,2.0275194023700038e-10,-97972.296875,35347.9375,9.8100004196167,-5.678657544194721e-11,3.725289161593537e-07,-5.960463568044361e-06,No
2025-03-30 20:54:44,5c260c49,Aggressive Acceleration,Acceleration 9.81 m/s²,6068,-0.0017890330762924123,0.0023893467674268895,2.9656799238608755e-10,-106398.8125,-79653.046875,9.8100004196167,0.0,0.0,0.0,No
2025-03-30 20:54:44,5c260c49,Tailgating,LiDAR points 6068,6068,-0.0017890330762924123,0.0023893467674268895,2.9656799238608755e-10,-106398.8125,-79653.046875,9.8100004196167,0.0,0.0,0.0,No
2025-03-30 20:54:44,cda6e947,Aggressive Acceleration,Acceleration 9.81 m/s²,5340,-0.0017530502965854566,0.0017716696137173374,2.4744901239159844e-08,78894.8203125,78053.0546875,9.809990882873535,0.0,0.0,0.0,No
2025-03-30 20:54:44,cda6e947,Tailgating,LiDAR points 5340,5340,-0.0017530502965854566,0.0017716696137173374,2.4744901239159844e-08,78894.8203125,78053.0546875,9.809990882873535,0.0,0.0,0.0,No
2025-03-30 20:54:44,58f65db3,Aggressive Acceleration,Acceleration 9.81 m/s²,5168,-0.0017889989453578892,0.0019709580961270413,-2.555481461207279e-14,-87768.8984375,-79653.0390625,9.8100004196167,0.0,0.0,0.0,No
2025-03-30 20:54:44,58f65db3,Tailgating,LiDAR points 5168,5168,-0.0017889989453578892,0.0019709580961270413,-2.555481461207279e-14,-87768.8984375,-79653.0390625,9.8100004196167,0.0,0.0,0.0,No
2025-03-30 20:54:44,f90c3470,Aggressive Acceleration,Acceleration 9.81 m/s²,5924,-0.001753010682762124,0.001287117916315639,4.8087208881497645e-08,57318.8125,78053.03125,9.809981346130371,0.0,0.0,0.0,No
2025-03-30 20:54:44,f90c3470,Tailgating,LiDAR points 5924,5924,-0.001753010682762124,0.001287117916315639,4.8087208881497645e-08,57318.8125,78053.03125,9.809981346130371,0.0,0.0,0.0,No
2025-03-30 20:54:44,d23e6b94,Aggressive Acceleration,Acceleration 9.81 m/s²,5024,-0.0017889727646007714,0.0016492376950949235,-2.3687241404446446e-12,-72843.390625,-79653.0390625,9.8100004196167,0.0,0.0,0.0,No
2025-03-30 20:54:44,d23e6b94,Tailgating,LiDAR points 5024,5024,-0.0017889727646007714,0.0016492376950949235,-2.3687241404446446e-12,-72843.390625,-79653.0390625,9.8100004196167,0.0,0.0,0.0,No
2025-03-30 20:54:44,8c837c22,Aggressive Acceleration,Acceleration 9.81 m/s²,6100,-0.001752990259035414,0.00103660013179918,5.483684617502149e-08,142.4749298095703,0.0034846123307943344,9.809998512268066,0.0,0.0,0.0,No
2025-03-30 20:54:44,8c837c22,Tailgating,LiDAR points 6100,6100,-0.001752990259035414,0.00103660013179918,5.483684617502149e-08,142.4749298095703,0.0034846123307943344,9.809998512268066,0.0,0.0,0.0,No
2025-03-30 20:54:44,be1b45a2,Aggressive Acceleration,Acceleration 9.81 m/s²,5476,-0.0029698191428906284,0.0016678944326141837,-8.331597217692277e-11,-74281.78125,-132231.546875,9.8100004196167,0.0,0.0,0.0,No
2025-03-30 20:54:44,be1b45a2,Tailgating,LiDAR points 5476,5476,-0.0029698191428906284,0.0016678944326141837,-8.331597217692277e-11,-74281.78125,-132231.546875,9.8100004196167,0.0,0.0,0.0,No
2025-03-30 20:54:45,49413cc2,Aggressive Acceleration,Acceleration 9.81 m/s²,5812,-0.0025390911104921088,0.0030069278336403837,5.5117443480412476e-06,-112979.265625,133960.09375,9.807795524597168,1.8615199337546073e-07,-1.8637690857303824e-07,-5.9721041907323524e-06,No
2025-03-30 20:54:45,49413cc2,Tailgating,LiDAR points 5812,5812,-0.0025390911104921088,0.0030069278336403837,5.5117443480412476e-06,-112979.265625,133960.09375,9.807795524597168,1.8615199337546073e-07,-1.8637690857303824e-07,-5.9721041907323524e-06,No
2025-03-30 20:54:45,baa8daec,Aggressive Acceleration,Acceleration 9.91 m/s²,5816,-0.0011992966862663934,0.002753202289376768,-0.00025649057351984084,-122617.859375,-53347.2578125,9.912596702575684,0.0,0.0,0.0,No
2025-03-30 20:54:45,baa8daec,Tailgating,LiDAR points 5816,5816,-0.0011992966862663934,0.002753202289376768,-0.00025649057351984084,-122617.859375,-53347.2578125,9.912596702575684,0.0,0.0,0.0,No
2025-03-30 20:54:45,eaad9b1d,Aggressive Acceleration,Acceleration 9.72 m/s²,5984,-0.0011632970466877168,0.0025683949191048342,0.0002277775784023106,114388.0390625,51747.921875,9.718889236450195,0.0,0.0,0.0,No
2025-03-30 20:54:45,eaad9b1d,Tailgating,LiDAR points 5984,5984,-0.0011632970466877168,0.0025683949191048342,0.0002277775784023106,114388.0390625,51747.921875,9.718889236450195,0.0,0.0,0.0,No
2025-03-30 20:54:45,bae04e05,Aggressive Acceleration,Acceleration 9.81 m/s²,6092,-0.000534259705531781,0.0027633549408147815,-1.3792713389193523e-06,-123043.1953125,-23804.4140625,9.810552597045898,0.0,0.0,0.0,No
2025-03-30 20:54:45,bae04e05,Tailgating,LiDAR points 6092,6092,-0.000534259705531781,0.0027633549408147815,-1.3792713389193523e-06,-123043.1953125,-23804.4140625,9.810552597045898,0.0,0.0,0.0,No
2025-03-30 20:54:45,3a6d4cdd,Aggressive Acceleration,Acceleration 9.79 m/s²,6120,-0.0004983535490623581,0.0025544313909686566,4.967310815118253e-05,113740.484375,22204.44140625,9.790131568908691,0.0,0.0,0.0,No
2025-03-30 20:54:45,3a6d4cdd,Tailgating,LiDAR points 6120,6120,-0.0004983535490623581,0.0025544313909686566,4.967310815118253e-05,113740.484375,22204.44140625,9.790131568908691,0.0,0.0,0.0,No
2025-03-30 20:54:46,f064b8c5,Aggressive Acceleration,Acceleration 9.84 m/s²,6072,-0.0005342824252210221,0.0025696880566766092,-7.270830974448472e-05,-114419.640625,-23804.373046875,9.839083671569824,0.0,0.0,0.0,No
2025-03-30 20:54:46,f064b8c5,Tailgating,LiDAR points 6072,6072,-0.0005342824252210221,0.0025696880566766092,-7.270830974448472e-05,-114419.640625,-23804.373046875,9.839083671569824,0.0,0.0,0.0,No
2025-03-30 20:54:46,f880463a,Aggressive Acceleration,Acceleration 9.68 m/s²,6080,-0.0004983906270581429,0.0022914266182697146,0.00033333184546791017,102029.4609375,22204.666015625,9.676668167114258,0.0,0.0,0.0,No
2025-03-30 20:54:46,f880463a,Tailgating,LiDAR points 6080,6080,-0.0004983906270581429,0.0022914266182697146,0.00033333184546791017,102029.4609375,22204.666015625,9.676668167114258,0.0,0.0,0.0,No
2025-03-30 20:54:46,756bc8e8,Aggressive Acceleration,Acceleration 9.81 m/s²,6044,-0.0005343194689260145,0.0022729002362550928,-3.4114286791009363e-06,-101204.328125,-23804.41015625,9.811365127563477,0.0,0.0,0.0,No
2025-03-30 20:54:46,756bc8e8,Tailgating,LiDAR points 6044,6044,-0.0005343194689260145,0.0022729002362550928,-3.4114286791009363e-06,-101204.328125,-23804.41015625,9.811365127563477,0.0,0.0,0.0,No
2025-03-30 20:54:46,9ed9aae0,Aggressive Acceleration,Acceleration 9.81 m/s²,5988,-0.0004984263343317252,0.0019508079587938648,6.347881935653277e-06,197.72999572753906,-0.0009101778268814087,9.81003475189209,0.0,0.0,0.0,No
2025-03-30 20:54:46,9ed9aae0,Tailgating,LiDAR points 5988,5988,-0.0004984263343317252,0.0019508079587938648,6.347881935653277e-06,197.72999572753906,-0.0009101778268814087,9.81003475189209,0.0,0.0,0.0,No
2025-03-30 20:54:46,f616da22,Aggressive Acceleration,Acceleration 9.81 m/s²,5948,-0.0005343517836706724,0.0020081516331355315,-6.012287485646084e-07,-89415.65625,-23804.41015625,9.810240745544434,0.0,0.0,0.0,No
2025-03-30 20:54:46,f616da22,Tailgating,LiDAR points 5948,5948,-0.0005343517836706724,0.0020081516331355315,-6.012287485646084e-07,-89415.65625,-23804.41015625,9.810240745544434,0.0,0.0,0.0,No
2025-03-30 20:54:46,94820f69,Running Red Light,Traffic light was red,6052,-0.0004984594715011781,0.001708327941297896,0.00021418154938146472,76065.3671875,22204.56640625,9.72432804107666,0.0,0.0,0.0,No
2025-03-30 20:54:46,94820f69,Aggressive Acceleration,Acceleration 9.72 m/s²,6052,-0.0004984594715011781,0.001708327941297896,0.00021418154938146472,76065.3671875,22204.56640625,9.72432804107666,0.0,0.0,0.0,No
2025-03-30 20:54:46,94820f69,Tailgating,LiDAR points 6052,6052,-0.0004984594715011781,0.001708327941297896,0.00021418154938146472,76065.3671875,22204.56640625,9.72432804107666,0.0,0.0,0.0,No
2025-03-30 20:54:46,fa7cb4b5,Aggressive Acceleration,Acceleration 9.82 m/s²,4316,-0.0019446998915100266,0.0008300679406638016,-2.6607836844050325e-05,86598.8203125,-36947.9140625,9.820643424987793,0.0,0.0,0.0,No
2025-03-30 20:54:46,fa7cb4b5,Tailgating,LiDAR points 4316,4316,-0.0019446998915100266,0.0008300679406638016,-2.6607836844050325e-05,86598.8203125,-36947.9140625,9.820643424987793,0.0,0.0,0.0,No
2025-03-30 20:54:46,1cc9f7c6,Aggressive Acceleration,Acceleration 9.82 m/s²,5836,-0.0004984731786947805,0.0016042496939268607,-2.589156065369025e-05,71430.9921875,22204.61328125,9.820357322692871,0.0,0.0,0.0,No
2025-03-30 20:54:46,1cc9f7c6,Tailgating,LiDAR points 5836,5836,-0.0004984731786947805,0.0016042496939268607,-2.589156065369025e-05,71430.9921875,22204.61328125,9.820357322692871,0.0,0.0,0.0,No
2025-03-30 20:54:46,88d08d87,Aggressive Acceleration,Acceleration 8.50 m/s²,6108,-0.0003167823809917536,0.0013836928405279976,0.003271776018664241,-14030.78125,61629.8671875,8.501290321350098,-3.720761867498368e-07,3.729811055563914e-07,1.1938389434362762e-05,No
2025-03-30 20:54:46,88d08d87,Tailgating,LiDAR points 6108,6108,-0.0003167823809917536,0.0013836928405279976,0.003271776018664241,-14030.78125,61629.8671875,8.501290321350098,-3.720761867498368e-07,3.729811055563914e-07,1.1938389434362762e-05,No
2025-03-30 20:54:46,f586837c,Aggressive Acceleration,Acceleration 9.81 m/s²,6012,-0.0011626484218254518,0.0011224096240440976,-9.057058605321799e-07,50001.5234375,51747.8046875,9.810362815856934,0.0,0.0,0.0,No
2025-03-30 20:54:46,f586837c,Tailgating,LiDAR points 6012,6012,-0.0011626484218254518,0.0011224096240440976,-9.057058605321799e-07,50001.5234375,51747.8046875,9.810362815856934,0.0,0.0,0.0,No
2025-03-30 20:54:46,720e4480,Aggressive Acceleration,Acceleration 9.81 m/s²,5704,-0.0011988994515093054,0.001835544222206215,2.090487427608423e-08,-81756.578125,-53347.8203125,9.809991836547852,0.0,0.0,0.0,No
2025-03-30 20:54:46,720e4480,Tailgating,LiDAR points 5704,5704,-0.0011988994515093054,0.001835544222206215,2.090487427608423e-08,-81756.578125,-53347.8203125,9.809991836547852,0.0,0.0,0.0,No
2025-03-30 20:54:46,dc129413,Aggressive Acceleration,Acceleration 10.05 m/s²,5660,-0.00019989223332572692,0.001419816256164552,-0.000605235283728689,8823.98046875,-63232.046875,10.052094459533691,0.0,0.0,0.0,No
2025-03-30 20:54:46,dc129413,Tailgating,LiDAR points 5660,5660,-0.00019989223332572692,0.001419816256164552,-0.000605235283728689,8823.98046875,-63232.046875,10.052094459533691,0.0,0.0,0.0,No
2025-03-30 20:54:46,b1d56077,Aggressive Acceleration,Acceleration 9.81 m/s²,6060,-0.0017890669331137588,0.0028055832707158798,3.364305257491651e-06,-124932.90625,-79653.0546875,9.80865478515625,0.0,0.0,0.0,No
2025-03-30 20:54:46,b1d56077,Tailgating,LiDAR points 6060,6060,-0.0017890669331137588,0.0028055832707158798,3.364305257491651e-06,-124932.90625,-79653.0546875,9.80865478515625,0.0,0.0,0.0,No
2025-03-30 20:54:46,746a2b15,Aggressive Acceleration,Acceleration 9.81 m/s²,5676,-0.001753099231308397,0.002374774639458331,1.2408700911237247e-07,105749.7578125,78053.0625,9.809950828552246,0.0,0.0,0.0,No
2025-03-30 20:54:46,746a2b15,Tailgating,LiDAR points 5676,5676,-0.001753099231308397,0.002374774639458331,1.2408700911237247e-07,105749.7578125,78053.0625,9.809950828552246,0.0,0.0,0.0,No
2025-03-30 20:54:46,a2ad0c25,Aggressive Acceleration,Acceleration 9.81 m/s²,6040,-0.0017890485654419308,0.0025840521092970704,1.8743429031076175e-09,-115068.6171875,-79653.03125,9.809999465942383,0.0,0.0,0.0,No
2025-03-30 20:54:46,a2ad0c25,Tailgating,LiDAR points 6040,6040,-0.0017890485654419308,0.0025840521092970704,1.8743429031076175e-09,-115068.6171875,-79653.03125,9.809999465942383,0.0,0.0,0.0,No
2025-03-30 20:54:46,20b8ad53,Aggressive Acceleration,Acceleration 9.81 m/s²,5176,-0.0017530703091068744,0.002017749828194721,9.752454843692249e-08,-299.9998779296875,0.0042471736669540405,9.810009956359863,0.0,0.0,0.0,No
2025-03-30 20:54:46,20b8ad53,Tailgating,LiDAR points 5176,5176,-0.0017530703091068744,0.002017749828194721,9.752454843692249e-08,-299.9998779296875,0.0042471736669540405,9.810009956359863,0.0,0.0,0.0,No
2025-03-30 20:54:46,6a9201db,Aggressive Acceleration,Acceleration 9.81 m/s²,6068,-0.0022001296522091707,0.0007941754228690594,2.0275194023700038e-10,-97972.296875,35347.9375,9.8100004196167,-5.678657544194721e-11,3.725289161593537e-07,-5.960463568044361e-06,No
2025-03-30 20:54:46,6a9201db,Tailgating,LiDAR points 6068,6068,-0.0022001296522091707,0.0007941754228690594,2.0275194023700038e-10,-97972.296875,35347.9375,9.8100004196167,-5.678657544194721e-11,3.725289161593537e-07,-5.960463568044361e-06,No
2025-03-30 20:54:46,5c260c49,Aggressive Acceleration,Acceleration 9.81 m/s²,6068,-0.0017890330762924123,0.0023893467674268895,2.9656799238608755e-10,-106398.8125,-79653.046875,9.8100004196167,0.0,0.0,0.0,No
2025-03-30 20:54:46,5c260c49,Tailgating,LiDAR points 6068,6068,-0.0017890330762924123,0.0023893467674268895,2.9656799238608755e-10,-106398.8125,-79653.046875,9.8100004196167,0.0,0.0,0.0,No
2025-03-30 20:54:46,cda6e947,Aggressive Acceleration,Acceleration 9.81 m/s²,5340,-0.0017530502965854566,0.0017716696137173374,2.4744901239159844e-08,78894.8203125,78053.0546875,9.809990882873535,0.0,0.0,0.0,No
2025-03-30 20:54:46,cda6e947,Tailgating,LiDAR points 5340,5340,-0.0017530502965854566,0.0017716696137173374,2.4744901239159844e-08,78894.8203125,78053.0546875,9.809990882873535,0.0,0.0,0.0,No
2025-03-30 20:54:46,58f65db3,Aggressive Acceleration,Acceleration 9.81 m/s²,5168,-0.0017889989453578892,0.0019709580961270413,-2.555481461207279e-14,-87768.8984375,-79653.0390625,9.8100004196167,0.0,0.0,0.0,No
2025-03-30 20:54:46,58f65db3,Tailgating,LiDAR points 5168,5168,-0.0017889989453578892,0.0019709580961270413,-2.555481461207279e-14,-87768.8984375,-79653.0390625,9.8100004196167,0.0,0.0,0.0,No
2025-03-30 20:54:46,f90c3470,Running Red Light,Traffic light was red,5924,-0.001753010682762124,0.001287117916315639,4.8087208881497645e-08,57318.8125,78053.03125,9.809981346130371,0.0,0.0,0.0,No
2025-03-30 20:54:46,f90c3470,Aggressive Acceleration,Acceleration 9.81 m/s²,5924,-0.001753010682762124,0.001287117916315639,4.8087208881497645e-08,57318.8125,78053.03125,9.809981346130371,0.0,0.0,0.0,No
2025-03-30 20:54:46,f90c3470,Tailgating,LiDAR points 5924,5924,-0.001753010682762124,0.001287117916315639,4.8087208881497645e-08,57318.8125,78053.03125,9.809981346130371,0.0,0.0,0.0,No
2025-03-30 20:54:46,d23e6b94,Aggressive Acceleration,Acceleration 9.81 m/s²,5024,-0.0017889727646007714,0.0016492376950949235,-2.3687241404446446e-12,-72843.390625,-79653.0390625,9.8100004196167,0.0,0.0,0.0,No
2025-03-30 20:54:46,d23e6b94,Tailgating,LiDAR points 5024,5024,-0.0017889727646007714,0.0016492376950949235,-2.3687241404446446e-12,-72843.390625,-79653.0390625,9.8100004196167,0.0,0.0,0.0,No
2025-03-30 20:54:46,8c837c22,Aggressive Acceleration,Acceleration 9.81 m/s²,6100,-0.001752990259035414,0.00103660013179918,5.483684617502149e-08,142.4749298095703,0.0034846123307943344,9.809998512268066,0.0,0.0,0.0,No
2025-03-30 20:54:46,8c837c22,Tailgating,LiDAR points 6100,6100,-0.001752990259035414,0.00103660013179918,5.483684617502149e-08,142.4749298095703,0.0034846123307943344,9.809998512268066,0.0,0.0,0.0,No
2025-03-30 20:54:46,be1b45a2,Aggressive Acceleration,Acceleration 9.81 m/s²,5476,-0.0029698191428906284,0.0016678944326141837,-8.331597217692277e-11,-74281.78125,-132231.546875,9.8100004196167,0.0,0.0,0.0,No
2025-03-30 20:54:46,be1b45a2,Tailgating,LiDAR points 5476,5476,-0.0029698191428906284,0.0016678944326141837,-8.331597217692277e-11,-74281.78125,-132231.546875,9.8100004196167,0.0,0.0,0.0,No
2025-03-30 20:54:47,49413cc2,Aggressive Acceleration,Acceleration 9.81 m/s²,5812,-0.0025390911104921088,0.0030069278336403837,5.5117443480412476e-06,-112979.265625,133960.09375,9.807795524597168,1.8615199337546073e-07,-1.8637690857303824e-07,-5.9721041907323524e-06,No
2025-03-30 20:54:47,49413cc2,Tailgating,LiDAR points 5812,5812,-0.0025390911104921088,0.0030069278336403837,5.5117443480412476e-06,-112979.265625,133960.09375,9.807795524597168,1.8615199337546073e-07,-1.8637690857303824e-07,-5.9721041907323524e-06,No
2025-03-30 20:54:48,baa8daec,Aggressive Acceleration,Acceleration 9.91 m/s²,5816,-0.0011992966862663934,0.002753202289376768,-0.00025649057351984084,-122617.859375,-53347.2578125,9.912596702575684,0.0,0.0,0.0,No
2025-03-30 20:54:48,baa8daec,Tailgating,LiDAR points 5816,5816,-0.0011992966862663934,0.002753202289376768,-0.00025649057351984084,-122617.859375,-53347.2578125,9.912596702575684,0.0,0.0,0.0,No
2025-03-30 20:54:48,eaad9b1d,Aggressive Acceleration,Acceleration 9.72 m/s²,5984,-0.0011632970466877168,0.0025683949191048342,0.0002277775784023106,114388.0390625,51747.921875,9.718889236450195,0.0,0.0,0.0,No
2025-03-30 20:54:48,eaad9b1d,Tailgating,LiDAR points 5984,5984,-0.0011632970466877168,0.0025683949191048342,0.0002277775784023106,114388.0390625,51747.921875,9.718889236450195,0.0,0.0,0.0,No
2025-03-30 20:54:48,bae04e05,Aggressive Acceleration,Acceleration 9.81 m/s²,6092,-0.000534259705531781,0.0027633549408147815,-1.3792713389193523e-06,-123043.1953125,-23804.4140625,9.810552597045898,0.0,0.0,0.0,No
2025-03-30 20:54:48,bae04e05,Tailgating,LiDAR points 6092,6092,-0.000534259705531781,0.0027633549408147815,-1.3792713389193523e-06,-123043.1953125,-23804.4140625,9.810552597045898,0.0,0.0,0.0,No
2025-03-30 20:54:48,3a6d4cdd,Aggressive Acceleration,Acceleration 9.79 m/s²,6120,-0.0004983535490623581,0.0025544313909686566,4.967310815118253e-05,113740.484375,22204.44140625,9.790131568908691,0.0,0.0,0.0,No
2025-03-30 20:54:48,3a6d4cdd,Tailgating,LiDAR points 6120,6120,-0.0004983535490623581,0.0025544313909686566,4.967310815118253e-05,113740.484375,22204.44140625,9.790131568908691,0.0,0.0,0.0,No
2025-03-30 20:54:48,f064b8c5,Aggressive Acceleration,Acceleration 9.84 m/s²,6072,-0.0005342824252210221,0.0025696880566766092,-7.270830974448472e-05,-114419.640625,-23804.373046875,9.839083671569824,0.0,0.0,0.0,No
2025-03-30 20:54:48,f064b8c5,Tailgating,LiDAR points 6072,6072,-0.0005342824252210221,0.0025696880566766092,-7.270830974448472e-05,-114419.640625,-23804.373046875,9.839083671569824,0.0,0.0,0.0,No
2025-03-30 20:54:48,f880463a,Aggressive Acceleration,Acceleration 9.68 m/s²,6080,-0.0004983906270581429,0.0022914266182697146,0.00033333184546791017,102029.4609375,22204.666015625,9.676668167114258,0.0,0.0,0.0,No
2025-03-30 20:54:48,f880463a,Tailgating,LiDAR points 6080,6080,-0.0004983906270581429,0.0022914266182697146,0.00033333184546791017,102029.4609375,22204.666015625,9.676668167114258,0.0,0.0,0.0,No
2025-03-30 20:54:48,756bc8e8,Aggressive Acceleration,Acceleration 9.81 m/s²,6044,-0.0005343194689260145,0.0022729002362550928,-3.4114286791009363e-06,-101204.328125,-23804.41015625,9.811365127563477,0.0,0.0,0.0,No
2025-03-30 20:54:48,756bc8e8,Tailgating,LiDAR points 6044,6044,-0.0005343194689260145,0.0022729002362550928,-3.4114286791009363e-06,-101204.328125,-23804.41015625,9.811365127563477,0.0,0.0,0.0,No
2025-03-30 20:54:48,9ed9aae0,Aggressive Acceleration,Acceleration 9.81 m/s²,5988,-0.0004984263343317252,0.0019508079587938648,6.347881935653277e-06,197.72999572753906,-0.0009101778268814087,9.81003475189209,0.0,0.0,0.0,No
2025-03-30 20:54:48,9ed9aae0,Tailgating,LiDAR points 5988,5988,-0.0004984263343317252,0.0019508079587938648,6.347881935653277e-06,197.72999572753906,-0.0009101778268814087,9.81003475189209,0.0,0.0,0.0,No
2025-03-30 20:54:48,f616da22,Aggressive Acceleration,Acceleration 9.81 m/s²,5948,-0.0005343517836706724,0.0020081516331355315,-6.012287485646084e-07,-89415.65625,-23804.41015625,9.810240745544434,0.0,0.0,0.0,No
2025-03-30 20:54:48,f616da22,Tailgating,LiDAR points 5948,5948,-0.0005343517836706724,0.0020081516331355315,-6.012287485646084e-07,-89415.65625,-23804.41015625,9.810240745544434,0.0,0.0,0.0,No
2025-03-30 20:54:48,94820f69,Running Red Light,Traffic light was red,6052,-0.0004984594715011781,0.001708327941297896,0.00021418154938146472,76065.3671875,22204.56640625,9.72432804107666,0.0,0.0,0.0,No
2025-03-30 20:54:48,94820f69,Aggressive Acceleration,Acceleration 9.72 m/s²,6052,-0.0004984594715011781,0.001708327941297896,0.00021418154938146472,76065.3671875,22204.56640625,9.72432804107666,0.0,0.0,0.0,No
2025-03-30 20:54:48,94820f69,Tailgating,LiDAR points 6052,6052,-0.0004984594715011781,0.001708327941297896,0.00021418154938146472,76065.3671875,22204.56640625,9.72432804107666,0.0,0.0,0.0,No
2025-03-30 20:54:48,fa7cb4b5,Aggressive Acceleration,Acceleration 9.82 m/s²,4316,-0.0019446998915100266,0.0008300679406638016,-2.6607836844050325e-05,86598.8203125,-36947.9140625,9.820643424987793,0.0,0.0,0.0,No
2025-03-30 20:54:48,fa7cb4b5,Tailgating,LiDAR points 4316,4316,-0.0019446998915100266,0.0008300679406638016,-2.6607836844050325e-05,86598.8203125,-36947.9140625,9.820643424987793,0.0,0.0,0.0,No
2025-03-30 20:54:48,1cc9f7c6,Aggressive Acceleration,Acceleration 9.82 m/s²,5836,-0.0004984731786947805,0.0016042496939268607,-2.589156065369025e-05,71430.9921875,22204.61328125,9.820357322692871,0.0,0.0,0.0,No
2025-03-30 20:54:48,1cc9f7c6,Tailgating,LiDAR points 5836,5836,-0.0004984731786947805,0.0016042496939268607,-2.589156065369025e-05,71430.9921875,22204.61328125,9.820357322692871,0.0,0.0,0.0,No
2025-03-30 20:54:48,88d08d87,Aggressive Acceleration,Acceleration 8.50 m/s²,6108,-0.0003167823809917536,0.0013836928405279976,0.003271776018664241,-14030.78125,61629.8671875,8.501290321350098,-3.720761867498368e-07,3.729811055563914e-07,1.1938389434362762e-05,No
2025-03-30 20:54:48,88d08d87,Tailgating,LiDAR points 6108,6108,-0.0003167823809917536,0.0013836928405279976,0.003271776018664241,-14030.78125,61629.8671875,8.501290321350098,-3.720761867498368e-07,3.729811055563914e-07,1.1938389434362762e-05,No
2025-03-30 20:54:48,f586837c,Aggressive Acceleration,Acceleration 9.81 m/s²,6012,-0.0011626484218254518,0.0011224096240440976,-9.057058605321799e-07,50001.5234375,51747.8046875,9.810362815856934,0.0,0.0,0.0,No
2025-03-30 20:54:48,f586837c,Tailgating,LiDAR points 6012,6012,-0.0011626484218254518,0.0011224096240440976,-9.057058605321799e-07,50001.5234375,51747.8046875,9.810362815856934,0.0,0.0,0.0,No
2025-03-30 20:54:48,720e4480,Aggressive Acceleration,Acceleration 9.81 m/s²,5704,-0.0011988994515093054,0.001835544222206215,2.090487427608423e-08,-81756.578125,-53347.8203125,9.809991836547852,0.0,0.0,0.0,No
2025-03-30 20:54:48,720e4480,Tailgating,LiDAR points 5704,5704,-0.0011988994515093054,0.001835544222206215,2.090487427608423e-08,-81756.578125,-53347.8203125,9.809991836547852,0.0,0.0,0.0,No
2025-03-30 20:54:48,dc129413,Aggressive Acceleration,Acceleration 10.05 m/s²,5660,-0.00019989223332572692,0.001419816256164552,-0.000605235283728689,8823.98046875,-63232.046875,10.052094459533691,0.0,0.0,0.0,No
2025-03-30 20:54:48,dc129413,Tailgating,LiDAR points 5660,5660,-0.00019989223332572692,0.001419816256164552,-0.000605235283728689,8823.98046875,-63232.046875,10.052094459533691,0.0,0.0,0.0,No
2025-03-30 20:54:48,b1d56077,Aggressive Acceleration,Acceleration 9.81 m/s²,6060,-0.0017890669331137588,0.0028055832707158798,3.364305257491651e-06,-124932.90625,-79653.0546875,9.80865478515625,0.0,0.0,0.0,No
2025-03-30 20:54:48,b1d56077,Tailgating,LiDAR points 6060,6060,-0.0017890669331137588,0.0028055832707158798,3.364305257491651e-06,-124932.90625,-79653.0546875,9.80865478515625,0.0,0.0,0.0,No
2025-03-30 20:54:48,746a2b15,Aggressive Acceleration,Acceleration 9.81 m/s²,5676,-0.001753099231308397,0.002374774639458331,1.2408700911237247e-07,105749.7578125,78053.0625,9.809950828552246,0.0,0.0,0.0,No
2025-03-30 20:54:48,746a2b15,Tailgating,LiDAR points 5676,5676,-0.001753099231308397,0.002374774639458331,1.2408700911237247e-07,105749.7578125,78053.0625,9.809950828552246,0.0,0.0,0.0,No
2025-03-30 20:54:48,a2ad0c25,Aggressive Acceleration,Acceleration 9.81 m/s²,6040,-0.0017890485654419308,0.0025840521092970704,1.8743429031076175e-09,-115068.6171875,-79653.03125,9.809999465942383,0.0,0.0,0.0,No
2025-03-30 20:54:48,a2ad0c25,Tailgating,LiDAR points 6040,6040,-0.0017890485654419308,0.0025840521092970704,1.8743429031076175e-09,-115068.6171875,-79653.03125,9.809999465942383,0.0,0.0,0.0,No
2025-03-30 20:54:48,20b8ad53,Aggressive Acceleration,Acceleration 9.81 m/s²,5176,-0.0017530703091068744,0.002017749828194721,9.752454843692249e-08,-299.9998779296875,0.0042471736669540405,9.810009956359863,0.0,0.0,0.0,No
2025-03-30 20:54:48,20b8ad53,Tailgating,LiDAR points 5176,5176,-0.0017530703091068744,0.002017749828194721,9.752454843692249e-08,-299.9998779296875,0.0042471736669540405,9.810009956359863,0.0,0.0,0.0,No
2025-03-30 20:54:48,6a9201db,Aggressive Acceleration,Acceleration 9.81 m/s²,6068,-0.0022001296522091707,0.0007941754228690594,2.0275194023700038e-10,-97972.296875,35347.9375,9.8100004196167,-5.678657544194721e-11,3.725289161593537e-07,-5.960463568044361e-06,No
2025-03-30 20:54:48,6a9201db,Tailgating,LiDAR points 6068,6068,-0.0022001296522091707,0.0007941754228690594,2.0275194023700038e-10,-97972.296875,35347.9375,9.8100004196167,-5.678657544194721e-11,3.725289161593537e-07,-5.960463568044361e-06,No
2025-03-30 20:54:48,5c260c49,Aggressive Acceleration,Acceleration 9.81 m/s²,6068,-0.0017890330762924123,0.0023893467674268895,2.9656799238608755e-10,-106398.8125,-79653.046875,9.8100004196167,0.0,0.0,0.0,No
2025-03-30 20:54:48,5c260c49,Tailgating,LiDAR points 6068,6068,-0.0017890330762924123,0.0023893467674268895,2.9656799238608755e-10,-106398.8125,-79653.046875,9.8100004196167,0.0,0.0,0.0,No
2025-03-30 20:54:48,cda6e947,Aggressive Acceleration,Acceleration 9.81 m/s²,5340,-0.0017530502965854566,0.0017716696137173374,2.4744901239159844e-08,78894.8203125,78053.0546875,9.809990882873535,0.0,0.0,0.0,No
2025-03-30 20:54:48,cda6e947,Tailgating,LiDAR points 5340,5340,-0.0017530502965854566,0.0017716696137173374,2.4744901239159844e-08,78894.8203125,78053.0546875,9.809990882873535,0.0,0.0,0.0,No
2025-03-30 20:54:48,58f65db3,Aggressive Acceleration,Acceleration 9.81 m/s²,5168,-0.0017889989453578892,0.0019709580961270413,-2.555481461207279e-14,-87768.8984375,-79653.0390625,9.8100004196167,0.0,0.0,0.0,No
2025-03-30 20:54:48,58f65db3,Tailgating,LiDAR points 5168,5168,-0.0017889989453578892,0.0019709580961270413,-2.555481461207279e-14,-87768.8984375,-79653.0390625,9.8100004196167,0.0,0.0,0.0,No
2025-03-30 20:54:48,f90c3470,Running Red Light,Traffic light was red,5924,-0.001753010682762124,0.001287117916315639,4.8087208881497645e-08,57318.8125,78053.03125,9.809981346130371,0.0,0.0,0.0,No
2025-03-30 20:54:48,f90c3470,Aggressive Acceleration,Acceleration 9.81 m/s²,5924,-0.001753010682762124,0.001287117916315639,4.8087208881497645e-08,57318.8125,78053.03125,9.809981346130371,0.0,0.0,0.0,No
2025-03-30 20:54:48,f90c3470,Tailgating,LiDAR points 5924,5924,-0.001753010682762124,0.001287117916315639,4.8087208881497645e-08,57318.8125,78053.03125,9.809981346130371,0.0,0.0,0.0,No
2025-03-30 20:54:49,d23e6b94,Aggressive Acceleration,Acceleration 9.81 m/s²,5024,-0.0017889727646007714,0.0016492376950949235,-2.3687241404446446e-12,-72843.390625,-79653.0390625,9.8100004196167,0.0,0.0,0.0,No
2025-03-30 20:54:49,d23e6b94,Tailgating,LiDAR points 5024,5024,-0.0017889727646007714,0.0016492376950949235,-2.3687241404446446e-12,-72843.390625,-79653.0390625,9.8100004196167,0.0,0.0,0.0,No
2025-03-30 20:54:49,8c837c22,Aggressive Acceleration,Acceleration 9.81 m/s²,6100,-0.001752990259035414,0.00103660013179918,5.483684617502149e-08,142.4749298095703,0.0034846123307943344,9.809998512268066,0.0,0.0,0.0,No
2025-03-30 20:54:49,8c837c22,Tailgating,LiDAR points 6100,6100,-0.001752990259035414,0.00103660013179918,5.483684617502149e-08,142.4749298095703,0.0034846123307943344,9.809998512268066,0.0,0.0,0.0,No
2025-03-30 20:54:49,be1b45a2,Aggressive Acceleration,Acceleration 9.81 m/s²,5476,-0.0029698191428906284,0.0016678944326141837,-8.331597217692277e-11,-74281.78125,-132231.546875,9.8100004196167,0.0,0.0,0.0,No
2025-03-30 20:54:49,be1b45a2,Tailgating,LiDAR points 5476,5476,-0.0029698191428906284,0.0016678944326141837,-8.331597217692277e-11,-74281.78125,-132231.546875,9.8100004196167,0.0,0.0,0.0,No
2025-03-30 20:54:50,49413cc2,Aggressive Acceleration,Acceleration 9.81 m/s²,5812,-0.0025390911104921088,0.0030069278336403837,5.5117443480412476e-06,-112979.265625,133960.09375,9.807795524597168,1.8615199337546073e-07,-1.8637690857303824e-07,-5.9721041907323524e-06,No
2025-03-30 20:54:50,49413cc2,Tailgating,LiDAR points 5812,5812,-0.0025390911104921088,0.0030069278336403837,5.5117443480412476e-06,-112979.265625,133960.09375,9.807795524597168,1.8615199337546073e-07,-1.8637690857303824e-07,-5.9721041907323524e-06,No
2025-03-30 20:54:50,baa8daec,Aggressive Acceleration,Acceleration 9.91 m/s²,5816,-0.0011992966862663934,0.002753202289376768,-0.00025649057351984084,-122617.859375,-53347.2578125,9.912596702575684,0.0,0.0,0.0,No
2025-03-30 20:54:50,baa8daec,Tailgating,LiDAR points 5816,5816,-0.0011992966862663934,0.002753202289376768,-0.00025649057351984084,-122617.859375,-53347.2578125,9.912596702575684,0.0,0.0,0.0,No
2025-03-30 20:54:50,eaad9b1d,Aggressive Acceleration,Acceleration 9.72 m/s²,5984,-0.0011632970466877168,0.0025683949191048342,0.0002277775784023106,114388.0390625,51747.921875,9.718889236450195,0.0,0.0,0.0,No
2025-03-30 20:54:50,eaad9b1d,Tailgating,LiDAR points 5984,5984,-0.0011632970466877168,0.0025683949191048342,0.0002277775784023106,114388.0390625,51747.921875,9.718889236450195,0.0,0.0,0.0,No
2025-03-30 20:54:50,bae04e05,Aggressive Acceleration,Acceleration 9.81 m/s²,6092,-0.000534259705531781,0.0027633549408147815,-1.3792713389193523e-06,-123043.1953125,-23804.4140625,9.810552597045898,0.0,0.0,0.0,No
2025-03-30 20:54:50,bae04e05,Tailgating,LiDAR points 6092,6092,-0.000534259705531781,0.0027633549408147815,-1.3792713389193523e-06,-123043.1953125,-23804.4140625,9.810552597045898,0.0,0.0,0.0,No
2025-03-30 20:54:50,3a6d4cdd,Aggressive Acceleration,Acceleration 9.79 m/s²,6120,-0.0004983535490623581,0.0025544313909686566,4.967310815118253e-05,113740.484375,22204.44140625,9.790131568908691,0.0,0.0,0.0,No
2025-03-30 20:54:50,3a6d4cdd,Tailgating,LiDAR points 6120,6120,-0.0004983535490623581,0.0025544313909686566,4.967310815118253e-05,113740.484375,22204.44140625,9.790131568908691,0.0,0.0,0.0,No
2025-03-30 20:54:50,f064b8c5,Aggressive Acceleration,Acceleration 9.84 m/s²,6072,-0.0005342824252210221,0.0025696880566766092,-7.270830974448472e-05,-114419.640625,-23804.373046875,9.839083671569824,0.0,0.0,0.0,No
2025-03-30 20:54:50,f064b8c5,Tailgating,LiDAR points 6072,6072,-0.0005342824252210221,0.0025696880566766092,-7.270830974448472e-05,-114419.640625,-23804.373046875,9.839083671569824,0.0,0.0,0.0,No
2025-03-30 20:54:50,f880463a,Aggressive Acceleration,Acceleration 9.68 m/s²,6080,-0.0004983906270581429,0.0022914266182697146,0.00033333184546791017,102029.4609375,22204.666015625,9.676668167114258,0.0,0.0,0.0,No
2025-03-30 20:54:50,f880463a,Tailgating,LiDAR points 6080,6080,-0.0004983906270581429,0.0022914266182697146,0.00033333184546791017,102029.4609375,22204.666015625,9.676668167114258,0.0,0.0,0.0,No
2025-03-30 20:54:50,756bc8e8,Running Red Light,Traffic light was red,6044,-0.0005343194689260145,0.0022729002362550928,-3.4114286791009363e-06,-101204.328125,-23804.41015625,9.811365127563477,0.0,0.0,0.0,No
2025-03-30 20:54:50,756bc8e8,Aggressive Acceleration,Acceleration 9.81 m/s²,6044,-0.0005343194689260145,0.0022729002362550928,-3.4114286791009363e-06,-101204.328125,-23804.41015625,9.811365127563477,0.0,0.0,0.0,No
2025-03-30 20:54:50,756bc8e8,Tailgating,LiDAR points 6044,6044,-0.0005343194689260145,0.0022729002362550928,-3.4114286791009363e-06,-101204.328125,-23804.41015625,9.811365127563477,0.0,0.0,0.0,No
2025-03-30 20:54:50,9ed9aae0,Aggressive Acceleration,Acceleration 9.81 m/s²,5988,-0.0004984263343317252,0.0019508079587938648,6.347881935653277e-06,197.72999572753906,-0.0009101778268814087,9.81003475189209,0.0,0.0,0.0,No
2025-03-30 20:54:50,9ed9aae0,Tailgating,LiDAR points 5988,5988,-0.0004984263343317252,0.0019508079587938648,6.347881935653277e-06,197.72999572753906,-0.0009101778268814087,9.81003475189209,0.0,0.0,0.0,No
2025-03-30 20:54:50,f616da22,Aggressive Acceleration,Acceleration 9.81 m/s²,5948,-0.0005343517836706724,0.0020081516331355315,-6.012287485646084e-07,-89415.65625,-23804.41015625,9.810240745544434,0.0,0.0,0.0,No
2025-03-30 20:54:50,f616da22,Tailgating,LiDAR points 5948,5948,-0.0005343517836706724,0.0020081516331355315,-6.012287485646084e-07,-89415.65625,-23804.41015625,9.810240745544434,0.0,0.0,0.0,No
2025-03-30 20:54:50,94820f69,Running Red Light,Traffic light was red,6052,-0.0004984594715011781,0.001708327941297896,0.00021418154938146472,76065.3671875,22204.56640625,9.72432804107666,0.0,0.0,0.0,No
2025-03-30 20:54:50,94820f69,Aggressive Acceleration,Acceleration 9.72 m/s²,6052,-0.0004984594715011781,0.001708327941297896,0.00021418154938146472,76065.3671875,22204.56640625,9.72432804107666,0.0,0.0,0.0,No
2025-03-30 20:54:50,94820f69,Tailgating,LiDAR points 6052,6052,-0.0004984594715011781,0.001708327941297896,0.00021418154938146472,76065.3671875,22204.56640625,9.72432804107666,0.0,0.0,0.0,No
2025-03-30 20:54:50,fa7cb4b5,Aggressive Acceleration,Acceleration 9.82 m/s²,4316,-0.0019446998915100266,0.0008300679406638016,-2.6607836844050325e-05,86598.8203125,-36947.9140625,9.820643424987793,0.0,0.0,0.0,No
2025-03-30 20:54:50,fa7cb4b5,Tailgating,LiDAR points 4316,4316,-0.0019446998915100266,0.0008300679406638016,-2.6607836844050325e-05,86598.8203125,-36947.9140625,9.820643424987793,0.0,0.0,0.0,No
2025-03-30 20:54:50,1cc9f7c6,Running Red Light,Traffic light was red,5836,-0.0004984731786947805,0.0016042496939268607,-2.589156065369025e-05,71430.9921875,22204.61328125,9.820357322692871,0.0,0.0,0.0,No
2025-03-30 20:54:50,1cc9f7c6,Aggressive Acceleration,Acceleration 9.82 m/s²,5836,-0.0004984731786947805,0.0016042496939268607,-2.589156065369025e-05,71430.9921875,22204.61328125,9.820357322692871,0.0,0.0,0.0,No
2025-03-30 20:54:50,1cc9f7c6,Tailgating,LiDAR points 5836,5836,-0.0004984731786947805,0.0016042496939268607,-2.589156065369025e-05,71430.9921875,22204.61328125,9.820357322692871,0.0,0.0,0.0,No
2025-03-30 20:54:50,88d08d87,Aggressive Acceleration,Acceleration 8.50 m/s²,6108,-0.0003167823809917536,0.0013836928405279976,0.003271776018664241,-14030.78125,61629.8671875,8.501290321350098,-3.720761867498368e-07,3.729811055563914e-07,1.1938389434362762e-05,No
2025-03-30 20:54:50,88d08d87,Tailgating,LiDAR points 6108,6108,-0.0003167823809917536,0.0013836928405279976,0.003271776018664241,-14030.78125,61629.8671875,8.501290321350098,-3.720761867498368e-07,3.729811055563914e-07,1.1938389434362762e-05,No
2025-03-30 20:54:50,f586837c,Aggressive Acceleration,Acceleration 9.81 m/s²,6012,-0.0011626484218254518,0.0011224096240440976,-9.057058605321799e-07,50001.5234375,51747.8046875,9.810362815856934,0.0,0.0,0.0,No
2025-03-30 20:54:50,f586837c,Tailgating,LiDAR points 6012,6012,-0.0011626484218254518,0.0011224096240440976,-9.057058605321799e-07,50001.5234375,51747.8046875,9.810362815856934,0.0,0.0,0.0,No
2025-03-30 20:54:50,720e4480,Aggressive Acceleration,Acceleration 9.81 m/s²,5704,-0.0011988994515093054,0.001835544222206215,2.090487427608423e-08,-81756.578125,-53347.8203125,9.809991836547852,0.0,0.0,0.0,No
2025-03-30 20:54:50,720e4480,Tailgating,LiDAR points 5704,5704,-0.0011988994515093054,0.001835544222206215,2.090487427608423e-08,-81756.578125,-53347.8203125,9.809991836547852,0.0,0.0,0.0,No
2025-03-30 20:54:50,dc129413,Aggressive Acceleration,Acceleration 10.05 m/s²,5660,-0.00019989223332572692,0.001419816256164552,-0.000605235283728689,8823.98046875,-63232.046875,10.052094459533691,0.0,0.0,0.0,No
2025-03-30 20:54:50,dc129413,Tailgating,LiDAR points 5660,5660,-0.00019989223332572692,0.001419816256164552,-0.000605235283728689,8823.98046875,-63232.046875,10.052094459533691,0.0,0.0,0.0,No
2025-03-30 20:54:50,b1d56077,Aggressive Acceleration,Acceleration 9.81 m/s²,6060,-0.0017890669331137588,0.0028055832707158798,3.364305257491651e-06,-124932.90625,-79653.0546875,9.80865478515625,0.0,0.0,0.0,No
2025-03-30 20:54:50,b1d56077,Tailgating,LiDAR points 6060,6060,-0.0017890669331137588,0.0028055832707158798,3.364305257491651e-06,-124932.90625,-79653.0546875,9.80865478515625,0.0,0.0,0.0,No
2025-03-30 20:54:50,746a2b15,Aggressive Acceleration,Acceleration 9.81 m/s²,5676,-0.001753099231308397,0.002374774639458331,1.2408700911237247e-07,105749.7578125,78053.0625,9.809950828552246,0.0,0.0,0.0,No
2025-03-30 20:54:50,746a2b15,Tailgating,LiDAR points 5676,5676,-0.001753099231308397,0.002374774639458331,1.2408700911237247e-07,105749.7578125,78053.0625,9.809950828552246,0.0,0.0,0.0,No
2025-03-30 20:54:50,a2ad0c25,Aggressive Acceleration,Acceleration 9.81 m/s²,6040,-0.0017890485654419308,0.0025840521092970704,1.8743429031076175e-09,-115068.6171875,-79653.03125,9.809999465942383,0.0,0.0,0.0,No
2025-03-30 20:54:50,a2ad0c25,Tailgating,LiDAR points 6040,6040,-0.0017890485654419308,0.0025840521092970704,1.8743429031076175e-09,-115068.6171875,-79653.03125,9.809999465942383,0.0,0.0,0.0,No
2025-03-30 20:54:50,20b8ad53,Aggressive Acceleration,Acceleration 9.81 m/s²,5176,-0.0017530703091068744,0.002017749828194721,9.752454843692249e-08,-299.9998779296875,0.0042471736669540405,9.810009956359863,0.0,0.0,0.0,No
2025-03-30 20:54:50,20b8ad53,Tailgating,LiDAR points 5176,5176,-0.0017530703091068744,0.002017749828194721,9.752454843692249e-08,-299.9998779296875,0.0042471736669540405,9.810009956359863,0.0,0.0,0.0,No
2025-03-30 20:54:50,6a9201db,Aggressive Acceleration,Acceleration 9.81 m/s²,6068,-0.0022001296522091707,0.0007941754228690594,2.0275194023700038e-10,-97972.296875,35347.9375,9.8100004196167,-5.678657544194721e-11,3.725289161593537e-07,-5.960463568044361e-06,No
2025-03-30 20:54:50,6a9201db,Tailgating,LiDAR points 6068,6068,-0.0022001296522091707,0.0007941754228690594,2.0275194023700038e-10,-97972.296875,35347.9375,9.8100004196167,-5.678657544194721e-11,3.725289161593537e-07,-5.960463568044361e-06,No
2025-03-30 20:54:50,5c260c49,Running Red Light,Traffic light was red,6068,-0.0017890330762924123,0.0023893467674268895,2.9656799238608755e-10,-106398.8125,-79653.046875,9.8100004196167,0.0,0.0,0.0,No
2025-03-30 20:54:50,5c260c49,Aggressive Acceleration,Acceleration 9.81 m/s²,6068,-0.0017890330762924123,0.0023893467674268895,2.9656799238608755e-10,-106398.8125,-79653.046875,9.8100004196167,0.0,0.0,0.0,No
2025-03-30 20:54:50,5c260c49,Tailgating,LiDAR points 6068,6068,-0.0017890330762924123,0.0023893467674268895,2.9656799238608755e-10,-106398.8125,-79653.046875,9.8100004196167,0.0,0.0,0.0,No
2025-03-30 20:54:50,cda6e947,Aggressive Acceleration,Acceleration 9.81 m/s²,5340,-0.0017530502965854566,0.0017716696137173374,2.4744901239159844e-08,78894.8203125,78053.0546875,9.809990882873535,0.0,0.0,0.0,No
2025-03-30 20:54:50,cda6e947,Tailgating,LiDAR points 5340,5340,-0.0017530502965854566,0.0017716696137173374,2.4744901239159844e-08,78894.8203125,78053.0546875,9.809990882873535,0.0,0.0,0.0,No
2025-03-30 20:54:50,58f65db3,Aggressive Acceleration,Acceleration 9.81 m/s²,5168,-0.0017889989453578892,0.0019709580961270413,-2.555481461207279e-14,-87768.8984375,-79653.0390625,9.8100004196167,0.0,0.0,0.0,No
2025-03-30 20:54:50,58f65db3,Tailgating,LiDAR points 5168,5168,-0.0017889989453578892,0.0019709580961270413,-2.555481461207279e-14,-87768.8984375,-79653.0390625,9.8100004196167,0.0,0.0,0.0,No
2025-03-30 20:54:50,f90c3470,Running Red Light,Traffic light was red,5924,-0.001753010682762124,0.001287117916315639,4.8087208881497645e-08,57318.8125,78053.03125,9.809981346130371,0.0,0.0,0.0,No
2025-03-30 20:54:50,f90c3470,Aggressive Acceleration,Acceleration 9.81 m/s²,5924,-0.001753010682762124,0.001287117916315639,4.8087208881497645e-08,57318.8125,78053.03125,9.809981346130371,0.0,0.0,0.0,No
2025-03-30 20:54:50,f90c3470,Tailgating,LiDAR points 5924,5924,-0.001753010682762124,0.001287117916315639,4.8087208881497645e-08,57318.8125,78053.03125,9.809981346130371,0.0,0.0,0.0,No
2025-03-30 20:54:50,d23e6b94,Aggressive Acceleration,Acceleration 9.81 m/s²,5024,-0.0017889727646007714,0.0016492376950949235,-2.3687241404446446e-12,-72843.390625,-79653.0390625,9.8100004196167,0.0,0.0,0.0,No
2025-03-30 20:54:50,d23e6b94,Tailgating,LiDAR points 5024,5024,-0.0017889727646007714,0.0016492376950949235,-2.3687241404446446e-12,-72843.390625,-79653.0390625,9.8100004196167,0.0,0.0,0.0,No
2025-03-30 20:54:51,8c837c22,Aggressive Acceleration,Acceleration 9.81 m/s²,6100,-0.001752990259035414,0.00103660013179918,5.483684617502149e-08,142.4749298095703,0.0034846123307943344,9.809998512268066,0.0,0.0,0.0,No
2025-03-30 20:54:51,8c837c22,Tailgating,LiDAR points 6100,6100,-0.001752990259035414,0.00103660013179918,5.483684617502149e-08,142.4749298095703,0.0034846123307943344,9.809998512268066,0.0,0.0,0.0,No
2025-03-30 20:54:51,be1b45a2,Aggressive Acceleration,Acceleration 9.81 m/s²,5476,-0.0029698191428906284,0.0016678944326141837,-8.331597217692277e-11,-74281.78125,-132231.546875,9.8100004196167,0.0,0.0,0.0,No
2025-03-30 20:54:51,be1b45a2,Tailgating,LiDAR points 5476,5476,-0.0029698191428906284,0.0016678944326141837,-8.331597217692277e-11,-74281.78125,-132231.546875,9.8100004196167,0.0,0.0,0.0,No
2025-03-30 20:54:52,49413cc2,Aggressive Acceleration,Acceleration 9.81 m/s²,5812,-0.0025390911104921088,0.0030069278336403837,5.5117443480412476e-06,-112979.265625,133960.09375,9.807795524597168,1.8615199337546073e-07,-1.8637690857303824e-07,-5.9721041907323524e-06,No
2025-03-30 20:54:52,49413cc2,Tailgating,LiDAR points 5812,5812,-0.0025390911104921088,0.0030069278336403837,5.5117443480412476e-06,-112979.265625,133960.09375,9.807795524597168,1.8615199337546073e-07,-1.8637690857303824e-07,-5.9721041907323524e-06,No
2025-03-30 20:54:52,baa8daec,Aggressive Acceleration,Acceleration 9.91 m/s²,5816,-0.0011992966862663934,0.002753202289376768,-0.00025649057351984084,-122617.859375,-53347.2578125,9.912596702575684,0.0,0.0,0.0,No
2025-03-30 20:54:52,baa8daec,Tailgating,LiDAR points 5816,5816,-0.0011992966862663934,0.002753202289376768,-0.00025649057351984084,-122617.859375,-53347.2578125,9.912596702575684,0.0,0.0,0.0,No
2025-03-30 20:54:52,eaad9b1d,Aggressive Acceleration,Acceleration 9.72 m/s²,5984,-0.0011632970466877168,0.0025683949191048342,0.0002277775784023106,114388.0390625,51747.921875,9.718889236450195,0.0,0.0,0.0,No
2025-03-30 20:54:52,eaad9b1d,Tailgating,LiDAR points 5984,5984,-0.0011632970466877168,0.0025683949191048342,0.0002277775784023106,114388.0390625,51747.921875,9.718889236450195,0.0,0.0,0.0,No
2025-03-30 20:54:52,bae04e05,Aggressive Acceleration,Acceleration 9.81 m/s²,6092,-0.000534259705531781,0.0027633549408147815,-1.3792713389193523e-06,-123043.1953125,-23804.4140625,9.810552597045898,0.0,0.0,0.0,No
2025-03-30 20:54:52,bae04e05,Tailgating,LiDAR points 6092,6092,-0.000534259705531781,0.0027633549408147815,-1.3792713389193523e-06,-123043.1953125,-23804.4140625,9.810552597045898,0.0,0.0,0.0,No
2025-03-30 20:54:52,3a6d4cdd,Aggressive Acceleration,Acceleration 9.79 m/s²,6120,-0.0004983535490623581,0.0025544313909686566,4.967310815118253e-05,113740.484375,22204.44140625,9.790131568908691,0.0,0.0,0.0,No
2025-03-30 20:54:52,3a6d4cdd,Tailgating,LiDAR points 6120,6120,-0.0004983535490623581,0.0025544313909686566,4.967310815118253e-05,113740.484375,22204.44140625,9.790131568908691,0.0,0.0,0.0,No
2025-03-30 20:54:52,f064b8c5,Aggressive Acceleration,Acceleration 9.84 m/s²,6072,-0.0005342824252210221,0.0025696880566766092,-7.270830974448472e-05,-114419.640625,-23804.373046875,9.839083671569824,0.0,0.0,0.0,No
2025-03-30 20:54:52,f064b8c5,Tailgating,LiDAR points 6072,6072,-0.0005342824252210221,0.0025696880566766092,-7.270830974448472e-05,-114419.640625,-23804.373046875,9.839083671569824,0.0,0.0,0.0,No
2025-03-30 20:54:52,f880463a,Aggressive Acceleration,Acceleration 9.68 m/s²,6080,-0.0004983906270581429,0.0022914266182697146,0.00033333184546791017,102029.4609375,22204.666015625,9.676668167114258,0.0,0.0,0.0,No
2025-03-30 20:54:52,f880463a,Tailgating,LiDAR points 6080,6080,-0.0004983906270581429,0.0022914266182697146,0.00033333184546791017,102029.4609375,22204.666015625,9.676668167114258,0.0,0.0,0.0,No
2025-03-30 20:54:52,756bc8e8,Running Red Light,Traffic light was red,6044,-0.0005343194689260145,0.0022729002362550928,-3.4114286791009363e-06,-101204.328125,-23804.41015625,9.811365127563477,0.0,0.0,0.0,No
2025-03-30 20:54:52,756bc8e8,Aggressive Acceleration,Acceleration 9.81 m/s²,6044,-0.0005343194689260145,0.0022729002362550928,-3.4114286791009363e-06,-101204.328125,-23804.41015625,9.811365127563477,0.0,0.0,0.0,No
2025-03-30 20:54:52,756bc8e8,Tailgating,LiDAR points 6044,6044,-0.0005343194689260145,0.0022729002362550928,-3.4114286791009363e-06,-101204.328125,-23804.41015625,9.811365127563477,0.0,0.0,0.0,No
2025-03-30 20:54:52,9ed9aae0,Aggressive Acceleration,Acceleration 9.81 m/s²,5988,-0.0004984263343317252,0.0019508079587938648,6.347881935653277e-06,197.72999572753906,-0.0009101778268814087,9.81003475189209,0.0,0.0,0.0,No
2025-03-30 20:54:52,9ed9aae0,Tailgating,LiDAR points 5988,5988,-0.0004984263343317252,0.0019508079587938648,6.347881935653277e-06,197.72999572753906,-0.0009101778268814087,9.81003475189209,0.0,0.0,0.0,No
2025-03-30 20:54:52,f616da22,Aggressive Acceleration,Acceleration 9.81 m/s²,5948,-0.0005343517836706724,0.0020081516331355315,-6.012287485646084e-07,-89415.65625,-23804.41015625,9.810240745544434,0.0,0.0,0.0,No
2025-03-30 20:54:52,f616da22,Tailgating,LiDAR points 5948,5948,-0.0005343517836706724,0.0020081516331355315,-6.012287485646084e-07,-89415.65625,-23804.41015625,9.810240745544434,0.0,0.0,0.0,No
2025-03-30 20:54:52,94820f69,Running Red Light,Traffic light was red,6052,-0.0004984594715011781,0.001708327941297896,0.00021418154938146472,76065.3671875,22204.56640625,9.72432804107666,0.0,0.0,0.0,No
2025-03-30 20:54:52,94820f69,Aggressive Acceleration,Acceleration 9.72 m/s²,6052,-0.0004984594715011781,0.001708327941297896,0.00021418154938146472,76065.3671875,22204.56640625,9.72432804107666,0.0,0.0,0.0,No
2025-03-30 20:54:52,94820f69,Tailgating,LiDAR points 6052,6052,-0.0004984594715011781,0.001708327941297896,0.00021418154938146472,76065.3671875,22204.56640625,9.72432804107666,0.0,0.0,0.0,No
2025-03-30 20:54:52,fa7cb4b5,Aggressive Acceleration,Acceleration 9.82 m/s²,4316,-0.0019446998915100266,0.0008300679406638016,-2.6607836844050325e-05,86598.8203125,-36947.9140625,9.820643424987793,0.0,0.0,0.0,No
2025-03-30 20:54:52,fa7cb4b5,Tailgating,LiDAR points 4316,4316,-0.0019446998915100266,0.0008300679406638016,-2.6607836844050325e-05,86598.8203125,-36947.9140625,9.820643424987793,0.0,0.0,0.0,No
2025-03-30 20:54:52,1cc9f7c6,Running Red Light,Traffic light was red,5836,-0.0004984731786947805,0.0016042496939268607,-2.589156065369025e-05,71430.9921875,22204.61328125,9.820357322692871,0.0,0.0,0.0,No
2025-03-30 20:54:52,1cc9f7c6,Aggressive Acceleration,Acceleration 9.82 m/s²,5836,-0.0004984731786947805,0.0016042496939268607,-2.589156065369025e-05,71430.9921875,22204.61328125,9.820357322692871,0.0,0.0,0.0,No
2025-03-30 20:54:52,1cc9f7c6,Tailgating,LiDAR points 5836,5836,-0.0004984731786947805,0.0016042496939268607,-2.589156065369025e-05,71430.9921875,22204.61328125,9.820357322692871,0.0,0.0,0.0,No
2025-03-30 20:54:52,88d08d87,Aggressive Acceleration,Acceleration 8.50 m/s²,6108,-0.0003167823809917536,0.0013836928405279976,0.003271776018664241,-14030.78125,61629.8671875,8.501290321350098,-3.720761867498368e-07,3.729811055563914e-07,1.1938389434362762e-05,No
2025-03-30 20:54:52,88d08d87,Tailgating,LiDAR points 6108,6108,-0.0003167823809917536,0.0013836928405279976,0.003271776018664241,-14030.78125,61629.8671875,8.501290321350098,-3.720761867498368e-07,3.729811055563914e-07,1.1938389434362762e-05,No
2025-03-30 20:54:52,f586837c,Aggressive Acceleration,Acceleration 9.81 m/s²,6012,-0.0011626484218254518,0.0011224096240440976,-9.057058605321799e-07,50001.5234375,51747.8046875,9.810362815856934,0.0,0.0,0.0,No
2025-03-30 20:54:52,f586837c,Tailgating,LiDAR points 6012,6012,-0.0011626484218254518,0.0011224096240440976,-9.057058605321799e-07,50001.5234375,51747.8046875,9.810362815856934,0.0,0.0,0.0,No
2025-03-30 20:54:52,720e4480,Aggressive Acceleration,Acceleration 9.81 m/s²,5704,-0.0011988994515093054,0.001835544222206215,2.090487427608423e-08,-81756.578125,-53347.8203125,9.809991836547852,0.0,0.0,0.0,No
2025-03-30 20:54:52,720e4480,Tailgating,LiDAR points 5704,5704,-0.0011988994515093054,0.001835544222206215,2.090487427608423e-08,-81756.578125,-53347.8203125,9.809991836547852,0.0,0.0,0.0,No
2025-03-30 20:54:52,dc129413,Aggressive Acceleration,Acceleration 10.05 m/s²,5660,-0.00019989223332572692,0.001419816256164552,-0.000605235283728689,8823.98046875,-63232.046875,10.052094459533691,0.0,0.0,0.0,No
2025-03-30 20:54:52,dc129413,Tailgating,LiDAR points 5660,5660,-0.00019989223332572692,0.001419816256164552,-0.000605235283728689,8823.98046875,-63232.046875,10.052094459533691,0.0,0.0,0.0,No
2025-03-30 20:54:52,b1d56077,Aggressive Acceleration,Acceleration 9.81 m/s²,6060,-0.0017890669331137588,0.0028055832707158798,3.364305257491651e-06,-124932.90625,-79653.0546875,9.80865478515625,0.0,0.0,0.0,No
2025-03-30 20:54:52,b1d56077,Tailgating,LiDAR points 6060,6060,-0.0017890669331137588,0.0028055832707158798,3.364305257491651e-06,-124932.90625,-79653.0546875,9.80865478515625,0.0,0.0,0.0,No
2025-03-30 20:54:52,746a2b15,Aggressive Acceleration,Acceleration 9.81 m/s²,5676,-0.001753099231308397,0.002374774639458331,1.2408700911237247e-07,105749.7578125,78053.0625,9.809950828552246,0.0,0.0,0.0,No
2025-03-30 20:54:52,746a2b15,Tailgating,LiDAR points 5676,5676,-0.001753099231308397,0.002374774639458331,1.2408700911237247e-07,105749.7578125,78053.0625,9.809950828552246,0.0,0.0,0.0,No
2025-03-30 20:54:52,a2ad0c25,Aggressive Acceleration,Acceleration 9.81 m/s²,6040,-0.0017890485654419308,0.0025840521092970704,1.8743429031076175e-09,-115068.6171875,-79653.03125,9.809999465942383,0.0,0.0,0.0,No
2025-03-30 20:54:52,a2ad0c25,Tailgating,LiDAR points 6040,6040,-0.0017890485654419308,0.0025840521092970704,1.8743429031076175e-09,-115068.6171875,-79653.03125,9.809999465942383,0.0,0.0,0.0,No
2025-03-30 20:54:52,20b8ad53,Aggressive Acceleration,Acceleration 9.81 m/s²,5176,-0.0017530703091068744,0.002017749828194721,9.752454843692249e-08,-299.9998779296875,0.0042471736669540405,9.810009956359863,0.0,0.0,0.0,No
2025-03-30 20:54:52,20b8ad53,Tailgating,LiDAR points 5176,5176,-0.0017530703091068744,0.002017749828194721,9.752454843692249e-08,-299.9998779296875,0.0042471736669540405,9.810009956359863,0.0,0.0,0.0,No
2025-03-30 20:54:52,6a9201db,Aggressive Acceleration,Acceleration 9.81 m/s²,6068,-0.0022001296522091707,0.0007941754228690594,2.0275194023700038e-10,-97972.296875,35347.9375,9.8100004196167,-5.678657544194721e-11,3.725289161593537e-07,-5.960463568044361e-06,No
2025-03-30 20:54:52,6a9201db,Tailgating,LiDAR points 6068,6068,-0.0022001296522091707,0.0007941754228690594,2.0275194023700038e-10,-97972.296875,35347.9375,9.8100004196167,-5.678657544194721e-11,3.725289161593537e-07,-5.960463568044361e-06,No
2025-03-30 20:54:52,5c260c49,Running Red Light,Traffic light was red,6068,-0.0017890330762924123,0.0023893467674268895,2.9656799238608755e-10,-106398.8125,-79653.046875,9.8100004196167,0.0,0.0,0.0,No
2025-03-30 20:54:52,5c260c49,Aggressive Acceleration,Acceleration 9.81 m/s²,6068,-0.0017890330762924123,0.0023893467674268895,2.9656799238608755e-10,-106398.8125,-79653.046875,9.8100004196167,0.0,0.0,0.0,No
2025-03-30 20:54:52,5c260c49,Tailgating,LiDAR points 6068,6068,-0.0017890330762924123,0.0023893467674268895,2.9656799238608755e-10,-106398.8125,-79653.046875,9.8100004196167,0.0,0.0,0.0,No
2025-03-30 20:54:52,cda6e947,Aggressive Acceleration,Acceleration 9.81 m/s²,5340,-0.0017530502965854566,0.0017716696137173374,2.4744901239159844e-08,78894.8203125,78053.0546875,9.809990882873535,0.0,0.0,0.0,No
2025-03-30 20:54:52,cda6e947,Tailgating,LiDAR points 5340,5340,-0.0017530502965854566,0.0017716696137173374,2.4744901239159844e-08,78894.8203125,78053.0546875,9.809990882873535,0.0,0.0,0.0,No
2025-03-30 20:54:52,58f65db3,Aggressive Acceleration,Acceleration 9.81 m/s²,5168,-0.0017889989453578892,0.0019709580961270413,-2.555481461207279e-14,-87768.8984375,-79653.0390625,9.8100004196167,0.0,0.0,0.0,No
2025-03-30 20:54:52,58f65db3,Tailgating,LiDAR points 5168,5168,-0.0017889989453578892,0.0019709580961270413,-2.555481461207279e-14,-87768.8984375,-79653.0390625,9.8100004196167,0.0,0.0,0.0,No
2025-03-30 20:54:52,f90c3470,Running Red Light,Traffic light was red,5924,-0.001753010682762124,0.001287117916315639,4.8087208881497645e-08,57318.8125,78053.03125,9.809981346130371,0.0,0.0,0.0,No
2025-03-30 20:54:52,f90c3470,Aggressive Acceleration,Acceleration 9.81 m/s²,5924,-0.001753010682762124,0.001287117916315639,4.8087208881497645e-08,57318.8125,78053.03125,9.809981346130371,0.0,0.0,0.0,No
2025-03-30 20:54:52,f90c3470,Tailgating,LiDAR points 5924,5924,-0.001753010682762124,0.001287117916315639,4.8087208881497645e-08,57318.8125,78053.03125,9.809981346130371,0.0,0.0,0.0,No
2025-03-30 20:54:52,d23e6b94,Aggressive Acceleration,Acceleration 9.81 m/s²,5024,-0.0017889727646007714,0.0016492376950949235,-2.3687241404446446e-12,-72843.390625,-79653.0390625,9.8100004196167,0.0,0.0,0.0,No
2025-03-30 20:54:52,d23e6b94,Tailgating,LiDAR points 5024,5024,-0.0017889727646007714,0.0016492376950949235,-2.3687241404446446e-12,-72843.390625,-79653.0390625,9.8100004196167,0.0,0.0,0.0,No
2025-03-30 20:54:52,8c837c22,Aggressive Acceleration,Acceleration 9.81 m/s²,6100,-0.001752990259035414,0.00103660013179918,5.483684617502149e-08,142.4749298095703,0.0034846123307943344,9.809998512268066,0.0,0.0,0.0,No
2025-03-30 20:54:52,8c837c22,Tailgating,LiDAR points 6100,6100,-0.001752990259035414,0.00103660013179918,5.483684617502149e-08,142.4749298095703,0.0034846123307943344,9.809998512268066,0.0,0.0,0.0,No
2025-03-30 20:54:53,be1b45a2,Aggressive Acceleration,Acceleration 9.81 m/s²,5476,-0.0029698191428906284,0.0016678944326141837,-8.331597217692277e-11,-74281.78125,-132231.546875,9.8100004196167,0.0,0.0,0.0,No
2025-03-30 20:54:53,be1b45a2,Tailgating,LiDAR points 5476,5476,-0.0029698191428906284,0.0016678944326141837,-8.331597217692277e-11,-74281.78125,-132231.546875,9.8100004196167,0.0,0.0,0.0,No
2025-03-30 20:54:54,49413cc2,Aggressive Acceleration,Acceleration 9.81 m/s²,5812,-0.0025390911104921088,0.0030069278336403837,5.5117443480412476e-06,-112979.265625,133960.09375,9.807795524597168,1.8615199337546073e-07,-1.8637690857303824e-07,-5.9721041907323524e-06,No
2025-03-30 20:54:54,49413cc2,Tailgating,LiDAR points 5812,5812,-0.0025390911104921088,0.0030069278336403837,5.5117443480412476e-06,-112979.265625,133960.09375,9.807795524597168,1.8615199337546073e-07,-1.8637690857303824e-07,-5.9721041907323524e-06,No
2025-03-30 20:54:54,baa8daec,Aggressive Acceleration,Acceleration 9.91 m/s²,5816,-0.0011992966862663934,0.002753202289376768,-0.00025649057351984084,-122617.859375,-53347.2578125,9.912596702575684,0.0,0.0,0.0,No
2025-03-30 20:54:54,baa8daec,Tailgating,LiDAR points 5816,5816,-0.0011992966862663934,0.002753202289376768,-0.00025649057351984084,-122617.859375,-53347.2578125,9.912596702575684,0.0,0.0,0.0,No
2025-03-30 20:54:54,eaad9b1d,Aggressive Acceleration,Acceleration 9.72 m/s²,5984,-0.0011632970466877168,0.0025683949191048342,0.0002277775784023106,114388.0390625,51747.921875,9.718889236450195,0.0,0.0,0.0,No
2025-03-30 20:54:54,eaad9b1d,Tailgating,LiDAR points 5984,5984,-0.0011632970466877168,0.0025683949191048342,0.0002277775784023106,114388.0390625,51747.921875,9.718889236450195,0.0,0.0,0.0,No
2025-03-30 20:54:54,bae04e05,Aggressive Acceleration,Acceleration 9.81 m/s²,6092,-0.000534259705531781,0.0027633549408147815,-1.3792713389193523e-06,-123043.1953125,-23804.4140625,9.810552597045898,0.0,0.0,0.0,No
2025-03-30 20:54:54,bae04e05,Tailgating,LiDAR points 6092,6092,-0.000534259705531781,0.0027633549408147815,-1.3792713389193523e-06,-123043.1953125,-23804.4140625,9.810552597045898,0.0,0.0,0.0,No
2025-03-30 20:54:54,3a6d4cdd,Aggressive Acceleration,Acceleration 9.79 m/s²,6120,-0.0004983535490623581,0.0025544313909686566,4.967310815118253e-05,113740.484375,22204.44140625,9.790131568908691,0.0,0.0,0.0,No
2025-03-30 20:54:54,3a6d4cdd,Tailgating,LiDAR points 6120,6120,-0.0004983535490623581,0.0025544313909686566,4.967310815118253e-05,113740.484375,22204.44140625,9.790131568908691,0.0,0.0,0.0,No
2025-03-30 20:54:54,f064b8c5,Aggressive Acceleration,Acceleration 9.84 m/s²,6072,-0.0005342824252210221,0.0025696880566766092,-7.270830974448472e-05,-114419.640625,-23804.373046875,9.839083671569824,0.0,0.0,0.0,No
2025-03-30 20:54:54,f064b8c5,Tailgating,LiDAR points 6072,6072,-0.0005342824252210221,0.0025696880566766092,-7.270830974448472e-05,-114419.640625,-23804.373046875,9.839083671569824,0.0,0.0,0.0,No
2025-03-30 20:54:54,f880463a,Aggressive Acceleration,Acceleration 9.68 m/s²,6080,-0.0004983906270581429,0.0022914266182697146,0.00033333184546791017,102029.4609375,22204.666015625,9.676668167114258,0.0,0.0,0.0,No
2025-03-30 20:54:54,f880463a,Tailgating,LiDAR points 6080,6080,-0.0004983906270581429,0.0022914266182697146,0.00033333184546791017,102029.4609375,22204.666015625,9.676668167114258,0.0,0.0,0.0,No
2025-03-30 20:54:54,756bc8e8,Running Red Light,Traffic light was red,6044,-0.0005343194689260145,0.0022729002362550928,-3.4114286791009363e-06,-101204.328125,-23804.41015625,9.811365127563477,0.0,0.0,0.0,No
2025-03-30 20:54:54,756bc8e8,Aggressive Acceleration,Acceleration 9.81 m/s²,6044,-0.0005343194689260145,0.0022729002362550928,-3.4114286791009363e-06,-101204.328125,-23804.41015625,9.811365127563477,0.0,0.0,0.0,No
2025-03-30 20:54:54,756bc8e8,Tailgating,LiDAR points 6044,6044,-0.0005343194689260145,0.0022729002362550928,-3.4114286791009363e-06,-101204.328125,-23804.41015625,9.811365127563477,0.0,0.0,0.0,No
2025-03-30 20:54:54,9ed9aae0,Aggressive Acceleration,Acceleration 9.81 m/s²,5988,-0.0004984263343317252,0.0019508079587938648,6.347881935653277e-06,197.72999572753906,-0.0009101778268814087,9.81003475189209,0.0,0.0,0.0,No
2025-03-30 20:54:54,9ed9aae0,Tailgating,LiDAR points 5988,5988,-0.0004984263343317252,0.0019508079587938648,6.347881935653277e-06,197.72999572753906,-0.0009101778268814087,9.81003475189209,0.0,0.0,0.0,No
2025-03-30 20:54:54,f616da22,Aggressive Acceleration,Acceleration 9.81 m/s²,5948,-0.0005343517836706724,0.0020081516331355315,-6.012287485646084e-07,-89415.65625,-23804.41015625,9.810240745544434,0.0,0.0,0.0,No
2025-03-30 20:54:54,f616da22,Tailgating,LiDAR points 5948,5948,-0.0005343517836706724,0.0020081516331355315,-6.012287485646084e-07,-89415.65625,-23804.41015625,9.810240745544434,0.0,0.0,0.0,No
2025-03-30 20:54:54,94820f69,Running Red Light,Traffic light was red,6052,-0.0004984594715011781,0.001708327941297896,0.00021418154938146472,76065.3671875,22204.56640625,9.72432804107666,0.0,0.0,0.0,No
2025-03-30 20:54:54,94820f69,Aggressive Acceleration,Acceleration 9.72 m/s²,6052,-0.0004984594715011781,0.001708327941297896,0.00021418154938146472,76065.3671875,22204.56640625,9.72432804107666,0.0,0.0,0.0,No
2025-03-30 20:54:54,94820f69,Tailgating,LiDAR points 6052,6052,-0.0004984594715011781,0.001708327941297896,0.00021418154938146472,76065.3671875,22204.56640625,9.72432804107666,0.0,0.0,0.0,No
2025-03-30 20:54:54,fa7cb4b5,Aggressive Acceleration,Acceleration 9.82 m/s²,4316,-0.0019446998915100266,0.0008300679406638016,-2.6607836844050325e-05,86598.8203125,-36947.9140625,9.820643424987793,0.0,0.0,0.0,No
2025-03-30 20:54:54,fa7cb4b5,Tailgating,LiDAR points 4316,4316,-0.0019446998915100266,0.0008300679406638016,-2.6607836844050325e-05,86598.8203125,-36947.9140625,9.820643424987793,0.0,0.0,0.0,No
2025-03-30 20:54:54,1cc9f7c6,Running Red Light,Traffic light was red,5836,-0.0004984731786947805,0.0016042496939268607,-2.589156065369025e-05,71430.9921875,22204.61328125,9.820357322692871,0.0,0.0,0.0,No
2025-03-30 20:54:54,1cc9f7c6,Aggressive Acceleration,Acceleration 9.82 m/s²,5836,-0.0004984731786947805,0.0016042496939268607,-2.589156065369025e-05,71430.9921875,22204.61328125,9.820357322692871,0.0,0.0,0.0,No
2025-03-30 20:54:54,1cc9f7c6,Tailgating,LiDAR points 5836,5836,-0.0004984731786947805,0.0016042496939268607,-2.589156065369025e-05,71430.9921875,22204.61328125,9.820357322692871,0.0,0.0,0.0,No
2025-03-30 20:54:54,88d08d87,Aggressive Acceleration,Acceleration 8.50 m/s²,6108,-0.0003167823809917536,0.0013836928405279976,0.003271776018664241,-14030.78125,61629.8671875,8.501290321350098,-3.720761867498368e-07,3.729811055563914e-07,1.1938389434362762e-05,No
2025-03-30 20:54:54,88d08d87,Tailgating,LiDAR points 6108,6108,-0.0003167823809917536,0.0013836928405279976,0.003271776018664241,-14030.78125,61629.8671875,8.501290321350098,-3.720761867498368e-07,3.729811055563914e-07,1.1938389434362762e-05,No
2025-03-30 20:54:54,f586837c,Aggressive Acceleration,Acceleration 9.81 m/s²,6012,-0.0011626484218254518,0.0011224096240440976,-9.057058605321799e-07,50001.5234375,51747.8046875,9.810362815856934,0.0,0.0,0.0,No
2025-03-30 20:54:54,f586837c,Tailgating,LiDAR points 6012,6012,-0.0011626484218254518,0.0011224096240440976,-9.057058605321799e-07,50001.5234375,51747.8046875,9.810362815856934,0.0,0.0,0.0,No
2025-03-30 20:54:54,720e4480,Aggressive Acceleration,Acceleration 9.81 m/s²,5704,-0.0011988994515093054,0.001835544222206215,2.090487427608423e-08,-81756.578125,-53347.8203125,9.809991836547852,0.0,0.0,0.0,No
2025-03-30 20:54:54,720e4480,Tailgating,LiDAR points 5704,5704,-0.0011988994515093054,0.001835544222206215,2.090487427608423e-08,-81756.578125,-53347.8203125,9.809991836547852,0.0,0.0,0.0,No
2025-03-30 20:54:54,dc129413,Aggressive Acceleration,Acceleration 10.05 m/s²,5660,-0.00019989223332572692,0.001419816256164552,-0.000605235283728689,8823.98046875,-63232.046875,10.052094459533691,0.0,0.0,0.0,No
2025-03-30 20:54:54,dc129413,Tailgating,LiDAR points 5660,5660,-0.00019989223332572692,0.001419816256164552,-0.000605235283728689,8823.98046875,-63232.046875,10.052094459533691,0.0,0.0,0.0,No
2025-03-30 20:54:54,b1d56077,Aggressive Acceleration,Acceleration 9.81 m/s²,6060,-0.0017890669331137588,0.0028055832707158798,3.364305257491651e-06,-124932.90625,-79653.0546875,9.80865478515625,0.0,0.0,0.0,No
2025-03-30 20:54:54,b1d56077,Tailgating,LiDAR points 6060,6060,-0.0017890669331137588,0.0028055832707158798,3.364305257491651e-06,-124932.90625,-79653.0546875,9.80865478515625,0.0,0.0,0.0,No
2025-03-30 20:54:54,746a2b15,Aggressive Acceleration,Acceleration 9.81 m/s²,5676,-0.001753099231308397,0.002374774639458331,1.2408700911237247e-07,105749.7578125,78053.0625,9.809950828552246,0.0,0.0,0.0,No
2025-03-30 20:54:54,746a2b15,Tailgating,LiDAR points 5676,5676,-0.001753099231308397,0.002374774639458331,1.2408700911237247e-07,105749.7578125,78053.0625,9.809950828552246,0.0,0.0,0.0,No
2025-03-30 20:54:54,a2ad0c25,Aggressive Acceleration,Acceleration 9.81 m/s²,6040,-0.0017890485654419308,0.0025840521092970704,1.8743429031076175e-09,-115068.6171875,-79653.03125,9.809999465942383,0.0,0.0,0.0,No
2025-03-30 20:54:54,a2ad0c25,Tailgating,LiDAR points 6040,6040,-0.0017890485654419308,0.0025840521092970704,1.8743429031076175e-09,-115068.6171875,-79653.03125,9.809999465942383,0.0,0.0,0.0,No
2025-03-30 20:54:54,20b8ad53,Aggressive Acceleration,Acceleration 9.81 m/s²,5176,-0.0017530703091068744,0.002017749828194721,9.752454843692249e-08,-299.9998779296875,0.0042471736669540405,9.810009956359863,0.0,0.0,0.0,No
2025-03-30 20:54:54,20b8ad53,Tailgating,LiDAR points 5176,5176,-0.0017530703091068744,0.002017749828194721,9.752454843692249e-08,-299.9998779296875,0.0042471736669540405,9.810009956359863,0.0,0.0,0.0,No
2025-03-30 20:54:54,6a9201db,Aggressive Acceleration,Acceleration 9.81 m/s²,6068,-0.0022001296522091707,0.0007941754228690594,2.0275194023700038e-10,-97972.296875,35347.9375,9.8100004196167,-5.678657544194721e-11,3.725289161593537e-07,-5.960463568044361e-06,No
2025-03-30 20:54:54,6a9201db,Tailgating,LiDAR points 6068,6068,-0.0022001296522091707,0.0007941754228690594,2.0275194023700038e-10,-97972.296875,35347.9375,9.8100004196167,-5.678657544194721e-11,3.725289161593537e-07,-5.960463568044361e-06,No
2025-03-30 20:54:54,5c260c49,Running Red Light,Traffic light was red,6068,-0.0017890330762924123,0.0023893467674268895,2.9656799238608755e-10,-106398.8125,-79653.046875,9.8100004196167,0.0,0.0,0.0,No
2025-03-30 20:54:54,5c260c49,Aggressive Acceleration,Acceleration 9.81 m/s²,6068,-0.0017890330762924123,0.0023893467674268895,2.9656799238608755e-10,-106398.8125,-79653.046875,9.8100004196167,0.0,0.0,0.0,No
2025-03-30 20:54:54,5c260c49,Tailgating,LiDAR points 6068,6068,-0.0017890330762924123,0.0023893467674268895,2.9656799238608755e-10,-106398.8125,-79653.046875,9.8100004196167,0.0,0.0,0.0,No
2025-03-30 20:54:54,cda6e947,Aggressive Acceleration,Acceleration 9.81 m/s²,5340,-0.0017530502965854566,0.0017716696137173374,2.4744901239159844e-08,78894.8203125,78053.0546875,9.809990882873535,0.0,0.0,0.0,No
2025-03-30 20:54:54,cda6e947,Tailgating,LiDAR points 5340,5340,-0.0017530502965854566,0.0017716696137173374,2.4744901239159844e-08,78894.8203125,78053.0546875,9.809990882873535,0.0,0.0,0.0,No
2025-03-30 20:54:54,58f65db3,Aggressive Acceleration,Acceleration 9.81 m/s²,5168,-0.0017889989453578892,0.0019709580961270413,-2.555481461207279e-14,-87768.8984375,-79653.0390625,9.8100004196167,0.0,0.0,0.0,No
2025-03-30 20:54:54,58f65db3,Tailgating,LiDAR points 5168,5168,-0.0017889989453578892,0.0019709580961270413,-2.555481461207279e-14,-87768.8984375,-79653.0390625,9.8100004196167,0.0,0.0,0.0,No
2025-03-30 20:54:54,f90c3470,Running Red Light,Traffic light was red,5924,-0.001753010682762124,0.001287117916315639,4.8087208881497645e-08,57318.8125,78053.03125,9.809981346130371,0.0,0.0,0.0,No
2025-03-30 20:54:54,f90c3470,Aggressive Acceleration,Acceleration 9.81 m/s²,5924,-0.001753010682762124,0.001287117916315639,4.8087208881497645e-08,57318.8125,78053.03125,9.809981346130371,0.0,0.0,0.0,No
2025-03-30 20:54:54,f90c3470,Tailgating,LiDAR points 5924,5924,-0.001753010682762124,0.001287117916315639,4.8087208881497645e-08,57318.8125,78053.03125,9.809981346130371,0.0,0.0,0.0,No
2025-03-30 20:54:54,d23e6b94,Aggressive Acceleration,Acceleration 9.81 m/s²,5024,-0.0017889727646007714,0.0016492376950949235,-2.3687241404446446e-12,-72843.390625,-79653.0390625,9.8100004196167,0.0,0.0,0.0,No
2025-03-30 20:54:54,d23e6b94,Tailgating,LiDAR points 5024,5024,-0.0017889727646007714,0.0016492376950949235,-2.3687241404446446e-12,-72843.390625,-79653.0390625,9.8100004196167,0.0,0.0,0.0,No
2025-03-30 20:54:54,8c837c22,Aggressive Acceleration,Acceleration 9.81 m/s²,6100,-0.001752990259035414,0.00103660013179918,5.483684617502149e-08,142.4749298095703,0.0034846123307943344,9.809998512268066,0.0,0.0,0.0,No
2025-03-30 20:54:54,8c837c22,Tailgating,LiDAR points 6100,6100,-0.001752990259035414,0.00103660013179918,5.483684617502149e-08,142.4749298095703,0.0034846123307943344,9.809998512268066,0.0,0.0,0.0,No
2025-03-30 20:54:55,be1b45a2,Aggressive Acceleration,Acceleration 9.81 m/s²,5476,-0.0029698191428906284,0.0016678944326141837,-8.331597217692277e-11,-74281.78125,-132231.546875,9.8100004196167,0.0,0.0,0.0,No
2025-03-30 20:54:55,be1b45a2,Tailgating,LiDAR points 5476,5476,-0.0029698191428906284,0.0016678944326141837,-8.331597217692277e-11,-74281.78125,-132231.546875,9.8100004196167,0.0,0.0,0.0,No
2025-03-30 20:54:56,49413cc2,Aggressive Acceleration,Acceleration 9.81 m/s²,5812,-0.0025390911104921088,0.0030069278336403837,5.5117443480412476e-06,-112979.265625,133960.09375,9.807795524597168,1.8615199337546073e-07,-1.8637690857303824e-07,-5.9721041907323524e-06,No
2025-03-30 20:54:56,49413cc2,Tailgating,LiDAR points 5812,5812,-0.0025390911104921088,0.0030069278336403837,5.5117443480412476e-06,-112979.265625,133960.09375,9.807795524597168,1.8615199337546073e-07,-1.8637690857303824e-07,-5.9721041907323524e-06,No
2025-03-30 20:54:56,baa8daec,Aggressive Acceleration,Acceleration 9.91 m/s²,5816,-0.0011992966862663934,0.002753202289376768,-0.00025649057351984084,-122617.859375,-53347.2578125,9.912596702575684,0.0,0.0,0.0,No
2025-03-30 20:54:56,baa8daec,Tailgating,LiDAR points 5816,5816,-0.0011992966862663934,0.002753202289376768,-0.00025649057351984084,-122617.859375,-53347.2578125,9.912596702575684,0.0,0.0,0.0,No
2025-03-30 20:54:56,eaad9b1d,Aggressive Acceleration,Acceleration 9.72 m/s²,5984,-0.0011632970466877168,0.0025683949191048342,0.0002277775784023106,114388.0390625,51747.921875,9.718889236450195,0.0,0.0,0.0,No
2025-03-30 20:54:56,eaad9b1d,Tailgating,LiDAR points 5984,5984,-0.0011632970466877168,0.0025683949191048342,0.0002277775784023106,114388.0390625,51747.921875,9.718889236450195,0.0,0.0,0.0,No
2025-03-30 20:54:56,bae04e05,Aggressive Acceleration,Acceleration 9.81 m/s²,6092,-0.000534259705531781,0.0027633549408147815,-1.3792713389193523e-06,-123043.1953125,-23804.4140625,9.810552597045898,0.0,0.0,0.0,No
2025-03-30 20:54:56,bae04e05,Tailgating,LiDAR points 6092,6092,-0.000534259705531781,0.0027633549408147815,-1.3792713389193523e-06,-123043.1953125,-23804.4140625,9.810552597045898,0.0,0.0,0.0,No
2025-03-30 20:54:56,3a6d4cdd,Aggressive Acceleration,Acceleration 9.79 m/s²,6120,-0.0004983535490623581,0.0025544313909686566,4.967310815118253e-05,113740.484375,22204.44140625,9.790131568908691,0.0,0.0,0.0,No
2025-03-30 20:54:56,3a6d4cdd,Tailgating,LiDAR points 6120,6120,-0.0004983535490623581,0.0025544313909686566,4.967310815118253e-05,113740.484375,22204.44140625,9.790131568908691,0.0,0.0,0.0,No
2025-03-30 20:54:56,f064b8c5,Aggressive Acceleration,Acceleration 9.84 m/s²,6072,-0.0005342824252210221,0.0025696880566766092,-7.270830974448472e-05,-114419.640625,-23804.373046875,9.839083671569824,0.0,0.0,0.0,No
2025-03-30 20:54:56,f064b8c5,Tailgating,LiDAR points 6072,6072,-0.0005342824252210221,0.0025696880566766092,-7.270830974448472e-05,-114419.640625,-23804.373046875,9.839083671569824,0.0,0.0,0.0,No
2025-03-30 20:54:56,f880463a,Aggressive Acceleration,Acceleration 9.68 m/s²,6080,-0.0004983906270581429,0.0022914266182697146,0.00033333184546791017,102029.4609375,22204.666015625,9.676668167114258,0.0,0.0,0.0,No
2025-03-30 20:54:56,f880463a,Tailgating,LiDAR points 6080,6080,-0.0004983906270581429,0.0022914266182697146,0.00033333184546791017,102029.4609375,22204.666015625,9.676668167114258,0.0,0.0,0.0,No
2025-03-30 20:54:56,756bc8e8,Running Red Light,Traffic light was red,6044,-0.0005343194689260145,0.0022729002362550928,-3.4114286791009363e-06,-101204.328125,-23804.41015625,9.811365127563477,0.0,0.0,0.0,No
2025-03-30 20:54:56,756bc8e8,Aggressive Acceleration,Acceleration 9.81 m/s²,6044,-0.0005343194689260145,0.0022729002362550928,-3.4114286791009363e-06,-101204.328125,-23804.41015625,9.811365127563477,0.0,0.0,0.0,No
2025-03-30 20:54:56,756bc8e8,Tailgating,LiDAR points 6044,6044,-0.0005343194689260145,0.0022729002362550928,-3.4114286791009363e-06,-101204.328125,-23804.41015625,9.811365127563477,0.0,0.0,0.0,No
2025-03-30 20:54:56,9ed9aae0,Aggressive Acceleration,Acceleration 9.81 m/s²,5988,-0.0004984263343317252,0.0019508079587938648,6.347881935653277e-06,197.72999572753906,-0.0009101778268814087,9.81003475189209,0.0,0.0,0.0,No
2025-03-30 20:54:56,9ed9aae0,Tailgating,LiDAR points 5988,5988,-0.0004984263343317252,0.0019508079587938648,6.347881935653277e-06,197.72999572753906,-0.0009101778268814087,9.81003475189209,0.0,0.0,0.0,No
2025-03-30 20:54:56,f616da22,Aggressive Acceleration,Acceleration 9.81 m/s²,5948,-0.0005343517836706724,0.0020081516331355315,-6.012287485646084e-07,-89415.65625,-23804.41015625,9.810240745544434,0.0,0.0,0.0,No
2025-03-30 20:54:56,f616da22,Tailgating,LiDAR points 5948,5948,-0.0005343517836706724,0.0020081516331355315,-6.012287485646084e-07,-89415.65625,-23804.41015625,9.810240745544434,0.0,0.0,0.0,No
2025-03-30 20:54:56,94820f69,Running Red Light,Traffic light was red,6052,-0.0004984594715011781,0.001708327941297896,0.00021418154938146472,76065.3671875,22204.56640625,9.72432804107666,0.0,0.0,0.0,No
2025-03-30 20:54:56,94820f69,Aggressive Acceleration,Acceleration 9.72 m/s²,6052,-0.0004984594715011781,0.001708327941297896,0.00021418154938146472,76065.3671875,22204.56640625,9.72432804107666,0.0,0.0,0.0,No
2025-03-30 20:54:56,94820f69,Tailgating,LiDAR points 6052,6052,-0.0004984594715011781,0.001708327941297896,0.00021418154938146472,76065.3671875,22204.56640625,9.72432804107666,0.0,0.0,0.0,No
2025-03-30 20:54:56,fa7cb4b5,Aggressive Acceleration,Acceleration 9.82 m/s²,4316,-0.0019446998915100266,0.0008300679406638016,-2.6607836844050325e-05,86598.8203125,-36947.9140625,9.820643424987793,0.0,0.0,0.0,No
2025-03-30 20:54:56,fa7cb4b5,Tailgating,LiDAR points 4316,4316,-0.0019446998915100266,0.0008300679406638016,-2.6607836844050325e-05,86598.8203125,-36947.9140625,9.820643424987793,0.0,0.0,0.0,No
2025-03-30 20:54:56,1cc9f7c6,Running Red Light,Traffic light was red,5836,-0.0004984731786947805,0.0016042496939268607,-2.589156065369025e-05,71430.9921875,22204.61328125,9.820357322692871,0.0,0.0,0.0,No
2025-03-30 20:54:56,1cc9f7c6,Aggressive Acceleration,Acceleration 9.82 m/s²,5836,-0.0004984731786947805,0.0016042496939268607,-2.589156065369025e-05,71430.9921875,22204.61328125,9.820357322692871,0.0,0.0,0.0,No
2025-03-30 20:54:56,1cc9f7c6,Tailgating,LiDAR points 5836,5836,-0.0004984731786947805,0.0016042496939268607,-2.589156065369025e-05,71430.9921875,22204.61328125,9.820357322692871,0.0,0.0,0.0,No
2025-03-30 20:54:56,88d08d87,Running Red Light,Traffic light was red,6108,-0.0003167823809917536,0.0013836928405279976,0.003271776018664241,-14030.78125,61629.8671875,8.501290321350098,-3.720761867498368e-07,3.729811055563914e-07,1.1938389434362762e-05,No
2025-03-30 20:54:56,88d08d87,Aggressive Acceleration,Acceleration 8.50 m/s²,6108,-0.0003167823809917536,0.0013836928405279976,0.003271776018664241,-14030.78125,61629.8671875,8.501290321350098,-3.720761867498368e-07,3.729811055563914e-07,1.1938389434362762e-05,No
2025-03-30 20:54:56,88d08d87,Tailgating,LiDAR points 6108,6108,-0.0003167823809917536,0.0013836928405279976,0.003271776018664241,-14030.78125,61629.8671875,8.501290321350098,-3.720761867498368e-07,3.729811055563914e-07,1.1938389434362762e-05,No
2025-03-30 20:54:56,f586837c,Aggressive Acceleration,Acceleration 9.81 m/s²,6012,-0.0011626484218254518,0.0011224096240440976,-9.057058605321799e-07,50001.5234375,51747.8046875,9.810362815856934,0.0,0.0,0.0,No
2025-03-30 20:54:56,f586837c,Tailgating,LiDAR points 6012,6012,-0.0011626484218254518,0.0011224096240440976,-9.057058605321799e-07,50001.5234375,51747.8046875,9.810362815856934,0.0,0.0,0.0,No
2025-03-30 20:54:56,720e4480,Running Red Light,Traffic light was red,5704,-0.0011988994515093054,0.001835544222206215,2.090487427608423e-08,-81756.578125,-53347.8203125,9.809991836547852,0.0,0.0,0.0,No
2025-03-30 20:54:56,720e4480,Aggressive Acceleration,Acceleration 9.81 m/s²,5704,-0.0011988994515093054,0.001835544222206215,2.090487427608423e-08,-81756.578125,-53347.8203125,9.809991836547852,0.0,0.0,0.0,No
2025-03-30 20:54:56,720e4480,Tailgating,LiDAR points 5704,5704,-0.0011988994515093054,0.001835544222206215,2.090487427608423e-08,-81756.578125,-53347.8203125,9.809991836547852,0.0,0.0,0.0,No
2025-03-30 20:54:56,dc129413,Aggressive Acceleration,Acceleration 10.05 m/s²,5660,-0.00019989223332572692,0.001419816256164552,-0.000605235283728689,8823.98046875,-63232.046875,10.052094459533691,0.0,0.0,0.0,No
2025-03-30 20:54:56,dc129413,Tailgating,LiDAR points 5660,5660,-0.00019989223332572692,0.001419816256164552,-0.000605235283728689,8823.98046875,-63232.046875,10.052094459533691,0.0,0.0,0.0,No
2025-03-30 20:54:56,b1d56077,Aggressive Acceleration,Acceleration 9.81 m/s²,6060,-0.0017890669331137588,0.0028055832707158798,3.364305257491651e-06,-124932.90625,-79653.0546875,9.80865478515625,0.0,0.0,0.0,No
2025-03-30 20:54:56,b1d56077,Tailgating,LiDAR points 6060,6060,-0.0017890669331137588,0.0028055832707158798,3.364305257491651e-06,-124932.90625,-79653.0546875,9.80865478515625,0.0,0.0,0.0,No
2025-03-30 20:54:56,746a2b15,Aggressive Acceleration,Acceleration 9.81 m/s²,5676,-0.001753099231308397,0.002374774639458331,1.2408700911237247e-07,105749.7578125,78053.0625,9.809950828552246,0.0,0.0,0.0,No
2025-03-30 20:54:56,746a2b15,Tailgating,LiDAR points 5676,5676,-0.001753099231308397,0.002374774639458331,1.2408700911237247e-07,105749.7578125,78053.0625,9.809950828552246,0.0,0.0,0.0,No
2025-03-30 20:54:56,a2ad0c25,Aggressive Acceleration,Acceleration 9.81 m/s²,6040,-0.0017890485654419308,0.0025840521092970704,1.8743429031076175e-09,-115068.6171875,-79653.03125,9.809999465942383,0.0,0.0,0.0,No
2025-03-30 20:54:56,a2ad0c25,Tailgating,LiDAR points 6040,6040,-0.0017890485654419308,0.0025840521092970704,1.8743429031076175e-09,-115068.6171875,-79653.03125,9.809999465942383,0.0,0.0,0.0,No
2025-03-30 20:54:56,20b8ad53,Aggressive Acceleration,Acceleration 9.81 m/s²,5176,-0.0017530703091068744,0.002017749828194721,9.752454843692249e-08,-299.9998779296875,0.0042471736669540405,9.810009956359863,0.0,0.0,0.0,No
2025-03-30 20:54:56,20b8ad53,Tailgating,LiDAR points 5176,5176,-0.0017530703091068744,0.002017749828194721,9.752454843692249e-08,-299.9998779296875,0.0042471736669540405,9.810009956359863,0.0,0.0,0.0,No
2025-03-30 20:54:56,6a9201db,Aggressive Acceleration,Acceleration 9.81 m/s²,6068,-0.0022001296522091707,0.0007941754228690594,2.0275194023700038e-10,-97972.296875,35347.9375,9.8100004196167,-5.678657544194721e-11,3.725289161593537e-07,-5.960463568044361e-06,No
2025-03-30 20:54:56,6a9201db,Tailgating,LiDAR points 6068,6068,-0.0022001296522091707,0.0007941754228690594,2.0275194023700038e-10,-97972.296875,35347.9375,9.8100004196167,-5.678657544194721e-11,3.725289161593537e-07,-5.960463568044361e-06,No
2025-03-30 20:54:56,5c260c49,Running Red Light,Traffic light was red,6068,-0.0017890330762924123,0.0023893467674268895,2.9656799238608755e-10,-106398.8125,-79653.046875,9.8100004196167,0.0,0.0,0.0,No
2025-03-30 20:54:56,5c260c49,Aggressive Acceleration,Acceleration 9.81 m/s²,6068,-0.0017890330762924123,0.0023893467674268895,2.9656799238608755e-10,-106398.8125,-79653.046875,9.8100004196167,0.0,0.0,0.0,No
2025-03-30 20:54:56,5c260c49,Tailgating,LiDAR points 6068,6068,-0.0017890330762924123,0.0023893467674268895,2.9656799238608755e-10,-106398.8125,-79653.046875,9.8100004196167,0.0,0.0,0.0,No
2025-03-30 20:54:56,cda6e947,Aggressive Acceleration,Acceleration 9.81 m/s²,5340,-0.0017530502965854566,0.0017716696137173374,2.4744901239159844e-08,78894.8203125,78053.0546875,9.809990882873535,0.0,0.0,0.0,No
2025-03-30 20:54:56,cda6e947,Tailgating,LiDAR points 5340,5340,-0.0017530502965854566,0.0017716696137173374,2.4744901239159844e-08,78894.8203125,78053.0546875,9.809990882873535,0.0,0.0,0.0,No
2025-03-30 20:54:56,58f65db3,Aggressive Acceleration,Acceleration 9.81 m/s²,5168,-0.0017889989453578892,0.0019709580961270413,-2.555481461207279e-14,-87768.8984375,-79653.0390625,9.8100004196167,0.0,0.0,0.0,No
2025-03-30 20:54:56,58f65db3,Tailgating,LiDAR points 5168,5168,-0.0017889989453578892,0.0019709580961270413,-2.555481461207279e-14,-87768.8984375,-79653.0390625,9.8100004196167,0.0,0.0,0.0,No
2025-03-30 20:54:56,f90c3470,Running Red Light,Traffic light was red,5924,-0.001753010682762124,0.001287117916315639,4.8087208881497645e-08,57318.8125,78053.03125,9.809981346130371,0.0,0.0,0.0,No
2025-03-30 20:54:56,f90c3470,Aggressive Acceleration,Acceleration 9.81 m/s²,5924,-0.001753010682762124,0.001287117916315639,4.8087208881497645e-08,57318.8125,78053.03125,9.809981346130371,0.0,0.0,0.0,No
2025-03-30 20:54:56,f90c3470,Tailgating,LiDAR points 5924,5924,-0.001753010682762124,0.001287117916315639,4.8087208881497645e-08,57318.8125,78053.03125,9.809981346130371,0.0,0.0,0.0,No
2025-03-30 20:54:56,d23e6b94,Aggressive Acceleration,Acceleration 9.81 m/s²,5024,-0.0017889727646007714,0.0016492376950949235,-2.3687241404446446e-12,-72843.390625,-79653.0390625,9.8100004196167,0.0,0.0,0.0,No
2025-03-30 20:54:56,d23e6b94,Tailgating,LiDAR points 5024,5024,-0.0017889727646007714,0.0016492376950949235,-2.3687241404446446e-12,-72843.390625,-79653.0390625,9.8100004196167,0.0,0.0,0.0,No
2025-03-30 20:54:56,8c837c22,Aggressive Acceleration,Acceleration 9.81 m/s²,6100,-0.001752990259035414,0.00103660013179918,5.483684617502149e-08,142.4749298095703,0.0034846123307943344,9.809998512268066,0.0,0.0,0.0,No
2025-03-30 20:54:56,8c837c22,Tailgating,LiDAR points 6100,6100,-0.001752990259035414,0.00103660013179918,5.483684617502149e-08,142.4749298095703,0.0034846123307943344,9.809998512268066,0.0,0.0,0.0,No
2025-03-30 20:54:56,be1b45a2,Aggressive Acceleration,Acceleration 9.81 m/s²,5476,-0.0029698191428906284,0.0016678944326141837,-8.331597217692277e-11,-74281.78125,-132231.546875,9.8100004196167,0.0,0.0,0.0,No
2025-03-30 20:54:56,be1b45a2,Tailgating,LiDAR points 5476,5476,-0.0029698191428906284,0.0016678944326141837,-8.331597217692277e-11,-74281.78125,-132231.546875,9.8100004196167,0.0,0.0,0.0,No
2025-03-30 20:54:58,49413cc2,Aggressive Acceleration,Acceleration 9.81 m/s²,5812,-0.0025390911104921088,0.0030069278336403837,5.5117443480412476e-06,-112979.265625,133960.09375,9.807795524597168,1.8615199337546073e-07,-1.8637690857303824e-07,-5.9721041907323524e-06,No
2025-03-30 20:54:58,49413cc2,Tailgating,LiDAR points 5812,5812,-0.0025390911104921088,0.0030069278336403837,5.5117443480412476e-06,-112979.265625,133960.09375,9.807795524597168,1.8615199337546073e-07,-1.8637690857303824e-07,-5.9721041907323524e-06,No
2025-03-30 20:54:58,baa8daec,Aggressive Acceleration,Acceleration 9.91 m/s²,5816,-0.0011992966862663934,0.002753202289376768,-0.00025649057351984084,-122617.859375,-53347.2578125,9.912596702575684,0.0,0.0,0.0,No
2025-03-30 20:54:58,baa8daec,Tailgating,LiDAR points 5816,5816,-0.0011992966862663934,0.002753202289376768,-0.00025649057351984084,-122617.859375,-53347.2578125,9.912596702575684,0.0,0.0,0.0,No
2025-03-30 20:54:58,eaad9b1d,Aggressive Acceleration,Acceleration 9.72 m/s²,5984,-0.0011632970466877168,0.0025683949191048342,0.0002277775784023106,114388.0390625,51747.921875,9.718889236450195,0.0,0.0,0.0,No
2025-03-30 20:54:58,eaad9b1d,Tailgating,LiDAR points 5984,5984,-0.0011632970466877168,0.0025683949191048342,0.0002277775784023106,114388.0390625,51747.921875,9.718889236450195,0.0,0.0,0.0,No
2025-03-30 20:54:58,bae04e05,Aggressive Acceleration,Acceleration 9.81 m/s²,6092,-0.000534259705531781,0.0027633549408147815,-1.3792713389193523e-06,-123043.1953125,-23804.4140625,9.810552597045898,0.0,0.0,0.0,No
2025-03-30 20:54:58,bae04e05,Tailgating,LiDAR points 6092,6092,-0.000534259705531781,0.0027633549408147815,-1.3792713389193523e-06,-123043.1953125,-23804.4140625,9.810552597045898,0.0,0.0,0.0,No
2025-03-30 20:54:58,3a6d4cdd,Aggressive Acceleration,Acceleration 9.79 m/s²,6120,-0.0004983535490623581,0.0025544313909686566,4.967310815118253e-05,113740.484375,22204.44140625,9.790131568908691,0.0,0.0,0.0,No
2025-03-30 20:54:58,3a6d4cdd,Tailgating,LiDAR points 6120,6120,-0.0004983535490623581,0.0025544313909686566,4.967310815118253e-05,113740.484375,22204.44140625,9.790131568908691,0.0,0.0,0.0,No
2025-03-30 20:54:58,f064b8c5,Aggressive Acceleration,Acceleration 9.84 m/s²,6072,-0.0005342824252210221,0.0025696880566766092,-7.270830974448472e-05,-114419.640625,-23804.373046875,9.839083671569824,0.0,0.0,0.0,No
2025-03-30 20:54:58,f064b8c5,Tailgating,LiDAR points 6072,6072,-0.0005342824252210221,0.0025696880566766092,-7.270830974448472e-05,-114419.640625,-23804.373046875,9.839083671569824,0.0,0.0,0.0,No
2025-03-30 20:54:58,f880463a,Aggressive Acceleration,Acceleration 9.68 m/s²,6080,-0.0004983906270581429,0.0022914266182697146,0.00033333184546791017,102029.4609375,22204.666015625,9.676668167114258,0.0,0.0,0.0,No
2025-03-30 20:54:58,f880463a,Tailgating,LiDAR points 6080,6080,-0.0004983906270581429,0.0022914266182697146,0.00033333184546791017,102029.4609375,22204.666015625,9.676668167114258,0.0,0.0,0.0,No
2025-03-30 20:54:58,756bc8e8,Running Red Light,Traffic light was red,6044,-0.0005343194689260145,0.0022729002362550928,-3.4114286791009363e-06,-101204.328125,-23804.41015625,9.811365127563477,0.0,0.0,0.0,No
2025-03-30 20:54:58,756bc8e8,Aggressive Acceleration,Acceleration 9.81 m/s²,6044,-0.0005343194689260145,0.0022729002362550928,-3.4114286791009363e-06,-101204.328125,-23804.41015625,9.811365127563477,0.0,0.0,0.0,No
2025-03-30 20:54:58,756bc8e8,Tailgating,LiDAR points 6044,6044,-0.0005343194689260145,0.0022729002362550928,-3.4114286791009363e-06,-101204.328125,-23804.41015625,9.811365127563477,0.0,0.0,0.0,No
2025-03-30 20:54:58,9ed9aae0,Aggressive Acceleration,Acceleration 9.81 m/s²,5988,-0.0004984263343317252,0.0019508079587938648,6.347881935653277e-06,197.72999572753906,-0.0009101778268814087,9.81003475189209,0.0,0.0,0.0,No
2025-03-30 20:54:58,9ed9aae0,Tailgating,LiDAR points 5988,5988,-0.0004984263343317252,0.0019508079587938648,6.347881935653277e-06,197.72999572753906,-0.0009101778268814087,9.81003475189209,0.0,0.0,0.0,No
2025-03-30 20:54:58,f616da22,Aggressive Acceleration,Acceleration 9.81 m/s²,5948,-0.0005343517836706724,0.0020081516331355315,-6.012287485646084e-07,-89415.65625,-23804.41015625,9.810240745544434,0.0,0.0,0.0,No
2025-03-30 20:54:58,f616da22,Tailgating,LiDAR points 5948,5948,-0.0005343517836706724,0.0020081516331355315,-6.012287485646084e-07,-89415.65625,-23804.41015625,9.810240745544434,0.0,0.0,0.0,No
2025-03-30 20:54:58,94820f69,Aggressive Acceleration,Acceleration 9.72 m/s²,6052,-0.0004984594715011781,0.001708327941297896,0.00021418154938146472,76065.3671875,22204.56640625,9.72432804107666,0.0,0.0,0.0,No
2025-03-30 20:54:58,94820f69,Tailgating,LiDAR points 6052,6052,-0.0004984594715011781,0.001708327941297896,0.00021418154938146472,76065.3671875,22204.56640625,9.72432804107666,0.0,0.0,0.0,No
2025-03-30 20:54:58,fa7cb4b5,Aggressive Acceleration,Acceleration 9.82 m/s²,4316,-0.0019446998915100266,0.0008300679406638016,-2.6607836844050325e-05,86598.8203125,-36947.9140625,9.820643424987793,0.0,0.0,0.0,No
2025-03-30 20:54:58,fa7cb4b5,Tailgating,LiDAR points 4316,4316,-0.0019446998915100266,0.0008300679406638016,-2.6607836844050325e-05,86598.8203125,-36947.9140625,9.820643424987793,0.0,0.0,0.0,No
2025-03-30 20:54:58,1cc9f7c6,Running Red Light,Traffic light was red,5836,-0.0004984731786947805,0.0016042496939268607,-2.589156065369025e-05,71430.9921875,22204.61328125,9.820357322692871,0.0,0.0,0.0,No
2025-03-30 20:54:58,1cc9f7c6,Aggressive Acceleration,Acceleration 9.82 m/s²,5836,-0.0004984731786947805,0.0016042496939268607,-2.589156065369025e-05,71430.9921875,22204.61328125,9.820357322692871,0.0,0.0,0.0,No
2025-03-30 20:54:58,1cc9f7c6,Tailgating,LiDAR points 5836,5836,-0.0004984731786947805,0.0016042496939268607,-2.589156065369025e-05,71430.9921875,22204.61328125,9.820357322692871,0.0,0.0,0.0,No
2025-03-30 20:54:58,88d08d87,Running Red Light,Traffic light was red,6108,-0.0003167823809917536,0.0013836928405279976,0.003271776018664241,-14030.78125,61629.8671875,8.501290321350098,-3.720761867498368e-07,3.729811055563914e-07,1.1938389434362762e-05,No
2025-03-30 20:54:58,88d08d87,Aggressive Acceleration,Acceleration 8.50 m/s²,6108,-0.0003167823809917536,0.0013836928405279976,0.003271776018664241,-14030.78125,61629.8671875,8.501290321350098,-3.720761867498368e-07,3.729811055563914e-07,1.1938389434362762e-05,No
2025-03-30 20:54:58,88d08d87,Tailgating,LiDAR points 6108,6108,-0.0003167823809917536,0.0013836928405279976,0.003271776018664241,-14030.78125,61629.8671875,8.501290321350098,-3.720761867498368e-07,3.729811055563914e-07,1.1938389434362762e-05,No
2025-03-30 20:54:58,f586837c,Running Red Light,Traffic light was red,6012,-0.0011626484218254518,0.0011224096240440976,-9.057058605321799e-07,50001.5234375,51747.8046875,9.810362815856934,0.0,0.0,0.0,No
2025-03-30 20:54:58,f586837c,Aggressive Acceleration,Acceleration 9.81 m/s²,6012,-0.0011626484218254518,0.0011224096240440976,-9.057058605321799e-07,50001.5234375,51747.8046875,9.810362815856934,0.0,0.0,0.0,No
2025-03-30 20:54:58,f586837c,Tailgating,LiDAR points 6012,6012,-0.0011626484218254518,0.0011224096240440976,-9.057058605321799e-07,50001.5234375,51747.8046875,9.810362815856934,0.0,0.0,0.0,No
2025-03-30 20:54:58,720e4480,Running Red Light,Traffic light was red,5704,-0.0011988994515093054,0.001835544222206215,2.090487427608423e-08,-81756.578125,-53347.8203125,9.809991836547852,0.0,0.0,0.0,No
2025-03-30 20:54:58,720e4480,Aggressive Acceleration,Acceleration 9.81 m/s²,5704,-0.0011988994515093054,0.001835544222206215,2.090487427608423e-08,-81756.578125,-53347.8203125,9.809991836547852,0.0,0.0,0.0,No
2025-03-30 20:54:58,720e4480,Tailgating,LiDAR points 5704,5704,-0.0011988994515093054,0.001835544222206215,2.090487427608423e-08,-81756.578125,-53347.8203125,9.809991836547852,0.0,0.0,0.0,No
2025-03-30 20:54:58,dc129413,Running Red Light,Traffic light was red,5660,-0.00019989223332572692,0.001419816256164552,-0.000605235283728689,8823.98046875,-63232.046875,10.052094459533691,0.0,0.0,0.0,No
2025-03-30 20:54:58,dc129413,Aggressive Acceleration,Acceleration 10.05 m/s²,5660,-0.00019989223332572692,0.001419816256164552,-0.000605235283728689,8823.98046875,-63232.046875,10.052094459533691,0.0,0.0,0.0,No
2025-03-30 20:54:58,dc129413,Tailgating,LiDAR points 5660,5660,-0.00019989223332572692,0.001419816256164552,-0.000605235283728689,8823.98046875,-63232.046875,10.052094459533691,0.0,0.0,0.0,No
2025-03-30 20:54:58,b1d56077,Aggressive Acceleration,Acceleration 9.81 m/s²,6060,-0.0017890669331137588,0.0028055832707158798,3.364305257491651e-06,-124932.90625,-79653.0546875,9.80865478515625,0.0,0.0,0.0,No
2025-03-30 20:54:58,b1d56077,Tailgating,LiDAR points 6060,6060,-0.0017890669331137588,0.0028055832707158798,3.364305257491651e-06,-124932.90625,-79653.0546875,9.80865478515625,0.0,0.0,0.0,No
2025-03-30 20:54:58,746a2b15,Aggressive Acceleration,Acceleration 9.81 m/s²,5676,-0.001753099231308397,0.002374774639458331,1.2408700911237247e-07,105749.7578125,78053.0625,9.809950828552246,0.0,0.0,0.0,No
2025-03-30 20:54:58,746a2b15,Tailgating,LiDAR points 5676,5676,-0.001753099231308397,0.002374774639458331,1.2408700911237247e-07,105749.7578125,78053.0625,9.809950828552246,0.0,0.0,0.0,No
2025-03-30 20:54:58,a2ad0c25,Aggressive Acceleration,Acceleration 9.81 m/s²,6040,-0.0017890485654419308,0.0025840521092970704,1.8743429031076175e-09,-115068.6171875,-79653.03125,9.809999465942383,0.0,0.0,0.0,No
2025-03-30 20:54:58,a2ad0c25,Tailgating,LiDAR points 6040,6040,-0.0017890485654419308,0.0025840521092970704,1.8743429031076175e-09,-115068.6171875,-79653.03125,9.809999465942383,0.0,0.0,0.0,No
2025-03-30 20:54:58,20b8ad53,Aggressive Acceleration,Acceleration 9.81 m/s²,5176,-0.0017530703091068744,0.002017749828194721,9.752454843692249e-08,-299.9998779296875,0.0042471736669540405,9.810009956359863,0.0,0.0,0.0,No
2025-03-30 20:54:58,20b8ad53,Tailgating,LiDAR points 5176,5176,-0.0017530703091068744,0.002017749828194721,9.752454843692249e-08,-299.9998779296875,0.0042471736669540405,9.810009956359863,0.0,0.0,0.0,No
2025-03-30 20:54:58,6a9201db,Aggressive Acceleration,Acceleration 9.81 m/s²,6068,-0.0022001296522091707,0.0007941754228690594,2.0275194023700038e-10,-97972.296875,35347.9375,9.8100004196167,-5.678657544194721e-11,3.725289161593537e-07,-5.960463568044361e-06,No
2025-03-30 20:54:58,6a9201db,Tailgating,LiDAR points 6068,6068,-0.0022001296522091707,0.0007941754228690594,2.0275194023700038e-10,-97972.296875,35347.9375,9.8100004196167,-5.678657544194721e-11,3.725289161593537e-07,-5.960463568044361e-06,No
2025-03-30 20:54:58,5c260c49,Running Red Light,Traffic light was red,6068,-0.0017890330762924123,0.0023893467674268895,2.9656799238608755e-10,-106398.8125,-79653.046875,9.8100004196167,0.0,0.0,0.0,No
2025-03-30 20:54:58,5c260c49,Aggressive Acceleration,Acceleration 9.81 m/s²,6068,-0.0017890330762924123,0.0023893467674268895,2.9656799238608755e-10,-106398.8125,-79653.046875,9.8100004196167,0.0,0.0,0.0,No
2025-03-30 20:54:58,5c260c49,Tailgating,LiDAR points 6068,6068,-0.0017890330762924123,0.0023893467674268895,2.9656799238608755e-10,-106398.8125,-79653.046875,9.8100004196167,0.0,0.0,0.0,No
2025-03-30 20:54:58,cda6e947,Aggressive Acceleration,Acceleration 9.81 m/s²,5340,-0.0017530502965854566,0.0017716696137173374,2.4744901239159844e-08,78894.8203125,78053.0546875,9.809990882873535,0.0,0.0,0.0,No
2025-03-30 20:54:58,cda6e947,Tailgating,LiDAR points 5340,5340,-0.0017530502965854566,0.0017716696137173374,2.4744901239159844e-08,78894.8203125,78053.0546875,9.809990882873535,0.0,0.0,0.0,No
2025-03-30 20:54:58,58f65db3,Aggressive Acceleration,Acceleration 9.81 m/s²,5168,-0.0017889989453578892,0.0019709580961270413,-2.555481461207279e-14,-87768.8984375,-79653.0390625,9.8100004196167,0.0,0.0,0.0,No
2025-03-30 20:54:58,58f65db3,Tailgating,LiDAR points 5168,5168,-0.0017889989453578892,0.0019709580961270413,-2.555481461207279e-14,-87768.8984375,-79653.0390625,9.8100004196167,0.0,0.0,0.0,No
2025-03-30 20:54:58,f90c3470,Running Red Light,Traffic light was red,5924,-0.001753010682762124,0.001287117916315639,4.8087208881497645e-08,57318.8125,78053.03125,9.809981346130371,0.0,0.0,0.0,No
2025-03-30 20:54:58,f90c3470,Aggressive Acceleration,Acceleration 9.81 m/s²,5924,-0.001753010682762124,0.001287117916315639,4.8087208881497645e-08,57318.8125,78053.03125,9.809981346130371,0.0,0.0,0.0,No
2025-03-30 20:54:58,f90c3470,Tailgating,LiDAR points 5924,5924,-0.001753010682762124,0.001287117916315639,4.8087208881497645e-08,57318.8125,78053.03125,9.809981346130371,0.0,0.0,0.0,No
2025-03-30 20:54:58,d23e6b94,Aggressive Acceleration,Acceleration 9.81 m/s²,5024,-0.0017889727646007714,0.0016492376950949235,-2.3687241404446446e-12,-72843.390625,-79653.0390625,9.8100004196167,0.0,0.0,0.0,No
2025-03-30 20:54:58,d23e6b94,Tailgating,LiDAR points 5024,5024,-0.0017889727646007714,0.0016492376950949235,-2.3687241404446446e-12,-72843.390625,-79653.0390625,9.8100004196167,0.0,0.0,0.0,No
2025-03-30 20:54:58,8c837c22,Aggressive Acceleration,Acceleration 9.81 m/s²,6100,-0.001752990259035414,0.00103660013179918,5.483684617502149e-08,142.4749298095703,0.0034846123307943344,9.809998512268066,0.0,0.0,0.0,No
2025-03-30 20:54:58,8c837c22,Tailgating,LiDAR points 6100,6100,-0.001752990259035414,0.00103660013179918,5.483684617502149e-08,142.4749298095703,0.0034846123307943344,9.809998512268066,0.0,0.0,0.0,No
2025-03-30 20:54:59,be1b45a2,Aggressive Acceleration,Acceleration 9.81 m/s²,5476,-0.0029698191428906284,0.0016678944326141837,-8.331597217692277e-11,-74281.78125,-132231.546875,9.8100004196167,0.0,0.0,0.0,No
2025-03-30 20:54:59,be1b45a2,Tailgating,LiDAR points 5476,5476,-0.0029698191428906284,0.0016678944326141837,-8.331597217692277e-11,-74281.78125,-132231.546875,9.8100004196167,0.0,0.0,0.0,No
2025-03-30 20:55:00,49413cc2,Aggressive Acceleration,Acceleration 9.81 m/s²,5812,-0.0025390911104921088,0.0030069278336403837,5.5117443480412476e-06,-112979.265625,133960.09375,9.807795524597168,1.8615199337546073e-07,-1.8637690857303824e-07,-5.9721041907323524e-06,No
2025-03-30 20:55:00,49413cc2,Tailgating,LiDAR points 5812,5812,-0.0025390911104921088,0.0030069278336403837,5.5117443480412476e-06,-112979.265625,133960.09375,9.807795524597168,1.8615199337546073e-07,-1.8637690857303824e-07,-5.9721041907323524e-06,No
2025-03-30 20:55:00,baa8daec,Running Red Light,Traffic light was red,5816,-0.0011992966862663934,0.002753202289376768,-0.00025649057351984084,-122617.859375,-53347.2578125,9.912596702575684,0.0,0.0,0.0,No
2025-03-30 20:55:00,baa8daec,Aggressive Acceleration,Acceleration 9.91 m/s²,5816,-0.0011992966862663934,0.002753202289376768,-0.00025649057351984084,-122617.859375,-53347.2578125,9.912596702575684,0.0,0.0,0.0,No
2025-03-30 20:55:00,baa8daec,Tailgating,LiDAR points 5816,5816,-0.0011992966862663934,0.002753202289376768,-0.00025649057351984084,-122617.859375,-53347.2578125,9.912596702575684,0.0,0.0,0.0,No
2025-03-30 20:55:00,eaad9b1d,Aggressive Acceleration,Acceleration 9.72 m/s²,5984,-0.0011632970466877168,0.0025683949191048342,0.0002277775784023106,114388.0390625,51747.921875,9.718889236450195,0.0,0.0,0.0,No
2025-03-30 20:55:00,eaad9b1d,Tailgating,LiDAR points 5984,5984,-0.0011632970466877168,0.0025683949191048342,0.0002277775784023106,114388.0390625,51747.921875,9.718889236450195,0.0,0.0,0.0,No
2025-03-30 20:55:00,bae04e05,Aggressive Acceleration,Acceleration 9.81 m/s²,6092,-0.000534259705531781,0.0027633549408147815,-1.3792713389193523e-06,-123043.1953125,-23804.4140625,9.810552597045898,0.0,0.0,0.0,No
2025-03-30 20:55:00,bae04e05,Tailgating,LiDAR points 6092,6092,-0.000534259705531781,0.0027633549408147815,-1.3792713389193523e-06,-123043.1953125,-23804.4140625,9.810552597045898,0.0,0.0,0.0,No
2025-03-30 20:55:00,3a6d4cdd,Aggressive Acceleration,Acceleration 9.79 m/s²,6120,-0.0004983535490623581,0.0025544313909686566,4.967310815118253e-05,113740.484375,22204.44140625,9.790131568908691,0.0,0.0,0.0,No
2025-03-30 20:55:00,3a6d4cdd,Tailgating,LiDAR points 6120,6120,-0.0004983535490623581,0.0025544313909686566,4.967310815118253e-05,113740.484375,22204.44140625,9.790131568908691,0.0,0.0,0.0,No
2025-03-30 20:55:00,f064b8c5,Aggressive Acceleration,Acceleration 9.84 m/s²,6072,-0.0005342824252210221,0.0025696880566766092,-7.270830974448472e-05,-114419.640625,-23804.373046875,9.839083671569824,0.0,0.0,0.0,No
2025-03-30 20:55:00,f064b8c5,Tailgating,LiDAR points 6072,6072,-0.0005342824252210221,0.0025696880566766092,-7.270830974448472e-05,-114419.640625,-23804.373046875,9.839083671569824,0.0,0.0,0.0,No
2025-03-30 20:55:00,f880463a,Aggressive Acceleration,Acceleration 9.68 m/s²,6080,-0.0004983906270581429,0.0022914266182697146,0.00033333184546791017,102029.4609375,22204.666015625,9.676668167114258,0.0,0.0,0.0,No
2025-03-30 20:55:00,f880463a,Tailgating,LiDAR points 6080,6080,-0.0004983906270581429,0.0022914266182697146,0.00033333184546791017,102029.4609375,22204.666015625,9.676668167114258,0.0,0.0,0.0,No
2025-03-30 20:55:00,756bc8e8,Running Red Light,Traffic light was red,6044,-0.0005343194689260145,0.0022729002362550928,-3.4114286791009363e-06,-101204.328125,-23804.41015625,9.811365127563477,0.0,0.0,0.0,No
2025-03-30 20:55:00,756bc8e8,Aggressive Acceleration,Acceleration 9.81 m/s²,6044,-0.0005343194689260145,0.0022729002362550928,-3.4114286791009363e-06,-101204.328125,-23804.41015625,9.811365127563477,0.0,0.0,0.0,No
2025-03-30 20:55:00,756bc8e8,Tailgating,LiDAR points 6044,6044,-0.0005343194689260145,0.0022729002362550928,-3.4114286791009363e-06,-101204.328125,-23804.41015625,9.811365127563477,0.0,0.0,0.0,No
2025-03-30 20:55:00,9ed9aae0,Aggressive Acceleration,Acceleration 9.81 m/s²,5988,-0.0004984263343317252,0.0019508079587938648,6.347881935653277e-06,197.72999572753906,-0.0009101778268814087,9.81003475189209,0.0,0.0,0.0,No
2025-03-30 20:55:00,9ed9aae0,Tailgating,LiDAR points 5988,5988,-0.0004984263343317252,0.0019508079587938648,6.347881935653277e-06,197.72999572753906,-0.0009101778268814087,9.81003475189209,0.0,0.0,0.0,No
2025-03-30 20:55:00,f616da22,Aggressive Acceleration,Acceleration 9.81 m/s²,5948,-0.0005343517836706724,0.0020081516331355315,-6.012287485646084e-07,-89415.65625,-23804.41015625,9.810240745544434,0.0,0.0,0.0,No
2025-03-30 20:55:00,f616da22,Tailgating,LiDAR points 5948,5948,-0.0005343517836706724,0.0020081516331355315,-6.012287485646084e-07,-89415.65625,-23804.41015625,9.810240745544434,0.0,0.0,0.0,No
2025-03-30 20:55:00,94820f69,Aggressive Acceleration,Acceleration 9.72 m/s²,6052,-0.0004984594715011781,0.001708327941297896,0.00021418154938146472,76065.3671875,22204.56640625,9.72432804107666,0.0,0.0,0.0,No
2025-03-30 20:55:00,94820f69,Tailgating,LiDAR points 6052,6052,-0.0004984594715011781,0.001708327941297896,0.00021418154938146472,76065.3671875,22204.56640625,9.72432804107666,0.0,0.0,0.0,No
2025-03-30 20:55:00,fa7cb4b5,Aggressive Acceleration,Acceleration 9.82 m/s²,4316,-0.0019446998915100266,0.0008300679406638016,-2.6607836844050325e-05,86598.8203125,-36947.9140625,9.820643424987793,0.0,0.0,0.0,No
2025-03-30 20:55:00,fa7cb4b5,Tailgating,LiDAR points 4316,4316,-0.0019446998915100266,0.0008300679406638016,-2.6607836844050325e-05,86598.8203125,-36947.9140625,9.820643424987793,0.0,0.0,0.0,No
2025-03-30 20:55:00,1cc9f7c6,Running Red Light,Traffic light was red,5836,-0.0004984731786947805,0.0016042496939268607,-2.589156065369025e-05,71430.9921875,22204.61328125,9.820357322692871,0.0,0.0,0.0,No
2025-03-30 20:55:00,1cc9f7c6,Aggressive Acceleration,Acceleration 9.82 m/s²,5836,-0.0004984731786947805,0.0016042496939268607,-2.589156065369025e-05,71430.9921875,22204.61328125,9.820357322692871,0.0,0.0,0.0,No
2025-03-30 20:55:00,1cc9f7c6,Tailgating,LiDAR points 5836,5836,-0.0004984731786947805,0.0016042496939268607,-2.589156065369025e-05,71430.9921875,22204.61328125,9.820357322692871,0.0,0.0,0.0,No
2025-03-30 20:55:00,88d08d87,Running Red Light,Traffic light was red,6108,-0.0003167823809917536,0.0013836928405279976,0.003271776018664241,-14030.78125,61629.8671875,8.501290321350098,-3.720761867498368e-07,3.729811055563914e-07,1.1938389434362762e-05,No
2025-03-30 20:55:00,88d08d87,Aggressive Acceleration,Acceleration 8.50 m/s²,6108,-0.0003167823809917536,0.0013836928405279976,0.003271776018664241,-14030.78125,61629.8671875,8.501290321350098,-3.720761867498368e-07,3.729811055563914e-07,1.1938389434362762e-05,No
2025-03-30 20:55:00,88d08d87,Tailgating,LiDAR points 6108,6108,-0.0003167823809917536,0.0013836928405279976,0.003271776018664241,-14030.78125,61629.8671875,8.501290321350098,-3.720761867498368e-07,3.729811055563914e-07,1.1938389434362762e-05,No
2025-03-30 20:55:00,f586837c,Running Red Light,Traffic light was red,6012,-0.0011626484218254518,0.0011224096240440976,-9.057058605321799e-07,50001.5234375,51747.8046875,9.810362815856934,0.0,0.0,0.0,No
2025-03-30 20:55:00,f586837c,Aggressive Acceleration,Acceleration 9.81 m/s²,6012,-0.0011626484218254518,0.0011224096240440976,-9.057058605321799e-07,50001.5234375,51747.8046875,9.810362815856934,0.0,0.0,0.0,No
2025-03-30 20:55:00,f586837c,Tailgating,LiDAR points 6012,6012,-0.0011626484218254518,0.0011224096240440976,-9.057058605321799e-07,50001.5234375,51747.8046875,9.810362815856934,0.0,0.0,0.0,No
2025-03-30 20:55:00,720e4480,Running Red Light,Traffic light was red,5704,-0.0011988994515093054,0.001835544222206215,2.090487427608423e-08,-81756.578125,-53347.8203125,9.809991836547852,0.0,0.0,0.0,No
2025-03-30 20:55:00,720e4480,Aggressive Acceleration,Acceleration 9.81 m/s²,5704,-0.0011988994515093054,0.001835544222206215,2.090487427608423e-08,-81756.578125,-53347.8203125,9.809991836547852,0.0,0.0,0.0,No
2025-03-30 20:55:00,720e4480,Tailgating,LiDAR points 5704,5704,-0.0011988994515093054,0.001835544222206215,2.090487427608423e-08,-81756.578125,-53347.8203125,9.809991836547852,0.0,0.0,0.0,No
2025-03-30 20:55:00,dc129413,Running Red Light,Traffic light was red,5660,-0.00019989223332572692,0.001419816256164552,-0.000605235283728689,8823.98046875,-63232.046875,10.052094459533691,0.0,0.0,0.0,No
2025-03-30 20:55:00,dc129413,Aggressive Acceleration,Acceleration 10.05 m/s²,5660,-0.00019989223332572692,0.001419816256164552,-0.000605235283728689,8823.98046875,-63232.046875,10.052094459533691,0.0,0.0,0.0,No
2025-03-30 20:55:00,dc129413,Tailgating,LiDAR points 5660,5660,-0.00019989223332572692,0.001419816256164552,-0.000605235283728689,8823.98046875,-63232.046875,10.052094459533691,0.0,0.0,0.0,No
2025-03-30 20:55:00,b1d56077,Aggressive Acceleration,Acceleration 9.81 m/s²,6060,-0.0017890669331137588,0.0028055832707158798,3.364305257491651e-06,-124932.90625,-79653.0546875,9.80865478515625,0.0,0.0,0.0,No
2025-03-30 20:55:00,b1d56077,Tailgating,LiDAR points 6060,6060,-0.0017890669331137588,0.0028055832707158798,3.364305257491651e-06,-124932.90625,-79653.0546875,9.80865478515625,0.0,0.0,0.0,No
2025-03-30 20:55:00,746a2b15,Aggressive Acceleration,Acceleration 9.81 m/s²,5676,-0.001753099231308397,0.002374774639458331,1.2408700911237247e-07,105749.7578125,78053.0625,9.809950828552246,0.0,0.0,0.0,No
2025-03-30 20:55:00,746a2b15,Tailgating,LiDAR points 5676,5676,-0.001753099231308397,0.002374774639458331,1.2408700911237247e-07,105749.7578125,78053.0625,9.809950828552246,0.0,0.0,0.0,No
2025-03-30 20:55:00,a2ad0c25,Aggressive Acceleration,Acceleration 9.81 m/s²,6040,-0.0017890485654419308,0.0025840521092970704,1.8743429031076175e-09,-115068.6171875,-79653.03125,9.809999465942383,0.0,0.0,0.0,No
2025-03-30 20:55:00,a2ad0c25,Tailgating,LiDAR points 6040,6040,-0.0017890485654419308,0.0025840521092970704,1.8743429031076175e-09,-115068.6171875,-79653.03125,9.809999465942383,0.0,0.0,0.0,No
2025-03-30 20:55:00,20b8ad53,Aggressive Acceleration,Acceleration 9.81 m/s²,5176,-0.0017530703091068744,0.002017749828194721,9.752454843692249e-08,-299.9998779296875,0.0042471736669540405,9.810009956359863,0.0,0.0,0.0,No
2025-03-30 20:55:00,20b8ad53,Tailgating,LiDAR points 5176,5176,-0.0017530703091068744,0.002017749828194721,9.752454843692249e-08,-299.9998779296875,0.0042471736669540405,9.810009956359863,0.0,0.0,0.0,No
2025-03-30 20:55:00,6a9201db,Aggressive Acceleration,Acceleration 9.81 m/s²,6068,-0.0022001296522091707,0.0007941754228690594,2.0275194023700038e-10,-97972.296875,35347.9375,9.8100004196167,-5.678657544194721e-11,3.725289161593537e-07,-5.960463568044361e-06,No
2025-03-30 20:55:00,6a9201db,Tailgating,LiDAR points 6068,6068,-0.0022001296522091707,0.0007941754228690594,2.0275194023700038e-10,-97972.296875,35347.9375,9.8100004196167,-5.678657544194721e-11,3.725289161593537e-07,-5.960463568044361e-06,No
2025-03-30 20:55:00,5c260c49,Running Red Light,Traffic light was red,6068,-0.0017890330762924123,0.0023893467674268895,2.9656799238608755e-10,-106398.8125,-79653.046875,9.8100004196167,0.0,0.0,0.0,No
2025-03-30 20:55:00,5c260c49,Aggressive Acceleration,Acceleration 9.81 m/s²,6068,-0.0017890330762924123,0.0023893467674268895,2.9656799238608755e-10,-106398.8125,-79653.046875,9.8100004196167,0.0,0.0,0.0,No
2025-03-30 20:55:00,5c260c49,Tailgating,LiDAR points 6068,6068,-0.0017890330762924123,0.0023893467674268895,2.9656799238608755e-10,-106398.8125,-79653.046875,9.8100004196167,0.0,0.0,0.0,No
2025-03-30 20:55:00,cda6e947,Aggressive Acceleration,Acceleration 9.81 m/s²,5340,-0.0017530502965854566,0.0017716696137173374,2.4744901239159844e-08,78894.8203125,78053.0546875,9.809990882873535,0.0,0.0,0.0,No
2025-03-30 20:55:00,cda6e947,Tailgating,LiDAR points 5340,5340,-0.0017530502965854566,0.0017716696137173374,2.4744901239159844e-08,78894.8203125,78053.0546875,9.809990882873535,0.0,0.0,0.0,No
2025-03-30 20:55:00,58f65db3,Aggressive Acceleration,Acceleration 9.81 m/s²,5168,-0.0017889989453578892,0.0019709580961270413,-2.555481461207279e-14,-87768.8984375,-79653.0390625,9.8100004196167,0.0,0.0,0.0,No
2025-03-30 20:55:00,58f65db3,Tailgating,LiDAR points 5168,5168,-0.0017889989453578892,0.0019709580961270413,-2.555481461207279e-14,-87768.8984375,-79653.0390625,9.8100004196167,0.0,0.0,0.0,No
2025-03-30 20:55:00,f90c3470,Running Red Light,Traffic light was red,5924,-0.001753010682762124,0.001287117916315639,4.8087208881497645e-08,57318.8125,78053.03125,9.809981346130371,0.0,0.0,0.0,No
2025-03-30 20:55:00,f90c3470,Aggressive Acceleration,Acceleration 9.81 m/s²,5924,-0.001753010682762124,0.001287117916315639,4.8087208881497645e-08,57318.8125,78053.03125,9.809981346130371,0.0,0.0,0.0,No
2025-03-30 20:55:00,f90c3470,Tailgating,LiDAR points 5924,5924,-0.001753010682762124,0.001287117916315639,4.8087208881497645e-08,57318.8125,78053.03125,9.809981346130371,0.0,0.0,0.0,No
2025-03-30 20:55:00,d23e6b94,Aggressive Acceleration,Acceleration 9.81 m/s²,5024,-0.0017889727646007714,0.0016492376950949235,-2.3687241404446446e-12,-72843.390625,-79653.0390625,9.8100004196167,0.0,0.0,0.0,No
2025-03-30 20:55:00,d23e6b94,Tailgating,LiDAR points 5024,5024,-0.0017889727646007714,0.0016492376950949235,-2.3687241404446446e-12,-72843.390625,-79653.0390625,9.8100004196167,0.0,0.0,0.0,No
2025-03-30 20:55:00,8c837c22,Aggressive Acceleration,Acceleration 9.81 m/s²,6100,-0.001752990259035414,0.00103660013179918,5.483684617502149e-08,142.4749298095703,0.0034846123307943344,9.809998512268066,0.0,0.0,0.0,No
2025-03-30 20:55:00,8c837c22,Tailgating,LiDAR points 6100,6100,-0.001752990259035414,0.00103660013179918,5.483684617502149e-08,142.4749298095703,0.0034846123307943344,9.809998512268066,0.0,0.0,0.0,No
2025-03-30 20:55:00,be1b45a2,Aggressive Acceleration,Acceleration 9.81 m/s²,5476,-0.0029698191428906284,0.0016678944326141837,-8.331597217692277e-11,-74281.78125,-132231.546875,9.8100004196167,0.0,0.0,0.0,No
2025-03-30 20:55:00,be1b45a2,Tailgating,LiDAR points 5476,5476,-0.0029698191428906284,0.0016678944326141837,-8.331597217692277e-11,-74281.78125,-132231.546875,9.8100004196167,0.0,0.0,0.0,No
2025-03-30 20:55:01,49413cc2,Aggressive Acceleration,Acceleration 9.81 m/s²,5812,-0.0025390911104921088,0.0030069278336403837,5.5117443480412476e-06,-112979.265625,133960.09375,9.807795524597168,1.8615199337546073e-07,-1.8637690857303824e-07,-5.9721041907323524e-06,No
2025-03-30 20:55:01,49413cc2,Tailgating,LiDAR points 5812,5812,-0.0025390911104921088,0.0030069278336403837,5.5117443480412476e-06,-112979.265625,133960.09375,9.807795524597168,1.8615199337546073e-07,-1.8637690857303824e-07,-5.9721041907323524e-06,No
2025-03-30 20:55:01,baa8daec,Running Red Light,Traffic light was red,5816,-0.0011992966862663934,0.002753202289376768,-0.00025649057351984084,-122617.859375,-53347.2578125,9.912596702575684,0.0,0.0,0.0,No
2025-03-30 20:55:01,baa8daec,Aggressive Acceleration,Acceleration 9.91 m/s²,5816,-0.0011992966862663934,0.002753202289376768,-0.00025649057351984084,-122617.859375,-53347.2578125,9.912596702575684,0.0,0.0,0.0,No
2025-03-30 20:55:01,baa8daec,Tailgating,LiDAR points 5816,5816,-0.0011992966862663934,0.002753202289376768,-0.00025649057351984084,-122617.859375,-53347.2578125,9.912596702575684,0.0,0.0,0.0,No
2025-03-30 20:55:01,eaad9b1d,Aggressive Acceleration,Acceleration 9.72 m/s²,5984,-0.0011632970466877168,0.0025683949191048342,0.0002277775784023106,114388.0390625,51747.921875,9.718889236450195,0.0,0.0,0.0,No
2025-03-30 20:55:01,eaad9b1d,Tailgating,LiDAR points 5984,5984,-0.0011632970466877168,0.0025683949191048342,0.0002277775784023106,114388.0390625,51747.921875,9.718889236450195,0.0,0.0,0.0,No
2025-03-30 20:55:01,bae04e05,Aggressive Acceleration,Acceleration 9.81 m/s²,6092,-0.000534259705531781,0.0027633549408147815,-1.3792713389193523e-06,-123043.1953125,-23804.4140625,9.810552597045898,0.0,0.0,0.0,No
2025-03-30 20:55:01,bae04e05,Tailgating,LiDAR points 6092,6092,-0.000534259705531781,0.0027633549408147815,-1.3792713389193523e-06,-123043.1953125,-23804.4140625,9.810552597045898,0.0,0.0,0.0,No
2025-03-30 20:55:01,3a6d4cdd,Aggressive Acceleration,Acceleration 9.79 m/s²,6120,-0.0004983535490623581,0.0025544313909686566,4.967310815118253e-05,113740.484375,22204.44140625,9.790131568908691,0.0,0.0,0.0,No
2025-03-30 20:55:01,3a6d4cdd,Tailgating,LiDAR points 6120,6120,-0.0004983535490623581,0.0025544313909686566,4.967310815118253e-05,113740.484375,22204.44140625,9.790131568908691,0.0,0.0,0.0,No
2025-03-30 20:55:02,f064b8c5,Running Red Light,Traffic light was red,6072,-0.0005342824252210221,0.0025696880566766092,-7.270830974448472e-05,-114419.640625,-23804.373046875,9.839083671569824,0.0,0.0,0.0,No
2025-03-30 20:55:02,f064b8c5,Aggressive Acceleration,Acceleration 9.84 m/s²,6072,-0.0005342824252210221,0.0025696880566766092,-7.270830974448472e-05,-114419.640625,-23804.373046875,9.839083671569824,0.0,0.0,0.0,No
2025-03-30 20:55:02,f064b8c5,Tailgating,LiDAR points 6072,6072,-0.0005342824252210221,0.0025696880566766092,-7.270830974448472e-05,-114419.640625,-23804.373046875,9.839083671569824,0.0,0.0,0.0,No
2025-03-30 20:55:02,f880463a,Aggressive Acceleration,Acceleration 9.68 m/s²,6080,-0.0004983906270581429,0.0022914266182697146,0.00033333184546791017,102029.4609375,22204.666015625,9.676668167114258,0.0,0.0,0.0,No
2025-03-30 20:55:02,f880463a,Tailgating,LiDAR points 6080,6080,-0.0004983906270581429,0.0022914266182697146,0.00033333184546791017,102029.4609375,22204.666015625,9.676668167114258,0.0,0.0,0.0,No
2025-03-30 20:55:02,756bc8e8,Running Red Light,Traffic light was red,6044,-0.0005343194689260145,0.0022729002362550928,-3.4114286791009363e-06,-101204.328125,-23804.41015625,9.811365127563477,0.0,0.0,0.0,No
2025-03-30 20:55:02,756bc8e8,Aggressive Acceleration,Acceleration 9.81 m/s²,6044,-0.0005343194689260145,0.0022729002362550928,-3.4114286791009363e-06,-101204.328125,-23804.41015625,9.811365127563477,0.0,0.0,0.0,No
2025-03-30 20:55:02,756bc8e8,Tailgating,LiDAR points 6044,6044,-0.0005343194689260145,0.0022729002362550928,-3.4114286791009363e-06,-101204.328125,-23804.41015625,9.811365127563477,0.0,0.0,0.0,No
2025-03-30 20:55:02,9ed9aae0,Aggressive Acceleration,Acceleration 9.81 m/s²,5988,-0.0004984263343317252,0.0019508079587938648,6.347881935653277e-06,197.72999572753906,-0.0009101778268814087,9.81003475189209,0.0,0.0,0.0,No
2025-03-30 20:55:02,9ed9aae0,Tailgating,LiDAR points 5988,5988,-0.0004984263343317252,0.0019508079587938648,6.347881935653277e-06,197.72999572753906,-0.0009101778268814087,9.81003475189209,0.0,0.0,0.0,No
2025-03-30 20:55:02,f616da22,Aggressive Acceleration,Acceleration 9.81 m/s²,5948,-0.0005343517836706724,0.0020081516331355315,-6.012287485646084e-07,-89415.65625,-23804.41015625,9.810240745544434,0.0,0.0,0.0,No
2025-03-30 20:55:02,f616da22,Tailgating,LiDAR points 5948,5948,-0.0005343517836706724,0.0020081516331355315,-6.012287485646084e-07,-89415.65625,-23804.41015625,9.810240745544434,0.0,0.0,0.0,No
2025-03-30 20:55:02,94820f69,Aggressive Acceleration,Acceleration 9.72 m/s²,6052,-0.0004984594715011781,0.001708327941297896,0.00021418154938146472,76065.3671875,22204.56640625,9.72432804107666,0.0,0.0,0.0,No
2025-03-30 20:55:02,94820f69,Tailgating,LiDAR points 6052,6052,-0.0004984594715011781,0.001708327941297896,0.00021418154938146472,76065.3671875,22204.56640625,9.72432804107666,0.0,0.0,0.0,No
2025-03-30 20:55:02,fa7cb4b5,Aggressive Acceleration,Acceleration 9.82 m/s²,4316,-0.0019446998915100266,0.0008300679406638016,-2.6607836844050325e-05,86598.8203125,-36947.9140625,9.820643424987793,0.0,0.0,0.0,No
2025-03-30 20:55:02,fa7cb4b5,Tailgating,LiDAR points 4316,4316,-0.0019446998915100266,0.0008300679406638016,-2.6607836844050325e-05,86598.8203125,-36947.9140625,9.820643424987793,0.0,0.0,0.0,No
2025-03-30 20:55:02,1cc9f7c6,Running Red Light,Traffic light was red,5836,-0.0004984731786947805,0.0016042496939268607,-2.589156065369025e-05,71430.9921875,22204.61328125,9.820357322692871,0.0,0.0,0.0,No
2025-03-30 20:55:02,1cc9f7c6,Aggressive Acceleration,Acceleration 9.82 m/s²,5836,-0.0004984731786947805,0.0016042496939268607,-2.589156065369025e-05,71430.9921875,22204.61328125,9.820357322692871,0.0,0.0,0.0,No
2025-03-30 20:55:02,1cc9f7c6,Tailgating,LiDAR points 5836,5836,-0.0004984731786947805,0.0016042496939268607,-2.589156065369025e-05,71430.9921875,22204.61328125,9.820357322692871,0.0,0.0,0.0,No
2025-03-30 20:55:02,88d08d87,Running Red Light,Traffic light was red,6108,-0.0003167823809917536,0.0013836928405279976,0.003271776018664241,-14030.78125,61629.8671875,8.501290321350098,-3.720761867498368e-07,3.729811055563914e-07,1.1938389434362762e-05,No
2025-03-30 20:55:02,88d08d87,Aggressive Acceleration,Acceleration 8.50 m/s²,6108,-0.0003167823809917536,0.0013836928405279976,0.003271776018664241,-14030.78125,61629.8671875,8.501290321350098,-3.720761867498368e-07,3.729811055563914e-07,1.1938389434362762e-05,No
2025-03-30 20:55:02,88d08d87,Tailgating,LiDAR points 6108,6108,-0.0003167823809917536,0.0013836928405279976,0.003271776018664241,-14030.78125,61629.8671875,8.501290321350098,-3.720761867498368e-07,3.729811055563914e-07,1.1938389434362762e-05,No
2025-03-30 20:55:02,f586837c,Running Red Light,Traffic light was red,6012,-0.0011626484218254518,0.0011224096240440976,-9.057058605321799e-07,50001.5234375,51747.8046875,9.810362815856934,0.0,0.0,0.0,No
2025-03-30 20:55:02,f586837c,Aggressive Acceleration,Acceleration 9.81 m/s²,6012,-0.0011626484218254518,0.0011224096240440976,-9.057058605321799e-07,50001.5234375,51747.8046875,9.810362815856934,0.0,0.0,0.0,No
2025-03-30 20:55:02,f586837c,Tailgating,LiDAR points 6012,6012,-0.0011626484218254518,0.0011224096240440976,-9.057058605321799e-07,50001.5234375,51747.8046875,9.810362815856934,0.0,0.0,0.0,No
2025-03-30 20:55:02,720e4480,Running Red Light,Traffic light was red,5704,-0.0011988994515093054,0.001835544222206215,2.090487427608423e-08,-81756.578125,-53347.8203125,9.809991836547852,0.0,0.0,0.0,No
2025-03-30 20:55:02,720e4480,Aggressive Acceleration,Acceleration 9.81 m/s²,5704,-0.0011988994515093054,0.001835544222206215,2.090487427608423e-08,-81756.578125,-53347.8203125,9.809991836547852,0.0,0.0,0.0,No
2025-03-30 20:55:02,720e4480,Tailgating,LiDAR points 5704,5704,-0.0011988994515093054,0.001835544222206215,2.090487427608423e-08,-81756.578125,-53347.8203125,9.809991836547852,0.0,0.0,0.0,No
2025-03-30 20:55:02,dc129413,Running Red Light,Traffic light was red,5660,-0.00019989223332572692,0.001419816256164552,-0.000605235283728689,8823.98046875,-63232.046875,10.052094459533691,0.0,0.0,0.0,No
2025-03-30 20:55:02,dc129413,Aggressive Acceleration,Acceleration 10.05 m/s²,5660,-0.00019989223332572692,0.001419816256164552,-0.000605235283728689,8823.98046875,-63232.046875,10.052094459533691,0.0,0.0,0.0,No
2025-03-30 20:55:02,dc129413,Tailgating,LiDAR points 5660,5660,-0.00019989223332572692,0.001419816256164552,-0.000605235283728689,8823.98046875,-63232.046875,10.052094459533691,0.0,0.0,0.0,No
2025-03-30 20:55:02,b1d56077,Aggressive Acceleration,Acceleration 9.81 m/s²,6060,-0.0017890669331137588,0.0028055832707158798,3.364305257491651e-06,-124932.90625,-79653.0546875,9.80865478515625,0.0,0.0,0.0,No
2025-03-30 20:55:02,b1d56077,Tailgating,LiDAR points 6060,6060,-0.0017890669331137588,0.0028055832707158798,3.364305257491651e-06,-124932.90625,-79653.0546875,9.80865478515625,0.0,0.0,0.0,No
2025-03-30 20:55:02,746a2b15,Aggressive Acceleration,Acceleration 9.81 m/s²,5676,-0.001753099231308397,0.002374774639458331,1.2408700911237247e-07,105749.7578125,78053.0625,9.809950828552246,0.0,0.0,0.0,No
2025-03-30 20:55:02,746a2b15,Tailgating,LiDAR points 5676,5676,-0.001753099231308397,0.002374774639458331,1.2408700911237247e-07,105749.7578125,78053.0625,9.809950828552246,0.0,0.0,0.0,No
2025-03-30 20:55:02,a2ad0c25,Aggressive Acceleration,Acceleration 9.81 m/s²,6040,-0.0017890485654419308,0.0025840521092970704,1.8743429031076175e-09,-115068.6171875,-79653.03125,9.809999465942383,0.0,0.0,0.0,No
2025-03-30 20:55:02,a2ad0c25,Tailgating,LiDAR points 6040,6040,-0.0017890485654419308,0.0025840521092970704,1.8743429031076175e-09,-115068.6171875,-79653.03125,9.809999465942383,0.0,0.0,0.0,No
2025-03-30 20:55:02,20b8ad53,Aggressive Acceleration,Acceleration 9.81 m/s²,5176,-0.0017530703091068744,0.002017749828194721,9.752454843692249e-08,-299.9998779296875,0.0042471736669540405,9.810009956359863,0.0,0.0,0.0,No
2025-03-30 20:55:02,20b8ad53,Tailgating,LiDAR points 5176,5176,-0.0017530703091068744,0.002017749828194721,9.752454843692249e-08,-299.9998779296875,0.0042471736669540405,9.810009956359863,0.0,0.0,0.0,No
2025-03-30 20:55:02,6a9201db,Aggressive Acceleration,Acceleration 9.81 m/s²,6068,-0.0022001296522091707,0.0007941754228690594,2.0275194023700038e-10,-97972.296875,35347.9375,9.8100004196167,-5.678657544194721e-11,3.725289161593537e-07,-5.960463568044361e-06,No
2025-03-30 20:55:02,6a9201db,Tailgating,LiDAR points 6068,6068,-0.0022001296522091707,0.0007941754228690594,2.0275194023700038e-10,-97972.296875,35347.9375,9.8100004196167,-5.678657544194721e-11,3.725289161593537e-07,-5.960463568044361e-06,No
2025-03-30 20:55:02,5c260c49,Running Red Light,Traffic light was red,6068,-0.0017890330762924123,0.0023893467674268895,2.9656799238608755e-10,-106398.8125,-79653.046875,9.8100004196167,0.0,0.0,0.0,No
2025-03-30 20:55:02,5c260c49,Aggressive Acceleration,Acceleration 9.81 m/s²,6068,-0.0017890330762924123,0.0023893467674268895,2.9656799238608755e-10,-106398.8125,-79653.046875,9.8100004196167,0.0,0.0,0.0,No
2025-03-30 20:55:02,5c260c49,Tailgating,LiDAR points 6068,6068,-0.0017890330762924123,0.0023893467674268895,2.9656799238608755e-10,-106398.8125,-79653.046875,9.8100004196167,0.0,0.0,0.0,No
2025-03-30 20:55:02,cda6e947,Aggressive Acceleration,Acceleration 9.81 m/s²,5340,-0.0017530502965854566,0.0017716696137173374,2.4744901239159844e-08,78894.8203125,78053.0546875,9.809990882873535,0.0,0.0,0.0,No
2025-03-30 20:55:02,cda6e947,Tailgating,LiDAR points 5340,5340,-0.0017530502965854566,0.0017716696137173374,2.4744901239159844e-08,78894.8203125,78053.0546875,9.809990882873535,0.0,0.0,0.0,No
2025-03-30 20:55:02,58f65db3,Aggressive Acceleration,Acceleration 9.81 m/s²,5168,-0.0017889989453578892,0.0019709580961270413,-2.555481461207279e-14,-87768.8984375,-79653.0390625,9.8100004196167,0.0,0.0,0.0,No
2025-03-30 20:55:02,58f65db3,Tailgating,LiDAR points 5168,5168,-0.0017889989453578892,0.0019709580961270413,-2.555481461207279e-14,-87768.8984375,-79653.0390625,9.8100004196167,0.0,0.0,0.0,No
2025-03-30 20:55:02,f90c3470,Running Red Light,Traffic light was red,5924,-0.001753010682762124,0.001287117916315639,4.8087208881497645e-08,57318.8125,78053.03125,9.809981346130371,0.0,0.0,0.0,No
2025-03-30 20:55:02,f90c3470,Aggressive Acceleration,Acceleration 9.81 m/s²,5924,-0.001753010682762124,0.001287117916315639,4.8087208881497645e-08,57318.8125,78053.03125,9.809981346130371,0.0,0.0,0.0,No
2025-03-30 20:55:02,f90c3470,Tailgating,LiDAR points 5924,5924,-0.001753010682762124,0.001287117916315639,4.8087208881497645e-08,57318.8125,78053.03125,9.809981346130371,0.0,0.0,0.0,No
2025-03-30 20:55:02,d23e6b94,Aggressive Acceleration,Acceleration 9.81 m/s²,5024,-0.0017889727646007714,0.0016492376950949235,-2.3687241404446446e-12,-72843.390625,-79653.0390625,9.8100004196167,0.0,0.0,0.0,No
2025-03-30 20:55:02,d23e6b94,Tailgating,LiDAR points 5024,5024,-0.0017889727646007714,0.0016492376950949235,-2.3687241404446446e-12,-72843.390625,-79653.0390625,9.8100004196167,0.0,0.0,0.0,No
2025-03-30 20:55:02,8c837c22,Aggressive Acceleration,Acceleration 9.81 m/s²,6100,-0.001752990259035414,0.00103660013179918,5.483684617502149e-08,142.4749298095703,0.0034846123307943344,9.809998512268066,0.0,0.0,0.0,No
2025-03-30 20:55:02,8c837c22,Tailgating,LiDAR points 6100,6100,-0.001752990259035414,0.00103660013179918,5.483684617502149e-08,142.4749298095703,0.0034846123307943344,9.809998512268066,0.0,0.0,0.0,No
2025-03-30 20:55:02,be1b45a2,Aggressive Acceleration,Acceleration 9.81 m/s²,5476,-0.0029698191428906284,0.0016678944326141837,-8.331597217692277e-11,-74281.78125,-132231.546875,9.8100004196167,0.0,0.0,0.0,No
2025-03-30 20:55:02,be1b45a2,Tailgating,LiDAR points 5476,5476,-0.0029698191428906284,0.0016678944326141837,-8.331597217692277e-11,-74281.78125,-132231.546875,9.8100004196167,0.0,0.0,0.0,No
2025-03-30 20:55:03,49413cc2,Aggressive Acceleration,Acceleration 9.81 m/s²,5812,-0.0025390911104921088,0.0030069278336403837,5.5117443480412476e-06,-112979.265625,133960.09375,9.807795524597168,1.8615199337546073e-07,-1.8637690857303824e-07,-5.9721041907323524e-06,No
2025-03-30 20:55:03,49413cc2,Tailgating,LiDAR points 5812,5812,-0.0025390911104921088,0.0030069278336403837,5.5117443480412476e-06,-112979.265625,133960.09375,9.807795524597168,1.8615199337546073e-07,-1.8637690857303824e-07,-5.9721041907323524e-06,No
2025-03-30 20:55:03,baa8daec,Running Red Light,Traffic light was red,5816,-0.0011992966862663934,0.002753202289376768,-0.00025649057351984084,-122617.859375,-53347.2578125,9.912596702575684,0.0,0.0,0.0,No
2025-03-30 20:55:03,baa8daec,Aggressive Acceleration,Acceleration 9.91 m/s²,5816,-0.0011992966862663934,0.002753202289376768,-0.00025649057351984084,-122617.859375,-53347.2578125,9.912596702575684,0.0,0.0,0.0,No
2025-03-30 20:55:03,baa8daec,Tailgating,LiDAR points 5816,5816,-0.0011992966862663934,0.002753202289376768,-0.00025649057351984084,-122617.859375,-53347.2578125,9.912596702575684,0.0,0.0,0.0,No
2025-03-30 20:55:03,eaad9b1d,Aggressive Acceleration,Acceleration 9.72 m/s²,5984,-0.0011632970466877168,0.0025683949191048342,0.0002277775784023106,114388.0390625,51747.921875,9.718889236450195,0.0,0.0,0.0,No
2025-03-30 20:55:03,eaad9b1d,Tailgating,LiDAR points 5984,5984,-0.0011632970466877168,0.0025683949191048342,0.0002277775784023106,114388.0390625,51747.921875,9.718889236450195,0.0,0.0,0.0,No
2025-03-30 20:55:03,bae04e05,Aggressive Acceleration,Acceleration 9.81 m/s²,6092,-0.000534259705531781,0.0027633549408147815,-1.3792713389193523e-06,-123043.1953125,-23804.4140625,9.810552597045898,0.0,0.0,0.0,No
2025-03-30 20:55:03,bae04e05,Tailgating,LiDAR points 6092,6092,-0.000534259705531781,0.0027633549408147815,-1.3792713389193523e-06,-123043.1953125,-23804.4140625,9.810552597045898,0.0,0.0,0.0,No
2025-03-30 20:55:03,3a6d4cdd,Aggressive Acceleration,Acceleration 9.79 m/s²,6120,-0.0004983535490623581,0.0025544313909686566,4.967310815118253e-05,113740.484375,22204.44140625,9.790131568908691,0.0,0.0,0.0,No
2025-03-30 20:55:03,3a6d4cdd,Tailgating,LiDAR points 6120,6120,-0.0004983535490623581,0.0025544313909686566,4.967310815118253e-05,113740.484375,22204.44140625,9.790131568908691,0.0,0.0,0.0,No
2025-03-30 20:55:03,f064b8c5,Running Red Light,Traffic light was red,6072,-0.0005342824252210221,0.0025696880566766092,-7.270830974448472e-05,-114419.640625,-23804.373046875,9.839083671569824,0.0,0.0,0.0,No
2025-03-30 20:55:03,f064b8c5,Aggressive Acceleration,Acceleration 9.84 m/s²,6072,-0.0005342824252210221,0.0025696880566766092,-7.270830974448472e-05,-114419.640625,-23804.373046875,9.839083671569824,0.0,0.0,0.0,No
2025-03-30 20:55:03,f064b8c5,Tailgating,LiDAR points 6072,6072,-0.0005342824252210221,0.0025696880566766092,-7.270830974448472e-05,-114419.640625,-23804.373046875,9.839083671569824,0.0,0.0,0.0,No
2025-03-30 20:55:03,f880463a,Aggressive Acceleration,Acceleration 9.68 m/s²,6080,-0.0004983906270581429,0.0022914266182697146,0.00033333184546791017,102029.4609375,22204.666015625,9.676668167114258,0.0,0.0,0.0,No
2025-03-30 20:55:03,f880463a,Tailgating,LiDAR points 6080,6080,-0.0004983906270581429,0.0022914266182697146,0.00033333184546791017,102029.4609375,22204.666015625,9.676668167114258,0.0,0.0,0.0,No
2025-03-30 20:55:03,756bc8e8,Running Red Light,Traffic light was red,6044,-0.0005343194689260145,0.0022729002362550928,-3.4114286791009363e-06,-101204.328125,-23804.41015625,9.811365127563477,0.0,0.0,0.0,No
2025-03-30 20:55:03,756bc8e8,Aggressive Acceleration,Acceleration 9.81 m/s²,6044,-0.0005343194689260145,0.0022729002362550928,-3.4114286791009363e-06,-101204.328125,-23804.41015625,9.811365127563477,0.0,0.0,0.0,No
2025-03-30 20:55:03,756bc8e8,Tailgating,LiDAR points 6044,6044,-0.0005343194689260145,0.0022729002362550928,-3.4114286791009363e-06,-101204.328125,-23804.41015625,9.811365127563477,0.0,0.0,0.0,No
2025-03-30 20:55:03,9ed9aae0,Aggressive Acceleration,Acceleration 9.81 m/s²,5988,-0.0004984263343317252,0.0019508079587938648,6.347881935653277e-06,197.72999572753906,-0.0009101778268814087,9.81003475189209,0.0,0.0,0.0,No
2025-03-30 20:55:03,9ed9aae0,Tailgating,LiDAR points 5988,5988,-0.0004984263343317252,0.0019508079587938648,6.347881935653277e-06,197.72999572753906,-0.0009101778268814087,9.81003475189209,0.0,0.0,0.0,No
2025-03-30 20:55:03,f616da22,Aggressive Acceleration,Acceleration 9.81 m/s²,5948,-0.0005343517836706724,0.0020081516331355315,-6.012287485646084e-07,-89415.65625,-23804.41015625,9.810240745544434,0.0,0.0,0.0,No
2025-03-30 20:55:03,f616da22,Tailgating,LiDAR points 5948,5948,-0.0005343517836706724,0.0020081516331355315,-6.012287485646084e-07,-89415.65625,-23804.41015625,9.810240745544434,0.0,0.0,0.0,No
2025-03-30 20:55:03,94820f69,Aggressive Acceleration,Acceleration 9.72 m/s²,6052,-0.0004984594715011781,0.001708327941297896,0.00021418154938146472,76065.3671875,22204.56640625,9.72432804107666,0.0,0.0,0.0,No
2025-03-30 20:55:03,94820f69,Tailgating,LiDAR points 6052,6052,-0.0004984594715011781,0.001708327941297896,0.00021418154938146472,76065.3671875,22204.56640625,9.72432804107666,0.0,0.0,0.0,No
2025-03-30 20:55:03,fa7cb4b5,Aggressive Acceleration,Acceleration 9.82 m/s²,4316,-0.0019446998915100266,0.0008300679406638016,-2.6607836844050325e-05,86598.8203125,-36947.9140625,9.820643424987793,0.0,0.0,0.0,No
2025-03-30 20:55:03,fa7cb4b5,Tailgating,LiDAR points 4316,4316,-0.0019446998915100266,0.0008300679406638016,-2.6607836844050325e-05,86598.8203125,-36947.9140625,9.820643424987793,0.0,0.0,0.0,No
2025-03-30 20:55:03,1cc9f7c6,Running Red Light,Traffic light was red,5836,-0.0004984731786947805,0.0016042496939268607,-2.589156065369025e-05,71430.9921875,22204.61328125,9.820357322692871,0.0,0.0,0.0,No
2025-03-30 20:55:03,1cc9f7c6,Aggressive Acceleration,Acceleration 9.82 m/s²,5836,-0.0004984731786947805,0.0016042496939268607,-2.589156065369025e-05,71430.9921875,22204.61328125,9.820357322692871,0.0,0.0,0.0,No
2025-03-30 20:55:03,1cc9f7c6,Tailgating,LiDAR points 5836,5836,-0.0004984731786947805,0.0016042496939268607,-2.589156065369025e-05,71430.9921875,22204.61328125,9.820357322692871,0.0,0.0,0.0,No
2025-03-30 20:55:03,88d08d87,Running Red Light,Traffic light was red,6108,-0.0003167823809917536,0.0013836928405279976,0.003271776018664241,-14030.78125,61629.8671875,8.501290321350098,-3.720761867498368e-07,3.729811055563914e-07,1.1938389434362762e-05,No
2025-03-30 20:55:03,88d08d87,Aggressive Acceleration,Acceleration 8.50 m/s²,6108,-0.0003167823809917536,0.0013836928405279976,0.003271776018664241,-14030.78125,61629.8671875,8.501290321350098,-3.720761867498368e-07,3.729811055563914e-07,1.1938389434362762e-05,No
2025-03-30 20:55:03,88d08d87,Tailgating,LiDAR points 6108,6108,-0.0003167823809917536,0.0013836928405279976,0.003271776018664241,-14030.78125,61629.8671875,8.501290321350098,-3.720761867498368e-07,3.729811055563914e-07,1.1938389434362762e-05,No
2025-03-30 20:55:03,f586837c,Running Red Light,Traffic light was red,6012,-0.0011626484218254518,0.0011224096240440976,-9.057058605321799e-07,50001.5234375,51747.8046875,9.810362815856934,0.0,0.0,0.0,No
2025-03-30 20:55:03,f586837c,Aggressive Acceleration,Acceleration 9.81 m/s²,6012,-0.0011626484218254518,0.0011224096240440976,-9.057058605321799e-07,50001.5234375,51747.8046875,9.810362815856934,0.0,0.0,0.0,No
2025-03-30 20:55:03,f586837c,Tailgating,LiDAR points 6012,6012,-0.0011626484218254518,0.0011224096240440976,-9.057058605321799e-07,50001.5234375,51747.8046875,9.810362815856934,0.0,0.0,0.0,No
2025-03-30 20:55:03,720e4480,Running Red Light,Traffic light was red,5704,-0.0011988994515093054,0.001835544222206215,2.090487427608423e-08,-81756.578125,-53347.8203125,9.809991836547852,0.0,0.0,0.0,No
2025-03-30 20:55:03,720e4480,Aggressive Acceleration,Acceleration 9.81 m/s²,5704,-0.0011988994515093054,0.001835544222206215,2.090487427608423e-08,-81756.578125,-53347.8203125,9.809991836547852,0.0,0.0,0.0,No
2025-03-30 20:55:03,720e4480,Tailgating,LiDAR points 5704,5704,-0.0011988994515093054,0.001835544222206215,2.090487427608423e-08,-81756.578125,-53347.8203125,9.809991836547852,0.0,0.0,0.0,No
2025-03-30 20:55:03,dc129413,Running Red Light,Traffic light was red,5660,-0.00019989223332572692,0.001419816256164552,-0.000605235283728689,8823.98046875,-63232.046875,10.052094459533691,0.0,0.0,0.0,No
2025-03-30 20:55:03,dc129413,Aggressive Acceleration,Acceleration 10.05 m/s²,5660,-0.00019989223332572692,0.001419816256164552,-0.000605235283728689,8823.98046875,-63232.046875,10.052094459533691,0.0,0.0,0.0,No
2025-03-30 20:55:03,dc129413,Tailgating,LiDAR points 5660,5660,-0.00019989223332572692,0.001419816256164552,-0.000605235283728689,8823.98046875,-63232.046875,10.052094459533691,0.0,0.0,0.0,No
2025-03-30 20:55:03,b1d56077,Aggressive Acceleration,Acceleration 9.81 m/s²,6060,-0.0017890669331137588,0.0028055832707158798,3.364305257491651e-06,-124932.90625,-79653.0546875,9.80865478515625,0.0,0.0,0.0,No
2025-03-30 20:55:03,b1d56077,Tailgating,LiDAR points 6060,6060,-0.0017890669331137588,0.0028055832707158798,3.364305257491651e-06,-124932.90625,-79653.0546875,9.80865478515625,0.0,0.0,0.0,No
2025-03-30 20:55:03,746a2b15,Aggressive Acceleration,Acceleration 9.81 m/s²,5676,-0.001753099231308397,0.002374774639458331,1.2408700911237247e-07,105749.7578125,78053.0625,9.809950828552246,0.0,0.0,0.0,No
2025-03-30 20:55:03,746a2b15,Tailgating,LiDAR points 5676,5676,-0.001753099231308397,0.002374774639458331,1.2408700911237247e-07,105749.7578125,78053.0625,9.809950828552246,0.0,0.0,0.0,No
2025-03-30 20:55:03,a2ad0c25,Running Red Light,Traffic light was red,6040,-0.0017890485654419308,0.0025840521092970704,1.8743429031076175e-09,-115068.6171875,-79653.03125,9.809999465942383,0.0,0.0,0.0,No
2025-03-30 20:55:03,a2ad0c25,Aggressive Acceleration,Acceleration 9.81 m/s²,6040,-0.0017890485654419308,0.0025840521092970704,1.8743429031076175e-09,-115068.6171875,-79653.03125,9.809999465942383,0.0,0.0,0.0,No
2025-03-30 20:55:03,a2ad0c25,Tailgating,LiDAR points 6040,6040,-0.0017890485654419308,0.0025840521092970704,1.8743429031076175e-09,-115068.6171875,-79653.03125,9.809999465942383,0.0,0.0,0.0,No
2025-03-30 20:55:03,20b8ad53,Aggressive Acceleration,Acceleration 9.81 m/s²,5176,-0.0017530703091068744,0.002017749828194721,9.752454843692249e-08,-299.9998779296875,0.0042471736669540405,9.810009956359863,0.0,0.0,0.0,No
2025-03-30 20:55:03,20b8ad53,Tailgating,LiDAR points 5176,5176,-0.0017530703091068744,0.002017749828194721,9.752454843692249e-08,-299.9998779296875,0.0042471736669540405,9.810009956359863,0.0,0.0,0.0,No
2025-03-30 20:55:04,6a9201db,Aggressive Acceleration,Acceleration 9.81 m/s²,6068,-0.0022001296522091707,0.0007941754228690594,2.0275194023700038e-10,-97972.296875,35347.9375,9.8100004196167,-5.678657544194721e-11,3.725289161593537e-07,-5.960463568044361e-06,No
2025-03-30 20:55:04,6a9201db,Tailgating,LiDAR points 6068,6068,-0.0022001296522091707,0.0007941754228690594,2.0275194023700038e-10,-97972.296875,35347.9375,9.8100004196167,-5.678657544194721e-11,3.725289161593537e-07,-5.960463568044361e-06,No
2025-03-30 20:55:04,5c260c49,Running Red Light,Traffic light was red,6068,-0.0017890330762924123,0.0023893467674268895,2.9656799238608755e-10,-106398.8125,-79653.046875,9.8100004196167,0.0,0.0,0.0,No
2025-03-30 20:55:04,5c260c49,Aggressive Acceleration,Acceleration 9.81 m/s²,6068,-0.0017890330762924123,0.0023893467674268895,2.9656799238608755e-10,-106398.8125,-79653.046875,9.8100004196167,0.0,0.0,0.0,No
2025-03-30 20:55:04,5c260c49,Tailgating,LiDAR points 6068,6068,-0.0017890330762924123,0.0023893467674268895,2.9656799238608755e-10,-106398.8125,-79653.046875,9.8100004196167,0.0,0.0,0.0,No
2025-03-30 20:55:04,cda6e947,Aggressive Acceleration,Acceleration 9.81 m/s²,5340,-0.0017530502965854566,0.0017716696137173374,2.4744901239159844e-08,78894.8203125,78053.0546875,9.809990882873535,0.0,0.0,0.0,No
2025-03-30 20:55:04,cda6e947,Tailgating,LiDAR points 5340,5340,-0.0017530502965854566,0.0017716696137173374,2.4744901239159844e-08,78894.8203125,78053.0546875,9.809990882873535,0.0,0.0,0.0,No
2025-03-30 20:55:04,58f65db3,Aggressive Acceleration,Acceleration 9.81 m/s²,5168,-0.0017889989453578892,0.0019709580961270413,-2.555481461207279e-14,-87768.8984375,-79653.0390625,9.8100004196167,0.0,0.0,0.0,No
2025-03-30 20:55:04,58f65db3,Tailgating,LiDAR points 5168,5168,-0.0017889989453578892,0.0019709580961270413,-2.555481461207279e-14,-87768.8984375,-79653.0390625,9.8100004196167,0.0,0.0,0.0,No
2025-03-30 20:55:04,f90c3470,Running Red Light,Traffic light was red,5924,-0.001753010682762124,0.001287117916315639,4.8087208881497645e-08,57318.8125,78053.03125,9.809981346130371,0.0,0.0,0.0,No
2025-03-30 20:55:04,f90c3470,Aggressive Acceleration,Acceleration 9.81 m/s²,5924,-0.001753010682762124,0.001287117916315639,4.8087208881497645e-08,57318.8125,78053.03125,9.809981346130371,0.0,0.0,0.0,No
2025-03-30 20:55:04,f90c3470,Tailgating,LiDAR points 5924,5924,-0.001753010682762124,0.001287117916315639,4.8087208881497645e-08,57318.8125,78053.03125,9.809981346130371,0.0,0.0,0.0,No
2025-03-30 20:55:04,d23e6b94,Aggressive Acceleration,Acceleration 9.81 m/s²,5024,-0.0017889727646007714,0.0016492376950949235,-2.3687241404446446e-12,-72843.390625,-79653.0390625,9.8100004196167,0.0,0.0,0.0,No
2025-03-30 20:55:04,d23e6b94,Tailgating,LiDAR points 5024,5024,-0.0017889727646007714,0.0016492376950949235,-2.3687241404446446e-12,-72843.390625,-79653.0390625,9.8100004196167,0.0,0.0,0.0,No
2025-03-30 20:55:04,8c837c22,Aggressive Acceleration,Acceleration 9.81 m/s²,6100,-0.001752990259035414,0.00103660013179918,5.483684617502149e-08,142.4749298095703,0.0034846123307943344,9.809998512268066,0.0,0.0,0.0,No
2025-03-30 20:55:04,8c837c22,Tailgating,LiDAR points 6100,6100,-0.001752990259035414,0.00103660013179918,5.483684617502149e-08,142.4749298095703,0.0034846123307943344,9.809998512268066,0.0,0.0,0.0,No
2025-03-30 20:55:04,be1b45a2,Running Red Light,Traffic light was red,5476,-0.0029698191428906284,0.0016678944326141837,-8.331597217692277e-11,-74281.78125,-132231.546875,9.8100004196167,0.0,0.0,0.0,No
2025-03-30 20:55:04,be1b45a2,Aggressive Acceleration,Acceleration 9.81 m/s²,5476,-0.0029698191428906284,0.0016678944326141837,-8.331597217692277e-11,-74281.78125,-132231.546875,9.8100004196167,0.0,0.0,0.0,No
2025-03-30 20:55:04,be1b45a2,Tailgating,LiDAR points 5476,5476,-0.0029698191428906284,0.0016678944326141837,-8.331597217692277e-11,-74281.78125,-132231.546875,9.8100004196167,0.0,0.0,0.0,No
2025-03-30 20:55:05,49413cc2,Aggressive Acceleration,Acceleration 9.81 m/s²,5812,-0.0025390911104921088,0.0030069278336403837,5.5117443480412476e-06,-112979.265625,133960.09375,9.807795524597168,1.8615199337546073e-07,-1.8637690857303824e-07,-5.9721041907323524e-06,No
2025-03-30 20:55:05,49413cc2,Tailgating,LiDAR points 5812,5812,-0.0025390911104921088,0.0030069278336403837,5.5117443480412476e-06,-112979.265625,133960.09375,9.807795524597168,1.8615199337546073e-07,-1.8637690857303824e-07,-5.9721041907323524e-06,No
2025-03-30 20:55:05,baa8daec,Running Red Light,Traffic light was red,5816,-0.0011992966862663934,0.002753202289376768,-0.00025649057351984084,-122617.859375,-53347.2578125,9.912596702575684,0.0,0.0,0.0,No
2025-03-30 20:55:05,baa8daec,Aggressive Acceleration,Acceleration 9.91 m/s²,5816,-0.0011992966862663934,0.002753202289376768,-0.00025649057351984084,-122617.859375,-53347.2578125,9.912596702575684,0.0,0.0,0.0,No
2025-03-30 20:55:05,baa8daec,Tailgating,LiDAR points 5816,5816,-0.0011992966862663934,0.002753202289376768,-0.00025649057351984084,-122617.859375,-53347.2578125,9.912596702575684,0.0,0.0,0.0,No
2025-03-30 20:55:05,eaad9b1d,Running Red Light,Traffic light was red,5984,-0.0011632970466877168,0.0025683949191048342,0.0002277775784023106,114388.0390625,51747.921875,9.718889236450195,0.0,0.0,0.0,No
2025-03-30 20:55:05,eaad9b1d,Aggressive Acceleration,Acceleration 9.72 m/s²,5984,-0.0011632970466877168,0.0025683949191048342,0.0002277775784023106,114388.0390625,51747.921875,9.718889236450195,0.0,0.0,0.0,No
2025-03-30 20:55:05,eaad9b1d,Tailgating,LiDAR points 5984,5984,-0.0011632970466877168,0.0025683949191048342,0.0002277775784023106,114388.0390625,51747.921875,9.718889236450195,0.0,0.0,0.0,No
2025-03-30 20:55:05,bae04e05,Aggressive Acceleration,Acceleration 9.81 m/s²,6092,-0.000534259705531781,0.0027633549408147815,-1.3792713389193523e-06,-123043.1953125,-23804.4140625,9.810552597045898,0.0,0.0,0.0,No
2025-03-30 20:55:05,bae04e05,Tailgating,LiDAR points 6092,6092,-0.000534259705531781,0.0027633549408147815,-1.3792713389193523e-06,-123043.1953125,-23804.4140625,9.810552597045898,0.0,0.0,0.0,No
2025-03-30 20:55:05,3a6d4cdd,Aggressive Acceleration,Acceleration 9.79 m/s²,6120,-0.0004983535490623581,0.0025544313909686566,4.967310815118253e-05,113740.484375,22204.44140625,9.790131568908691,0.0,0.0,0.0,No
2025-03-30 20:55:05,3a6d4cdd,Tailgating,LiDAR points 6120,6120,-0.0004983535490623581,0.0025544313909686566,4.967310815118253e-05,113740.484375,22204.44140625,9.790131568908691,0.0,0.0,0.0,No
2025-03-30 20:55:05,f064b8c5,Running Red Light,Traffic light was red,6072,-0.0005342824252210221,0.0025696880566766092,-7.270830974448472e-05,-114419.640625,-23804.373046875,9.839083671569824,0.0,0.0,0.0,No
2025-03-30 20:55:05,f064b8c5,Aggressive Acceleration,Acceleration 9.84 m/s²,6072,-0.0005342824252210221,0.0025696880566766092,-7.270830974448472e-05,-114419.640625,-23804.373046875,9.839083671569824,0.0,0.0,0.0,No
2025-03-30 20:55:05,f064b8c5,Tailgating,LiDAR points 6072,6072,-0.0005342824252210221,0.0025696880566766092,-7.270830974448472e-05,-114419.640625,-23804.373046875,9.839083671569824,0.0,0.0,0.0,No
2025-03-30 20:55:05,f880463a,Aggressive Acceleration,Acceleration 9.68 m/s²,6080,-0.0004983906270581429,0.0022914266182697146,0.00033333184546791017,102029.4609375,22204.666015625,9.676668167114258,0.0,0.0,0.0,No
2025-03-30 20:55:05,f880463a,Tailgating,LiDAR points 6080,6080,-0.0004983906270581429,0.0022914266182697146,0.00033333184546791017,102029.4609375,22204.666015625,9.676668167114258,0.0,0.0,0.0,No
2025-03-30 20:55:05,756bc8e8,Running Red Light,Traffic light was red,6044,-0.0005343194689260145,0.0022729002362550928,-3.4114286791009363e-06,-101204.328125,-23804.41015625,9.811365127563477,0.0,0.0,0.0,No
2025-03-30 20:55:05,756bc8e8,Aggressive Acceleration,Acceleration 9.81 m/s²,6044,-0.0005343194689260145,0.0022729002362550928,-3.4114286791009363e-06,-101204.328125,-23804.41015625,9.811365127563477,0.0,0.0,0.0,No
2025-03-30 20:55:05,756bc8e8,Tailgating,LiDAR points 6044,6044,-0.0005343194689260145,0.0022729002362550928,-3.4114286791009363e-06,-101204.328125,-23804.41015625,9.811365127563477,0.0,0.0,0.0,No
2025-03-30 20:55:05,9ed9aae0,Aggressive Acceleration,Acceleration 9.81 m/s²,5988,-0.0004984263343317252,0.0019508079587938648,6.347881935653277e-06,197.72999572753906,-0.0009101778268814087,9.81003475189209,0.0,0.0,0.0,No
2025-03-30 20:55:05,9ed9aae0,Tailgating,LiDAR points 5988,5988,-0.0004984263343317252,0.0019508079587938648,6.347881935653277e-06,197.72999572753906,-0.0009101778268814087,9.81003475189209,0.0,0.0,0.0,No
2025-03-30 20:55:05,f616da22,Aggressive Acceleration,Acceleration 9.81 m/s²,5948,-0.0005343517836706724,0.0020081516331355315,-6.012287485646084e-07,-89415.65625,-23804.41015625,9.810240745544434,0.0,0.0,0.0,No
2025-03-30 20:55:05,f616da22,Tailgating,LiDAR points 5948,5948,-0.0005343517836706724,0.0020081516331355315,-6.012287485646084e-07,-89415.65625,-23804.41015625,9.810240745544434,0.0,0.0,0.0,No
2025-03-30 20:55:05,94820f69,Aggressive Acceleration,Acceleration 9.72 m/s²,6052,-0.0004984594715011781,0.001708327941297896,0.00021418154938146472,76065.3671875,22204.56640625,9.72432804107666,0.0,0.0,0.0,No
2025-03-30 20:55:05,94820f69,Tailgating,LiDAR points 6052,6052,-0.0004984594715011781,0.001708327941297896,0.00021418154938146472,76065.3671875,22204.56640625,9.72432804107666,0.0,0.0,0.0,No
2025-03-30 20:55:05,fa7cb4b5,Aggressive Acceleration,Acceleration 9.82 m/s²,4316,-0.0019446998915100266,0.0008300679406638016,-2.6607836844050325e-05,86598.8203125,-36947.9140625,9.820643424987793,0.0,0.0,0.0,No
2025-03-30 20:55:05,fa7cb4b5,Tailgating,LiDAR points 4316,4316,-0.0019446998915100266,0.0008300679406638016,-2.6607836844050325e-05,86598.8203125,-36947.9140625,9.820643424987793,0.0,0.0,0.0,No
2025-03-30 20:55:05,1cc9f7c6,Running Red Light,Traffic light was red,5836,-0.0004984731786947805,0.0016042496939268607,-2.589156065369025e-05,71430.9921875,22204.61328125,9.820357322692871,0.0,0.0,0.0,No
2025-03-30 20:55:05,1cc9f7c6,Aggressive Acceleration,Acceleration 9.82 m/s²,5836,-0.0004984731786947805,0.0016042496939268607,-2.589156065369025e-05,71430.9921875,22204.61328125,9.820357322692871,0.0,0.0,0.0,No
2025-03-30 20:55:05,1cc9f7c6,Tailgating,LiDAR points 5836,5836,-0.0004984731786947805,0.0016042496939268607,-2.589156065369025e-05,71430.9921875,22204.61328125,9.820357322692871,0.0,0.0,0.0,No
2025-03-30 20:55:05,88d08d87,Running Red Light,Traffic light was red,6108,-0.0003167823809917536,0.0013836928405279976,0.003271776018664241,-14030.78125,61629.8671875,8.501290321350098,-3.720761867498368e-07,3.729811055563914e-07,1.1938389434362762e-05,No
2025-03-30 20:55:05,88d08d87,Aggressive Acceleration,Acceleration 8.50 m/s²,6108,-0.0003167823809917536,0.0013836928405279976,0.003271776018664241,-14030.78125,61629.8671875,8.501290321350098,-3.720761867498368e-07,3.729811055563914e-07,1.1938389434362762e-05,No
2025-03-30 20:55:05,88d08d87,Tailgating,LiDAR points 6108,6108,-0.0003167823809917536,0.0013836928405279976,0.003271776018664241,-14030.78125,61629.8671875,8.501290321350098,-3.720761867498368e-07,3.729811055563914e-07,1.1938389434362762e-05,No
2025-03-30 20:55:05,f586837c,Running Red Light,Traffic light was red,6012,-0.0011626484218254518,0.0011224096240440976,-9.057058605321799e-07,50001.5234375,51747.8046875,9.810362815856934,0.0,0.0,0.0,No
2025-03-30 20:55:05,f586837c,Aggressive Acceleration,Acceleration 9.81 m/s²,6012,-0.0011626484218254518,0.0011224096240440976,-9.057058605321799e-07,50001.5234375,51747.8046875,9.810362815856934,0.0,0.0,0.0,No
2025-03-30 20:55:05,f586837c,Tailgating,LiDAR points 6012,6012,-0.0011626484218254518,0.0011224096240440976,-9.057058605321799e-07,50001.5234375,51747.8046875,9.810362815856934,0.0,0.0,0.0,No
2025-03-30 20:55:05,720e4480,Running Red Light,Traffic light was red,5704,-0.0011988994515093054,0.001835544222206215,2.090487427608423e-08,-81756.578125,-53347.8203125,9.809991836547852,0.0,0.0,0.0,No
2025-03-30 20:55:05,720e4480,Aggressive Acceleration,Acceleration 9.81 m/s²,5704,-0.0011988994515093054,0.001835544222206215,2.090487427608423e-08,-81756.578125,-53347.8203125,9.809991836547852,0.0,0.0,0.0,No
2025-03-30 20:55:05,720e4480,Tailgating,LiDAR points 5704,5704,-0.0011988994515093054,0.001835544222206215,2.090487427608423e-08,-81756.578125,-53347.8203125,9.809991836547852,0.0,0.0,0.0,No
2025-03-30 20:55:05,dc129413,Running Red Light,Traffic light was red,5660,-0.00019989223332572692,0.001419816256164552,-0.000605235283728689,8823.98046875,-63232.046875,10.052094459533691,0.0,0.0,0.0,No
2025-03-30 20:55:05,dc129413,Aggressive Acceleration,Acceleration 10.05 m/s²,5660,-0.00019989223332572692,0.001419816256164552,-0.000605235283728689,8823.98046875,-63232.046875,10.052094459533691,0.0,0.0,0.0,No
2025-03-30 20:55:05,dc129413,Tailgating,LiDAR points 5660,5660,-0.00019989223332572692,0.001419816256164552,-0.000605235283728689,8823.98046875,-63232.046875,10.052094459533691,0.0,0.0,0.0,No
2025-03-30 20:55:05,b1d56077,Aggressive Acceleration,Acceleration 9.81 m/s²,6060,-0.0017890669331137588,0.0028055832707158798,3.364305257491651e-06,-124932.90625,-79653.0546875,9.80865478515625,0.0,0.0,0.0,No
2025-03-30 20:55:05,b1d56077,Tailgating,LiDAR points 6060,6060,-0.0017890669331137588,0.0028055832707158798,3.364305257491651e-06,-124932.90625,-79653.0546875,9.80865478515625,0.0,0.0,0.0,No
2025-03-30 20:55:05,746a2b15,Aggressive Acceleration,Acceleration 9.81 m/s²,5676,-0.001753099231308397,0.002374774639458331,1.2408700911237247e-07,105749.7578125,78053.0625,9.809950828552246,0.0,0.0,0.0,No
2025-03-30 20:55:05,746a2b15,Tailgating,LiDAR points 5676,5676,-0.001753099231308397,0.002374774639458331,1.2408700911237247e-07,105749.7578125,78053.0625,9.809950828552246,0.0,0.0,0.0,No
2025-03-30 20:55:05,a2ad0c25,Running Red Light,Traffic light was red,6040,-0.0017890485654419308,0.0025840521092970704,1.8743429031076175e-09,-115068.6171875,-79653.03125,9.809999465942383,0.0,0.0,0.0,No
2025-03-30 20:55:05,a2ad0c25,Aggressive Acceleration,Acceleration 9.81 m/s²,6040,-0.0017890485654419308,0.0025840521092970704,1.8743429031076175e-09,-115068.6171875,-79653.03125,9.809999465942383,0.0,0.0,0.0,No
2025-03-30 20:55:05,a2ad0c25,Tailgating,LiDAR points 6040,6040,-0.0017890485654419308,0.0025840521092970704,1.8743429031076175e-09,-115068.6171875,-79653.03125,9.809999465942383,0.0,0.0,0.0,No
2025-03-30 20:55:05,20b8ad53,Aggressive Acceleration,Acceleration 9.81 m/s²,5176,-0.0017530703091068744,0.002017749828194721,9.752454843692249e-08,-299.9998779296875,0.0042471736669540405,9.810009956359863,0.0,0.0,0.0,No
2025-03-30 20:55:05,20b8ad53,Tailgating,LiDAR points 5176,5176,-0.0017530703091068744,0.002017749828194721,9.752454843692249e-08,-299.9998779296875,0.0042471736669540405,9.810009956359863,0.0,0.0,0.0,No
2025-03-30 20:55:05,6a9201db,Aggressive Acceleration,Acceleration 9.81 m/s²,6068,-0.0022001296522091707,0.0007941754228690594,2.0275194023700038e-10,-97972.296875,35347.9375,9.8100004196167,-5.678657544194721e-11,3.725289161593537e-07,-5.960463568044361e-06,No
2025-03-30 20:55:05,6a9201db,Tailgating,LiDAR points 6068,6068,-0.0022001296522091707,0.0007941754228690594,2.0275194023700038e-10,-97972.296875,35347.9375,9.8100004196167,-5.678657544194721e-11,3.725289161593537e-07,-5.960463568044361e-06,No
2025-03-30 20:55:05,5c260c49,Running Red Light,Traffic light was red,6068,-0.0017890330762924123,0.0023893467674268895,2.9656799238608755e-10,-106398.8125,-79653.046875,9.8100004196167,0.0,0.0,0.0,No
2025-03-30 20:55:05,5c260c49,Aggressive Acceleration,Acceleration 9.81 m/s²,6068,-0.0017890330762924123,0.0023893467674268895,2.9656799238608755e-10,-106398.8125,-79653.046875,9.8100004196167,0.0,0.0,0.0,No
2025-03-30 20:55:05,5c260c49,Tailgating,LiDAR points 6068,6068,-0.0017890330762924123,0.0023893467674268895,2.9656799238608755e-10,-106398.8125,-79653.046875,9.8100004196167,0.0,0.0,0.0,No
2025-03-30 20:55:05,cda6e947,Aggressive Acceleration,Acceleration 9.81 m/s²,5340,-0.0017530502965854566,0.0017716696137173374,2.4744901239159844e-08,78894.8203125,78053.0546875,9.809990882873535,0.0,0.0,0.0,No
2025-03-30 20:55:05,cda6e947,Tailgating,LiDAR points 5340,5340,-0.0017530502965854566,0.0017716696137173374,2.4744901239159844e-08,78894.8203125,78053.0546875,9.809990882873535,0.0,0.0,0.0,No
2025-03-30 20:55:05,58f65db3,Aggressive Acceleration,Acceleration 9.81 m/s²,5168,-0.0017889989453578892,0.0019709580961270413,-2.555481461207279e-14,-87768.8984375,-79653.0390625,9.8100004196167,0.0,0.0,0.0,No
2025-03-30 20:55:05,58f65db3,Tailgating,LiDAR points 5168,5168,-0.0017889989453578892,0.0019709580961270413,-2.555481461207279e-14,-87768.8984375,-79653.0390625,9.8100004196167,0.0,0.0,0.0,No
2025-03-30 20:55:05,f90c3470,Running Red Light,Traffic light was red,5924,-0.001753010682762124,0.001287117916315639,4.8087208881497645e-08,57318.8125,78053.03125,9.809981346130371,0.0,0.0,0.0,No
2025-03-30 20:55:05,f90c3470,Aggressive Acceleration,Acceleration 9.81 m/s²,5924,-0.001753010682762124,0.001287117916315639,4.8087208881497645e-08,57318.8125,78053.03125,9.809981346130371,0.0,0.0,0.0,No
2025-03-30 20:55:05,f90c3470,Tailgating,LiDAR points 5924,5924,-0.001753010682762124,0.001287117916315639,4.8087208881497645e-08,57318.8125,78053.03125,9.809981346130371,0.0,0.0,0.0,No
2025-03-30 20:55:05,d23e6b94,Aggressive Acceleration,Acceleration 9.81 m/s²,5024,-0.0017889727646007714,0.0016492376950949235,-2.3687241404446446e-12,-72843.390625,-79653.0390625,9.8100004196167,0.0,0.0,0.0,No
2025-03-30 20:55:05,d23e6b94,Tailgating,LiDAR points 5024,5024,-0.0017889727646007714,0.0016492376950949235,-2.3687241404446446e-12,-72843.390625,-79653.0390625,9.8100004196167,0.0,0.0,0.0,No
2025-03-30 20:55:05,8c837c22,Aggressive Acceleration,Acceleration 9.81 m/s²,6100,-0.001752990259035414,0.00103660013179918,5.483684617502149e-08,142.4749298095703,0.0034846123307943344,9.809998512268066,0.0,0.0,0.0,No
2025-03-30 20:55:05,8c837c22,Tailgating,LiDAR points 6100,6100,-0.001752990259035414,0.00103660013179918,5.483684617502149e-08,142.4749298095703,0.0034846123307943344,9.809998512268066,0.0,0.0,0.0,No
2025-03-30 20:55:05,be1b45a2,Running Red Light,Traffic light was red,5476,-0.0029698191428906284,0.0016678944326141837,-8.331597217692277e-11,-74281.78125,-132231.546875,9.8100004196167,0.0,0.0,0.0,No
2025-03-30 20:55:05,be1b45a2,Aggressive Acceleration,Acceleration 9.81 m/s²,5476,-0.0029698191428906284,0.0016678944326141837,-8.331597217692277e-11,-74281.78125,-132231.546875,9.8100004196167,0.0,0.0,0.0,No
2025-03-30 20:55:05,be1b45a2,Tailgating,LiDAR points 5476,5476,-0.0029698191428906284,0.0016678944326141837,-8.331597217692277e-11,-74281.78125,-132231.546875,9.8100004196167,0.0,0.0,0.0,No
2025-03-30 20:55:06,49413cc2,Aggressive Acceleration,Acceleration 9.81 m/s²,5812,-0.0025390911104921088,0.0030069278336403837,5.5117443480412476e-06,-112979.265625,133960.09375,9.807795524597168,1.8615199337546073e-07,-1.8637690857303824e-07,-5.9721041907323524e-06,No
2025-03-30 20:55:06,49413cc2,Tailgating,LiDAR points 5812,5812,-0.0025390911104921088,0.0030069278336403837,5.5117443480412476e-06,-112979.265625,133960.09375,9.807795524597168,1.8615199337546073e-07,-1.8637690857303824e-07,-5.9721041907323524e-06,No
2025-03-30 20:55:06,baa8daec,Running Red Light,Traffic light was red,5816,-0.0011992966862663934,0.002753202289376768,-0.00025649057351984084,-122617.859375,-53347.2578125,9.912596702575684,0.0,0.0,0.0,No
2025-03-30 20:55:06,baa8daec,Aggressive Acceleration,Acceleration 9.91 m/s²,5816,-0.0011992966862663934,0.002753202289376768,-0.00025649057351984084,-122617.859375,-53347.2578125,9.912596702575684,0.0,0.0,0.0,No
2025-03-30 20:55:06,baa8daec,Tailgating,LiDAR points 5816,5816,-0.0011992966862663934,0.002753202289376768,-0.00025649057351984084,-122617.859375,-53347.2578125,9.912596702575684,0.0,0.0,0.0,No
2025-03-30 20:55:06,eaad9b1d,Running Red Light,Traffic light was red,5984,-0.0011632970466877168,0.0025683949191048342,0.0002277775784023106,114388.0390625,51747.921875,9.718889236450195,0.0,0.0,0.0,No
2025-03-30 20:55:06,eaad9b1d,Aggressive Acceleration,Acceleration 9.72 m/s²,5984,-0.0011632970466877168,0.0025683949191048342,0.0002277775784023106,114388.0390625,51747.921875,9.718889236450195,0.0,0.0,0.0,No
2025-03-30 20:55:06,eaad9b1d,Tailgating,LiDAR points 5984,5984,-0.0011632970466877168,0.0025683949191048342,0.0002277775784023106,114388.0390625,51747.921875,9.718889236450195,0.0,0.0,0.0,No
2025-03-30 20:55:06,bae04e05,Aggressive Acceleration,Acceleration 9.81 m/s²,6092,-0.000534259705531781,0.0027633549408147815,-1.3792713389193523e-06,-123043.1953125,-23804.4140625,9.810552597045898,0.0,0.0,0.0,No
2025-03-30 20:55:06,bae04e05,Tailgating,LiDAR points 6092,6092,-0.000534259705531781,0.0027633549408147815,-1.3792713389193523e-06,-123043.1953125,-23804.4140625,9.810552597045898,0.0,0.0,0.0,No
2025-03-30 20:55:06,3a6d4cdd,Aggressive Acceleration,Acceleration 9.79 m/s²,6120,-0.0004983535490623581,0.0025544313909686566,4.967310815118253e-05,113740.484375,22204.44140625,9.790131568908691,0.0,0.0,0.0,No
2025-03-30 20:55:06,3a6d4cdd,Tailgating,LiDAR points 6120,6120,-0.0004983535490623581,0.0025544313909686566,4.967310815118253e-05,113740.484375,22204.44140625,9.790131568908691,0.0,0.0,0.0,No
2025-03-30 20:55:06,f064b8c5,Running Red Light,Traffic light was red,6072,-0.0005342824252210221,0.0025696880566766092,-7.270830974448472e-05,-114419.640625,-23804.373046875,9.839083671569824,0.0,0.0,0.0,No
2025-03-30 20:55:06,f064b8c5,Aggressive Acceleration,Acceleration 9.84 m/s²,6072,-0.0005342824252210221,0.0025696880566766092,-7.270830974448472e-05,-114419.640625,-23804.373046875,9.839083671569824,0.0,0.0,0.0,No
2025-03-30 20:55:06,f064b8c5,Tailgating,LiDAR points 6072,6072,-0.0005342824252210221,0.0025696880566766092,-7.270830974448472e-05,-114419.640625,-23804.373046875,9.839083671569824,0.0,0.0,0.0,No
2025-03-30 20:55:06,f880463a,Aggressive Acceleration,Acceleration 9.68 m/s²,6080,-0.0004983906270581429,0.0022914266182697146,0.00033333184546791017,102029.4609375,22204.666015625,9.676668167114258,0.0,0.0,0.0,No
2025-03-30 20:55:06,f880463a,Tailgating,LiDAR points 6080,6080,-0.0004983906270581429,0.0022914266182697146,0.00033333184546791017,102029.4609375,22204.666015625,9.676668167114258,0.0,0.0,0.0,No
2025-03-30 20:55:06,756bc8e8,Running Red Light,Traffic light was red,6044,-0.0005343194689260145,0.0022729002362550928,-3.4114286791009363e-06,-101204.328125,-23804.41015625,9.811365127563477,0.0,0.0,0.0,No
2025-03-30 20:55:06,756bc8e8,Aggressive Acceleration,Acceleration 9.81 m/s²,6044,-0.0005343194689260145,0.0022729002362550928,-3.4114286791009363e-06,-101204.328125,-23804.41015625,9.811365127563477,0.0,0.0,0.0,No
2025-03-30 20:55:06,756bc8e8,Tailgating,LiDAR points 6044,6044,-0.0005343194689260145,0.0022729002362550928,-3.4114286791009363e-06,-101204.328125,-23804.41015625,9.811365127563477,0.0,0.0,0.0,No
2025-03-30 20:55:06,9ed9aae0,Running Red Light,Traffic light was red,5988,-0.0004984263343317252,0.0019508079587938648,6.347881935653277e-06,197.72999572753906,-0.0009101778268814087,9.81003475189209,0.0,0.0,0.0,No
2025-03-30 20:55:06,9ed9aae0,Aggressive Acceleration,Acceleration 9.81 m/s²,5988,-0.0004984263343317252,0.0019508079587938648,6.347881935653277e-06,197.72999572753906,-0.0009101778268814087,9.81003475189209,0.0,0.0,0.0,No
2025-03-30 20:55:06,9ed9aae0,Tailgating,LiDAR points 5988,5988,-0.0004984263343317252,0.0019508079587938648,6.347881935653277e-06,197.72999572753906,-0.0009101778268814087,9.81003475189209,0.0,0.0,0.0,No
2025-03-30 20:55:06,f616da22,Aggressive Acceleration,Acceleration 9.81 m/s²,5948,-0.0005343517836706724,0.0020081516331355315,-6.012287485646084e-07,-89415.65625,-23804.41015625,9.810240745544434,0.0,0.0,0.0,No
2025-03-30 20:55:06,f616da22,Tailgating,LiDAR points 5948,5948,-0.0005343517836706724,0.0020081516331355315,-6.012287485646084e-07,-89415.65625,-23804.41015625,9.810240745544434,0.0,0.0,0.0,No
2025-03-30 20:55:06,94820f69,Aggressive Acceleration,Acceleration 9.72 m/s²,6052,-0.0004984594715011781,0.001708327941297896,0.00021418154938146472,76065.3671875,22204.56640625,9.72432804107666,0.0,0.0,0.0,No
2025-03-30 20:55:06,94820f69,Tailgating,LiDAR points 6052,6052,-0.0004984594715011781,0.001708327941297896,0.00021418154938146472,76065.3671875,22204.56640625,9.72432804107666,0.0,0.0,0.0,No
2025-03-30 20:55:06,fa7cb4b5,Aggressive Acceleration,Acceleration 9.82 m/s²,4316,-0.0019446998915100266,0.0008300679406638016,-2.6607836844050325e-05,86598.8203125,-36947.9140625,9.820643424987793,0.0,0.0,0.0,No
2025-03-30 20:55:06,fa7cb4b5,Tailgating,LiDAR points 4316,4316,-0.0019446998915100266,0.0008300679406638016,-2.6607836844050325e-05,86598.8203125,-36947.9140625,9.820643424987793,0.0,0.0,0.0,No
2025-03-30 20:55:06,1cc9f7c6,Running Red Light,Traffic light was red,5836,-0.0004984731786947805,0.0016042496939268607,-2.589156065369025e-05,71430.9921875,22204.61328125,9.820357322692871,0.0,0.0,0.0,No
2025-03-30 20:55:06,1cc9f7c6,Aggressive Acceleration,Acceleration 9.82 m/s²,5836,-0.0004984731786947805,0.0016042496939268607,-2.589156065369025e-05,71430.9921875,22204.61328125,9.820357322692871,0.0,0.0,0.0,No
2025-03-30 20:55:06,1cc9f7c6,Tailgating,LiDAR points 5836,5836,-0.0004984731786947805,0.0016042496939268607,-2.589156065369025e-05,71430.9921875,22204.61328125,9.820357322692871,0.0,0.0,0.0,No
2025-03-30 20:55:06,88d08d87,Running Red Light,Traffic light was red,6108,-0.0003167823809917536,0.0013836928405279976,0.003271776018664241,-14030.78125,61629.8671875,8.501290321350098,-3.720761867498368e-07,3.729811055563914e-07,1.1938389434362762e-05,No
2025-03-30 20:55:06,88d08d87,Aggressive Acceleration,Acceleration 8.50 m/s²,6108,-0.0003167823809917536,0.0013836928405279976,0.003271776018664241,-14030.78125,61629.8671875,8.501290321350098,-3.720761867498368e-07,3.729811055563914e-07,1.1938389434362762e-05,No
2025-03-30 20:55:06,88d08d87,Tailgating,LiDAR points 6108,6108,-0.0003167823809917536,0.0013836928405279976,0.003271776018664241,-14030.78125,61629.8671875,8.501290321350098,-3.720761867498368e-07,3.729811055563914e-07,1.1938389434362762e-05,No
2025-03-30 20:55:06,f586837c,Running Red Light,Traffic light was red,6012,-0.0011626484218254518,0.0011224096240440976,-9.057058605321799e-07,50001.5234375,51747.8046875,9.810362815856934,0.0,0.0,0.0,No
2025-03-30 20:55:06,f586837c,Aggressive Acceleration,Acceleration 9.81 m/s²,6012,-0.0011626484218254518,0.0011224096240440976,-9.057058605321799e-07,50001.5234375,51747.8046875,9.810362815856934,0.0,0.0,0.0,No
2025-03-30 20:55:06,f586837c,Tailgating,LiDAR points 6012,6012,-0.0011626484218254518,0.0011224096240440976,-9.057058605321799e-07,50001.5234375,51747.8046875,9.810362815856934,0.0,0.0,0.0,No
2025-03-30 20:55:06,720e4480,Running Red Light,Traffic light was red,5704,-0.0011988994515093054,0.001835544222206215,2.090487427608423e-08,-81756.578125,-53347.8203125,9.809991836547852,0.0,0.0,0.0,No
2025-03-30 20:55:06,720e4480,Aggressive Acceleration,Acceleration 9.81 m/s²,5704,-0.0011988994515093054,0.001835544222206215,2.090487427608423e-08,-81756.578125,-53347.8203125,9.809991836547852,0.0,0.0,0.0,No
2025-03-30 20:55:07,720e4480,Tailgating,LiDAR points 5704,5704,-0.0011988994515093054,0.001835544222206215,2.090487427608423e-08,-81756.578125,-53347.8203125,9.809991836547852,0.0,0.0,0.0,No
2025-03-30 20:55:07,dc129413,Running Red Light,Traffic light was red,5660,-0.00019989223332572692,0.001419816256164552,-0.000605235283728689,8823.98046875,-63232.046875,10.052094459533691,0.0,0.0,0.0,No
2025-03-30 20:55:07,dc129413,Aggressive Acceleration,Acceleration 10.05 m/s²,5660,-0.00019989223332572692,0.001419816256164552,-0.000605235283728689,8823.98046875,-63232.046875,10.052094459533691,0.0,0.0,0.0,No
2025-03-30 20:55:07,dc129413,Tailgating,LiDAR points 5660,5660,-0.00019989223332572692,0.001419816256164552,-0.000605235283728689,8823.98046875,-63232.046875,10.052094459533691,0.0,0.0,0.0,No
2025-03-30 20:55:07,b1d56077,Aggressive Acceleration,Acceleration 9.81 m/s²,6060,-0.0017890669331137588,0.0028055832707158798,3.364305257491651e-06,-124932.90625,-79653.0546875,9.80865478515625,0.0,0.0,0.0,No
2025-03-30 20:55:07,b1d56077,Tailgating,LiDAR points 6060,6060,-0.0017890669331137588,0.0028055832707158798,3.364305257491651e-06,-124932.90625,-79653.0546875,9.80865478515625,0.0,0.0,0.0,No
2025-03-30 20:55:07,746a2b15,Aggressive Acceleration,Acceleration 9.81 m/s²,5676,-0.001753099231308397,0.002374774639458331,1.2408700911237247e-07,105749.7578125,78053.0625,9.809950828552246,0.0,0.0,0.0,No
2025-03-30 20:55:07,746a2b15,Tailgating,LiDAR points 5676,5676,-0.001753099231308397,0.002374774639458331,1.2408700911237247e-07,105749.7578125,78053.0625,9.809950828552246,0.0,0.0,0.0,No
2025-03-30 20:55:07,a2ad0c25,Running Red Light,Traffic light was red,6040,-0.0017890485654419308,0.0025840521092970704,1.8743429031076175e-09,-115068.6171875,-79653.03125,9.809999465942383,0.0,0.0,0.0,No
2025-03-30 20:55:07,a2ad0c25,Aggressive Acceleration,Acceleration 9.81 m/s²,6040,-0.0017890485654419308,0.0025840521092970704,1.8743429031076175e-09,-115068.6171875,-79653.03125,9.809999465942383,0.0,0.0,0.0,No
2025-03-30 20:55:07,a2ad0c25,Tailgating,LiDAR points 6040,6040,-0.0017890485654419308,0.0025840521092970704,1.8743429031076175e-09,-115068.6171875,-79653.03125,9.809999465942383,0.0,0.0,0.0,No
2025-03-30 20:55:07,20b8ad53,Aggressive Acceleration,Acceleration 9.81 m/s²,5176,-0.0017530703091068744,0.002017749828194721,9.752454843692249e-08,-299.9998779296875,0.0042471736669540405,9.810009956359863,0.0,0.0,0.0,No
2025-03-30 20:55:07,20b8ad53,Tailgating,LiDAR points 5176,5176,-0.0017530703091068744,0.002017749828194721,9.752454843692249e-08,-299.9998779296875,0.0042471736669540405,9.810009956359863,0.0,0.0,0.0,No
2025-03-30 20:55:07,6a9201db,Aggressive Acceleration,Acceleration 9.81 m/s²,6068,-0.0022001296522091707,0.0007941754228690594,2.0275194023700038e-10,-97972.296875,35347.9375,9.8100004196167,-5.678657544194721e-11,3.725289161593537e-07,-5.960463568044361e-06,No
2025-03-30 20:55:07,6a9201db,Tailgating,LiDAR points 6068,6068,-0.0022001296522091707,0.0007941754228690594,2.0275194023700038e-10,-97972.296875,35347.9375,9.8100004196167,-5.678657544194721e-11,3.725289161593537e-07,-5.960463568044361e-06,No
2025-03-30 20:55:07,5c260c49,Aggressive Acceleration,Acceleration 9.81 m/s²,6068,-0.0017890330762924123,0.0023893467674268895,2.9656799238608755e-10,-106398.8125,-79653.046875,9.8100004196167,0.0,0.0,0.0,No
2025-03-30 20:55:07,5c260c49,Tailgating,LiDAR points 6068,6068,-0.0017890330762924123,0.0023893467674268895,2.9656799238608755e-10,-106398.8125,-79653.046875,9.8100004196167,0.0,0.0,0.0,No
2025-03-30 20:55:07,cda6e947,Aggressive Acceleration,Acceleration 9.81 m/s²,5340,-0.0017530502965854566,0.0017716696137173374,2.4744901239159844e-08,78894.8203125,78053.0546875,9.809990882873535,0.0,0.0,0.0,No
2025-03-30 20:55:07,cda6e947,Tailgating,LiDAR points 5340,5340,-0.0017530502965854566,0.0017716696137173374,2.4744901239159844e-08,78894.8203125,78053.0546875,9.809990882873535,0.0,0.0,0.0,No
2025-03-30 20:55:07,58f65db3,Aggressive Acceleration,Acceleration 9.81 m/s²,5168,-0.0017889989453578892,0.0019709580961270413,-2.555481461207279e-14,-87768.8984375,-79653.0390625,9.8100004196167,0.0,0.0,0.0,No
2025-03-30 20:55:07,58f65db3,Tailgating,LiDAR points 5168,5168,-0.0017889989453578892,0.0019709580961270413,-2.555481461207279e-14,-87768.8984375,-79653.0390625,9.8100004196167,0.0,0.0,0.0,No
2025-03-30 20:55:07,f90c3470,Aggressive Acceleration,Acceleration 9.81 m/s²,5924,-0.001753010682762124,0.001287117916315639,4.8087208881497645e-08,57318.8125,78053.03125,9.809981346130371,0.0,0.0,0.0,No
2025-03-30 20:55:07,f90c3470,Tailgating,LiDAR points 5924,5924,-0.001753010682762124,0.001287117916315639,4.8087208881497645e-08,57318.8125,78053.03125,9.809981346130371,0.0,0.0,0.0,No
2025-03-30 20:55:07,d23e6b94,Aggressive Acceleration,Acceleration 9.81 m/s²,5024,-0.0017889727646007714,0.0016492376950949235,-2.3687241404446446e-12,-72843.390625,-79653.0390625,9.8100004196167,0.0,0.0,0.0,No
2025-03-30 20:55:07,d23e6b94,Tailgating,LiDAR points 5024,5024,-0.0017889727646007714,0.0016492376950949235,-2.3687241404446446e-12,-72843.390625,-79653.0390625,9.8100004196167,0.0,0.0,0.0,No
2025-03-30 20:55:07,8c837c22,Aggressive Acceleration,Acceleration 9.81 m/s²,6100,-0.001752990259035414,0.00103660013179918,5.483684617502149e-08,142.4749298095703,0.0034846123307943344,9.809998512268066,0.0,0.0,0.0,No
2025-03-30 20:55:07,8c837c22,Tailgating,LiDAR points 6100,6100,-0.001752990259035414,0.00103660013179918,5.483684617502149e-08,142.4749298095703,0.0034846123307943344,9.809998512268066,0.0,0.0,0.0,No
2025-03-30 20:55:07,be1b45a2,Running Red Light,Traffic light was red,5476,-0.0029698191428906284,0.0016678944326141837,-8.331597217692277e-11,-74281.78125,-132231.546875,9.8100004196167,0.0,0.0,0.0,No
2025-03-30 20:55:07,be1b45a2,Aggressive Acceleration,Acceleration 9.81 m/s²,5476,-0.0029698191428906284,0.0016678944326141837,-8.331597217692277e-11,-74281.78125,-132231.546875,9.8100004196167,0.0,0.0,0.0,No
2025-03-30 20:55:07,be1b45a2,Tailgating,LiDAR points 5476,5476,-0.0029698191428906284,0.0016678944326141837,-8.331597217692277e-11,-74281.78125,-132231.546875,9.8100004196167,0.0,0.0,0.0,No
2025-03-30 21:12:40,3f10d1b4,Aggressive Acceleration,Acceleration 9.81 m/s²,5800,-0.0025542241371994123,0.0030069154971572947,1.3868022961105453e-06,0.0,0.0,9.8100004196167,1.8615199337546073e-07,-1.8637690857303824e-07,-5.9721041907323524e-06,No
2025-03-30 21:12:40,3f10d1b4,Tailgating,LiDAR points 5800,5800,-0.0025542241371994123,0.0030069154971572947,1.3868022961105453e-06,0.0,0.0,9.8100004196167,1.8615199337546073e-07,-1.8637690857303824e-07,-5.9721041907323524e-06,No
2025-03-30 21:12:41,6321b210,Aggressive Acceleration,Acceleration 9.81 m/s²,5708,-0.0011993123124938165,0.002774525763323724,-0.00013309369387570769,0.0,0.0,9.8100004196167,0.0,0.0,0.0,No
2025-03-30 21:12:41,6321b210,Tailgating,LiDAR points 5708,5708,-0.0011993123124938165,0.002774525763323724,-0.00013309369387570769,0.0,0.0,9.8100004196167,0.0,0.0,0.0,No
2025-03-30 21:12:41,7d54ffb3,Aggressive Acceleration,Acceleration 9.81 m/s²,5296,-0.0011632674391393039,0.002507758637426767,2.07264947675867e-05,0.0,0.0,9.8100004196167,0.0,0.0,0.0,No
2025-03-30 21:12:41,7d54ffb3,Tailgating,LiDAR points 5296,5296,-0.0011632674391393039,0.002507758637426767,2.07264947675867e-05,0.0,0.0,9.8100004196167,0.0,0.0,0.0,No
2025-03-30 21:12:41,77dd06ba,Aggressive Acceleration,Acceleration 9.81 m/s²,5752,-0.0005342553192377864,0.002799904102189934,-1.4725996777542605e-07,0.0,0.0,9.8100004196167,0.0,0.0,0.0,No
2025-03-30 21:12:41,77dd06ba,Tailgating,LiDAR points 5752,5752,-0.0005342553192377864,0.002799904102189934,-1.4725996777542605e-07,0.0,0.0,9.8100004196167,0.0,0.0,0.0,No
2025-03-30 21:12:41,3285707f,Aggressive Acceleration,Acceleration 9.81 m/s²,5920,-0.0004983648575063171,0.002453749514464002,5.465768637691326e-08,242.75,0.0020746923983097076,9.80998706817627,0.0,0.0,0.0,No
2025-03-30 21:12:41,3285707f,Tailgating,LiDAR points 5920,5920,-0.0004983648575063171,0.002453749514464002,5.465768637691326e-08,242.75,0.0020746923983097076,9.80998706817627,0.0,0.0,0.0,No
2025-03-30 21:12:41,84f5811e,Aggressive Acceleration,Acceleration 9.81 m/s²,5752,-0.0005342737554201449,0.002648724888241793,-2.700985435311054e-09,0.0,0.0,9.8100004196167,0.0,0.0,0.0,No
2025-03-30 21:12:41,84f5811e,Tailgating,LiDAR points 5752,5752,-0.0005342737554201449,0.002648724888241793,-2.700985435311054e-09,0.0,0.0,9.8100004196167,0.0,0.0,0.0,No
2025-03-30 21:12:41,426fca71,Aggressive Acceleration,Acceleration 9.81 m/s²,5816,-0.0004984003934254133,0.002162152200766081,1.3806013043904386e-07,0.0,0.0,9.8100004196167,0.0,0.0,0.0,No
2025-03-30 21:12:41,426fca71,Tailgating,LiDAR points 5816,5816,-0.0004984003934254133,0.002162152200766081,1.3806013043904386e-07,0.0,0.0,9.8100004196167,0.0,0.0,0.0,No
2025-03-30 21:12:41,3c448667,Aggressive Acceleration,Acceleration 9.81 m/s²,5772,-0.0005343005872617823,0.002428215461766805,-7.817868574733211e-10,0.0,0.0,9.8100004196167,0.0,0.0,0.0,No
2025-03-30 21:12:41,3c448667,Tailgating,LiDAR points 5772,5772,-0.0005343005872617823,0.002428215461766805,-7.817868574733211e-10,0.0,0.0,9.8100004196167,0.0,0.0,0.0,No
2025-03-30 21:12:41,07e405cb,Aggressive Acceleration,Acceleration 9.81 m/s²,6076,-0.0004984386365265436,0.001848344831203222,3.961889660786255e-08,66.66999816894531,0.0006225323304533958,9.809999465942383,0.0,0.0,0.0,No
2025-03-30 21:12:41,07e405cb,Tailgating,LiDAR points 6076,6076,-0.0004984386365265436,0.001848344831203222,3.961889660786255e-08,66.66999816894531,0.0006225323304533958,9.809999465942383,0.0,0.0,0.0,No
2025-03-30 21:12:41,c2d00ec0,Aggressive Acceleration,Acceleration 9.81 m/s²,5888,-0.0005343278303371335,0.002205008046440296,-1.2016467682007814e-11,-228.69000244140625,0.0021060442086309195,9.8100004196167,0.0,0.0,0.0,No
2025-03-30 21:12:41,c2d00ec0,Tailgating,LiDAR points 5888,5888,-0.0005343278303371335,0.002205008046440296,-1.2016467682007814e-11,-228.69000244140625,0.0021060442086309195,9.8100004196167,0.0,0.0,0.0,No
2025-03-30 21:12:41,abd28d36,Aggressive Acceleration,Acceleration 9.81 m/s²,5856,-0.0004984593001466919,0.0016973279105437162,0.00012677122140303254,0.0,0.0,9.8100004196167,0.0,0.0,0.0,No
2025-03-30 21:12:41,abd28d36,Tailgating,LiDAR points 5856,5856,-0.0004984593001466919,0.0016973279105437162,0.00012677122140303254,0.0,0.0,9.8100004196167,0.0,0.0,0.0,No
2025-03-30 21:12:41,d1150f65,Aggressive Acceleration,Acceleration 9.81 m/s²,5640,-0.001857567174440078,0.0008302107011875459,7.155235071110155e-09,0.0,0.0,9.8100004196167,0.0,0.0,0.0,No
2025-03-30 21:12:41,d1150f65,Tailgating,LiDAR points 5640,5640,-0.001857567174440078,0.0008302107011875459,7.155235071110155e-09,0.0,0.0,9.8100004196167,0.0,0.0,0.0,No
2025-03-30 21:12:41,be987d4d,Aggressive Acceleration,Acceleration 9.81 m/s²,6024,-0.0004984762970821066,0.0016163446560911883,-5.05360949318856e-05,0.0,0.0,9.8100004196167,0.0,0.0,0.0,No
2025-03-30 21:12:41,be987d4d,Tailgating,LiDAR points 6024,6024,-0.0004984762970821066,0.0016163446560911883,-5.05360949318856e-05,0.0,0.0,9.8100004196167,0.0,0.0,0.0,No
2025-03-30 21:12:41,151cb8bd,Aggressive Acceleration,Acceleration 9.81 m/s²,5636,-0.00038725107955883686,0.0013836529525660106,1.1427442586864345e-05,-97.08256530761719,-0.0020904541015625,9.810381889343262,-3.720761867498368e-07,3.729811055563914e-07,1.1938389434362762e-05,No
2025-03-30 21:12:41,151cb8bd,Tailgating,LiDAR points 5636,5636,-0.00038725107955883686,0.0013836529525660106,1.1427442586864345e-05,-97.08256530761719,-0.0020904541015625,9.810381889343262,-3.720761867498368e-07,3.729811055563914e-07,1.1938389434362762e-05,No
2025-03-30 21:12:41,f5c66a27,Aggressive Acceleration,Acceleration 9.81 m/s²,5980,-0.0011625861911284119,0.0009837330930263697,3.6429533167847694e-08,0.0,0.0,9.8100004196167,0.0,0.0,0.0,No
2025-03-30 21:12:41,f5c66a27,Tailgating,LiDAR points 5980,5980,-0.0011625861911284119,0.0009837330930263697,3.6429533167847694e-08,0.0,0.0,9.8100004196167,0.0,0.0,0.0,No
2025-03-30 21:12:41,4a9727cc,Aggressive Acceleration,Acceleration 9.81 m/s²,5736,-0.001199032000172906,0.002131988265965657,1.6012640383651335e-16,0.0,0.0,9.8100004196167,0.0,0.0,0.0,No
2025-03-30 21:12:41,4a9727cc,Tailgating,LiDAR points 5736,5736,-0.001199032000172906,0.002131988265965657,1.6012640383651335e-16,0.0,0.0,9.8100004196167,0.0,0.0,0.0,No
2025-03-30 21:12:41,9974e295,Aggressive Acceleration,Acceleration 9.81 m/s²,5340,-0.00010365474619788984,0.0014199300259530375,-1.4958349936478044e-07,0.0,0.0,9.8100004196167,0.0,0.0,0.0,No
2025-03-30 21:12:41,9974e295,Tailgating,LiDAR points 5340,5340,-0.00010365474619788984,0.0014199300259530375,-1.4958349936478044e-07,0.0,0.0,9.8100004196167,0.0,0.0,0.0,No
2025-03-30 21:12:41,62613bd9,Aggressive Acceleration,Acceleration 9.81 m/s²,6024,-0.001789076116921251,0.0029205570999509428,5.403930081193664e-10,0.0,0.0,9.8100004196167,0.0,0.0,0.0,No
2025-03-30 21:12:41,62613bd9,Tailgating,LiDAR points 6024,6024,-0.001789076116921251,0.0029205570999509428,5.403930081193664e-10,0.0,0.0,9.8100004196167,0.0,0.0,0.0,No
2025-03-30 21:12:41,644d408b,Aggressive Acceleration,Acceleration 9.81 m/s²,5848,-0.001753071953984886,0.0020379064079135106,1.3531118447929202e-08,0.0,0.0,9.8100004196167,0.0,0.0,0.0,No
2025-03-30 21:12:41,644d408b,Tailgating,LiDAR points 5848,5848,-0.001753071953984886,0.0020379064079135106,1.3531118447929202e-08,0.0,0.0,9.8100004196167,0.0,0.0,0.0,No
2025-03-30 21:12:41,4bd991fd,Aggressive Acceleration,Acceleration 9.81 m/s²,6128,-0.0017890662477384467,0.0027979563085822464,7.164260254414036e-16,0.0,0.0,9.8100004196167,0.0,0.0,0.0,No
2025-03-30 21:12:41,4bd991fd,Tailgating,LiDAR points 6128,6128,-0.0017890662477384467,0.0027979563085822464,7.164260254414036e-16,0.0,0.0,9.8100004196167,0.0,0.0,0.0,No
2025-03-30 21:12:41,5e07b551,Aggressive Acceleration,Acceleration 9.81 m/s²,5416,-0.0017530404274026523,0.0016539321381263145,8.314575694612358e-08,299.994873046875,0.0007532276213169098,9.809990882873535,0.0,0.0,0.0,No
2025-03-30 21:12:41,5e07b551,Tailgating,LiDAR points 5416,5416,-0.0017530404274026523,0.0016539321381263145,8.314575694612358e-08,299.994873046875,0.0007532276213169098,9.809990882873535,0.0,0.0,0.0,No
2025-03-30 21:12:42,67ec0ebd,Aggressive Acceleration,Acceleration 9.81 m/s²,6032,-0.002255525807044023,0.0007941839213351872,2.163598727261684e-12,0.0,0.0,9.8100004196167,-5.678657544194721e-11,3.725289161593537e-07,-5.960463568044361e-06,No
2025-03-30 21:12:42,67ec0ebd,Tailgating,LiDAR points 6032,6032,-0.002255525807044023,0.0007941839213351872,2.163598727261684e-12,0.0,0.0,9.8100004196167,-5.678657544194721e-11,3.725289161593537e-07,-5.960463568044361e-06,No
2025-03-30 21:12:42,b7f56e2c,Aggressive Acceleration,Acceleration 9.81 m/s²,5204,-0.0017890559673361395,0.0026718914327622154,3.766240570659165e-21,0.0,0.0,9.8100004196167,0.0,0.0,0.0,No
2025-03-30 21:12:42,b7f56e2c,Tailgating,LiDAR points 5204,5204,-0.0017890559673361395,0.0026718914327622154,3.766240570659165e-21,0.0,0.0,9.8100004196167,0.0,0.0,0.0,No
2025-03-30 21:12:42,d31c091f,Aggressive Acceleration,Acceleration 9.81 m/s²,5736,-0.0017530163027288381,0.0013544397493956302,1.2925039527544868e-07,0.0,0.0,9.8100004196167,0.0,0.0,0.0,No
2025-03-30 21:12:42,d31c091f,Tailgating,LiDAR points 5736,5736,-0.0017530163027288381,0.0013544397493956302,1.2925039527544868e-07,0.0,0.0,9.8100004196167,0.0,0.0,0.0,No
2025-03-30 21:12:42,b8a4264c,Aggressive Acceleration,Acceleration 9.81 m/s²,6092,-0.001789034721156213,0.0024109855070527813,-4.527104769898112e-29,233.61000061035156,-0.003983021713793278,9.8100004196167,0.0,0.0,0.0,No
2025-03-30 21:12:42,b8a4264c,Tailgating,LiDAR points 6092,6092,-0.001789034721156213,0.0024109855070527813,-4.527104769898112e-29,233.61000061035156,-0.003983021713793278,9.8100004196167,0.0,0.0,0.0,No
2025-03-30 21:12:42,e7fa4fdd,Aggressive Acceleration,Acceleration 9.81 m/s²,5768,-0.001752988340030015,0.001012899143416944,1.8455608596923412e-08,0.0,0.0,9.8100004196167,0.0,0.0,0.0,No
2025-03-30 21:12:42,e7fa4fdd,Tailgating,LiDAR points 5768,5768,-0.001752988340030015,0.001012899143416944,1.8455608596923412e-08,0.0,0.0,9.8100004196167,0.0,0.0,0.0,No
2025-03-30 21:12:42,c8d96ef5,Aggressive Acceleration,Acceleration 9.81 m/s²,4952,-0.0017890111447798063,0.002120853219257672,-1.1838666099947468e-25,0.0,0.0,9.8100004196167,0.0,0.0,0.0,No
2025-03-30 21:12:42,c8d96ef5,Tailgating,LiDAR points 4952,4952,-0.0017890111447798063,0.002120853219257672,-1.1838666099947468e-25,0.0,0.0,9.8100004196167,0.0,0.0,0.0,No
2025-03-30 21:12:42,1aa60129,Aggressive Acceleration,Acceleration 9.81 m/s²,5492,-0.0017879815967347668,0.0008182592534431512,4.0203860862675356e-07,299.9975280761719,-9.1552734375e-05,9.810052871704102,0.0,0.0,0.0,No
2025-03-30 21:12:42,1aa60129,Tailgating,LiDAR points 5492,5492,-0.0017879815967347668,0.0008182592534431512,4.0203860862675356e-07,299.9975280761719,-9.1552734375e-05,9.810052871704102,0.0,0.0,0.0,No
2025-03-30 21:12:42,2b4fe418,Aggressive Acceleration,Acceleration 9.81 m/s²,5732,-0.002969874519990867,0.0021866715091932074,-3.9238966944869915e-23,0.0,0.0,9.8100004196167,0.0,0.0,0.0,No
2025-03-30 21:12:42,2b4fe418,Tailgating,LiDAR points 5732,5732,-0.002969874519990867,0.0021866715091932074,-3.9238966944869915e-23,0.0,0.0,9.8100004196167,0.0,0.0,0.0,No
