Timestamp,Vehicle_ID,Lidar Points,Latitude,Longitude,Altitude,Accel X,Accel Y,Accel Z,Gyro X,Gyro Y,Gyro Z,Collision
1739510968.0879295,24,5132,-0.00045779365996168053,-0.0009640044521987271,0.020330484956502914,20925.12109375,42665.6875,42.870445251464844,-2.3424159735441208e-05,0.0012718264479190111,0.0012241632211953402,No
1739510968.0879295,25,5560,-0.00025512797965632217,0.0007093899957925463,0.0024281120859086514,-0.05444549769163132,-0.00019114067254122347,9.809849739074707,-0.00013327486522030085,-0.09369157999753952,-9.7940073828795e-06,No
1739510968.0879295,26,5124,-0.00045378642758464593,-0.0009639615486519849,0.02034604921936989,8755.83203125,58865.69921875,18.31694221496582,0.0016309504862874746,-0.0011414423352107406,0.019999206066131592,No
1739510968.0879295,27,5108,-0.0005096139481395312,-0.0009644599425687725,-0.015375785529613495,0,0,0,0,0,0,No
1739510968.0879295,28,5308,-0.001229104096708511,0.0006428556415497236,0.01923011802136898,-6.792665226384997e-05,0.010857800953090191,9.8099946975708,-0.002093969378620386,0.0012390298070386052,-0.1119055300951004,No
1739510968.0879295,29,0,0,0,0,-5.225121640251018e-06,-2.440555313398818e-09,9.8100004196167,5.382615242410793e-08,1.8203257567961373e-08,-6.086273249706481e-14,No
1739510968.0879295,30,5540,-0.00025515537693365786,0.0007171970705792761,0.0013545226538553834,0.3081454634666443,0.0507359504699707,9.817866325378418,0.0003038466675207019,0.0019422797486186028,0.014666738919913769,No
1739510968.0879295,31,5184,-0.0004526717577988393,-0.0009324959092776412,-0.004118804819881916,0.009152060374617577,8.88267531991005e-05,9.809996604919434,4.248833283782005e-05,0.0010812791297212243,0.002397583331912756,No
1739510968.0879295,32,5836,0,0,0,0.008694808930158615,-8.656969293951988e-05,9.809996604919434,0.0,0.0,0.0,No
1739510968.0879295,33,5548,-0.00011785743932080095,-0.000208181407584308,0.01047672238200903,0,0,0,0,0,0,No
1739510968.0879295,34,5680,-0.0010820809068547987,-0.000779355400126433,0.019267749041318893,0.0022981464862823486,0.368283212184906,9.802817344665527,0.0043740179389715195,-0.000960164237767458,0.07673152536153793,No
1739510968.0879295,35,0,-0.0012622995165969542,-0.00026572662921843835,0.00283222203142941,-0.0040808203630149364,-0.0011156951077282429,9.809999465942383,-0.0008451470057480037,0.025348978117108345,0.0755126103758812,No
1739510968.0879295,36,5920,0,0,0,0.042565248906612396,-0.00028042608755640686,9.809907913208008,0.00010742030281107873,5.9292757214279845e-05,-0.002257879124954343,No
1739510968.0879295,37,5684,-0.0011869777484037058,-8.659495783658197e-05,-0.029740313068032265,0,0,0,0,0,0,No
1739510968.0879295,38,4904,-0.0009257436722833745,-0.0009173510943496936,0.033991698175668716,0.002596162725239992,0.014839338138699532,9.809988975524902,-8.100271224975586e-05,-0.004872883670032024,0.20542261004447937,No
1739510968.0879295,39,5396,0.0005791273574260458,1.9145673465679668e-05,-0.01872512698173523,3.384908676147461,-0.005411863327026367,9.817721366882324,2.0533858332782984e-05,0.000737697584554553,-0.0016314643435180187,No
1739510968.0879295,40,5948,0,0,0,-0.003960642497986555,-0.011645018123090267,9.809992790222168,0.002526175230741501,-0.001973127480596304,-0.09316137433052063,No
1739510968.0879295,41,4944,0.0005791476441032728,1.7242550348927098e-05,-0.01888778619468212,0,0,0,0,0,0,No
1739510968.0879295,42,5120,-0.00022011171196822943,-0.0005869235350174838,0.0034906005021184683,0.10945175588130951,-0.0018593687564134598,9.8093900680542,0.00015516173152718693,0.0013335084076970816,-6.525656499434263e-05,No
1739510968.0892863,43,4852,0,0,0,0,0,0,0,0,0,No
1739510968.6074953,24,5132,-0.00045779365996168053,-0.0009640044521987271,0.020330484956502914,20925.12109375,42665.6875,42.870445251464844,-2.3424159735441208e-05,0.0012718264479190111,0.0012241632211953402,No
1739510968.6080055,25,5560,-0.00025512797965632217,0.0007093899957925463,0.0024281120859086514,-0.05444549769163132,-0.00019114067254122347,9.809849739074707,-0.00013327486522030085,-0.09369157999753952,-9.7940073828795e-06,No
1739510968.6080055,26,5124,-0.00045378642758464593,-0.0009639615486519849,0.02034604921936989,8755.83203125,58865.69921875,18.31694221496582,0.0016309504862874746,-0.0011414423352107406,0.019999206066131592,No
1739510968.6080055,27,5108,-0.0005096139481395312,-0.0009644599425687725,-0.015375785529613495,0,0,0,0,0,0,No
1739510968.6080055,28,5308,-0.001229104096708511,0.0006428556415497236,0.01923011802136898,-6.792665226384997e-05,0.010857800953090191,9.8099946975708,-0.002093969378620386,0.0012390298070386052,-0.1119055300951004,No
1739510968.6080055,29,0,0,0,0,-5.225121640251018e-06,-2.440555313398818e-09,9.8100004196167,5.382615242410793e-08,1.8203257567961373e-08,-6.086273249706481e-14,No
1739510968.609537,30,5540,-0.00025515537693365786,0.0007171970705792761,0.0013545226538553834,0.3081454634666443,0.0507359504699707,9.817866325378418,0.0003038466675207019,0.0019422797486186028,0.014666738919913769,No
1739510968.609537,31,5184,-0.0004526717577988393,-0.0009324959092776412,-0.004118804819881916,0.009152060374617577,8.88267531991005e-05,9.809996604919434,4.248833283782005e-05,0.0010812791297212243,0.002397583331912756,No
1739510968.609537,32,5836,0,0,0,0.008694808930158615,-8.656969293951988e-05,9.809996604919434,0.0,0.0,0.0,No
1739510968.609537,33,5548,-0.00011785743932080095,-0.000208181407584308,0.01047672238200903,0,0,0,0,0,0,No
1739510968.609537,34,5680,-0.0010820809068547987,-0.000779355400126433,0.019267749041318893,0.0022981464862823486,0.368283212184906,9.802817344665527,0.0043740179389715195,-0.000960164237767458,0.07673152536153793,No
1739510968.609537,35,0,-0.0012622995165969542,-0.00026572662921843835,0.00283222203142941,-0.0040808203630149364,-0.0011156951077282429,9.809999465942383,-0.0008451470057480037,0.025348978117108345,0.0755126103758812,No
1739510968.609537,36,5920,0,0,0,0.042565248906612396,-0.00028042608755640686,9.809907913208008,0.00010742030281107873,5.9292757214279845e-05,-0.002257879124954343,No
1739510968.609537,37,5684,-0.0011869777484037058,-8.659495783658197e-05,-0.029740313068032265,0,0,0,0,0,0,No
1739510968.609537,38,4904,-0.0009257436722833745,-0.0009173510943496936,0.033991698175668716,0.002596162725239992,0.014839338138699532,9.809988975524902,-8.100271224975586e-05,-0.004872883670032024,0.20542261004447937,No
1739510968.609537,39,5396,0.0005791273574260458,1.9145673465679668e-05,-0.01872512698173523,3.384908676147461,-0.005411863327026367,9.817721366882324,2.0533858332782984e-05,0.000737697584554553,-0.0016314643435180187,No
1739510968.609537,40,5948,0,0,0,-0.003960642497986555,-0.011645018123090267,9.809992790222168,0.002526175230741501,-0.001973127480596304,-0.09316137433052063,No
1739510968.6100476,41,4944,0.0005791476441032728,1.7242550348927098e-05,-0.01888778619468212,0,0,0,0,0,0,No
1739510968.6100476,42,5120,-0.00022011171196822943,-0.0005869235350174838,0.0034906005021184683,0.10945175588130951,-0.0018593687564134598,9.8093900680542,0.00015516173152718693,0.0013335084076970816,-6.525656499434263e-05,No
1739510968.6100476,43,5288,0.0003504666340319318,-0.00040582697885866104,-0.05466148257255554,0.15778957307338715,0.04669218510389328,9.798383712768555,-0.002842915942892432,0.0254126638174057,0.07398095726966858,No
1739510969.1144116,24,5132,-0.00045779365996168053,-0.0009640044521987271,0.020330484956502914,20925.12109375,42665.6875,42.870445251464844,-2.3424159735441208e-05,0.0012718264479190111,0.0012241632211953402,No
1739510969.1144116,25,5560,-0.00025512797965632217,0.0007093899957925463,0.0024281120859086514,-0.05444549769163132,-0.00019114067254122347,9.809849739074707,-0.00013327486522030085,-0.09369157999753952,-9.7940073828795e-06,No
1739510969.1144116,26,5124,-0.00045378642758464593,-0.0009639615486519849,0.02034604921936989,8755.83203125,58865.69921875,18.31694221496582,0.0016309504862874746,-0.0011414423352107406,0.019999206066131592,No
1739510969.1144116,27,5108,-0.0005096139481395312,-0.0009644599425687725,-0.015375785529613495,0,0,0,0,0,0,No
1739510969.1144116,28,5308,-0.001229104096708511,0.0006428556415497236,0.01923011802136898,-6.792665226384997e-05,0.010857800953090191,9.8099946975708,-0.002093969378620386,0.0012390298070386052,-0.1119055300951004,No
1739510969.1154108,29,0,0,0,0,-5.225121640251018e-06,-2.440555313398818e-09,9.8100004196167,5.382615242410793e-08,1.8203257567961373e-08,-6.086273249706481e-14,No
1739510969.1154108,30,5540,-0.00025515537693365786,0.0007171970705792761,0.0013545226538553834,0.3081454634666443,0.0507359504699707,9.817866325378418,0.0003038466675207019,0.0019422797486186028,0.014666738919913769,No
1739510969.1154108,31,5184,-0.0004526717577988393,-0.0009324959092776412,-0.004118804819881916,0.009152060374617577,8.88267531991005e-05,9.809996604919434,4.248833283782005e-05,0.0010812791297212243,0.002397583331912756,No
1739510969.1154108,32,5836,0,0,0,0.008694808930158615,-8.656969293951988e-05,9.809996604919434,0.0,0.0,0.0,No
1739510969.1154108,33,5548,-0.00011785743932080095,-0.000208181407584308,0.01047672238200903,0,0,0,0,0,0,No
1739510969.1154108,34,5680,-0.0010820809068547987,-0.000779355400126433,0.019267749041318893,0.0022981464862823486,0.368283212184906,9.802817344665527,0.0043740179389715195,-0.000960164237767458,0.07673152536153793,No
1739510969.1154108,35,0,-0.0012622995165969542,-0.00026572662921843835,0.00283222203142941,-0.0040808203630149364,-0.0011156951077282429,9.809999465942383,-0.0008451470057480037,0.025348978117108345,0.0755126103758812,No
1739510969.1154108,36,5920,0,0,0,0.042565248906612396,-0.00028042608755640686,9.809907913208008,0.00010742030281107873,5.9292757214279845e-05,-0.002257879124954343,No
1739510969.1154108,37,5684,-0.0011869777484037058,-8.659495783658197e-05,-0.029740313068032265,0,0,0,0,0,0,No
1739510969.1154108,38,4904,-0.0009257436722833745,-0.0009173510943496936,0.033991698175668716,0.002596162725239992,0.014839338138699532,9.809988975524902,-8.100271224975586e-05,-0.004872883670032024,0.20542261004447937,No
1739510969.1154108,39,5396,0.0005791273574260458,1.9145673465679668e-05,-0.01872512698173523,3.384908676147461,-0.005411863327026367,9.817721366882324,2.0533858332782984e-05,0.000737697584554553,-0.0016314643435180187,No
1739510969.1154108,40,5948,0,0,0,-0.003960642497986555,-0.011645018123090267,9.809992790222168,0.002526175230741501,-0.001973127480596304,-0.09316137433052063,No
1739510969.1154108,41,4944,0.0005791476441032728,1.7242550348927098e-05,-0.01888778619468212,0,0,0,0,0,0,No
1739510969.1154108,42,5120,-0.00022011171196822943,-0.0005869235350174838,0.0034906005021184683,0.10945175588130951,-0.0018593687564134598,9.8093900680542,0.00015516173152718693,0.0013335084076970816,-6.525656499434263e-05,No
1739510969.1154108,43,4764,-0.0008085815565834764,-0.0009209109921530182,-0.021378401666879654,-0.027616120874881744,0.12219880521297455,9.810501098632812,-0.009526921436190605,0.00046553835272789,0.08251478523015976,No
1739510969.62846,24,5132,-0.00045779365996168053,-0.0009640044521987271,0.020330484956502914,20925.12109375,42665.6875,42.870445251464844,-2.3424159735441208e-05,0.0012718264479190111,0.0012241632211953402,No
1739510969.62846,25,5560,-0.00025512797965632217,0.0007093899957925463,0.0024281120859086514,-0.05444549769163132,-0.00019114067254122347,9.809849739074707,-0.00013327486522030085,-0.09369157999753952,-9.7940073828795e-06,No
1739510969.62846,26,5124,-0.00045378642758464593,-0.0009639615486519849,0.02034604921936989,8755.83203125,58865.69921875,18.31694221496582,0.0016309504862874746,-0.0011414423352107406,0.019999206066131592,No
1739510969.62846,27,5108,-0.0005096139481395312,-0.0009644599425687725,-0.015375785529613495,0,0,0,0,0,0,No
1739510969.62846,28,5308,-0.001229104096708511,0.0006428556415497236,0.01923011802136898,-6.792665226384997e-05,0.010857800953090191,9.8099946975708,-0.002093969378620386,0.0012390298070386052,-0.1119055300951004,No
1739510969.62846,29,0,0,0,0,-5.225121640251018e-06,-2.440555313398818e-09,9.8100004196167,5.382615242410793e-08,1.8203257567961373e-08,-6.086273249706481e-14,No
1739510969.62846,30,5540,-0.00025515537693365786,0.0007171970705792761,0.0013545226538553834,0.3081454634666443,0.0507359504699707,9.817866325378418,0.0003038466675207019,0.0019422797486186028,0.014666738919913769,No
1739510969.62846,31,5184,-0.0004526717577988393,-0.0009324959092776412,-0.004118804819881916,0.009152060374617577,8.88267531991005e-05,9.809996604919434,4.248833283782005e-05,0.0010812791297212243,0.002397583331912756,No
1739510969.62846,32,5836,0,0,0,0.008694808930158615,-8.656969293951988e-05,9.809996604919434,0.0,0.0,0.0,No
1739510969.62846,33,5548,-0.00011785743932080095,-0.000208181407584308,0.01047672238200903,0,0,0,0,0,0,No
1739510969.62846,34,5680,-0.0010820809068547987,-0.000779355400126433,0.019267749041318893,0.0022981464862823486,0.368283212184906,9.802817344665527,0.0043740179389715195,-0.000960164237767458,0.07673152536153793,No
1739510969.62846,35,0,-0.0012622995165969542,-0.00026572662921843835,0.00283222203142941,-0.0040808203630149364,-0.0011156951077282429,9.809999465942383,-0.0008451470057480037,0.025348978117108345,0.0755126103758812,No
1739510969.62846,36,5920,0,0,0,0.042565248906612396,-0.00028042608755640686,9.809907913208008,0.00010742030281107873,5.9292757214279845e-05,-0.002257879124954343,No
1739510969.62846,37,5684,-0.0011869777484037058,-8.659495783658197e-05,-0.029740313068032265,0,0,0,0,0,0,No
1739510969.62846,38,4904,-0.0009257436722833745,-0.0009173510943496936,0.033991698175668716,0.002596162725239992,0.014839338138699532,9.809988975524902,-8.100271224975586e-05,-0.004872883670032024,0.20542261004447937,No
1739510969.62846,39,5396,0.0005791273574260458,1.9145673465679668e-05,-0.01872512698173523,3.384908676147461,-0.005411863327026367,9.817721366882324,2.0533858332782984e-05,0.000737697584554553,-0.0016314643435180187,No
1739510969.62846,40,5948,0,0,0,-0.003960642497986555,-0.011645018123090267,9.809992790222168,0.002526175230741501,-0.001973127480596304,-0.09316137433052063,No
1739510969.62846,41,4944,0.0005791476441032728,1.7242550348927098e-05,-0.01888778619468212,0,0,0,0,0,0,No
1739510969.6294603,42,5120,-0.00022011171196822943,-0.0005869235350174838,0.0034906005021184683,0.10945175588130951,-0.0018593687564134598,9.8093900680542,0.00015516173152718693,0.0013335084076970816,-6.525656499434263e-05,No
1739510969.6294603,43,5384,-0.0012626286265629005,-0.00021451487233207627,0.002832717727869749,0.15826135873794556,0.03557351231575012,9.798399925231934,-0.0016935898456722498,0.02537980116903782,0.07408683747053146,No
1739510970.1408505,24,5132,-0.00045779365996168053,-0.0009640044521987271,0.020330484956502914,20925.12109375,42665.6875,42.870445251464844,-2.3424159735441208e-05,0.0012718264479190111,0.0012241632211953402,No
1739510970.1408505,25,5560,-0.00025512797965632217,0.0007093899957925463,0.0024281120859086514,-0.05444549769163132,-0.00019114067254122347,9.809849739074707,-0.00013327486522030085,-0.09369157999753952,-9.7940073828795e-06,No
1739510970.1408505,26,5124,-0.00045378642758464593,-0.0009639615486519849,0.02034604921936989,8755.83203125,58865.69921875,18.31694221496582,0.0016309504862874746,-0.0011414423352107406,0.019999206066131592,No
1739510970.1408505,27,5108,-0.0005096139481395312,-0.0009644599425687725,-0.015375785529613495,0,0,0,0,0,0,No
1739510970.1408505,28,5308,-0.001229104096708511,0.0006428556415497236,0.01923011802136898,-6.792665226384997e-05,0.010857800953090191,9.8099946975708,-0.002093969378620386,0.0012390298070386052,-0.1119055300951004,No
1739510970.1408505,29,0,0,0,0,-5.225121640251018e-06,-2.440555313398818e-09,9.8100004196167,5.382615242410793e-08,1.8203257567961373e-08,-6.086273249706481e-14,No
1739510970.1418486,30,5540,-0.00025515537693365786,0.0007171970705792761,0.0013545226538553834,0.3081454634666443,0.0507359504699707,9.817866325378418,0.0003038466675207019,0.0019422797486186028,0.014666738919913769,No
1739510970.1418486,31,5184,-0.0004526717577988393,-0.0009324959092776412,-0.004118804819881916,0.009152060374617577,8.88267531991005e-05,9.809996604919434,4.248833283782005e-05,0.0010812791297212243,0.002397583331912756,No
1739510970.1418486,32,5836,0,0,0,0.008694808930158615,-8.656969293951988e-05,9.809996604919434,0.0,0.0,0.0,No
1739510970.1418486,33,5548,-0.00011785743932080095,-0.000208181407584308,0.01047672238200903,0,0,0,0,0,0,No
1739510970.1418486,34,5680,-0.0010820809068547987,-0.000779355400126433,0.019267749041318893,0.0022981464862823486,0.368283212184906,9.802817344665527,0.0043740179389715195,-0.000960164237767458,0.07673152536153793,No
1739510970.1418486,35,0,-0.0012622995165969542,-0.00026572662921843835,0.00283222203142941,-0.0040808203630149364,-0.0011156951077282429,9.809999465942383,-0.0008451470057480037,0.025348978117108345,0.0755126103758812,No
1739510970.1418486,36,5920,0,0,0,0.042565248906612396,-0.00028042608755640686,9.809907913208008,0.00010742030281107873,5.9292757214279845e-05,-0.002257879124954343,No
1739510970.1418486,37,5684,-0.0011869777484037058,-8.659495783658197e-05,-0.029740313068032265,0,0,0,0,0,0,No
1739510970.1418486,38,4904,-0.0009257436722833745,-0.0009173510943496936,0.033991698175668716,0.002596162725239992,0.014839338138699532,9.809988975524902,-8.100271224975586e-05,-0.004872883670032024,0.20542261004447937,No
1739510970.1418486,39,5396,0.0005791273574260458,1.9145673465679668e-05,-0.01872512698173523,3.384908676147461,-0.005411863327026367,9.817721366882324,2.0533858332782984e-05,0.000737697584554553,-0.0016314643435180187,No
1739510970.1418486,40,5948,0,0,0,-0.003960642497986555,-0.011645018123090267,9.809992790222168,0.002526175230741501,-0.001973127480596304,-0.09316137433052063,No
1739510970.1418486,41,4944,0.0005791476441032728,1.7242550348927098e-05,-0.01888778619468212,0,0,0,0,0,0,No
1739510970.1418486,42,5120,-0.00022011171196822943,-0.0005869235350174838,0.0034906005021184683,0.10945175588130951,-0.0018593687564134598,9.8093900680542,0.00015516173152718693,0.0013335084076970816,-6.525656499434263e-05,No
1739510970.1418486,43,5476,0.0005798990044638686,-5.303099405986136e-05,-0.018176650628447533,-0.7409356832504272,-0.00979427807033062,9.799650192260742,-0.00021504508913494647,-0.010947903618216515,-0.0006962064653635025,No
1739510970.6556277,24,5132,-0.00045779365996168053,-0.0009640044521987271,0.020330484956502914,20925.12109375,42665.6875,42.870445251464844,-2.3424159735441208e-05,0.0012718264479190111,0.0012241632211953402,No
1739510970.6556277,25,5560,-0.00025512797965632217,0.0007093899957925463,0.0024281120859086514,-0.05444549769163132,-0.00019114067254122347,9.809849739074707,-0.00013327486522030085,-0.09369157999753952,-9.7940073828795e-06,No
1739510970.657136,26,5124,-0.00045378642758464593,-0.0009639615486519849,0.02034604921936989,8755.83203125,58865.69921875,18.31694221496582,0.0016309504862874746,-0.0011414423352107406,0.019999206066131592,No
1739510970.657136,27,5108,-0.0005096139481395312,-0.0009644599425687725,-0.015375785529613495,0,0,0,0,0,0,No
1739510970.657136,28,5308,-0.001229104096708511,0.0006428556415497236,0.01923011802136898,-6.792665226384997e-05,0.010857800953090191,9.8099946975708,-0.002093969378620386,0.0012390298070386052,-0.1119055300951004,No
1739510970.657136,29,0,0,0,0,-5.225121640251018e-06,-2.440555313398818e-09,9.8100004196167,5.382615242410793e-08,1.8203257567961373e-08,-6.086273249706481e-14,No
1739510970.657136,30,5540,-0.00025515537693365786,0.0007171970705792761,0.0013545226538553834,0.3081454634666443,0.0507359504699707,9.817866325378418,0.0003038466675207019,0.0019422797486186028,0.014666738919913769,No
1739510970.657136,31,5184,-0.0004526717577988393,-0.0009324959092776412,-0.004118804819881916,0.009152060374617577,8.88267531991005e-05,9.809996604919434,4.248833283782005e-05,0.0010812791297212243,0.002397583331912756,No
1739510970.657136,32,5836,0,0,0,0.008694808930158615,-8.656969293951988e-05,9.809996604919434,0.0,0.0,0.0,No
1739510970.657136,33,5548,-0.00011785743932080095,-0.000208181407584308,0.01047672238200903,0,0,0,0,0,0,No
1739510970.657136,34,5680,-0.0010820809068547987,-0.000779355400126433,0.019267749041318893,0.0022981464862823486,0.368283212184906,9.802817344665527,0.0043740179389715195,-0.000960164237767458,0.07673152536153793,No
1739510970.657136,35,0,-0.0012622995165969542,-0.00026572662921843835,0.00283222203142941,-0.0040808203630149364,-0.0011156951077282429,9.809999465942383,-0.0008451470057480037,0.025348978117108345,0.0755126103758812,No
1739510970.657136,36,5920,0,0,0,0.042565248906612396,-0.00028042608755640686,9.809907913208008,0.00010742030281107873,5.9292757214279845e-05,-0.002257879124954343,No
1739510970.657136,37,5684,-0.0011869777484037058,-8.659495783658197e-05,-0.029740313068032265,0,0,0,0,0,0,No
1739510970.657136,38,4904,-0.0009257436722833745,-0.0009173510943496936,0.033991698175668716,0.002596162725239992,0.014839338138699532,9.809988975524902,-8.100271224975586e-05,-0.004872883670032024,0.20542261004447937,No
1739510970.657136,39,5396,0.0005791273574260458,1.9145673465679668e-05,-0.01872512698173523,3.384908676147461,-0.005411863327026367,9.817721366882324,2.0533858332782984e-05,0.000737697584554553,-0.0016314643435180187,No
1739510970.657136,40,5948,0,0,0,-0.003960642497986555,-0.011645018123090267,9.809992790222168,0.002526175230741501,-0.001973127480596304,-0.09316137433052063,No
1739510970.657136,41,4944,0.0005791476441032728,1.7242550348927098e-05,-0.01888778619468212,0,0,0,0,0,0,No
1739510970.657136,42,5120,-0.00022011171196822943,-0.0005869235350174838,0.0034906005021184683,0.10945175588130951,-0.0018593687564134598,9.8093900680542,0.00015516173152718693,0.0013335084076970816,-6.525656499434263e-05,No
1739510970.657136,43,5628,7.668966144080969e-05,-0.00047005783756473633,0.0014008712023496628,7.0166588557185605e-06,2.2737367544323206e-13,9.8100004196167,-3.01295841609317e-07,-1.0893143098655855e-07,8.715497767930458e-11,No
1739510971.1698284,24,5132,-0.00045779365996168053,-0.0009640044521987271,0.020330484956502914,20925.12109375,42665.6875,42.870445251464844,-2.3424159735441208e-05,0.0012718264479190111,0.0012241632211953402,No
1739510971.1698284,25,5560,-0.00025512797965632217,0.0007093899957925463,0.0024281120859086514,-0.05444549769163132,-0.00019114067254122347,9.809849739074707,-0.00013327486522030085,-0.09369157999753952,-9.7940073828795e-06,No
1739510971.1698284,26,5124,-0.00045378642758464593,-0.0009639615486519849,0.02034604921936989,8755.83203125,58865.69921875,18.31694221496582,0.0016309504862874746,-0.0011414423352107406,0.019999206066131592,No
1739510971.1698284,27,5108,-0.0005096139481395312,-0.0009644599425687725,-0.015375785529613495,0,0,0,0,0,0,No
1739510971.1698284,28,5308,-0.001229104096708511,0.0006428556415497236,0.01923011802136898,-6.792665226384997e-05,0.010857800953090191,9.8099946975708,-0.002093969378620386,0.0012390298070386052,-0.1119055300951004,No
1739510971.1708465,29,0,0,0,0,-5.225121640251018e-06,-2.440555313398818e-09,9.8100004196167,5.382615242410793e-08,1.8203257567961373e-08,-6.086273249706481e-14,No
1739510971.1708465,30,5540,-0.00025515537693365786,0.0007171970705792761,0.0013545226538553834,0.3081454634666443,0.0507359504699707,9.817866325378418,0.0003038466675207019,0.0019422797486186028,0.014666738919913769,No
1739510971.1708465,31,5184,-0.0004526717577988393,-0.0009324959092776412,-0.004118804819881916,0.009152060374617577,8.88267531991005e-05,9.809996604919434,4.248833283782005e-05,0.0010812791297212243,0.002397583331912756,No
1739510971.1708465,32,5836,0,0,0,0.008694808930158615,-8.656969293951988e-05,9.809996604919434,0.0,0.0,0.0,No
1739510971.1708465,33,5548,-0.00011785743932080095,-0.000208181407584308,0.01047672238200903,0,0,0,0,0,0,No
1739510971.1708465,34,5680,-0.0010820809068547987,-0.000779355400126433,0.019267749041318893,0.0022981464862823486,0.368283212184906,9.802817344665527,0.0043740179389715195,-0.000960164237767458,0.07673152536153793,No
1739510971.1708465,35,0,-0.0012622995165969542,-0.00026572662921843835,0.00283222203142941,-0.0040808203630149364,-0.0011156951077282429,9.809999465942383,-0.0008451470057480037,0.025348978117108345,0.0755126103758812,No
1739510971.1708465,36,5920,0,0,0,0.042565248906612396,-0.00028042608755640686,9.809907913208008,0.00010742030281107873,5.9292757214279845e-05,-0.002257879124954343,No
1739510971.1708465,37,5684,-0.0011869777484037058,-8.659495783658197e-05,-0.029740313068032265,0,0,0,0,0,0,No
1739510971.1713588,38,4904,-0.0009257436722833745,-0.0009173510943496936,0.033991698175668716,0.002596162725239992,0.014839338138699532,9.809988975524902,-8.100271224975586e-05,-0.004872883670032024,0.20542261004447937,No
1739510971.1713588,39,5396,0.0005791273574260458,1.9145673465679668e-05,-0.01872512698173523,3.384908676147461,-0.005411863327026367,9.817721366882324,2.0533858332782984e-05,0.000737697584554553,-0.0016314643435180187,No
1739510971.1713588,40,5948,0,0,0,-0.003960642497986555,-0.011645018123090267,9.809992790222168,0.002526175230741501,-0.001973127480596304,-0.09316137433052063,No
1739510971.1713588,41,4944,0.0005791476441032728,1.7242550348927098e-05,-0.01888778619468212,0,0,0,0,0,0,No
1739510971.1713588,42,5120,-0.00022011171196822943,-0.0005869235350174838,0.0034906005021184683,0.10945175588130951,-0.0018593687564134598,9.8093900680542,0.00015516173152718693,0.0013335084076970816,-6.525656499434263e-05,No
1739510971.1713588,43,5776,-0.000725401311555629,-0.0009321147804862144,-0.021559447050094604,-0.019322127103805542,0.27864405512809753,9.82249641418457,-0.01125950925052166,0.0003383764997124672,0.016387026757001877,No
1739510971.6790714,24,5132,-0.00045779365996168053,-0.0009640044521987271,0.020330484956502914,20925.12109375,42665.6875,42.870445251464844,-2.3424159735441208e-05,0.0012718264479190111,0.0012241632211953402,No
1739510971.6790714,25,5560,-0.00025512797965632217,0.0007093899957925463,0.0024281120859086514,-0.05444549769163132,-0.00019114067254122347,9.809849739074707,-0.00013327486522030085,-0.09369157999753952,-9.7940073828795e-06,No
1739510971.6790714,26,5124,-0.00045378642758464593,-0.0009639615486519849,0.02034604921936989,8755.83203125,58865.69921875,18.31694221496582,0.0016309504862874746,-0.0011414423352107406,0.019999206066131592,No
1739510971.6795776,27,5108,-0.0005096139481395312,-0.0009644599425687725,-0.015375785529613495,0,0,0,0,0,0,No
1739510971.6795776,28,5308,-0.001229104096708511,0.0006428556415497236,0.01923011802136898,-6.792665226384997e-05,0.010857800953090191,9.8099946975708,-0.002093969378620386,0.0012390298070386052,-0.1119055300951004,No
1739510971.6795776,29,0,0,0,0,-5.225121640251018e-06,-2.440555313398818e-09,9.8100004196167,5.382615242410793e-08,1.8203257567961373e-08,-6.086273249706481e-14,No
1739510971.6795776,30,5540,-0.00025515537693365786,0.0007171970705792761,0.0013545226538553834,0.3081454634666443,0.0507359504699707,9.817866325378418,0.0003038466675207019,0.0019422797486186028,0.014666738919913769,No
1739510971.6795776,31,5184,-0.0004526717577988393,-0.0009324959092776412,-0.004118804819881916,0.009152060374617577,8.88267531991005e-05,9.809996604919434,4.248833283782005e-05,0.0010812791297212243,0.002397583331912756,No
1739510971.6795776,32,5836,0,0,0,0.008694808930158615,-8.656969293951988e-05,9.809996604919434,0.0,0.0,0.0,No
1739510971.6795776,33,5548,-0.00011785743932080095,-0.000208181407584308,0.01047672238200903,0,0,0,0,0,0,No
1739510971.6795776,34,5680,-0.0010820809068547987,-0.000779355400126433,0.019267749041318893,0.0022981464862823486,0.368283212184906,9.802817344665527,0.0043740179389715195,-0.000960164237767458,0.07673152536153793,No
1739510971.6795776,35,0,-0.0012622995165969542,-0.00026572662921843835,0.00283222203142941,-0.0040808203630149364,-0.0011156951077282429,9.809999465942383,-0.0008451470057480037,0.025348978117108345,0.0755126103758812,No
1739510971.6795776,36,5920,0,0,0,0.042565248906612396,-0.00028042608755640686,9.809907913208008,0.00010742030281107873,5.9292757214279845e-05,-0.002257879124954343,No
1739510971.6795776,37,5684,-0.0011869777484037058,-8.659495783658197e-05,-0.029740313068032265,0,0,0,0,0,0,No
1739510971.6795776,38,4904,-0.0009257436722833745,-0.0009173510943496936,0.033991698175668716,0.002596162725239992,0.014839338138699532,9.809988975524902,-8.100271224975586e-05,-0.004872883670032024,0.20542261004447937,No
1739510971.6795776,39,5396,0.0005791273574260458,1.9145673465679668e-05,-0.01872512698173523,3.384908676147461,-0.005411863327026367,9.817721366882324,2.0533858332782984e-05,0.000737697584554553,-0.0016314643435180187,No
1739510971.6795776,40,5948,0,0,0,-0.003960642497986555,-0.011645018123090267,9.809992790222168,0.002526175230741501,-0.001973127480596304,-0.09316137433052063,No
1739510971.6795776,41,4944,0.0005791476441032728,1.7242550348927098e-05,-0.01888778619468212,0,0,0,0,0,0,No
1739510971.6795776,42,5120,-0.00022011171196822943,-0.0005869235350174838,0.0034906005021184683,0.10945175588130951,-0.0018593687564134598,9.8093900680542,0.00015516173152718693,0.0013335084076970816,-6.525656499434263e-05,No
1739510971.6795776,43,5708,-0.0007050775039658674,-0.0009331759236399027,-0.02138080634176731,0.038917332887649536,0.3835005462169647,9.806522369384766,0.0018349697347730398,-8.401297964155674e-05,0.04773930460214615,No
1739510972.1967552,24,5132,-0.00045779365996168053,-0.0009640044521987271,0.020330484956502914,20925.12109375,42665.6875,42.870445251464844,-2.3424159735441208e-05,0.0012718264479190111,0.0012241632211953402,No
1739510972.1967552,25,5560,-0.00025512797965632217,0.0007093899957925463,0.0024281120859086514,-0.05444549769163132,-0.00019114067254122347,9.809849739074707,-0.00013327486522030085,-0.09369157999753952,-9.7940073828795e-06,No
1739510972.1977713,26,5124,-0.00045378642758464593,-0.0009639615486519849,0.02034604921936989,8755.83203125,58865.69921875,18.31694221496582,0.0016309504862874746,-0.0011414423352107406,0.019999206066131592,No
1739510972.1977713,27,5108,-0.0005096139481395312,-0.0009644599425687725,-0.015375785529613495,0,0,0,0,0,0,No
1739510972.1977713,28,5308,-0.001229104096708511,0.0006428556415497236,0.01923011802136898,-6.792665226384997e-05,0.010857800953090191,9.8099946975708,-0.002093969378620386,0.0012390298070386052,-0.1119055300951004,No
1739510972.1977713,29,0,0,0,0,-5.225121640251018e-06,-2.440555313398818e-09,9.8100004196167,5.382615242410793e-08,1.8203257567961373e-08,-6.086273249706481e-14,No
1739510972.1977713,30,5540,-0.00025515537693365786,0.0007171970705792761,0.0013545226538553834,0.3081454634666443,0.0507359504699707,9.817866325378418,0.0003038466675207019,0.0019422797486186028,0.014666738919913769,No
1739510972.1977713,31,5184,-0.0004526717577988393,-0.0009324959092776412,-0.004118804819881916,0.009152060374617577,8.88267531991005e-05,9.809996604919434,4.248833283782005e-05,0.0010812791297212243,0.002397583331912756,No
1739510972.1977713,32,5836,0,0,0,0.008694808930158615,-8.656969293951988e-05,9.809996604919434,0.0,0.0,0.0,No
1739510972.1977713,33,5548,-0.00011785743932080095,-0.000208181407584308,0.01047672238200903,0,0,0,0,0,0,No
1739510972.1982822,34,5680,-0.0010820809068547987,-0.000779355400126433,0.019267749041318893,0.0022981464862823486,0.368283212184906,9.802817344665527,0.0043740179389715195,-0.000960164237767458,0.07673152536153793,No
1739510972.1982822,35,0,-0.0012622995165969542,-0.00026572662921843835,0.00283222203142941,-0.0040808203630149364,-0.0011156951077282429,9.809999465942383,-0.0008451470057480037,0.025348978117108345,0.0755126103758812,No
1739510972.1982822,36,5920,0,0,0,0.042565248906612396,-0.00028042608755640686,9.809907913208008,0.00010742030281107873,5.9292757214279845e-05,-0.002257879124954343,No
1739510972.1982822,37,5684,-0.0011869777484037058,-8.659495783658197e-05,-0.029740313068032265,0,0,0,0,0,0,No
1739510972.1982822,38,4904,-0.0009257436722833745,-0.0009173510943496936,0.033991698175668716,0.002596162725239992,0.014839338138699532,9.809988975524902,-8.100271224975586e-05,-0.004872883670032024,0.20542261004447937,No
1739510972.1982822,39,5396,0.0005791273574260458,1.9145673465679668e-05,-0.01872512698173523,3.384908676147461,-0.005411863327026367,9.817721366882324,2.0533858332782984e-05,0.000737697584554553,-0.0016314643435180187,No
1739510972.1982822,40,5948,0,0,0,-0.003960642497986555,-0.011645018123090267,9.809992790222168,0.002526175230741501,-0.001973127480596304,-0.09316137433052063,No
1739510972.1982822,41,4944,0.0005791476441032728,1.7242550348927098e-05,-0.01888778619468212,0,0,0,0,0,0,No
1739510972.1982822,42,5120,-0.00022011171196822943,-0.0005869235350174838,0.0034906005021184683,0.10945175588130951,-0.0018593687564134598,9.8093900680542,0.00015516173152718693,0.0013335084076970816,-6.525656499434263e-05,No
1739510972.1982822,43,5316,0.0004738181004171338,-0.00041196057544638646,-0.05449293181300163,-2.15724515914917,-1.1189000606536865,9.83588981628418,-0.005295403301715851,-0.015683632344007492,-0.2671858072280884,No
1739510972.7110877,24,5132,-0.00045779365996168053,-0.0009640044521987271,0.020330484956502914,20925.12109375,42665.6875,42.870445251464844,-2.3424159735441208e-05,0.0012718264479190111,0.0012241632211953402,No
1739510972.7110877,25,5560,-0.00025512797965632217,0.0007093899957925463,0.0024281120859086514,-0.05444549769163132,-0.00019114067254122347,9.809849739074707,-0.00013327486522030085,-0.09369157999753952,-9.7940073828795e-06,No
1739510972.711603,26,5124,-0.00045378642758464593,-0.0009639615486519849,0.02034604921936989,8755.83203125,58865.69921875,18.31694221496582,0.0016309504862874746,-0.0011414423352107406,0.019999206066131592,No
1739510972.711603,27,5108,-0.0005096139481395312,-0.0009644599425687725,-0.015375785529613495,0,0,0,0,0,0,No
1739510972.711603,28,5308,-0.001229104096708511,0.0006428556415497236,0.01923011802136898,-6.792665226384997e-05,0.010857800953090191,9.8099946975708,-0.002093969378620386,0.0012390298070386052,-0.1119055300951004,No
1739510972.711603,29,0,0,0,0,-5.225121640251018e-06,-2.440555313398818e-09,9.8100004196167,5.382615242410793e-08,1.8203257567961373e-08,-6.086273249706481e-14,No
1739510972.711603,30,5540,-0.00025515537693365786,0.0007171970705792761,0.0013545226538553834,0.3081454634666443,0.0507359504699707,9.817866325378418,0.0003038466675207019,0.0019422797486186028,0.014666738919913769,No
1739510972.711603,31,5184,-0.0004526717577988393,-0.0009324959092776412,-0.004118804819881916,0.009152060374617577,8.88267531991005e-05,9.809996604919434,4.248833283782005e-05,0.0010812791297212243,0.002397583331912756,No
1739510972.711603,32,5836,0,0,0,0.008694808930158615,-8.656969293951988e-05,9.809996604919434,0.0,0.0,0.0,No
1739510972.711603,33,5548,-0.00011785743932080095,-0.000208181407584308,0.01047672238200903,0,0,0,0,0,0,No
1739510972.711603,34,5680,-0.0010820809068547987,-0.000779355400126433,0.019267749041318893,0.0022981464862823486,0.368283212184906,9.802817344665527,0.0043740179389715195,-0.000960164237767458,0.07673152536153793,No
1739510972.712623,35,0,-0.0012622995165969542,-0.00026572662921843835,0.00283222203142941,-0.0040808203630149364,-0.0011156951077282429,9.809999465942383,-0.0008451470057480037,0.025348978117108345,0.0755126103758812,No
1739510972.712623,36,5920,0,0,0,0.042565248906612396,-0.00028042608755640686,9.809907913208008,0.00010742030281107873,5.9292757214279845e-05,-0.002257879124954343,No
1739510972.712623,37,5684,-0.0011869777484037058,-8.659495783658197e-05,-0.029740313068032265,0,0,0,0,0,0,No
1739510972.712623,38,4904,-0.0009257436722833745,-0.0009173510943496936,0.033991698175668716,0.002596162725239992,0.014839338138699532,9.809988975524902,-8.100271224975586e-05,-0.004872883670032024,0.20542261004447937,No
1739510972.712623,39,5396,0.0005791273574260458,1.9145673465679668e-05,-0.01872512698173523,3.384908676147461,-0.005411863327026367,9.817721366882324,2.0533858332782984e-05,0.000737697584554553,-0.0016314643435180187,No
1739510972.712623,40,5948,0,0,0,-0.003960642497986555,-0.011645018123090267,9.809992790222168,0.002526175230741501,-0.001973127480596304,-0.09316137433052063,No
1739510972.712623,41,4944,0.0005791476441032728,1.7242550348927098e-05,-0.01888778619468212,0,0,0,0,0,0,No
1739510972.712623,42,5120,-0.00022011171196822943,-0.0005869235350174838,0.0034906005021184683,0.10945175588130951,-0.0018593687564134598,9.8093900680542,0.00015516173152718693,0.0013335084076970816,-6.525656499434263e-05,No
1739510972.712623,43,5520,-0.00028699751891281267,-0.0008949629133761573,-0.0032925414852797985,-0.678240954875946,3.0408129692077637,9.794404029846191,0.0022832811810076237,0.0026504220440983772,0.42996400594711304,No
1739510973.2253523,24,5132,-0.00045779365996168053,-0.0009640044521987271,0.020330484956502914,20925.12109375,42665.6875,42.870445251464844,-2.3424159735441208e-05,0.0012718264479190111,0.0012241632211953402,No
1739510973.2253523,25,5560,-0.00025512797965632217,0.0007093899957925463,0.0024281120859086514,-0.05444549769163132,-0.00019114067254122347,9.809849739074707,-0.00013327486522030085,-0.09369157999753952,-9.7940073828795e-06,No
1739510973.2268944,26,5124,-0.00045378642758464593,-0.0009639615486519849,0.02034604921936989,8755.83203125,58865.69921875,18.31694221496582,0.0016309504862874746,-0.0011414423352107406,0.019999206066131592,No
1739510973.2268944,27,5108,-0.0005096139481395312,-0.0009644599425687725,-0.015375785529613495,0,0,0,0,0,0,No
1739510973.2268944,28,5308,-0.001229104096708511,0.0006428556415497236,0.01923011802136898,-6.792665226384997e-05,0.010857800953090191,9.8099946975708,-0.002093969378620386,0.0012390298070386052,-0.1119055300951004,No
1739510973.2268944,29,0,0,0,0,-5.225121640251018e-06,-2.440555313398818e-09,9.8100004196167,5.382615242410793e-08,1.8203257567961373e-08,-6.086273249706481e-14,No
1739510973.2268944,30,5540,-0.00025515537693365786,0.0007171970705792761,0.0013545226538553834,0.3081454634666443,0.0507359504699707,9.817866325378418,0.0003038466675207019,0.0019422797486186028,0.014666738919913769,No
1739510973.2268944,31,5184,-0.0004526717577988393,-0.0009324959092776412,-0.004118804819881916,0.009152060374617577,8.88267531991005e-05,9.809996604919434,4.248833283782005e-05,0.0010812791297212243,0.002397583331912756,No
1739510973.2268944,32,5836,0,0,0,0.008694808930158615,-8.656969293951988e-05,9.809996604919434,0.0,0.0,0.0,No
1739510973.2268944,33,5548,-0.00011785743932080095,-0.000208181407584308,0.01047672238200903,0,0,0,0,0,0,No
1739510973.2268944,34,5680,-0.0010820809068547987,-0.000779355400126433,0.019267749041318893,0.0022981464862823486,0.368283212184906,9.802817344665527,0.0043740179389715195,-0.000960164237767458,0.07673152536153793,No
1739510973.2268944,35,0,-0.0012622995165969542,-0.00026572662921843835,0.00283222203142941,-0.0040808203630149364,-0.0011156951077282429,9.809999465942383,-0.0008451470057480037,0.025348978117108345,0.0755126103758812,No
1739510973.2268944,36,5920,0,0,0,0.042565248906612396,-0.00028042608755640686,9.809907913208008,0.00010742030281107873,5.9292757214279845e-05,-0.002257879124954343,No
1739510973.2268944,37,5684,-0.0011869777484037058,-8.659495783658197e-05,-0.029740313068032265,0,0,0,0,0,0,No
1739510973.2268944,38,4904,-0.0009257436722833745,-0.0009173510943496936,0.033991698175668716,0.002596162725239992,0.014839338138699532,9.809988975524902,-8.100271224975586e-05,-0.004872883670032024,0.20542261004447937,No
1739510973.2268944,39,5396,0.0005791273574260458,1.9145673465679668e-05,-0.01872512698173523,3.384908676147461,-0.005411863327026367,9.817721366882324,2.0533858332782984e-05,0.000737697584554553,-0.0016314643435180187,No
1739510973.2268944,40,5948,0,0,0,-0.003960642497986555,-0.011645018123090267,9.809992790222168,0.002526175230741501,-0.001973127480596304,-0.09316137433052063,No
1739510973.2268944,41,4944,0.0005791476441032728,1.7242550348927098e-05,-0.01888778619468212,0,0,0,0,0,0,No
1739510973.2268944,42,5120,-0.00022011171196822943,-0.0005869235350174838,0.0034906005021184683,0.10945175588130951,-0.0018593687564134598,9.8093900680542,0.00015516173152718693,0.0013335084076970816,-6.525656499434263e-05,No
1739510973.2268944,43,5100,-0.0006516141333321457,-0.0009340819697867579,-0.021376991644501686,0.00278584286570549,-0.0032460722140967846,9.810310363769531,-0.002686403226107359,-5.1101204007864e-05,0.05401696264743805,No
1739510973.73976,24,5132,-0.00045779365996168053,-0.0009640044521987271,0.020330484956502914,20925.12109375,42665.6875,42.870445251464844,-2.3424159735441208e-05,0.0012718264479190111,0.0012241632211953402,No
1739510973.73976,25,5560,-0.00025512797965632217,0.0007093899957925463,0.0024281120859086514,-0.05444549769163132,-0.00019114067254122347,9.809849739074707,-0.00013327486522030085,-0.09369157999753952,-9.7940073828795e-06,No
1739510973.73976,26,5124,-0.00045378642758464593,-0.0009639615486519849,0.02034604921936989,8755.83203125,58865.69921875,18.31694221496582,0.0016309504862874746,-0.0011414423352107406,0.019999206066131592,No
1739510973.73976,27,5108,-0.0005096139481395312,-0.0009644599425687725,-0.015375785529613495,0,0,0,0,0,0,No
1739510973.73976,28,5308,-0.001229104096708511,0.0006428556415497236,0.01923011802136898,-6.792665226384997e-05,0.010857800953090191,9.8099946975708,-0.002093969378620386,0.0012390298070386052,-0.1119055300951004,No
1739510973.73976,29,0,0,0,0,-5.225121640251018e-06,-2.440555313398818e-09,9.8100004196167,5.382615242410793e-08,1.8203257567961373e-08,-6.086273249706481e-14,No
1739510973.73976,30,5540,-0.00025515537693365786,0.0007171970705792761,0.0013545226538553834,0.3081454634666443,0.0507359504699707,9.817866325378418,0.0003038466675207019,0.0019422797486186028,0.014666738919913769,No
1739510973.7412775,31,5184,-0.0004526717577988393,-0.0009324959092776412,-0.004118804819881916,0.009152060374617577,8.88267531991005e-05,9.809996604919434,4.248833283782005e-05,0.0010812791297212243,0.002397583331912756,No
1739510973.7412775,32,5836,0,0,0,0.008694808930158615,-8.656969293951988e-05,9.809996604919434,0.0,0.0,0.0,No
1739510973.7412775,33,5548,-0.00011785743932080095,-0.000208181407584308,0.01047672238200903,0,0,0,0,0,0,No
1739510973.7412775,34,5680,-0.0010820809068547987,-0.000779355400126433,0.019267749041318893,0.0022981464862823486,0.368283212184906,9.802817344665527,0.0043740179389715195,-0.000960164237767458,0.07673152536153793,No
1739510973.7412775,35,0,-0.0012622995165969542,-0.00026572662921843835,0.00283222203142941,-0.0040808203630149364,-0.0011156951077282429,9.809999465942383,-0.0008451470057480037,0.025348978117108345,0.0755126103758812,No
1739510973.7442985,36,5920,0,0,0,0.042565248906612396,-0.00028042608755640686,9.809907913208008,0.00010742030281107873,5.9292757214279845e-05,-0.002257879124954343,No
1739510973.7442985,37,5684,-0.0011869777484037058,-8.659495783658197e-05,-0.029740313068032265,0,0,0,0,0,0,No
1739510973.7442985,38,4904,-0.0009257436722833745,-0.0009173510943496936,0.033991698175668716,0.002596162725239992,0.014839338138699532,9.809988975524902,-8.100271224975586e-05,-0.004872883670032024,0.20542261004447937,No
1739510973.7442985,39,5396,0.0005791273574260458,1.9145673465679668e-05,-0.01872512698173523,3.384908676147461,-0.005411863327026367,9.817721366882324,2.0533858332782984e-05,0.000737697584554553,-0.0016314643435180187,No
1739510973.7442985,40,5948,0,0,0,-0.003960642497986555,-0.011645018123090267,9.809992790222168,0.002526175230741501,-0.001973127480596304,-0.09316137433052063,No
1739510973.7442985,41,4944,0.0005791476441032728,1.7242550348927098e-05,-0.01888778619468212,0,0,0,0,0,0,No
1739510973.7442985,42,5120,-0.00022011171196822943,-0.0005869235350174838,0.0034906005021184683,0.10945175588130951,-0.0018593687564134598,9.8093900680542,0.00015516173152718693,0.0013335084076970816,-6.525656499434263e-05,No
1739510973.7442985,43,4712,-0.0008934077625752934,-0.0008964842758850749,0.019205359742045403,-0.1839868724346161,0.2067987322807312,9.806307792663574,0.0017291083931922913,-0.0012159667676314712,0.04984867200255394,No
1739510974.2519438,24,5132,-0.00045779365996168053,-0.0009640044521987271,0.020330484956502914,20925.12109375,42665.6875,42.870445251464844,-2.3424159735441208e-05,0.0012718264479190111,0.0012241632211953402,No
1739510974.2529433,25,5560,-0.00025512797965632217,0.0007093899957925463,0.0024281120859086514,-0.05444549769163132,-0.00019114067254122347,9.809849739074707,-0.00013327486522030085,-0.09369157999753952,-9.7940073828795e-06,No
1739510974.2529433,26,5124,-0.00045378642758464593,-0.0009639615486519849,0.02034604921936989,8755.83203125,58865.69921875,18.31694221496582,0.0016309504862874746,-0.0011414423352107406,0.019999206066131592,No
1739510974.2529433,27,5108,-0.0005096139481395312,-0.0009644599425687725,-0.015375785529613495,0,0,0,0,0,0,No
1739510974.2529433,28,5308,-0.001229104096708511,0.0006428556415497236,0.01923011802136898,-6.792665226384997e-05,0.010857800953090191,9.8099946975708,-0.002093969378620386,0.0012390298070386052,-0.1119055300951004,No
1739510974.2529433,29,0,0,0,0,-5.225121640251018e-06,-2.440555313398818e-09,9.8100004196167,5.382615242410793e-08,1.8203257567961373e-08,-6.086273249706481e-14,No
1739510974.2529433,30,5540,-0.00025515537693365786,0.0007171970705792761,0.0013545226538553834,0.3081454634666443,0.0507359504699707,9.817866325378418,0.0003038466675207019,0.0019422797486186028,0.014666738919913769,No
1739510974.2529433,31,5184,-0.0004526717577988393,-0.0009324959092776412,-0.004118804819881916,0.009152060374617577,8.88267531991005e-05,9.809996604919434,4.248833283782005e-05,0.0010812791297212243,0.002397583331912756,No
1739510974.2529433,32,5836,0,0,0,0.008694808930158615,-8.656969293951988e-05,9.809996604919434,0.0,0.0,0.0,No
1739510974.2529433,33,5548,-0.00011785743932080095,-0.000208181407584308,0.01047672238200903,0,0,0,0,0,0,No
1739510974.2529433,34,5680,-0.0010820809068547987,-0.000779355400126433,0.019267749041318893,0.0022981464862823486,0.368283212184906,9.802817344665527,0.0043740179389715195,-0.000960164237767458,0.07673152536153793,No
1739510974.2529433,35,0,-0.0012622995165969542,-0.00026572662921843835,0.00283222203142941,-0.0040808203630149364,-0.0011156951077282429,9.809999465942383,-0.0008451470057480037,0.025348978117108345,0.0755126103758812,No
1739510974.2529433,36,5920,0,0,0,0.042565248906612396,-0.00028042608755640686,9.809907913208008,0.00010742030281107873,5.9292757214279845e-05,-0.002257879124954343,No
1739510974.2529433,37,5684,-0.0011869777484037058,-8.659495783658197e-05,-0.029740313068032265,0,0,0,0,0,0,No
1739510974.2529433,38,4904,-0.0009257436722833745,-0.0009173510943496936,0.033991698175668716,0.002596162725239992,0.014839338138699532,9.809988975524902,-8.100271224975586e-05,-0.004872883670032024,0.20542261004447937,No
1739510974.2529433,39,5396,0.0005791273574260458,1.9145673465679668e-05,-0.01872512698173523,3.384908676147461,-0.005411863327026367,9.817721366882324,2.0533858332782984e-05,0.000737697584554553,-0.0016314643435180187,No
1739510974.2529433,40,5948,0,0,0,-0.003960642497986555,-0.011645018123090267,9.809992790222168,0.002526175230741501,-0.001973127480596304,-0.09316137433052063,No
1739510974.2529433,41,4944,0.0005791476441032728,1.7242550348927098e-05,-0.01888778619468212,0,0,0,0,0,0,No
1739510974.2529433,42,5120,-0.00022011171196822943,-0.0005869235350174838,0.0034906005021184683,0.10945175588130951,-0.0018593687564134598,9.8093900680542,0.00015516173152718693,0.0013335084076970816,-6.525656499434263e-05,No
1739510974.2529433,43,5748,-0.001166880109664703,-0.0002773002550342343,-0.028152121230959892,0.06793325394392014,1.919714331626892,9.684271812438965,-0.02539634145796299,-0.017879309132695198,0.14738503098487854,No
1739510974.763974,24,5132,-0.00045779365996168053,-0.0009640044521987271,0.020330484956502914,20925.12109375,42665.6875,42.870445251464844,-2.3424159735441208e-05,0.0012718264479190111,0.0012241632211953402,No
1739510974.763974,25,5560,-0.00025512797965632217,0.0007093899957925463,0.0024281120859086514,-0.05444549769163132,-0.00019114067254122347,9.809849739074707,-0.00013327486522030085,-0.09369157999753952,-9.7940073828795e-06,No
1739510974.763974,26,5124,-0.00045378642758464593,-0.0009639615486519849,0.02034604921936989,8755.83203125,58865.69921875,18.31694221496582,0.0016309504862874746,-0.0011414423352107406,0.019999206066131592,No
1739510974.763974,27,5108,-0.0005096139481395312,-0.0009644599425687725,-0.015375785529613495,0,0,0,0,0,0,No
1739510974.763974,28,5308,-0.001229104096708511,0.0006428556415497236,0.01923011802136898,-6.792665226384997e-05,0.010857800953090191,9.8099946975708,-0.002093969378620386,0.0012390298070386052,-0.1119055300951004,No
1739510974.763974,29,0,0,0,0,-5.225121640251018e-06,-2.440555313398818e-09,9.8100004196167,5.382615242410793e-08,1.8203257567961373e-08,-6.086273249706481e-14,No
1739510974.763974,30,5540,-0.00025515537693365786,0.0007171970705792761,0.0013545226538553834,0.3081454634666443,0.0507359504699707,9.817866325378418,0.0003038466675207019,0.0019422797486186028,0.014666738919913769,No
1739510974.763974,31,5184,-0.0004526717577988393,-0.0009324959092776412,-0.004118804819881916,0.009152060374617577,8.88267531991005e-05,9.809996604919434,4.248833283782005e-05,0.0010812791297212243,0.002397583331912756,No
1739510974.763974,32,5836,0,0,0,0.008694808930158615,-8.656969293951988e-05,9.809996604919434,0.0,0.0,0.0,No
1739510974.7649734,33,5548,-0.00011785743932080095,-0.000208181407584308,0.01047672238200903,0,0,0,0,0,0,No
1739510974.7649734,34,5680,-0.0010820809068547987,-0.000779355400126433,0.019267749041318893,0.0022981464862823486,0.368283212184906,9.802817344665527,0.0043740179389715195,-0.000960164237767458,0.07673152536153793,No
1739510974.7649734,35,0,-0.0012622995165969542,-0.00026572662921843835,0.00283222203142941,-0.0040808203630149364,-0.0011156951077282429,9.809999465942383,-0.0008451470057480037,0.025348978117108345,0.0755126103758812,No
1739510974.7649734,36,5920,0,0,0,0.042565248906612396,-0.00028042608755640686,9.809907913208008,0.00010742030281107873,5.9292757214279845e-05,-0.002257879124954343,No
1739510974.7649734,37,5684,-0.0011869777484037058,-8.659495783658197e-05,-0.029740313068032265,0,0,0,0,0,0,No
1739510974.7649734,38,4904,-0.0009257436722833745,-0.0009173510943496936,0.033991698175668716,0.002596162725239992,0.014839338138699532,9.809988975524902,-8.100271224975586e-05,-0.004872883670032024,0.20542261004447937,No
1739510974.7649734,39,5396,0.0005791273574260458,1.9145673465679668e-05,-0.01872512698173523,3.384908676147461,-0.005411863327026367,9.817721366882324,2.0533858332782984e-05,0.000737697584554553,-0.0016314643435180187,No
1739510974.7649734,40,5948,0,0,0,-0.003960642497986555,-0.011645018123090267,9.809992790222168,0.002526175230741501,-0.001973127480596304,-0.09316137433052063,No
1739510974.7649734,41,4944,0.0005791476441032728,1.7242550348927098e-05,-0.01888778619468212,0,0,0,0,0,0,No
1739510974.7649734,42,5120,-0.00022011171196822943,-0.0005869235350174838,0.0034906005021184683,0.10945175588130951,-0.0018593687564134598,9.8093900680542,0.00015516173152718693,0.0013335084076970816,-6.525656499434263e-05,No
1739510974.7649734,43,4900,-0.000610873788886579,-0.0009340180256827476,-0.021369246765971184,0.0024395324289798737,-0.03871066868305206,9.810076713562012,-0.0009849072666838765,-2.966495230793953e-05,0.04252685233950615,No
1739510975.2782235,24,5132,-0.00045779365996168053,-0.0009640044521987271,0.020330484956502914,20925.12109375,42665.6875,42.870445251464844,-2.3424159735441208e-05,0.0012718264479190111,0.0012241632211953402,No
1739510975.2782235,25,5560,-0.00025512797965632217,0.0007093899957925463,0.0024281120859086514,-0.05444549769163132,-0.00019114067254122347,9.809849739074707,-0.00013327486522030085,-0.09369157999753952,-9.7940073828795e-06,No
1739510975.2782235,26,5124,-0.00045378642758464593,-0.0009639615486519849,0.02034604921936989,8755.83203125,58865.69921875,18.31694221496582,0.0016309504862874746,-0.0011414423352107406,0.019999206066131592,No
1739510975.2782235,27,5108,-0.0005096139481395312,-0.0009644599425687725,-0.015375785529613495,0,0,0,0,0,0,No
1739510975.2782235,28,5308,-0.001229104096708511,0.0006428556415497236,0.01923011802136898,-6.792665226384997e-05,0.010857800953090191,9.8099946975708,-0.002093969378620386,0.0012390298070386052,-0.1119055300951004,No
1739510975.2782235,29,0,0,0,0,-5.225121640251018e-06,-2.440555313398818e-09,9.8100004196167,5.382615242410793e-08,1.8203257567961373e-08,-6.086273249706481e-14,No
1739510975.2782235,30,5540,-0.00025515537693365786,0.0007171970705792761,0.0013545226538553834,0.3081454634666443,0.0507359504699707,9.817866325378418,0.0003038466675207019,0.0019422797486186028,0.014666738919913769,No
1739510975.2782235,31,5184,-0.0004526717577988393,-0.0009324959092776412,-0.004118804819881916,0.009152060374617577,8.88267531991005e-05,9.809996604919434,4.248833283782005e-05,0.0010812791297212243,0.002397583331912756,No
1739510975.2782235,32,5836,0,0,0,0.008694808930158615,-8.656969293951988e-05,9.809996604919434,0.0,0.0,0.0,No
1739510975.2782235,33,5548,-0.00011785743932080095,-0.000208181407584308,0.01047672238200903,0,0,0,0,0,0,No
1739510975.2782235,34,5680,-0.0010820809068547987,-0.000779355400126433,0.019267749041318893,0.0022981464862823486,0.368283212184906,9.802817344665527,0.0043740179389715195,-0.000960164237767458,0.07673152536153793,No
1739510975.2782235,35,0,-0.0012622995165969542,-0.00026572662921843835,0.00283222203142941,-0.0040808203630149364,-0.0011156951077282429,9.809999465942383,-0.0008451470057480037,0.025348978117108345,0.0755126103758812,No
1739510975.2782235,36,5920,0,0,0,0.042565248906612396,-0.00028042608755640686,9.809907913208008,0.00010742030281107873,5.9292757214279845e-05,-0.002257879124954343,No
1739510975.2782235,37,5684,-0.0011869777484037058,-8.659495783658197e-05,-0.029740313068032265,0,0,0,0,0,0,No
1739510975.2782235,38,4904,-0.0009257436722833745,-0.0009173510943496936,0.033991698175668716,0.002596162725239992,0.014839338138699532,9.809988975524902,-8.100271224975586e-05,-0.004872883670032024,0.20542261004447937,No
1739510975.2782235,39,5396,0.0005791273574260458,1.9145673465679668e-05,-0.01872512698173523,3.384908676147461,-0.005411863327026367,9.817721366882324,2.0533858332782984e-05,0.000737697584554553,-0.0016314643435180187,No
1739510975.2782235,40,5948,0,0,0,-0.003960642497986555,-0.011645018123090267,9.809992790222168,0.002526175230741501,-0.001973127480596304,-0.09316137433052063,No
1739510975.2782235,41,4944,0.0005791476441032728,1.7242550348927098e-05,-0.01888778619468212,0,0,0,0,0,0,No
1739510975.2782235,42,5120,-0.00022011171196822943,-0.0005869235350174838,0.0034906005021184683,0.10945175588130951,-0.0018593687564134598,9.8093900680542,0.00015516173152718693,0.0013335084076970816,-6.525656499434263e-05,No
1739510975.2782235,43,4932,-0.000595596288235356,-0.0009339229662269467,-0.021369704976677895,0.0022843368351459503,-0.0568813756108284,9.810064315795898,-0.0005728784599341452,1.5690689906477928e-05,0.03833448141813278,No
1739510975.7837546,24,5132,-0.00045779365996168053,-0.0009640044521987271,0.020330484956502914,20925.12109375,42665.6875,42.870445251464844,-2.3424159735441208e-05,0.0012718264479190111,0.0012241632211953402,No
1739510975.7837546,25,5560,-0.00025512797965632217,0.0007093899957925463,0.0024281120859086514,-0.05444549769163132,-0.00019114067254122347,9.809849739074707,-0.00013327486522030085,-0.09369157999753952,-9.7940073828795e-06,No
1739510975.7837546,26,5124,-0.00045378642758464593,-0.0009639615486519849,0.02034604921936989,8755.83203125,58865.69921875,18.31694221496582,0.0016309504862874746,-0.0011414423352107406,0.019999206066131592,No
1739510975.7837546,27,5108,-0.0005096139481395312,-0.0009644599425687725,-0.015375785529613495,0,0,0,0,0,0,No
1739510975.7837546,28,5308,-0.001229104096708511,0.0006428556415497236,0.01923011802136898,-6.792665226384997e-05,0.010857800953090191,9.8099946975708,-0.002093969378620386,0.0012390298070386052,-0.1119055300951004,No
1739510975.7837546,29,0,0,0,0,-5.225121640251018e-06,-2.440555313398818e-09,9.8100004196167,5.382615242410793e-08,1.8203257567961373e-08,-6.086273249706481e-14,No
1739510975.7837546,30,5540,-0.00025515537693365786,0.0007171970705792761,0.0013545226538553834,0.3081454634666443,0.0507359504699707,9.817866325378418,0.0003038466675207019,0.0019422797486186028,0.014666738919913769,No
1739510975.7837546,31,5184,-0.0004526717577988393,-0.0009324959092776412,-0.004118804819881916,0.009152060374617577,8.88267531991005e-05,9.809996604919434,4.248833283782005e-05,0.0010812791297212243,0.002397583331912756,No
1739510975.7837546,32,5836,0,0,0,0.008694808930158615,-8.656969293951988e-05,9.809996604919434,0.0,0.0,0.0,No
1739510975.7837546,33,5548,-0.00011785743932080095,-0.000208181407584308,0.01047672238200903,0,0,0,0,0,0,No
1739510975.7837546,34,5680,-0.0010820809068547987,-0.000779355400126433,0.019267749041318893,0.0022981464862823486,0.368283212184906,9.802817344665527,0.0043740179389715195,-0.000960164237767458,0.07673152536153793,No
1739510975.7837546,35,0,-0.0012622995165969542,-0.00026572662921843835,0.00283222203142941,-0.0040808203630149364,-0.0011156951077282429,9.809999465942383,-0.0008451470057480037,0.025348978117108345,0.0755126103758812,No
1739510975.7837546,36,5920,0,0,0,0.042565248906612396,-0.00028042608755640686,9.809907913208008,0.00010742030281107873,5.9292757214279845e-05,-0.002257879124954343,No
1739510975.7837546,37,5684,-0.0011869777484037058,-8.659495783658197e-05,-0.029740313068032265,0,0,0,0,0,0,No
1739510975.7837546,38,4904,-0.0009257436722833745,-0.0009173510943496936,0.033991698175668716,0.002596162725239992,0.014839338138699532,9.809988975524902,-8.100271224975586e-05,-0.004872883670032024,0.20542261004447937,No
1739510975.7837546,39,5396,0.0005791273574260458,1.9145673465679668e-05,-0.01872512698173523,3.384908676147461,-0.005411863327026367,9.817721366882324,2.0533858332782984e-05,0.000737697584554553,-0.0016314643435180187,No
1739510975.7837546,40,5948,0,0,0,-0.003960642497986555,-0.011645018123090267,9.809992790222168,0.002526175230741501,-0.001973127480596304,-0.09316137433052063,No
1739510975.7837546,41,4944,0.0005791476441032728,1.7242550348927098e-05,-0.01888778619468212,0,0,0,0,0,0,No
1739510975.7837546,42,5120,-0.00022011171196822943,-0.0005869235350174838,0.0034906005021184683,0.10945175588130951,-0.0018593687564134598,9.8093900680542,0.00015516173152718693,0.0013335084076970816,-6.525656499434263e-05,No
1739510975.7837546,43,5580,-0.00022081658777040047,-0.00033656955158203726,0.0028931808192282915,0.46664708852767944,-0.030636824667453766,9.81307601928711,-0.00031802745070308447,-0.005315491929650307,-0.016054827719926834,No
1739510976.2951255,24,5132,-0.00045779365996168053,-0.0009640044521987271,0.020330484956502914,20925.12109375,42665.6875,42.870445251464844,-2.3424159735441208e-05,0.0012718264479190111,0.0012241632211953402,No
1739510976.2951255,25,5560,-0.00025512797965632217,0.0007093899957925463,0.0024281120859086514,-0.05444549769163132,-0.00019114067254122347,9.809849739074707,-0.00013327486522030085,-0.09369157999753952,-9.7940073828795e-06,No
1739510976.2951255,26,5124,-0.00045378642758464593,-0.0009639615486519849,0.02034604921936989,8755.83203125,58865.69921875,18.31694221496582,0.0016309504862874746,-0.0011414423352107406,0.019999206066131592,No
1739510976.2966433,27,5108,-0.0005096139481395312,-0.0009644599425687725,-0.015375785529613495,0,0,0,0,0,0,No
1739510976.2966433,28,5308,-0.001229104096708511,0.0006428556415497236,0.01923011802136898,-6.792665226384997e-05,0.010857800953090191,9.8099946975708,-0.002093969378620386,0.0012390298070386052,-0.1119055300951004,No
1739510976.2966433,29,0,0,0,0,-5.225121640251018e-06,-2.440555313398818e-09,9.8100004196167,5.382615242410793e-08,1.8203257567961373e-08,-6.086273249706481e-14,No
1739510976.2966433,30,5540,-0.00025515537693365786,0.0007171970705792761,0.0013545226538553834,0.3081454634666443,0.0507359504699707,9.817866325378418,0.0003038466675207019,0.0019422797486186028,0.014666738919913769,No
1739510976.2966433,31,5184,-0.0004526717577988393,-0.0009324959092776412,-0.004118804819881916,0.009152060374617577,8.88267531991005e-05,9.809996604919434,4.248833283782005e-05,0.0010812791297212243,0.002397583331912756,No
1739510976.2966433,32,5836,0,0,0,0.008694808930158615,-8.656969293951988e-05,9.809996604919434,0.0,0.0,0.0,No
1739510976.2966433,33,5548,-0.00011785743932080095,-0.000208181407584308,0.01047672238200903,0,0,0,0,0,0,No
1739510976.2966433,34,5680,-0.0010820809068547987,-0.000779355400126433,0.019267749041318893,0.0022981464862823486,0.368283212184906,9.802817344665527,0.0043740179389715195,-0.000960164237767458,0.07673152536153793,No
1739510976.2966433,35,0,-0.0012622995165969542,-0.00026572662921843835,0.00283222203142941,-0.0040808203630149364,-0.0011156951077282429,9.809999465942383,-0.0008451470057480037,0.025348978117108345,0.0755126103758812,No
1739510976.2966433,36,5920,0,0,0,0.042565248906612396,-0.00028042608755640686,9.809907913208008,0.00010742030281107873,5.9292757214279845e-05,-0.002257879124954343,No
1739510976.2966433,37,5684,-0.0011869777484037058,-8.659495783658197e-05,-0.029740313068032265,0,0,0,0,0,0,No
1739510976.2966433,38,4904,-0.0009257436722833745,-0.0009173510943496936,0.033991698175668716,0.002596162725239992,0.014839338138699532,9.809988975524902,-8.100271224975586e-05,-0.004872883670032024,0.20542261004447937,No
1739510976.2966433,39,5396,0.0005791273574260458,1.9145673465679668e-05,-0.01872512698173523,3.384908676147461,-0.005411863327026367,9.817721366882324,2.0533858332782984e-05,0.000737697584554553,-0.0016314643435180187,No
1739510976.2966433,40,5948,0,0,0,-0.003960642497986555,-0.011645018123090267,9.809992790222168,0.002526175230741501,-0.001973127480596304,-0.09316137433052063,No
1739510976.2966433,41,4944,0.0005791476441032728,1.7242550348927098e-05,-0.01888778619468212,0,0,0,0,0,0,No
1739510976.2966433,42,5120,-0.00022011171196822943,-0.0005869235350174838,0.0034906005021184683,0.10945175588130951,-0.0018593687564134598,9.8093900680542,0.00015516173152718693,0.0013335084076970816,-6.525656499434263e-05,No
1739510976.2976584,43,5584,-0.0005675891476215611,-0.0009336957007940441,-0.02136814035475254,-0.001717686653137207,0.08656944334506989,9.81009292602539,-0.0004423583741299808,2.73492478299886e-05,-0.030088230967521667,No
1739510976.8117056,24,5132,-0.00045779365996168053,-0.0009640044521987271,0.020330484956502914,20925.12109375,42665.6875,42.870445251464844,-2.3424159735441208e-05,0.0012718264479190111,0.0012241632211953402,No
1739510976.8117056,25,5560,-0.00025512797965632217,0.0007093899957925463,0.0024281120859086514,-0.05444549769163132,-0.00019114067254122347,9.809849739074707,-0.00013327486522030085,-0.09369157999753952,-9.7940073828795e-06,No
1739510976.8117056,26,5124,-0.00045378642758464593,-0.0009639615486519849,0.02034604921936989,8755.83203125,58865.69921875,18.31694221496582,0.0016309504862874746,-0.0011414423352107406,0.019999206066131592,No
1739510976.8117056,27,5108,-0.0005096139481395312,-0.0009644599425687725,-0.015375785529613495,0,0,0,0,0,0,No
1739510976.8117056,28,5308,-0.001229104096708511,0.0006428556415497236,0.01923011802136898,-6.792665226384997e-05,0.010857800953090191,9.8099946975708,-0.002093969378620386,0.0012390298070386052,-0.1119055300951004,No
1739510976.8127077,29,0,0,0,0,-5.225121640251018e-06,-2.440555313398818e-09,9.8100004196167,5.382615242410793e-08,1.8203257567961373e-08,-6.086273249706481e-14,No
1739510976.8127077,30,5540,-0.00025515537693365786,0.0007171970705792761,0.0013545226538553834,0.3081454634666443,0.0507359504699707,9.817866325378418,0.0003038466675207019,0.0019422797486186028,0.014666738919913769,No
1739510976.8127077,31,5184,-0.0004526717577988393,-0.0009324959092776412,-0.004118804819881916,0.009152060374617577,8.88267531991005e-05,9.809996604919434,4.248833283782005e-05,0.0010812791297212243,0.002397583331912756,No
1739510976.8127077,32,5836,0,0,0,0.008694808930158615,-8.656969293951988e-05,9.809996604919434,0.0,0.0,0.0,No
1739510976.8127077,33,5548,-0.00011785743932080095,-0.000208181407584308,0.01047672238200903,0,0,0,0,0,0,No
1739510976.8127077,34,5680,-0.0010820809068547987,-0.000779355400126433,0.019267749041318893,0.0022981464862823486,0.368283212184906,9.802817344665527,0.0043740179389715195,-0.000960164237767458,0.07673152536153793,No
1739510976.8127077,35,0,-0.0012622995165969542,-0.00026572662921843835,0.00283222203142941,-0.0040808203630149364,-0.0011156951077282429,9.809999465942383,-0.0008451470057480037,0.025348978117108345,0.0755126103758812,No
1739510976.8127077,36,5920,0,0,0,0.042565248906612396,-0.00028042608755640686,9.809907913208008,0.00010742030281107873,5.9292757214279845e-05,-0.002257879124954343,No
1739510976.8127077,37,5684,-0.0011869777484037058,-8.659495783658197e-05,-0.029740313068032265,0,0,0,0,0,0,No
1739510976.8127077,38,4904,-0.0009257436722833745,-0.0009173510943496936,0.033991698175668716,0.002596162725239992,0.014839338138699532,9.809988975524902,-8.100271224975586e-05,-0.004872883670032024,0.20542261004447937,No
1739510976.8127077,39,5396,0.0005791273574260458,1.9145673465679668e-05,-0.01872512698173523,3.384908676147461,-0.005411863327026367,9.817721366882324,2.0533858332782984e-05,0.000737697584554553,-0.0016314643435180187,No
1739510976.8127077,40,5948,0,0,0,-0.003960642497986555,-0.011645018123090267,9.809992790222168,0.002526175230741501,-0.001973127480596304,-0.09316137433052063,No
1739510976.8127077,41,4944,0.0005791476441032728,1.7242550348927098e-05,-0.01888778619468212,0,0,0,0,0,0,No
1739510976.8127077,42,5120,-0.00022011171196822943,-0.0005869235350174838,0.0034906005021184683,0.10945175588130951,-0.0018593687564134598,9.8093900680542,0.00015516173152718693,0.0013335084076970816,-6.525656499434263e-05,No
1739510976.8127077,43,4860,-0.0005549100529833595,-0.0009335785042047006,-0.021313399076461792,-0.39994630217552185,-0.07327938079833984,9.8123140335083,-0.00035549874883145094,0.0016855384455993772,0.03623371198773384,No
1739510977.3256736,24,5132,-0.00045779365996168053,-0.0009640044521987271,0.020330484956502914,20925.12109375,42665.6875,42.870445251464844,-2.3424159735441208e-05,0.0012718264479190111,0.0012241632211953402,No
1739510977.3256736,25,5560,-0.00025512797965632217,0.0007093899957925463,0.0024281120859086514,-0.05444549769163132,-0.00019114067254122347,9.809849739074707,-0.00013327486522030085,-0.09369157999753952,-9.7940073828795e-06,No
1739510977.3256736,26,5124,-0.00045378642758464593,-0.0009639615486519849,0.02034604921936989,8755.83203125,58865.69921875,18.31694221496582,0.0016309504862874746,-0.0011414423352107406,0.019999206066131592,No
1739510977.3256736,27,5108,-0.0005096139481395312,-0.0009644599425687725,-0.015375785529613495,0,0,0,0,0,0,No
1739510977.3256736,28,5308,-0.001229104096708511,0.0006428556415497236,0.01923011802136898,-6.792665226384997e-05,0.010857800953090191,9.8099946975708,-0.002093969378620386,0.0012390298070386052,-0.1119055300951004,No
1739510977.3256736,29,0,0,0,0,-5.225121640251018e-06,-2.440555313398818e-09,9.8100004196167,5.382615242410793e-08,1.8203257567961373e-08,-6.086273249706481e-14,No
1739510977.3256736,30,5540,-0.00025515537693365786,0.0007171970705792761,0.0013545226538553834,0.3081454634666443,0.0507359504699707,9.817866325378418,0.0003038466675207019,0.0019422797486186028,0.014666738919913769,No
1739510977.3256736,31,5184,-0.0004526717577988393,-0.0009324959092776412,-0.004118804819881916,0.009152060374617577,8.88267531991005e-05,9.809996604919434,4.248833283782005e-05,0.0010812791297212243,0.002397583331912756,No
1739510977.3256736,32,5836,0,0,0,0.008694808930158615,-8.656969293951988e-05,9.809996604919434,0.0,0.0,0.0,No
1739510977.3266768,33,5548,-0.00011785743932080095,-0.000208181407584308,0.01047672238200903,0,0,0,0,0,0,No
1739510977.3266768,34,5680,-0.0010820809068547987,-0.000779355400126433,0.019267749041318893,0.0022981464862823486,0.368283212184906,9.802817344665527,0.0043740179389715195,-0.000960164237767458,0.07673152536153793,No
1739510977.3266768,35,0,-0.0012622995165969542,-0.00026572662921843835,0.00283222203142941,-0.0040808203630149364,-0.0011156951077282429,9.809999465942383,-0.0008451470057480037,0.025348978117108345,0.0755126103758812,No
1739510977.3266768,36,5920,0,0,0,0.042565248906612396,-0.00028042608755640686,9.809907913208008,0.00010742030281107873,5.9292757214279845e-05,-0.002257879124954343,No
1739510977.3266768,37,5684,-0.0011869777484037058,-8.659495783658197e-05,-0.029740313068032265,0,0,0,0,0,0,No
1739510977.3266768,38,4904,-0.0009257436722833745,-0.0009173510943496936,0.033991698175668716,0.002596162725239992,0.014839338138699532,9.809988975524902,-8.100271224975586e-05,-0.004872883670032024,0.20542261004447937,No
1739510977.3271863,39,5396,0.0005791273574260458,1.9145673465679668e-05,-0.01872512698173523,3.384908676147461,-0.005411863327026367,9.817721366882324,2.0533858332782984e-05,0.000737697584554553,-0.0016314643435180187,No
1739510977.3271863,40,5948,0,0,0,-0.003960642497986555,-0.011645018123090267,9.809992790222168,0.002526175230741501,-0.001973127480596304,-0.09316137433052063,No
1739510977.3271863,41,4944,0.0005791476441032728,1.7242550348927098e-05,-0.01888778619468212,0,0,0,0,0,0,No
1739510977.3271863,42,5120,-0.00022011171196822943,-0.0005869235350174838,0.0034906005021184683,0.10945175588130951,-0.0018593687564134598,9.8093900680542,0.00015516173152718693,0.0013335084076970816,-6.525656499434263e-05,No
1739510977.3271863,43,5188,-0.0011981229384474545,-0.0004902151026436976,-0.021365508437156677,-0.33522993326187134,-0.03218035772442818,9.815571784973145,0.0005545322201214731,0.002355524804443121,0.019502045586705208,No
1739510977.8403444,24,5132,-0.00045779365996168053,-0.0009640044521987271,0.020330484956502914,20925.12109375,42665.6875,42.870445251464844,-2.3424159735441208e-05,0.0012718264479190111,0.0012241632211953402,No
1739510977.8403444,25,5560,-0.00025512797965632217,0.0007093899957925463,0.0024281120859086514,-0.05444549769163132,-0.00019114067254122347,9.809849739074707,-0.00013327486522030085,-0.09369157999753952,-9.7940073828795e-06,No
1739510977.8403444,26,5124,-0.00045378642758464593,-0.0009639615486519849,0.02034604921936989,8755.83203125,58865.69921875,18.31694221496582,0.0016309504862874746,-0.0011414423352107406,0.019999206066131592,No
1739510977.8403444,27,5108,-0.0005096139481395312,-0.0009644599425687725,-0.015375785529613495,0,0,0,0,0,0,No
1739510977.8403444,28,5308,-0.001229104096708511,0.0006428556415497236,0.01923011802136898,-6.792665226384997e-05,0.010857800953090191,9.8099946975708,-0.002093969378620386,0.0012390298070386052,-0.1119055300951004,No
1739510977.8403444,29,0,0,0,0,-5.225121640251018e-06,-2.440555313398818e-09,9.8100004196167,5.382615242410793e-08,1.8203257567961373e-08,-6.086273249706481e-14,No
1739510977.8403444,30,5540,-0.00025515537693365786,0.0007171970705792761,0.0013545226538553834,0.3081454634666443,0.0507359504699707,9.817866325378418,0.0003038466675207019,0.0019422797486186028,0.014666738919913769,No
1739510977.8403444,31,5184,-0.0004526717577988393,-0.0009324959092776412,-0.004118804819881916,0.009152060374617577,8.88267531991005e-05,9.809996604919434,4.248833283782005e-05,0.0010812791297212243,0.002397583331912756,No
1739510977.8403444,32,5836,0,0,0,0.008694808930158615,-8.656969293951988e-05,9.809996604919434,0.0,0.0,0.0,No
1739510977.8403444,33,5548,-0.00011785743932080095,-0.000208181407584308,0.01047672238200903,0,0,0,0,0,0,No
1739510977.8403444,34,5680,-0.0010820809068547987,-0.000779355400126433,0.019267749041318893,0.0022981464862823486,0.368283212184906,9.802817344665527,0.0043740179389715195,-0.000960164237767458,0.07673152536153793,No
1739510977.8403444,35,0,-0.0012622995165969542,-0.00026572662921843835,0.00283222203142941,-0.0040808203630149364,-0.0011156951077282429,9.809999465942383,-0.0008451470057480037,0.025348978117108345,0.0755126103758812,No
1739510977.8403444,36,5920,0,0,0,0.042565248906612396,-0.00028042608755640686,9.809907913208008,0.00010742030281107873,5.9292757214279845e-05,-0.002257879124954343,No
1739510977.8403444,37,5684,-0.0011869777484037058,-8.659495783658197e-05,-0.029740313068032265,0,0,0,0,0,0,No
1739510977.8403444,38,4904,-0.0009257436722833745,-0.0009173510943496936,0.033991698175668716,0.002596162725239992,0.014839338138699532,9.809988975524902,-8.100271224975586e-05,-0.004872883670032024,0.20542261004447937,No
1739510977.8403444,39,5396,0.0005791273574260458,1.9145673465679668e-05,-0.01872512698173523,3.384908676147461,-0.005411863327026367,9.817721366882324,2.0533858332782984e-05,0.000737697584554553,-0.0016314643435180187,No
1739510977.8403444,40,5948,0,0,0,-0.003960642497986555,-0.011645018123090267,9.809992790222168,0.002526175230741501,-0.001973127480596304,-0.09316137433052063,No
1739510977.8403444,41,4944,0.0005791476441032728,1.7242550348927098e-05,-0.01888778619468212,0,0,0,0,0,0,No
1739510977.8403444,42,5120,-0.00022011171196822943,-0.0005869235350174838,0.0034906005021184683,0.10945175588130951,-0.0018593687564134598,9.8093900680542,0.00015516173152718693,0.0013335084076970816,-6.525656499434263e-05,No
1739510977.8403444,43,5664,-0.0005327623306357054,-0.0009333590518777543,-0.021139411255717278,-0.4917604923248291,0.08519136905670166,9.80675220489502,5.1239156164228916e-05,-0.00037749530747532845,-0.0332501083612442,No
1739510978.3547702,24,5132,-0.00045779365996168053,-0.0009640044521987271,0.020330484956502914,20925.12109375,42665.6875,42.870445251464844,-2.3424159735441208e-05,0.0012718264479190111,0.0012241632211953402,No
1739510978.3547702,25,5560,-0.00025512797965632217,0.0007093899957925463,0.0024281120859086514,-0.05444549769163132,-0.00019114067254122347,9.809849739074707,-0.00013327486522030085,-0.09369157999753952,-9.7940073828795e-06,No
1739510978.3547702,26,5124,-0.00045378642758464593,-0.0009639615486519849,0.02034604921936989,8755.83203125,58865.69921875,18.31694221496582,0.0016309504862874746,-0.0011414423352107406,0.019999206066131592,No
1739510978.3547702,27,5108,-0.0005096139481395312,-0.0009644599425687725,-0.015375785529613495,0,0,0,0,0,0,No
1739510978.3547702,28,5308,-0.001229104096708511,0.0006428556415497236,0.01923011802136898,-6.792665226384997e-05,0.010857800953090191,9.8099946975708,-0.002093969378620386,0.0012390298070386052,-0.1119055300951004,No
1739510978.3547702,29,0,0,0,0,-5.225121640251018e-06,-2.440555313398818e-09,9.8100004196167,5.382615242410793e-08,1.8203257567961373e-08,-6.086273249706481e-14,No
1739510978.3547702,30,5540,-0.00025515537693365786,0.0007171970705792761,0.0013545226538553834,0.3081454634666443,0.0507359504699707,9.817866325378418,0.0003038466675207019,0.0019422797486186028,0.014666738919913769,No
1739510978.3547702,31,5184,-0.0004526717577988393,-0.0009324959092776412,-0.004118804819881916,0.009152060374617577,8.88267531991005e-05,9.809996604919434,4.248833283782005e-05,0.0010812791297212243,0.002397583331912756,No
1739510978.3547702,32,5836,0,0,0,0.008694808930158615,-8.656969293951988e-05,9.809996604919434,0.0,0.0,0.0,No
1739510978.3547702,33,5548,-0.00011785743932080095,-0.000208181407584308,0.01047672238200903,0,0,0,0,0,0,No
1739510978.3547702,34,5680,-0.0010820809068547987,-0.000779355400126433,0.019267749041318893,0.0022981464862823486,0.368283212184906,9.802817344665527,0.0043740179389715195,-0.000960164237767458,0.07673152536153793,No
1739510978.3560293,35,0,-0.0012622995165969542,-0.00026572662921843835,0.00283222203142941,-0.0040808203630149364,-0.0011156951077282429,9.809999465942383,-0.0008451470057480037,0.025348978117108345,0.0755126103758812,No
1739510978.3560293,36,5920,0,0,0,0.042565248906612396,-0.00028042608755640686,9.809907913208008,0.00010742030281107873,5.9292757214279845e-05,-0.002257879124954343,No
1739510978.3560293,37,5684,-0.0011869777484037058,-8.659495783658197e-05,-0.029740313068032265,0,0,0,0,0,0,No
1739510978.3560293,38,4904,-0.0009257436722833745,-0.0009173510943496936,0.033991698175668716,0.002596162725239992,0.014839338138699532,9.809988975524902,-8.100271224975586e-05,-0.004872883670032024,0.20542261004447937,No
1739510978.3560293,39,5396,0.0005791273574260458,1.9145673465679668e-05,-0.01872512698173523,3.384908676147461,-0.005411863327026367,9.817721366882324,2.0533858332782984e-05,0.000737697584554553,-0.0016314643435180187,No
1739510978.3560293,40,5948,0,0,0,-0.003960642497986555,-0.011645018123090267,9.809992790222168,0.002526175230741501,-0.001973127480596304,-0.09316137433052063,No
1739510978.3560293,41,4944,0.0005791476441032728,1.7242550348927098e-05,-0.01888778619468212,0,0,0,0,0,0,No
1739510978.3560293,42,5120,-0.00022011171196822943,-0.0005869235350174838,0.0034906005021184683,0.10945175588130951,-0.0018593687564134598,9.8093900680542,0.00015516173152718693,0.0013335084076970816,-6.525656499434263e-05,No
1739510978.3560293,43,5112,-0.0005208427864005216,-0.0009332363724070379,-0.02121295966207981,-0.3733680248260498,-0.0708303451538086,9.809977531433105,-3.6280835047364235e-05,-0.0011108069447800517,0.036245252937078476,No
1739510978.870321,24,5132,-0.00045779365996168053,-0.0009640044521987271,0.020330484956502914,20925.12109375,42665.6875,42.870445251464844,-2.3424159735441208e-05,0.0012718264479190111,0.0012241632211953402,No
1739510978.870321,25,5560,-0.00025512797965632217,0.0007093899957925463,0.0024281120859086514,-0.05444549769163132,-0.00019114067254122347,9.809849739074707,-0.00013327486522030085,-0.09369157999753952,-9.7940073828795e-06,No
1739510978.870321,26,5124,-0.00045378642758464593,-0.0009639615486519849,0.02034604921936989,8755.83203125,58865.69921875,18.31694221496582,0.0016309504862874746,-0.0011414423352107406,0.019999206066131592,No
1739510978.870321,27,5108,-0.0005096139481395312,-0.0009644599425687725,-0.015375785529613495,0,0,0,0,0,0,No
1739510978.870321,28,5308,-0.001229104096708511,0.0006428556415497236,0.01923011802136898,-6.792665226384997e-05,0.010857800953090191,9.8099946975708,-0.002093969378620386,0.0012390298070386052,-0.1119055300951004,No
1739510978.870321,29,0,0,0,0,-5.225121640251018e-06,-2.440555313398818e-09,9.8100004196167,5.382615242410793e-08,1.8203257567961373e-08,-6.086273249706481e-14,No
1739510978.870321,30,5540,-0.00025515537693365786,0.0007171970705792761,0.0013545226538553834,0.3081454634666443,0.0507359504699707,9.817866325378418,0.0003038466675207019,0.0019422797486186028,0.014666738919913769,No
1739510978.870321,31,5184,-0.0004526717577988393,-0.0009324959092776412,-0.004118804819881916,0.009152060374617577,8.88267531991005e-05,9.809996604919434,4.248833283782005e-05,0.0010812791297212243,0.002397583331912756,No
1739510978.870321,32,5836,0,0,0,0.008694808930158615,-8.656969293951988e-05,9.809996604919434,0.0,0.0,0.0,No
1739510978.870321,33,5548,-0.00011785743932080095,-0.000208181407584308,0.01047672238200903,0,0,0,0,0,0,No
1739510978.871332,34,5680,-0.0010820809068547987,-0.000779355400126433,0.019267749041318893,0.0022981464862823486,0.368283212184906,9.802817344665527,0.0043740179389715195,-0.000960164237767458,0.07673152536153793,No
1739510978.871332,35,0,-0.0012622995165969542,-0.00026572662921843835,0.00283222203142941,-0.0040808203630149364,-0.0011156951077282429,9.809999465942383,-0.0008451470057480037,0.025348978117108345,0.0755126103758812,No
1739510978.871332,36,5920,0,0,0,0.042565248906612396,-0.00028042608755640686,9.809907913208008,0.00010742030281107873,5.9292757214279845e-05,-0.002257879124954343,No
1739510978.871332,37,5684,-0.0011869777484037058,-8.659495783658197e-05,-0.029740313068032265,0,0,0,0,0,0,No
1739510978.871332,38,4904,-0.0009257436722833745,-0.0009173510943496936,0.033991698175668716,0.002596162725239992,0.014839338138699532,9.809988975524902,-8.100271224975586e-05,-0.004872883670032024,0.20542261004447937,No
1739510978.871332,39,5396,0.0005791273574260458,1.9145673465679668e-05,-0.01872512698173523,3.384908676147461,-0.005411863327026367,9.817721366882324,2.0533858332782984e-05,0.000737697584554553,-0.0016314643435180187,No
1739510978.871332,40,5948,0,0,0,-0.003960642497986555,-0.011645018123090267,9.809992790222168,0.002526175230741501,-0.001973127480596304,-0.09316137433052063,No
1739510978.871332,41,4944,0.0005791476441032728,1.7242550348927098e-05,-0.01888778619468212,0,0,0,0,0,0,No
1739510978.871332,42,5120,-0.00022011171196822943,-0.0005869235350174838,0.0034906005021184683,0.10945175588130951,-0.0018593687564134598,9.8093900680542,0.00015516173152718693,0.0013335084076970816,-6.525656499434263e-05,No
1739510978.871332,43,5416,-0.0011192196835878576,-0.00037848665942921195,-0.030130023136734962,-0.6306848526000977,3.2087788581848145,9.820700645446777,0.0010413695126771927,-0.006059054285287857,0.40469664335250854,No
1739510979.3751872,24,5132,-0.00045779365996168053,-0.0009640044521987271,0.020330484956502914,20925.12109375,42665.6875,42.870445251464844,-2.3424159735441208e-05,0.0012718264479190111,0.0012241632211953402,No
1739510979.3751872,25,5560,-0.00025512797965632217,0.0007093899957925463,0.0024281120859086514,-0.05444549769163132,-0.00019114067254122347,9.809849739074707,-0.00013327486522030085,-0.09369157999753952,-9.7940073828795e-06,No
1739510979.3751872,26,5124,-0.00045378642758464593,-0.0009639615486519849,0.02034604921936989,8755.83203125,58865.69921875,18.31694221496582,0.0016309504862874746,-0.0011414423352107406,0.019999206066131592,No
1739510979.3751872,27,5108,-0.0005096139481395312,-0.0009644599425687725,-0.015375785529613495,0,0,0,0,0,0,No
1739510979.3751872,28,5308,-0.001229104096708511,0.0006428556415497236,0.01923011802136898,-6.792665226384997e-05,0.010857800953090191,9.8099946975708,-0.002093969378620386,0.0012390298070386052,-0.1119055300951004,No
1739510979.3751872,29,0,0,0,0,-5.225121640251018e-06,-2.440555313398818e-09,9.8100004196167,5.382615242410793e-08,1.8203257567961373e-08,-6.086273249706481e-14,No
1739510979.3751872,30,5540,-0.00025515537693365786,0.0007171970705792761,0.0013545226538553834,0.3081454634666443,0.0507359504699707,9.817866325378418,0.0003038466675207019,0.0019422797486186028,0.014666738919913769,No
1739510979.3751872,31,5184,-0.0004526717577988393,-0.0009324959092776412,-0.004118804819881916,0.009152060374617577,8.88267531991005e-05,9.809996604919434,4.248833283782005e-05,0.0010812791297212243,0.002397583331912756,No
1739510979.3751872,32,5836,0,0,0,0.008694808930158615,-8.656969293951988e-05,9.809996604919434,0.0,0.0,0.0,No
1739510979.3751872,33,5548,-0.00011785743932080095,-0.000208181407584308,0.01047672238200903,0,0,0,0,0,0,No
1739510979.3751872,34,5680,-0.0010820809068547987,-0.000779355400126433,0.019267749041318893,0.0022981464862823486,0.368283212184906,9.802817344665527,0.0043740179389715195,-0.000960164237767458,0.07673152536153793,No
1739510979.3751872,35,0,-0.0012622995165969542,-0.00026572662921843835,0.00283222203142941,-0.0040808203630149364,-0.0011156951077282429,9.809999465942383,-0.0008451470057480037,0.025348978117108345,0.0755126103758812,No
1739510979.3751872,36,5920,0,0,0,0.042565248906612396,-0.00028042608755640686,9.809907913208008,0.00010742030281107873,5.9292757214279845e-05,-0.002257879124954343,No
1739510979.3751872,37,5684,-0.0011869777484037058,-8.659495783658197e-05,-0.029740313068032265,0,0,0,0,0,0,No
1739510979.3751872,38,4904,-0.0009257436722833745,-0.0009173510943496936,0.033991698175668716,0.002596162725239992,0.014839338138699532,9.809988975524902,-8.100271224975586e-05,-0.004872883670032024,0.20542261004447937,No
1739510979.3751872,39,5396,0.0005791273574260458,1.9145673465679668e-05,-0.01872512698173523,3.384908676147461,-0.005411863327026367,9.817721366882324,2.0533858332782984e-05,0.000737697584554553,-0.0016314643435180187,No
1739510979.3751872,40,5948,0,0,0,-0.003960642497986555,-0.011645018123090267,9.809992790222168,0.002526175230741501,-0.001973127480596304,-0.09316137433052063,No
1739510979.3751872,41,4944,0.0005791476441032728,1.7242550348927098e-05,-0.01888778619468212,0,0,0,0,0,0,No
1739510979.3751872,42,5120,-0.00022011171196822943,-0.0005869235350174838,0.0034906005021184683,0.10945175588130951,-0.0018593687564134598,9.8093900680542,0.00015516173152718693,0.0013335084076970816,-6.525656499434263e-05,No
1739510979.3751872,43,5036,-0.0004976628430739538,-0.0009329914932177252,-0.021225737407803535,-0.43798696994781494,-0.07281553745269775,9.809700965881348,0.00021541528985835612,0.0004164577694609761,0.03657905384898186,No
1739510979.8849158,24,5132,-0.00045779365996168053,-0.0009640044521987271,0.020330484956502914,20925.12109375,42665.6875,42.870445251464844,-2.3424159735441208e-05,0.0012718264479190111,0.0012241632211953402,No
1739510979.8849158,25,5560,-0.00025512797965632217,0.0007093899957925463,0.0024281120859086514,-0.05444549769163132,-0.00019114067254122347,9.809849739074707,-0.00013327486522030085,-0.09369157999753952,-9.7940073828795e-06,No
1739510979.8849158,26,5124,-0.00045378642758464593,-0.0009639615486519849,0.02034604921936989,8755.83203125,58865.69921875,18.31694221496582,0.0016309504862874746,-0.0011414423352107406,0.019999206066131592,No
1739510979.8849158,27,5108,-0.0005096139481395312,-0.0009644599425687725,-0.015375785529613495,0,0,0,0,0,0,No
1739510979.8849158,28,5308,-0.001229104096708511,0.0006428556415497236,0.01923011802136898,-6.792665226384997e-05,0.010857800953090191,9.8099946975708,-0.002093969378620386,0.0012390298070386052,-0.1119055300951004,No
1739510979.8849158,29,0,0,0,0,-5.225121640251018e-06,-2.440555313398818e-09,9.8100004196167,5.382615242410793e-08,1.8203257567961373e-08,-6.086273249706481e-14,No
1739510979.8849158,30,5540,-0.00025515537693365786,0.0007171970705792761,0.0013545226538553834,0.3081454634666443,0.0507359504699707,9.817866325378418,0.0003038466675207019,0.0019422797486186028,0.014666738919913769,No
1739510979.8859863,31,5184,-0.0004526717577988393,-0.0009324959092776412,-0.004118804819881916,0.009152060374617577,8.88267531991005e-05,9.809996604919434,4.248833283782005e-05,0.0010812791297212243,0.002397583331912756,No
1739510979.8859863,32,5836,0,0,0,0.008694808930158615,-8.656969293951988e-05,9.809996604919434,0.0,0.0,0.0,No
1739510979.8859863,33,5548,-0.00011785743932080095,-0.000208181407584308,0.01047672238200903,0,0,0,0,0,0,No
1739510979.8859863,34,5680,-0.0010820809068547987,-0.000779355400126433,0.019267749041318893,0.0022981464862823486,0.368283212184906,9.802817344665527,0.0043740179389715195,-0.000960164237767458,0.07673152536153793,No
1739510979.8859863,35,0,-0.0012622995165969542,-0.00026572662921843835,0.00283222203142941,-0.0040808203630149364,-0.0011156951077282429,9.809999465942383,-0.0008451470057480037,0.025348978117108345,0.0755126103758812,No
1739510979.8859863,36,5920,0,0,0,0.042565248906612396,-0.00028042608755640686,9.809907913208008,0.00010742030281107873,5.9292757214279845e-05,-0.002257879124954343,No
1739510979.8859863,37,5684,-0.0011869777484037058,-8.659495783658197e-05,-0.029740313068032265,0,0,0,0,0,0,No
1739510979.8859863,38,4904,-0.0009257436722833745,-0.0009173510943496936,0.033991698175668716,0.002596162725239992,0.014839338138699532,9.809988975524902,-8.100271224975586e-05,-0.004872883670032024,0.20542261004447937,No
1739510979.8859863,39,5396,0.0005791273574260458,1.9145673465679668e-05,-0.01872512698173523,3.384908676147461,-0.005411863327026367,9.817721366882324,2.0533858332782984e-05,0.000737697584554553,-0.0016314643435180187,No
1739510979.8859863,40,5948,0,0,0,-0.003960642497986555,-0.011645018123090267,9.809992790222168,0.002526175230741501,-0.001973127480596304,-0.09316137433052063,No
1739510979.8859863,41,4944,0.0005791476441032728,1.7242550348927098e-05,-0.01888778619468212,0,0,0,0,0,0,No
1739510979.8859863,42,5120,-0.00022011171196822943,-0.0005869235350174838,0.0034906005021184683,0.10945175588130951,-0.0018593687564134598,9.8093900680542,0.00015516173152718693,0.0013335084076970816,-6.525656499434263e-05,No
1739510979.8859863,43,5660,-0.0004863524812463993,-0.0009328697732512491,-0.021310118958353996,-0.9242159724235535,0.05511444807052612,9.82553482055664,3.348995232954621e-05,-0.000762077106628567,-0.03234522417187691,No
1739510980.3943326,24,5132,-0.00045779365996168053,-0.0009640044521987271,0.020330484956502914,20925.12109375,42665.6875,42.870445251464844,-2.3424159735441208e-05,0.0012718264479190111,0.0012241632211953402,No
1739510980.3943326,25,5560,-0.00025512797965632217,0.0007093899957925463,0.0024281120859086514,-0.05444549769163132,-0.00019114067254122347,9.809849739074707,-0.00013327486522030085,-0.09369157999753952,-9.7940073828795e-06,No
1739510980.3943326,26,5124,-0.00045378642758464593,-0.0009639615486519849,0.02034604921936989,8755.83203125,58865.69921875,18.31694221496582,0.0016309504862874746,-0.0011414423352107406,0.019999206066131592,No
1739510980.3943326,27,5108,-0.0005096139481395312,-0.0009644599425687725,-0.015375785529613495,0,0,0,0,0,0,No
1739510980.3943326,28,5308,-0.001229104096708511,0.0006428556415497236,0.01923011802136898,-6.792665226384997e-05,0.010857800953090191,9.8099946975708,-0.002093969378620386,0.0012390298070386052,-0.1119055300951004,No
1739510980.3943326,29,0,0,0,0,-5.225121640251018e-06,-2.440555313398818e-09,9.8100004196167,5.382615242410793e-08,1.8203257567961373e-08,-6.086273249706481e-14,No
1739510980.3943326,30,5540,-0.00025515537693365786,0.0007171970705792761,0.0013545226538553834,0.3081454634666443,0.0507359504699707,9.817866325378418,0.0003038466675207019,0.0019422797486186028,0.014666738919913769,No
1739510980.3943326,31,5184,-0.0004526717577988393,-0.0009324959092776412,-0.004118804819881916,0.009152060374617577,8.88267531991005e-05,9.809996604919434,4.248833283782005e-05,0.0010812791297212243,0.002397583331912756,No
1739510980.3943326,32,5836,0,0,0,0.008694808930158615,-8.656969293951988e-05,9.809996604919434,0.0,0.0,0.0,No
1739510980.3943326,33,5548,-0.00011785743932080095,-0.000208181407584308,0.01047672238200903,0,0,0,0,0,0,No
1739510980.3943326,34,5680,-0.0010820809068547987,-0.000779355400126433,0.019267749041318893,0.0022981464862823486,0.368283212184906,9.802817344665527,0.0043740179389715195,-0.000960164237767458,0.07673152536153793,No
1739510980.3943326,35,0,-0.0012622995165969542,-0.00026572662921843835,0.00283222203142941,-0.0040808203630149364,-0.0011156951077282429,9.809999465942383,-0.0008451470057480037,0.025348978117108345,0.0755126103758812,No
1739510980.3943326,36,5920,0,0,0,0.042565248906612396,-0.00028042608755640686,9.809907913208008,0.00010742030281107873,5.9292757214279845e-05,-0.002257879124954343,No
1739510980.3943326,37,5684,-0.0011869777484037058,-8.659495783658197e-05,-0.029740313068032265,0,0,0,0,0,0,No
1739510980.3943326,38,4904,-0.0009257436722833745,-0.0009173510943496936,0.033991698175668716,0.002596162725239992,0.014839338138699532,9.809988975524902,-8.100271224975586e-05,-0.004872883670032024,0.20542261004447937,No
1739510980.3943326,39,5396,0.0005791273574260458,1.9145673465679668e-05,-0.01872512698173523,3.384908676147461,-0.005411863327026367,9.817721366882324,2.0533858332782984e-05,0.000737697584554553,-0.0016314643435180187,No
1739510980.3943326,40,5948,0,0,0,-0.003960642497986555,-0.011645018123090267,9.809992790222168,0.002526175230741501,-0.001973127480596304,-0.09316137433052063,No
1739510980.3943326,41,4944,0.0005791476441032728,1.7242550348927098e-05,-0.01888778619468212,0,0,0,0,0,0,No
1739510980.3943326,42,5120,-0.00022011171196822943,-0.0005869235350174838,0.0034906005021184683,0.10945175588130951,-0.0018593687564134598,9.8093900680542,0.00015516173152718693,0.0013335084076970816,-6.525656499434263e-05,No
1739510980.3943326,43,5444,-0.0002507005358012293,-0.0007080178361929861,-0.0035234831739217043,-0.4339227080345154,-0.005502583924680948,9.81935977935791,0.00027337015490047634,-0.0014113258803263307,0.007268095854669809,No
1739510980.9038668,24,5132,-0.00045779365996168053,-0.0009640044521987271,0.020330484956502914,20925.12109375,42665.6875,42.870445251464844,-2.3424159735441208e-05,0.0012718264479190111,0.0012241632211953402,No
1739510980.9038668,25,5560,-0.00025512797965632217,0.0007093899957925463,0.0024281120859086514,-0.05444549769163132,-0.00019114067254122347,9.809849739074707,-0.00013327486522030085,-0.09369157999753952,-9.7940073828795e-06,No
1739510980.9038668,26,5124,-0.00045378642758464593,-0.0009639615486519849,0.02034604921936989,8755.83203125,58865.69921875,18.31694221496582,0.0016309504862874746,-0.0011414423352107406,0.019999206066131592,No
1739510980.9038668,27,5108,-0.0005096139481395312,-0.0009644599425687725,-0.015375785529613495,0,0,0,0,0,0,No
1739510980.9038668,28,5308,-0.001229104096708511,0.0006428556415497236,0.01923011802136898,-6.792665226384997e-05,0.010857800953090191,9.8099946975708,-0.002093969378620386,0.0012390298070386052,-0.1119055300951004,No
1739510980.9048593,29,0,0,0,0,-5.225121640251018e-06,-2.440555313398818e-09,9.8100004196167,5.382615242410793e-08,1.8203257567961373e-08,-6.086273249706481e-14,No
1739510980.9048593,30,5540,-0.00025515537693365786,0.0007171970705792761,0.0013545226538553834,0.3081454634666443,0.0507359504699707,9.817866325378418,0.0003038466675207019,0.0019422797486186028,0.014666738919913769,No
1739510980.9048593,31,5184,-0.0004526717577988393,-0.0009324959092776412,-0.004118804819881916,0.009152060374617577,8.88267531991005e-05,9.809996604919434,4.248833283782005e-05,0.0010812791297212243,0.002397583331912756,No
1739510980.9048593,32,5836,0,0,0,0.008694808930158615,-8.656969293951988e-05,9.809996604919434,0.0,0.0,0.0,No
1739510980.9048593,33,5548,-0.00011785743932080095,-0.000208181407584308,0.01047672238200903,0,0,0,0,0,0,No
1739510980.9048593,34,5680,-0.0010820809068547987,-0.000779355400126433,0.019267749041318893,0.0022981464862823486,0.368283212184906,9.802817344665527,0.0043740179389715195,-0.000960164237767458,0.07673152536153793,No
1739510980.9048593,35,0,-0.0012622995165969542,-0.00026572662921843835,0.00283222203142941,-0.0040808203630149364,-0.0011156951077282429,9.809999465942383,-0.0008451470057480037,0.025348978117108345,0.0755126103758812,No
1739510980.9048593,36,5920,0,0,0,0.042565248906612396,-0.00028042608755640686,9.809907913208008,0.00010742030281107873,5.9292757214279845e-05,-0.002257879124954343,No
1739510980.9048593,37,5684,-0.0011869777484037058,-8.659495783658197e-05,-0.029740313068032265,0,0,0,0,0,0,No
1739510980.9048593,38,4904,-0.0009257436722833745,-0.0009173510943496936,0.033991698175668716,0.002596162725239992,0.014839338138699532,9.809988975524902,-8.100271224975586e-05,-0.004872883670032024,0.20542261004447937,No
1739510980.9048593,39,5396,0.0005791273574260458,1.9145673465679668e-05,-0.01872512698173523,3.384908676147461,-0.005411863327026367,9.817721366882324,2.0533858332782984e-05,0.000737697584554553,-0.0016314643435180187,No
1739510980.9048593,40,5948,0,0,0,-0.003960642497986555,-0.011645018123090267,9.809992790222168,0.002526175230741501,-0.001973127480596304,-0.09316137433052063,No
1739510980.9048593,41,4944,0.0005791476441032728,1.7242550348927098e-05,-0.01888778619468212,0,0,0,0,0,0,No
1739510980.9048593,42,5120,-0.00022011171196822943,-0.0005869235350174838,0.0034906005021184683,0.10945175588130951,-0.0018593687564134598,9.8093900680542,0.00015516173152718693,0.0013335084076970816,-6.525656499434263e-05,No
1739510980.9048593,43,5008,-0.000464145509496916,-0.0009326301027992405,-0.022082900628447533,2.451897144317627,0.014075040817260742,9.818863868713379,0.00036121904850006104,-0.020102381706237793,0.005237941164523363,No
1739510981.4144988,24,5132,-0.00045779365996168053,-0.0009640044521987271,0.020330484956502914,20925.12109375,42665.6875,42.870445251464844,-2.3424159735441208e-05,0.0012718264479190111,0.0012241632211953402,No
1739510981.4155052,25,5560,-0.00025512797965632217,0.0007093899957925463,0.0024281120859086514,-0.05444549769163132,-0.00019114067254122347,9.809849739074707,-0.00013327486522030085,-0.09369157999753952,-9.7940073828795e-06,No
1739510981.4155052,26,5124,-0.00045378642758464593,-0.0009639615486519849,0.02034604921936989,8755.83203125,58865.69921875,18.31694221496582,0.0016309504862874746,-0.0011414423352107406,0.019999206066131592,No
1739510981.4155052,27,5108,-0.0005096139481395312,-0.0009644599425687725,-0.015375785529613495,0,0,0,0,0,0,No
1739510981.4155052,28,5308,-0.001229104096708511,0.0006428556415497236,0.01923011802136898,-6.792665226384997e-05,0.010857800953090191,9.8099946975708,-0.002093969378620386,0.0012390298070386052,-0.1119055300951004,No
1739510981.4155052,29,0,0,0,0,-5.225121640251018e-06,-2.440555313398818e-09,9.8100004196167,5.382615242410793e-08,1.8203257567961373e-08,-6.086273249706481e-14,No
1739510981.4155052,30,5540,-0.00025515537693365786,0.0007171970705792761,0.0013545226538553834,0.3081454634666443,0.0507359504699707,9.817866325378418,0.0003038466675207019,0.0019422797486186028,0.014666738919913769,No
1739510981.4155052,31,5184,-0.0004526717577988393,-0.0009324959092776412,-0.004118804819881916,0.009152060374617577,8.88267531991005e-05,9.809996604919434,4.248833283782005e-05,0.0010812791297212243,0.002397583331912756,No
1739510981.4155052,32,5836,0,0,0,0.008694808930158615,-8.656969293951988e-05,9.809996604919434,0.0,0.0,0.0,No
1739510981.4155052,33,5548,-0.00011785743932080095,-0.000208181407584308,0.01047672238200903,0,0,0,0,0,0,No
1739510981.4155052,34,5680,-0.0010820809068547987,-0.000779355400126433,0.019267749041318893,0.0022981464862823486,0.368283212184906,9.802817344665527,0.0043740179389715195,-0.000960164237767458,0.07673152536153793,No
1739510981.4155052,35,0,-0.0012622995165969542,-0.00026572662921843835,0.00283222203142941,-0.0040808203630149364,-0.0011156951077282429,9.809999465942383,-0.0008451470057480037,0.025348978117108345,0.0755126103758812,No
1739510981.4155052,36,5920,0,0,0,0.042565248906612396,-0.00028042608755640686,9.809907913208008,0.00010742030281107873,5.9292757214279845e-05,-0.002257879124954343,No
1739510981.4155052,37,5684,-0.0011869777484037058,-8.659495783658197e-05,-0.029740313068032265,0,0,0,0,0,0,No
1739510981.4155052,38,4904,-0.0009257436722833745,-0.0009173510943496936,0.033991698175668716,0.002596162725239992,0.014839338138699532,9.809988975524902,-8.100271224975586e-05,-0.004872883670032024,0.20542261004447937,No
1739510981.4155052,39,5396,0.0005791273574260458,1.9145673465679668e-05,-0.01872512698173523,3.384908676147461,-0.005411863327026367,9.817721366882324,2.0533858332782984e-05,0.000737697584554553,-0.0016314643435180187,No
1739510981.4155052,40,5948,0,0,0,-0.003960642497986555,-0.011645018123090267,9.809992790222168,0.002526175230741501,-0.001973127480596304,-0.09316137433052063,No
1739510981.4155052,41,4944,0.0005791476441032728,1.7242550348927098e-05,-0.01888778619468212,0,0,0,0,0,0,No
1739510981.4155052,42,5120,-0.00022011171196822943,-0.0005869235350174838,0.0034906005021184683,0.10945175588130951,-0.0018593687564134598,9.8093900680542,0.00015516173152718693,0.0013335084076970816,-6.525656499434263e-05,No
1739510981.4155052,43,5300,7.668966144080969e-05,-0.00047005783756473633,0.0014008712023496628,7.0166588557185605e-06,2.2737367544323206e-13,9.8100004196167,3.505051182628449e-08,-1.0570875730309126e-08,-1.4875419689433511e-12,No
1739510981.9240315,24,5132,-0.00045779365996168053,-0.0009640044521987271,0.020330484956502914,20925.12109375,42665.6875,42.870445251464844,-2.3424159735441208e-05,0.0012718264479190111,0.0012241632211953402,No
1739510981.9240315,25,5560,-0.00025512797965632217,0.0007093899957925463,0.0024281120859086514,-0.05444549769163132,-0.00019114067254122347,9.809849739074707,-0.00013327486522030085,-0.09369157999753952,-9.7940073828795e-06,No
1739510981.9240315,26,5124,-0.00045378642758464593,-0.0009639615486519849,0.02034604921936989,8755.83203125,58865.69921875,18.31694221496582,0.0016309504862874746,-0.0011414423352107406,0.019999206066131592,No
1739510981.9240315,27,5108,-0.0005096139481395312,-0.0009644599425687725,-0.015375785529613495,0,0,0,0,0,0,No
1739510981.9240315,28,5308,-0.001229104096708511,0.0006428556415497236,0.01923011802136898,-6.792665226384997e-05,0.010857800953090191,9.8099946975708,-0.002093969378620386,0.0012390298070386052,-0.1119055300951004,No
1739510981.9250226,29,0,0,0,0,-5.225121640251018e-06,-2.440555313398818e-09,9.8100004196167,5.382615242410793e-08,1.8203257567961373e-08,-6.086273249706481e-14,No
1739510981.9250226,30,5540,-0.00025515537693365786,0.0007171970705792761,0.0013545226538553834,0.3081454634666443,0.0507359504699707,9.817866325378418,0.0003038466675207019,0.0019422797486186028,0.014666738919913769,No
1739510981.9250226,31,5184,-0.0004526717577988393,-0.0009324959092776412,-0.004118804819881916,0.009152060374617577,8.88267531991005e-05,9.809996604919434,4.248833283782005e-05,0.0010812791297212243,0.002397583331912756,No
1739510981.9250226,32,5836,0,0,0,0.008694808930158615,-8.656969293951988e-05,9.809996604919434,0.0,0.0,0.0,No
1739510981.9250226,33,5548,-0.00011785743932080095,-0.000208181407584308,0.01047672238200903,0,0,0,0,0,0,No
1739510981.9250226,34,5680,-0.0010820809068547987,-0.000779355400126433,0.019267749041318893,0.0022981464862823486,0.368283212184906,9.802817344665527,0.0043740179389715195,-0.000960164237767458,0.07673152536153793,No
1739510981.9250226,35,0,-0.0012622995165969542,-0.00026572662921843835,0.00283222203142941,-0.0040808203630149364,-0.0011156951077282429,9.809999465942383,-0.0008451470057480037,0.025348978117108345,0.0755126103758812,No
1739510981.9250226,36,5920,0,0,0,0.042565248906612396,-0.00028042608755640686,9.809907913208008,0.00010742030281107873,5.9292757214279845e-05,-0.002257879124954343,No
1739510981.9250226,37,5684,-0.0011869777484037058,-8.659495783658197e-05,-0.029740313068032265,0,0,0,0,0,0,No
1739510981.9250226,38,4904,-0.0009257436722833745,-0.0009173510943496936,0.033991698175668716,0.002596162725239992,0.014839338138699532,9.809988975524902,-8.100271224975586e-05,-0.004872883670032024,0.20542261004447937,No
1739510981.9250226,39,5396,0.0005791273574260458,1.9145673465679668e-05,-0.01872512698173523,3.384908676147461,-0.005411863327026367,9.817721366882324,2.0533858332782984e-05,0.000737697584554553,-0.0016314643435180187,No
1739510981.9250226,40,5948,0,0,0,-0.003960642497986555,-0.011645018123090267,9.809992790222168,0.002526175230741501,-0.001973127480596304,-0.09316137433052063,No
1739510981.9250226,41,4944,0.0005791476441032728,1.7242550348927098e-05,-0.01888778619468212,0,0,0,0,0,0,No
1739510981.9250226,42,5120,-0.00022011171196822943,-0.0005869235350174838,0.0034906005021184683,0.10945175588130951,-0.0018593687564134598,9.8093900680542,0.00015516173152718693,0.0013335084076970816,-6.525656499434263e-05,No
1739510981.9250226,43,5704,-0.0004408736594001539,-0.0009323803575527095,-0.021031493321061134,-0.34669363498687744,0.008755534887313843,9.786894798278809,-0.00011752755381166935,0.0016722038853913546,0.001946146716363728,No
1739510982.4346588,24,5132,-0.00045779365996168053,-0.0009640044521987271,0.020330484956502914,20925.12109375,42665.6875,42.870445251464844,-2.3424159735441208e-05,0.0012718264479190111,0.0012241632211953402,No
1739510982.4346588,25,5560,-0.00025512797965632217,0.0007093899957925463,0.0024281120859086514,-0.05444549769163132,-0.00019114067254122347,9.809849739074707,-0.00013327486522030085,-0.09369157999753952,-9.7940073828795e-06,No
1739510982.4356718,26,5124,-0.00045378642758464593,-0.0009639615486519849,0.02034604921936989,8755.83203125,58865.69921875,18.31694221496582,0.0016309504862874746,-0.0011414423352107406,0.019999206066131592,No
1739510982.4356718,27,5108,-0.0005096139481395312,-0.0009644599425687725,-0.015375785529613495,0,0,0,0,0,0,No
1739510982.4356718,28,5308,-0.001229104096708511,0.0006428556415497236,0.01923011802136898,-6.792665226384997e-05,0.010857800953090191,9.8099946975708,-0.002093969378620386,0.0012390298070386052,-0.1119055300951004,No
1739510982.4356718,29,0,0,0,0,-5.225121640251018e-06,-2.440555313398818e-09,9.8100004196167,5.382615242410793e-08,1.8203257567961373e-08,-6.086273249706481e-14,No
1739510982.4356718,30,5540,-0.00025515537693365786,0.0007171970705792761,0.0013545226538553834,0.3081454634666443,0.0507359504699707,9.817866325378418,0.0003038466675207019,0.0019422797486186028,0.014666738919913769,No
1739510982.4356718,31,5184,-0.0004526717577988393,-0.0009324959092776412,-0.004118804819881916,0.009152060374617577,8.88267531991005e-05,9.809996604919434,4.248833283782005e-05,0.0010812791297212243,0.002397583331912756,No
1739510982.4356718,32,5836,0,0,0,0.008694808930158615,-8.656969293951988e-05,9.809996604919434,0.0,0.0,0.0,No
1739510982.4356718,33,5548,-0.00011785743932080095,-0.000208181407584308,0.01047672238200903,0,0,0,0,0,0,No
1739510982.4356718,34,5680,-0.0010820809068547987,-0.000779355400126433,0.019267749041318893,0.0022981464862823486,0.368283212184906,9.802817344665527,0.0043740179389715195,-0.000960164237767458,0.07673152536153793,No
1739510982.4356718,35,0,-0.0012622995165969542,-0.00026572662921843835,0.00283222203142941,-0.0040808203630149364,-0.0011156951077282429,9.809999465942383,-0.0008451470057480037,0.025348978117108345,0.0755126103758812,No
1739510982.4356718,36,5920,0,0,0,0.042565248906612396,-0.00028042608755640686,9.809907913208008,0.00010742030281107873,5.9292757214279845e-05,-0.002257879124954343,No
1739510982.4356718,37,5684,-0.0011869777484037058,-8.659495783658197e-05,-0.029740313068032265,0,0,0,0,0,0,No
1739510982.4356718,38,4904,-0.0009257436722833745,-0.0009173510943496936,0.033991698175668716,0.002596162725239992,0.014839338138699532,9.809988975524902,-8.100271224975586e-05,-0.004872883670032024,0.20542261004447937,No
1739510982.4356718,39,5396,0.0005791273574260458,1.9145673465679668e-05,-0.01872512698173523,3.384908676147461,-0.005411863327026367,9.817721366882324,2.0533858332782984e-05,0.000737697584554553,-0.0016314643435180187,No
1739510982.4356718,40,5948,0,0,0,-0.003960642497986555,-0.011645018123090267,9.809992790222168,0.002526175230741501,-0.001973127480596304,-0.09316137433052063,No
1739510982.4356718,41,4944,0.0005791476441032728,1.7242550348927098e-05,-0.01888778619468212,0,0,0,0,0,0,No
1739510982.4356718,42,5120,-0.00022011171196822943,-0.0005869235350174838,0.0034906005021184683,0.10945175588130951,-0.0018593687564134598,9.8093900680542,0.00015516173152718693,0.0013335084076970816,-6.525656499434263e-05,No
1739510982.4356718,43,5844,-0.0005952318822153302,8.980731806389037e-05,0.010806236416101456,0.15890513360500336,0.04361089691519737,9.798423767089844,0.00017507713346276432,0.025325914844870567,0.07517118006944656,No
1739510982.9432533,24,5132,-0.00045779365996168053,-0.0009640044521987271,0.020330484956502914,20925.12109375,42665.6875,42.870445251464844,-2.3424159735441208e-05,0.0012718264479190111,0.0012241632211953402,No
1739510982.9432533,25,5560,-0.00025512797965632217,0.0007093899957925463,0.0024281120859086514,-0.05444549769163132,-0.00019114067254122347,9.809849739074707,-0.00013327486522030085,-0.09369157999753952,-9.7940073828795e-06,No
1739510982.9432533,26,5124,-0.00045378642758464593,-0.0009639615486519849,0.02034604921936989,8755.83203125,58865.69921875,18.31694221496582,0.0016309504862874746,-0.0011414423352107406,0.019999206066131592,No
1739510982.9432533,27,5108,-0.0005096139481395312,-0.0009644599425687725,-0.015375785529613495,0,0,0,0,0,0,No
1739510982.9432533,28,5308,-0.001229104096708511,0.0006428556415497236,0.01923011802136898,-6.792665226384997e-05,0.010857800953090191,9.8099946975708,-0.002093969378620386,0.0012390298070386052,-0.1119055300951004,No
1739510982.9432533,29,0,0,0,0,-5.225121640251018e-06,-2.440555313398818e-09,9.8100004196167,5.382615242410793e-08,1.8203257567961373e-08,-6.086273249706481e-14,No
1739510982.9432533,30,5540,-0.00025515537693365786,0.0007171970705792761,0.0013545226538553834,0.3081454634666443,0.0507359504699707,9.817866325378418,0.0003038466675207019,0.0019422797486186028,0.014666738919913769,No
1739510982.9432533,31,5184,-0.0004526717577988393,-0.0009324959092776412,-0.004118804819881916,0.009152060374617577,8.88267531991005e-05,9.809996604919434,4.248833283782005e-05,0.0010812791297212243,0.002397583331912756,No
1739510982.9432533,32,5836,0,0,0,0.008694808930158615,-8.656969293951988e-05,9.809996604919434,0.0,0.0,0.0,No
1739510982.9432533,33,5548,-0.00011785743932080095,-0.000208181407584308,0.01047672238200903,0,0,0,0,0,0,No
1739510982.94426,34,5680,-0.0010820809068547987,-0.000779355400126433,0.019267749041318893,0.0022981464862823486,0.368283212184906,9.802817344665527,0.0043740179389715195,-0.000960164237767458,0.07673152536153793,No
1739510982.94426,35,0,-0.0012622995165969542,-0.00026572662921843835,0.00283222203142941,-0.0040808203630149364,-0.0011156951077282429,9.809999465942383,-0.0008451470057480037,0.025348978117108345,0.0755126103758812,No
1739510982.94426,36,5920,0,0,0,0.042565248906612396,-0.00028042608755640686,9.809907913208008,0.00010742030281107873,5.9292757214279845e-05,-0.002257879124954343,No
1739510982.94426,37,5684,-0.0011869777484037058,-8.659495783658197e-05,-0.029740313068032265,0,0,0,0,0,0,No
1739510982.94426,38,4904,-0.0009257436722833745,-0.0009173510943496936,0.033991698175668716,0.002596162725239992,0.014839338138699532,9.809988975524902,-8.100271224975586e-05,-0.004872883670032024,0.20542261004447937,No
1739510982.94426,39,5396,0.0005791273574260458,1.9145673465679668e-05,-0.01872512698173523,3.384908676147461,-0.005411863327026367,9.817721366882324,2.0533858332782984e-05,0.000737697584554553,-0.0016314643435180187,No
1739510982.94426,40,5948,0,0,0,-0.003960642497986555,-0.011645018123090267,9.809992790222168,0.002526175230741501,-0.001973127480596304,-0.09316137433052063,No
1739510982.94426,41,4944,0.0005791476441032728,1.7242550348927098e-05,-0.01888778619468212,0,0,0,0,0,0,No
1739510982.94426,42,5120,-0.00022011171196822943,-0.0005869235350174838,0.0034906005021184683,0.10945175588130951,-0.0018593687564134598,9.8093900680542,0.00015516173152718693,0.0013335084076970816,-6.525656499434263e-05,No
1739510982.94426,43,4984,-0.00041886595612083966,-0.0009321340391070364,-0.021464195102453232,-0.38559094071388245,0.006803035736083984,9.813267707824707,-3.946630749851465e-05,0.0005803584353998303,-0.0007292587542906404,No
1739510983.4587061,24,5132,-0.00045779365996168053,-0.0009640044521987271,0.020330484956502914,20925.12109375,42665.6875,42.870445251464844,-2.3424159735441208e-05,0.0012718264479190111,0.0012241632211953402,No
1739510983.4587061,25,5560,-0.00025512797965632217,0.0007093899957925463,0.0024281120859086514,-0.05444549769163132,-0.00019114067254122347,9.809849739074707,-0.00013327486522030085,-0.09369157999753952,-9.7940073828795e-06,No
1739510983.4587061,26,5124,-0.00045378642758464593,-0.0009639615486519849,0.02034604921936989,8755.83203125,58865.69921875,18.31694221496582,0.0016309504862874746,-0.0011414423352107406,0.019999206066131592,No
1739510983.4587061,27,5108,-0.0005096139481395312,-0.0009644599425687725,-0.015375785529613495,0,0,0,0,0,0,No
1739510983.4587061,28,5308,-0.001229104096708511,0.0006428556415497236,0.01923011802136898,-6.792665226384997e-05,0.010857800953090191,9.8099946975708,-0.002093969378620386,0.0012390298070386052,-0.1119055300951004,No
1739510983.4587061,29,0,0,0,0,-5.225121640251018e-06,-2.440555313398818e-09,9.8100004196167,5.382615242410793e-08,1.8203257567961373e-08,-6.086273249706481e-14,No
1739510983.4587061,30,5540,-0.00025515537693365786,0.0007171970705792761,0.0013545226538553834,0.3081454634666443,0.0507359504699707,9.817866325378418,0.0003038466675207019,0.0019422797486186028,0.014666738919913769,No
1739510983.4587061,31,5184,-0.0004526717577988393,-0.0009324959092776412,-0.004118804819881916,0.009152060374617577,8.88267531991005e-05,9.809996604919434,4.248833283782005e-05,0.0010812791297212243,0.002397583331912756,No
1739510983.4587061,32,5836,0,0,0,0.008694808930158615,-8.656969293951988e-05,9.809996604919434,0.0,0.0,0.0,No
1739510983.4587061,33,5548,-0.00011785743932080095,-0.000208181407584308,0.01047672238200903,0,0,0,0,0,0,No
1739510983.4587061,34,5680,-0.0010820809068547987,-0.000779355400126433,0.019267749041318893,0.0022981464862823486,0.368283212184906,9.802817344665527,0.0043740179389715195,-0.000960164237767458,0.07673152536153793,No
1739510983.4587061,35,0,-0.0012622995165969542,-0.00026572662921843835,0.00283222203142941,-0.0040808203630149364,-0.0011156951077282429,9.809999465942383,-0.0008451470057480037,0.025348978117108345,0.0755126103758812,No
1739510983.4597204,36,5920,0,0,0,0.042565248906612396,-0.00028042608755640686,9.809907913208008,0.00010742030281107873,5.9292757214279845e-05,-0.002257879124954343,No
1739510983.4597204,37,5684,-0.0011869777484037058,-8.659495783658197e-05,-0.029740313068032265,0,0,0,0,0,0,No
1739510983.4597204,38,4904,-0.0009257436722833745,-0.0009173510943496936,0.033991698175668716,0.002596162725239992,0.014839338138699532,9.809988975524902,-8.100271224975586e-05,-0.004872883670032024,0.20542261004447937,No
1739510983.4597204,39,5396,0.0005791273574260458,1.9145673465679668e-05,-0.01872512698173523,3.384908676147461,-0.005411863327026367,9.817721366882324,2.0533858332782984e-05,0.000737697584554553,-0.0016314643435180187,No
1739510983.4597204,40,5948,0,0,0,-0.003960642497986555,-0.011645018123090267,9.809992790222168,0.002526175230741501,-0.001973127480596304,-0.09316137433052063,No
1739510983.4597204,41,4944,0.0005791476441032728,1.7242550348927098e-05,-0.01888778619468212,0,0,0,0,0,0,No
1739510983.4597204,42,5120,-0.00022011171196822943,-0.0005869235350174838,0.0034906005021184683,0.10945175588130951,-0.0018593687564134598,9.8093900680542,0.00015516173152718693,0.0013335084076970816,-6.525656499434263e-05,No
1739510983.4597204,43,5548,-0.0004091876081844248,-0.0009320247241596662,-0.02139686606824398,-0.3425929844379425,0.013719767332077026,9.808977127075195,9.203935042023659e-05,0.0006861083093099296,0.00204744515940547,No
1739510983.9700592,24,5132,-0.00045779365996168053,-0.0009640044521987271,0.020330484956502914,20925.12109375,42665.6875,42.870445251464844,-2.3424159735441208e-05,0.0012718264479190111,0.0012241632211953402,No
1739510983.9710517,25,5560,-0.00025512797965632217,0.0007093899957925463,0.0024281120859086514,-0.05444549769163132,-0.00019114067254122347,9.809849739074707,-0.00013327486522030085,-0.09369157999753952,-9.7940073828795e-06,No
1739510983.9710517,26,5124,-0.00045378642758464593,-0.0009639615486519849,0.02034604921936989,8755.83203125,58865.69921875,18.31694221496582,0.0016309504862874746,-0.0011414423352107406,0.019999206066131592,No
1739510983.9710517,27,5108,-0.0005096139481395312,-0.0009644599425687725,-0.015375785529613495,0,0,0,0,0,0,No
1739510983.9710517,28,5308,-0.001229104096708511,0.0006428556415497236,0.01923011802136898,-6.792665226384997e-05,0.010857800953090191,9.8099946975708,-0.002093969378620386,0.0012390298070386052,-0.1119055300951004,No
1739510983.9710517,29,0,0,0,0,-5.225121640251018e-06,-2.440555313398818e-09,9.8100004196167,5.382615242410793e-08,1.8203257567961373e-08,-6.086273249706481e-14,No
1739510983.9710517,30,5540,-0.00025515537693365786,0.0007171970705792761,0.0013545226538553834,0.3081454634666443,0.0507359504699707,9.817866325378418,0.0003038466675207019,0.0019422797486186028,0.014666738919913769,No
1739510983.9710517,31,5184,-0.0004526717577988393,-0.0009324959092776412,-0.004118804819881916,0.009152060374617577,8.88267531991005e-05,9.809996604919434,4.248833283782005e-05,0.0010812791297212243,0.002397583331912756,No
1739510983.9710517,32,5836,0,0,0,0.008694808930158615,-8.656969293951988e-05,9.809996604919434,0.0,0.0,0.0,No
1739510983.9710517,33,5548,-0.00011785743932080095,-0.000208181407584308,0.01047672238200903,0,0,0,0,0,0,No
1739510983.9710517,34,5680,-0.0010820809068547987,-0.000779355400126433,0.019267749041318893,0.0022981464862823486,0.368283212184906,9.802817344665527,0.0043740179389715195,-0.000960164237767458,0.07673152536153793,No
1739510983.9710517,35,0,-0.0012622995165969542,-0.00026572662921843835,0.00283222203142941,-0.0040808203630149364,-0.0011156951077282429,9.809999465942383,-0.0008451470057480037,0.025348978117108345,0.0755126103758812,No
1739510983.9710517,36,5920,0,0,0,0.042565248906612396,-0.00028042608755640686,9.809907913208008,0.00010742030281107873,5.9292757214279845e-05,-0.002257879124954343,No
1739510983.9710517,37,5684,-0.0011869777484037058,-8.659495783658197e-05,-0.029740313068032265,0,0,0,0,0,0,No
1739510983.9710517,38,4904,-0.0009257436722833745,-0.0009173510943496936,0.033991698175668716,0.002596162725239992,0.014839338138699532,9.809988975524902,-8.100271224975586e-05,-0.004872883670032024,0.20542261004447937,No
1739510983.9710517,39,5396,0.0005791273574260458,1.9145673465679668e-05,-0.01872512698173523,3.384908676147461,-0.005411863327026367,9.817721366882324,2.0533858332782984e-05,0.000737697584554553,-0.0016314643435180187,No
1739510983.9710517,40,5948,0,0,0,-0.003960642497986555,-0.011645018123090267,9.809992790222168,0.002526175230741501,-0.001973127480596304,-0.09316137433052063,No
1739510983.9710517,41,4944,0.0005791476441032728,1.7242550348927098e-05,-0.01888778619468212,0,0,0,0,0,0,No
1739510983.9710517,42,5120,-0.00022011171196822943,-0.0005869235350174838,0.0034906005021184683,0.10945175588130951,-0.0018593687564134598,9.8093900680542,0.00015516173152718693,0.0013335084076970816,-6.525656499434263e-05,No
1739510983.9710517,43,5520,-0.00040158165234061016,-0.0009317943746059915,-0.021384429186582565,-0.3484874665737152,0.1275392472743988,9.809006690979004,0.004804152995347977,0.0001724259927868843,0.044774699956178665,No
1739510984.4787357,24,5132,-0.00045779365996168053,-0.0009640044521987271,0.020330484956502914,20925.12109375,42665.6875,42.870445251464844,-2.3424159735441208e-05,0.0012718264479190111,0.0012241632211953402,No
1739510984.4787357,25,5560,-0.00025512797965632217,0.0007093899957925463,0.0024281120859086514,-0.05444549769163132,-0.00019114067254122347,9.809849739074707,-0.00013327486522030085,-0.09369157999753952,-9.7940073828795e-06,No
1739510984.4787357,26,5124,-0.00045378642758464593,-0.0009639615486519849,0.02034604921936989,8755.83203125,58865.69921875,18.31694221496582,0.0016309504862874746,-0.0011414423352107406,0.019999206066131592,No
1739510984.4787357,27,5108,-0.0005096139481395312,-0.0009644599425687725,-0.015375785529613495,0,0,0,0,0,0,No
1739510984.4787357,28,5308,-0.001229104096708511,0.0006428556415497236,0.01923011802136898,-6.792665226384997e-05,0.010857800953090191,9.8099946975708,-0.002093969378620386,0.0012390298070386052,-0.1119055300951004,No
1739510984.479728,29,0,0,0,0,-5.225121640251018e-06,-2.440555313398818e-09,9.8100004196167,5.382615242410793e-08,1.8203257567961373e-08,-6.086273249706481e-14,No
1739510984.479728,30,5540,-0.00025515537693365786,0.0007171970705792761,0.0013545226538553834,0.3081454634666443,0.0507359504699707,9.817866325378418,0.0003038466675207019,0.0019422797486186028,0.014666738919913769,No
1739510984.479728,31,5184,-0.0004526717577988393,-0.0009324959092776412,-0.004118804819881916,0.009152060374617577,8.88267531991005e-05,9.809996604919434,4.248833283782005e-05,0.0010812791297212243,0.002397583331912756,No
1739510984.479728,32,5836,0,0,0,0.008694808930158615,-8.656969293951988e-05,9.809996604919434,0.0,0.0,0.0,No
1739510984.479728,33,5548,-0.00011785743932080095,-0.000208181407584308,0.01047672238200903,0,0,0,0,0,0,No
1739510984.479728,34,5680,-0.0010820809068547987,-0.000779355400126433,0.019267749041318893,0.0022981464862823486,0.368283212184906,9.802817344665527,0.0043740179389715195,-0.000960164237767458,0.07673152536153793,No
1739510984.479728,35,0,-0.0012622995165969542,-0.00026572662921843835,0.00283222203142941,-0.0040808203630149364,-0.0011156951077282429,9.809999465942383,-0.0008451470057480037,0.025348978117108345,0.0755126103758812,No
1739510984.479728,36,5920,0,0,0,0.042565248906612396,-0.00028042608755640686,9.809907913208008,0.00010742030281107873,5.9292757214279845e-05,-0.002257879124954343,No
1739510984.479728,37,5684,-0.0011869777484037058,-8.659495783658197e-05,-0.029740313068032265,0,0,0,0,0,0,No
1739510984.479728,38,4904,-0.0009257436722833745,-0.0009173510943496936,0.033991698175668716,0.002596162725239992,0.014839338138699532,9.809988975524902,-8.100271224975586e-05,-0.004872883670032024,0.20542261004447937,No
1739510984.479728,39,5396,0.0005791273574260458,1.9145673465679668e-05,-0.01872512698173523,3.384908676147461,-0.005411863327026367,9.817721366882324,2.0533858332782984e-05,0.000737697584554553,-0.0016314643435180187,No
1739510984.479728,40,5948,0,0,0,-0.003960642497986555,-0.011645018123090267,9.809992790222168,0.002526175230741501,-0.001973127480596304,-0.09316137433052063,No
1739510984.479728,41,4944,0.0005791476441032728,1.7242550348927098e-05,-0.01888778619468212,0,0,0,0,0,0,No
1739510984.479728,42,5120,-0.00022011171196822943,-0.0005869235350174838,0.0034906005021184683,0.10945175588130951,-0.0018593687564134598,9.8093900680542,0.00015516173152718693,0.0013335084076970816,-6.525656499434263e-05,No
1739510984.479728,43,4936,-0.00039223926796694286,-0.0009314231150010358,-0.0213997270911932,-0.34987330436706543,1.0627474784851074,9.808557510375977,0.010094504803419113,-0.00013382546603679657,0.07894237339496613,No
1739510984.9910307,24,5132,-0.00045779365996168053,-0.0009640044521987271,0.020330484956502914,20925.12109375,42665.6875,42.870445251464844,-2.3424159735441208e-05,0.0012718264479190111,0.0012241632211953402,No
1739510984.9910307,25,5560,-0.00025512797965632217,0.0007093899957925463,0.0024281120859086514,-0.05444549769163132,-0.00019114067254122347,9.809849739074707,-0.00013327486522030085,-0.09369157999753952,-9.7940073828795e-06,No
1739510984.9910307,26,5124,-0.00045378642758464593,-0.0009639615486519849,0.02034604921936989,8755.83203125,58865.69921875,18.31694221496582,0.0016309504862874746,-0.0011414423352107406,0.019999206066131592,No
1739510984.9910307,27,5108,-0.0005096139481395312,-0.0009644599425687725,-0.015375785529613495,0,0,0,0,0,0,No
1739510984.9910307,28,5308,-0.001229104096708511,0.0006428556415497236,0.01923011802136898,-6.792665226384997e-05,0.010857800953090191,9.8099946975708,-0.002093969378620386,0.0012390298070386052,-0.1119055300951004,No
1739510984.9910307,29,0,0,0,0,-5.225121640251018e-06,-2.440555313398818e-09,9.8100004196167,5.382615242410793e-08,1.8203257567961373e-08,-6.086273249706481e-14,No
1739510984.9910307,30,5540,-0.00025515537693365786,0.0007171970705792761,0.0013545226538553834,0.3081454634666443,0.0507359504699707,9.817866325378418,0.0003038466675207019,0.0019422797486186028,0.014666738919913769,No
1739510984.9910307,31,5184,-0.0004526717577988393,-0.0009324959092776412,-0.004118804819881916,0.009152060374617577,8.88267531991005e-05,9.809996604919434,4.248833283782005e-05,0.0010812791297212243,0.002397583331912756,No
1739510984.9910307,32,5836,0,0,0,0.008694808930158615,-8.656969293951988e-05,9.809996604919434,0.0,0.0,0.0,No
1739510984.9910307,33,5548,-0.00011785743932080095,-0.000208181407584308,0.01047672238200903,0,0,0,0,0,0,No
1739510984.9910307,34,5680,-0.0010820809068547987,-0.000779355400126433,0.019267749041318893,0.0022981464862823486,0.368283212184906,9.802817344665527,0.0043740179389715195,-0.000960164237767458,0.07673152536153793,No
1739510984.9910307,35,0,-0.0012622995165969542,-0.00026572662921843835,0.00283222203142941,-0.0040808203630149364,-0.0011156951077282429,9.809999465942383,-0.0008451470057480037,0.025348978117108345,0.0755126103758812,No
1739510984.9910307,36,5920,0,0,0,0.042565248906612396,-0.00028042608755640686,9.809907913208008,0.00010742030281107873,5.9292757214279845e-05,-0.002257879124954343,No
1739510984.9910307,37,5684,-0.0011869777484037058,-8.659495783658197e-05,-0.029740313068032265,0,0,0,0,0,0,No
1739510984.9910307,38,4904,-0.0009257436722833745,-0.0009173510943496936,0.033991698175668716,0.002596162725239992,0.014839338138699532,9.809988975524902,-8.100271224975586e-05,-0.004872883670032024,0.20542261004447937,No
1739510984.9910307,39,5396,0.0005791273574260458,1.9145673465679668e-05,-0.01872512698173523,3.384908676147461,-0.005411863327026367,9.817721366882324,2.0533858332782984e-05,0.000737697584554553,-0.0016314643435180187,No
1739510984.9910307,40,5948,0,0,0,-0.003960642497986555,-0.011645018123090267,9.809992790222168,0.002526175230741501,-0.001973127480596304,-0.09316137433052063,No
1739510984.9910307,41,4944,0.0005791476441032728,1.7242550348927098e-05,-0.01888778619468212,0,0,0,0,0,0,No
1739510984.9910307,42,5120,-0.00022011171196822943,-0.0005869235350174838,0.0034906005021184683,0.10945175588130951,-0.0018593687564134598,9.8093900680542,0.00015516173152718693,0.0013335084076970816,-6.525656499434263e-05,No
1739510984.9910307,43,4908,-0.0003806562698542848,-0.0009306455738863557,-0.02197471633553505,2.586273431777954,0.21445393562316895,9.79891586303711,-0.0048827556893229485,-0.01161970105022192,0.06348619610071182,No
1739510985.5072563,24,5132,-0.00045779365996168053,-0.0009640044521987271,0.020330484956502914,20925.12109375,42665.6875,42.870445251464844,-2.3424159735441208e-05,0.0012718264479190111,0.0012241632211953402,No
1739510985.5072563,25,5560,-0.00025512797965632217,0.0007093899957925463,0.0024281120859086514,-0.05444549769163132,-0.00019114067254122347,9.809849739074707,-0.00013327486522030085,-0.09369157999753952,-9.7940073828795e-06,No
1739510985.5072563,26,5124,-0.00045378642758464593,-0.0009639615486519849,0.02034604921936989,8755.83203125,58865.69921875,18.31694221496582,0.0016309504862874746,-0.0011414423352107406,0.019999206066131592,No
1739510985.5072563,27,5108,-0.0005096139481395312,-0.0009644599425687725,-0.015375785529613495,0,0,0,0,0,0,No
1739510985.5072563,28,5308,-0.001229104096708511,0.0006428556415497236,0.01923011802136898,-6.792665226384997e-05,0.010857800953090191,9.8099946975708,-0.002093969378620386,0.0012390298070386052,-0.1119055300951004,No
1739510985.5072563,29,0,0,0,0,-5.225121640251018e-06,-2.440555313398818e-09,9.8100004196167,5.382615242410793e-08,1.8203257567961373e-08,-6.086273249706481e-14,No
1739510985.5072563,30,5540,-0.00025515537693365786,0.0007171970705792761,0.0013545226538553834,0.3081454634666443,0.0507359504699707,9.817866325378418,0.0003038466675207019,0.0019422797486186028,0.014666738919913769,No
1739510985.5072563,31,5184,-0.0004526717577988393,-0.0009324959092776412,-0.004118804819881916,0.009152060374617577,8.88267531991005e-05,9.809996604919434,4.248833283782005e-05,0.0010812791297212243,0.002397583331912756,No
1739510985.5072563,32,5836,0,0,0,0.008694808930158615,-8.656969293951988e-05,9.809996604919434,0.0,0.0,0.0,No
1739510985.5072563,33,5548,-0.00011785743932080095,-0.000208181407584308,0.01047672238200903,0,0,0,0,0,0,No
1739510985.5072563,34,5680,-0.0010820809068547987,-0.000779355400126433,0.019267749041318893,0.0022981464862823486,0.368283212184906,9.802817344665527,0.0043740179389715195,-0.000960164237767458,0.07673152536153793,No
1739510985.5072563,35,0,-0.0012622995165969542,-0.00026572662921843835,0.00283222203142941,-0.0040808203630149364,-0.0011156951077282429,9.809999465942383,-0.0008451470057480037,0.025348978117108345,0.0755126103758812,No
1739510985.5072563,36,5920,0,0,0,0.042565248906612396,-0.00028042608755640686,9.809907913208008,0.00010742030281107873,5.9292757214279845e-05,-0.002257879124954343,No
1739510985.5072563,37,5684,-0.0011869777484037058,-8.659495783658197e-05,-0.029740313068032265,0,0,0,0,0,0,No
1739510985.5072563,38,4904,-0.0009257436722833745,-0.0009173510943496936,0.033991698175668716,0.002596162725239992,0.014839338138699532,9.809988975524902,-8.100271224975586e-05,-0.004872883670032024,0.20542261004447937,No
1739510985.5072563,39,5396,0.0005791273574260458,1.9145673465679668e-05,-0.01872512698173523,3.384908676147461,-0.005411863327026367,9.817721366882324,2.0533858332782984e-05,0.000737697584554553,-0.0016314643435180187,No
1739510985.5072563,40,5948,0,0,0,-0.003960642497986555,-0.011645018123090267,9.809992790222168,0.002526175230741501,-0.001973127480596304,-0.09316137433052063,No
1739510985.5072563,41,4944,0.0005791476441032728,1.7242550348927098e-05,-0.01888778619468212,0,0,0,0,0,0,No
1739510985.5072563,42,5120,-0.00022011171196822943,-0.0005869235350174838,0.0034906005021184683,0.10945175588130951,-0.0018593687564134598,9.8093900680542,0.00015516173152718693,0.0013335084076970816,-6.525656499434263e-05,No
1739510985.5072563,43,5868,-0.0005951266108894515,1.4123985944603233e-05,0.01080959290266037,0.059488266706466675,0.0024188754614442587,9.808717727661133,-4.296680344850756e-08,-0.0005962310824543238,3.597219620132819e-05,No
1739510986.017298,24,5132,-0.00045779365996168053,-0.0009640044521987271,0.020330484956502914,20925.12109375,42665.6875,42.870445251464844,-2.3424159735441208e-05,0.0012718264479190111,0.0012241632211953402,No
1739510986.018354,25,5560,-0.00025512797965632217,0.0007093899957925463,0.0024281120859086514,-0.05444549769163132,-0.00019114067254122347,9.809849739074707,-0.00013327486522030085,-0.09369157999753952,-9.7940073828795e-06,No
1739510986.018354,26,5124,-0.00045378642758464593,-0.0009639615486519849,0.02034604921936989,8755.83203125,58865.69921875,18.31694221496582,0.0016309504862874746,-0.0011414423352107406,0.019999206066131592,No
1739510986.018354,27,5108,-0.0005096139481395312,-0.0009644599425687725,-0.015375785529613495,0,0,0,0,0,0,No
1739510986.018354,28,5308,-0.001229104096708511,0.0006428556415497236,0.01923011802136898,-6.792665226384997e-05,0.010857800953090191,9.8099946975708,-0.002093969378620386,0.0012390298070386052,-0.1119055300951004,No
1739510986.018354,29,0,0,0,0,-5.225121640251018e-06,-2.440555313398818e-09,9.8100004196167,5.382615242410793e-08,1.8203257567961373e-08,-6.086273249706481e-14,No
1739510986.018354,30,5540,-0.00025515537693365786,0.0007171970705792761,0.0013545226538553834,0.3081454634666443,0.0507359504699707,9.817866325378418,0.0003038466675207019,0.0019422797486186028,0.014666738919913769,No
1739510986.018354,31,5184,-0.0004526717577988393,-0.0009324959092776412,-0.004118804819881916,0.009152060374617577,8.88267531991005e-05,9.809996604919434,4.248833283782005e-05,0.0010812791297212243,0.002397583331912756,No
1739510986.018354,32,5836,0,0,0,0.008694808930158615,-8.656969293951988e-05,9.809996604919434,0.0,0.0,0.0,No
1739510986.018354,33,5548,-0.00011785743932080095,-0.000208181407584308,0.01047672238200903,0,0,0,0,0,0,No
1739510986.018354,34,5680,-0.0010820809068547987,-0.000779355400126433,0.019267749041318893,0.0022981464862823486,0.368283212184906,9.802817344665527,0.0043740179389715195,-0.000960164237767458,0.07673152536153793,No
1739510986.018354,35,0,-0.0012622995165969542,-0.00026572662921843835,0.00283222203142941,-0.0040808203630149364,-0.0011156951077282429,9.809999465942383,-0.0008451470057480037,0.025348978117108345,0.0755126103758812,No
1739510986.018354,36,5920,0,0,0,0.042565248906612396,-0.00028042608755640686,9.809907913208008,0.00010742030281107873,5.9292757214279845e-05,-0.002257879124954343,No
1739510986.018354,37,5684,-0.0011869777484037058,-8.659495783658197e-05,-0.029740313068032265,0,0,0,0,0,0,No
1739510986.018354,38,4904,-0.0009257436722833745,-0.0009173510943496936,0.033991698175668716,0.002596162725239992,0.014839338138699532,9.809988975524902,-8.100271224975586e-05,-0.004872883670032024,0.20542261004447937,No
1739510986.018354,39,5396,0.0005791273574260458,1.9145673465679668e-05,-0.01872512698173523,3.384908676147461,-0.005411863327026367,9.817721366882324,2.0533858332782984e-05,0.000737697584554553,-0.0016314643435180187,No
1739510986.018354,40,5948,0,0,0,-0.003960642497986555,-0.011645018123090267,9.809992790222168,0.002526175230741501,-0.001973127480596304,-0.09316137433052063,No
1739510986.018354,41,4944,0.0005791476441032728,1.7242550348927098e-05,-0.01888778619468212,0,0,0,0,0,0,No
1739510986.018354,42,5120,-0.00022011171196822943,-0.0005869235350174838,0.0034906005021184683,0.10945175588130951,-0.0018593687564134598,9.8093900680542,0.00015516173152718693,0.0013335084076970816,-6.525656499434263e-05,No
1739510986.018354,43,5336,-0.00035766233328615726,-0.0009280488812681976,-0.02161872759461403,1.5646960735321045,0.9747583866119385,9.769424438476562,0.011113857850432396,0.00415301276370883,0.20598356425762177,No
1739510986.532377,24,5132,-0.00045779365996168053,-0.0009640044521987271,0.020330484956502914,20925.12109375,42665.6875,42.870445251464844,-2.3424159735441208e-05,0.0012718264479190111,0.0012241632211953402,No
1739510986.532377,25,5560,-0.00025512797965632217,0.0007093899957925463,0.0024281120859086514,-0.05444549769163132,-0.00019114067254122347,9.809849739074707,-0.00013327486522030085,-0.09369157999753952,-9.7940073828795e-06,No
1739510986.533377,26,5124,-0.00045378642758464593,-0.0009639615486519849,0.02034604921936989,8755.83203125,58865.69921875,18.31694221496582,0.0016309504862874746,-0.0011414423352107406,0.019999206066131592,No
1739510986.533377,27,5108,-0.0005096139481395312,-0.0009644599425687725,-0.015375785529613495,0,0,0,0,0,0,No
1739510986.533377,28,5308,-0.001229104096708511,0.0006428556415497236,0.01923011802136898,-6.792665226384997e-05,0.010857800953090191,9.8099946975708,-0.002093969378620386,0.0012390298070386052,-0.1119055300951004,No
1739510986.533377,29,0,0,0,0,-5.225121640251018e-06,-2.440555313398818e-09,9.8100004196167,5.382615242410793e-08,1.8203257567961373e-08,-6.086273249706481e-14,No
1739510986.533377,30,5540,-0.00025515537693365786,0.0007171970705792761,0.0013545226538553834,0.3081454634666443,0.0507359504699707,9.817866325378418,0.0003038466675207019,0.0019422797486186028,0.014666738919913769,No
1739510986.533377,31,5184,-0.0004526717577988393,-0.0009324959092776412,-0.004118804819881916,0.009152060374617577,8.88267531991005e-05,9.809996604919434,4.248833283782005e-05,0.0010812791297212243,0.002397583331912756,No
1739510986.533377,32,5836,0,0,0,0.008694808930158615,-8.656969293951988e-05,9.809996604919434,0.0,0.0,0.0,No
1739510986.533377,33,5548,-0.00011785743932080095,-0.000208181407584308,0.01047672238200903,0,0,0,0,0,0,No
1739510986.533377,34,5680,-0.0010820809068547987,-0.000779355400126433,0.019267749041318893,0.0022981464862823486,0.368283212184906,9.802817344665527,0.0043740179389715195,-0.000960164237767458,0.07673152536153793,No
1739510986.533377,35,0,-0.0012622995165969542,-0.00026572662921843835,0.00283222203142941,-0.0040808203630149364,-0.0011156951077282429,9.809999465942383,-0.0008451470057480037,0.025348978117108345,0.0755126103758812,No
1739510986.533377,36,5920,0,0,0,0.042565248906612396,-0.00028042608755640686,9.809907913208008,0.00010742030281107873,5.9292757214279845e-05,-0.002257879124954343,No
1739510986.533377,37,5684,-0.0011869777484037058,-8.659495783658197e-05,-0.029740313068032265,0,0,0,0,0,0,No
1739510986.533377,38,4904,-0.0009257436722833745,-0.0009173510943496936,0.033991698175668716,0.002596162725239992,0.014839338138699532,9.809988975524902,-8.100271224975586e-05,-0.004872883670032024,0.20542261004447937,No
1739510986.533377,39,5396,0.0005791273574260458,1.9145673465679668e-05,-0.01872512698173523,3.384908676147461,-0.005411863327026367,9.817721366882324,2.0533858332782984e-05,0.000737697584554553,-0.0016314643435180187,No
1739510986.533377,40,5948,0,0,0,-0.003960642497986555,-0.011645018123090267,9.809992790222168,0.002526175230741501,-0.001973127480596304,-0.09316137433052063,No
1739510986.533377,41,4944,0.0005791476441032728,1.7242550348927098e-05,-0.01888778619468212,0,0,0,0,0,0,No
1739510986.533377,42,5120,-0.00022011171196822943,-0.0005869235350174838,0.0034906005021184683,0.10945175588130951,-0.0018593687564134598,9.8093900680542,0.00015516173152718693,0.0013335084076970816,-6.525656499434263e-05,No
1739510986.533377,43,4864,-0.0004600345135798989,-0.0009640136360250265,0.033988114446401596,-0.42635881900787354,0.2180493175983429,9.82231616973877,0.001280956668779254,-0.0018641534261405468,-0.05251717567443848,No
1739510987.0452406,24,5132,-0.00045779365996168053,-0.0009640044521987271,0.020330484956502914,20925.12109375,42665.6875,42.870445251464844,-2.3424159735441208e-05,0.0012718264479190111,0.0012241632211953402,No
1739510987.0452406,25,5560,-0.00025512797965632217,0.0007093899957925463,0.0024281120859086514,-0.05444549769163132,-0.00019114067254122347,9.809849739074707,-0.00013327486522030085,-0.09369157999753952,-9.7940073828795e-06,No
1739510987.0452406,26,5124,-0.00045378642758464593,-0.0009639615486519849,0.02034604921936989,8755.83203125,58865.69921875,18.31694221496582,0.0016309504862874746,-0.0011414423352107406,0.019999206066131592,No
1739510987.0452406,27,5108,-0.0005096139481395312,-0.0009644599425687725,-0.015375785529613495,0,0,0,0,0,0,No
1739510987.0452406,28,5308,-0.001229104096708511,0.0006428556415497236,0.01923011802136898,-6.792665226384997e-05,0.010857800953090191,9.8099946975708,-0.002093969378620386,0.0012390298070386052,-0.1119055300951004,No
1739510987.0452406,29,0,0,0,0,-5.225121640251018e-06,-2.440555313398818e-09,9.8100004196167,5.382615242410793e-08,1.8203257567961373e-08,-6.086273249706481e-14,No
1739510987.0452406,30,5540,-0.00025515537693365786,0.0007171970705792761,0.0013545226538553834,0.3081454634666443,0.0507359504699707,9.817866325378418,0.0003038466675207019,0.0019422797486186028,0.014666738919913769,No
1739510987.0452406,31,5184,-0.0004526717577988393,-0.0009324959092776412,-0.004118804819881916,0.009152060374617577,8.88267531991005e-05,9.809996604919434,4.248833283782005e-05,0.0010812791297212243,0.002397583331912756,No
1739510987.0452406,32,5836,0,0,0,0.008694808930158615,-8.656969293951988e-05,9.809996604919434,0.0,0.0,0.0,No
1739510987.0452406,33,5548,-0.00011785743932080095,-0.000208181407584308,0.01047672238200903,0,0,0,0,0,0,No
1739510987.0452406,34,5680,-0.0010820809068547987,-0.000779355400126433,0.019267749041318893,0.0022981464862823486,0.368283212184906,9.802817344665527,0.0043740179389715195,-0.000960164237767458,0.07673152536153793,No
1739510987.0452406,35,0,-0.0012622995165969542,-0.00026572662921843835,0.00283222203142941,-0.0040808203630149364,-0.0011156951077282429,9.809999465942383,-0.0008451470057480037,0.025348978117108345,0.0755126103758812,No
1739510987.0452406,36,5920,0,0,0,0.042565248906612396,-0.00028042608755640686,9.809907913208008,0.00010742030281107873,5.9292757214279845e-05,-0.002257879124954343,No
1739510987.0452406,37,5684,-0.0011869777484037058,-8.659495783658197e-05,-0.029740313068032265,0,0,0,0,0,0,No
1739510987.0452406,38,4904,-0.0009257436722833745,-0.0009173510943496936,0.033991698175668716,0.002596162725239992,0.014839338138699532,9.809988975524902,-8.100271224975586e-05,-0.004872883670032024,0.20542261004447937,No
1739510987.0452406,39,5396,0.0005791273574260458,1.9145673465679668e-05,-0.01872512698173523,3.384908676147461,-0.005411863327026367,9.817721366882324,2.0533858332782984e-05,0.000737697584554553,-0.0016314643435180187,No
1739510987.0452406,40,5948,0,0,0,-0.003960642497986555,-0.011645018123090267,9.809992790222168,0.002526175230741501,-0.001973127480596304,-0.09316137433052063,No
1739510987.0452406,41,4944,0.0005791476441032728,1.7242550348927098e-05,-0.01888778619468212,0,0,0,0,0,0,No
1739510987.0452406,42,5120,-0.00022011171196822943,-0.0005869235350174838,0.0034906005021184683,0.10945175588130951,-0.0018593687564134598,9.8093900680542,0.00015516173152718693,0.0013335084076970816,-6.525656499434263e-05,No
1739510987.0452406,43,5392,-0.00115424892170779,-0.0007273898841233452,-0.021350478753447533,-0.3645583689212799,0.018149681389331818,9.80599594116211,0.00013702129945158958,0.005383356940001249,0.01489175483584404,No
1739510987.5632646,24,5132,-0.00045779365996168053,-0.0009640044521987271,0.020330484956502914,20925.12109375,42665.6875,42.870445251464844,-2.3424159735441208e-05,0.0012718264479190111,0.0012241632211953402,No
1739510987.5632646,25,5560,-0.00025512797965632217,0.0007093899957925463,0.0024281120859086514,-0.05444549769163132,-0.00019114067254122347,9.809849739074707,-0.00013327486522030085,-0.09369157999753952,-9.7940073828795e-06,No
1739510987.5632646,26,5124,-0.00045378642758464593,-0.0009639615486519849,0.02034604921936989,8755.83203125,58865.69921875,18.31694221496582,0.0016309504862874746,-0.0011414423352107406,0.019999206066131592,No
1739510987.5632646,27,5108,-0.0005096139481395312,-0.0009644599425687725,-0.015375785529613495,0,0,0,0,0,0,No
1739510987.5632646,28,5308,-0.001229104096708511,0.0006428556415497236,0.01923011802136898,-6.792665226384997e-05,0.010857800953090191,9.8099946975708,-0.002093969378620386,0.0012390298070386052,-0.1119055300951004,No
1739510987.5632646,29,0,0,0,0,-5.225121640251018e-06,-2.440555313398818e-09,9.8100004196167,5.382615242410793e-08,1.8203257567961373e-08,-6.086273249706481e-14,No
1739510987.5632646,30,5540,-0.00025515537693365786,0.0007171970705792761,0.0013545226538553834,0.3081454634666443,0.0507359504699707,9.817866325378418,0.0003038466675207019,0.0019422797486186028,0.014666738919913769,No
1739510987.5632646,31,5184,-0.0004526717577988393,-0.0009324959092776412,-0.004118804819881916,0.009152060374617577,8.88267531991005e-05,9.809996604919434,4.248833283782005e-05,0.0010812791297212243,0.002397583331912756,No
1739510987.5632646,32,5836,0,0,0,0.008694808930158615,-8.656969293951988e-05,9.809996604919434,0.0,0.0,0.0,No
1739510987.5632646,33,5548,-0.00011785743932080095,-0.000208181407584308,0.01047672238200903,0,0,0,0,0,0,No
1739510987.5632646,34,5680,-0.0010820809068547987,-0.000779355400126433,0.019267749041318893,0.0022981464862823486,0.368283212184906,9.802817344665527,0.0043740179389715195,-0.000960164237767458,0.07673152536153793,No
1739510987.5632646,35,0,-0.0012622995165969542,-0.00026572662921843835,0.00283222203142941,-0.0040808203630149364,-0.0011156951077282429,9.809999465942383,-0.0008451470057480037,0.025348978117108345,0.0755126103758812,No
1739510987.5632646,36,5920,0,0,0,0.042565248906612396,-0.00028042608755640686,9.809907913208008,0.00010742030281107873,5.9292757214279845e-05,-0.002257879124954343,No
1739510987.5632646,37,5684,-0.0011869777484037058,-8.659495783658197e-05,-0.029740313068032265,0,0,0,0,0,0,No
1739510987.5632646,38,4904,-0.0009257436722833745,-0.0009173510943496936,0.033991698175668716,0.002596162725239992,0.014839338138699532,9.809988975524902,-8.100271224975586e-05,-0.004872883670032024,0.20542261004447937,No
1739510987.5642595,39,5396,0.0005791273574260458,1.9145673465679668e-05,-0.01872512698173523,3.384908676147461,-0.005411863327026367,9.817721366882324,2.0533858332782984e-05,0.000737697584554553,-0.0016314643435180187,No
1739510987.5642595,40,5948,0,0,0,-0.003960642497986555,-0.011645018123090267,9.809992790222168,0.002526175230741501,-0.001973127480596304,-0.09316137433052063,No
1739510987.5642595,41,4944,0.0005791476441032728,1.7242550348927098e-05,-0.01888778619468212,0,0,0,0,0,0,No
1739510987.5642595,42,5120,-0.00022011171196822943,-0.0005869235350174838,0.0034906005021184683,0.10945175588130951,-0.0018593687564134598,9.8093900680542,0.00015516173152718693,0.0013335084076970816,-6.525656499434263e-05,No
1739510987.5642595,43,5740,-0.00014930151554892745,-0.00020722277717828683,-0.0011922073317691684,-5.225121640251018e-06,-2.440555313398818e-09,9.8100004196167,1.2675525340455351e-07,-5.306780437308589e-08,-1.1383426211201975e-13,No
1739510988.0766282,24,5132,-0.00045779365996168053,-0.0009640044521987271,0.020330484956502914,20925.12109375,42665.6875,42.870445251464844,-2.3424159735441208e-05,0.0012718264479190111,0.0012241632211953402,No
1739510988.0766282,25,5560,-0.00025512797965632217,0.0007093899957925463,0.0024281120859086514,-0.05444549769163132,-0.00019114067254122347,9.809849739074707,-0.00013327486522030085,-0.09369157999753952,-9.7940073828795e-06,No
1739510988.0766282,26,5124,-0.00045378642758464593,-0.0009639615486519849,0.02034604921936989,8755.83203125,58865.69921875,18.31694221496582,0.0016309504862874746,-0.0011414423352107406,0.019999206066131592,No
1739510988.0766282,27,5108,-0.0005096139481395312,-0.0009644599425687725,-0.015375785529613495,0,0,0,0,0,0,No
1739510988.0766282,28,5308,-0.001229104096708511,0.0006428556415497236,0.01923011802136898,-6.792665226384997e-05,0.010857800953090191,9.8099946975708,-0.002093969378620386,0.0012390298070386052,-0.1119055300951004,No
1739510988.0766282,29,0,0,0,0,-5.225121640251018e-06,-2.440555313398818e-09,9.8100004196167,5.382615242410793e-08,1.8203257567961373e-08,-6.086273249706481e-14,No
1739510988.0766282,30,5540,-0.00025515537693365786,0.0007171970705792761,0.0013545226538553834,0.3081454634666443,0.0507359504699707,9.817866325378418,0.0003038466675207019,0.0019422797486186028,0.014666738919913769,No
1739510988.0766282,31,5184,-0.0004526717577988393,-0.0009324959092776412,-0.004118804819881916,0.009152060374617577,8.88267531991005e-05,9.809996604919434,4.248833283782005e-05,0.0010812791297212243,0.002397583331912756,No
1739510988.0766282,32,5836,0,0,0,0.008694808930158615,-8.656969293951988e-05,9.809996604919434,0.0,0.0,0.0,No
1739510988.0766282,33,5548,-0.00011785743932080095,-0.000208181407584308,0.01047672238200903,0,0,0,0,0,0,No
1739510988.0766282,34,5680,-0.0010820809068547987,-0.000779355400126433,0.019267749041318893,0.0022981464862823486,0.368283212184906,9.802817344665527,0.0043740179389715195,-0.000960164237767458,0.07673152536153793,No
1739510988.0766282,35,0,-0.0012622995165969542,-0.00026572662921843835,0.00283222203142941,-0.0040808203630149364,-0.0011156951077282429,9.809999465942383,-0.0008451470057480037,0.025348978117108345,0.0755126103758812,No
1739510988.0766282,36,5920,0,0,0,0.042565248906612396,-0.00028042608755640686,9.809907913208008,0.00010742030281107873,5.9292757214279845e-05,-0.002257879124954343,No
1739510988.0766282,37,5684,-0.0011869777484037058,-8.659495783658197e-05,-0.029740313068032265,0,0,0,0,0,0,No
1739510988.0766282,38,4904,-0.0009257436722833745,-0.0009173510943496936,0.033991698175668716,0.002596162725239992,0.014839338138699532,9.809988975524902,-8.100271224975586e-05,-0.004872883670032024,0.20542261004447937,No
1739510988.0766282,39,5396,0.0005791273574260458,1.9145673465679668e-05,-0.01872512698173523,3.384908676147461,-0.005411863327026367,9.817721366882324,2.0533858332782984e-05,0.000737697584554553,-0.0016314643435180187,No
1739510988.0766282,40,5948,0,0,0,-0.003960642497986555,-0.011645018123090267,9.809992790222168,0.002526175230741501,-0.001973127480596304,-0.09316137433052063,No
1739510988.0766282,41,4944,0.0005791476441032728,1.7242550348927098e-05,-0.01888778619468212,0,0,0,0,0,0,No
1739510988.0766282,42,5120,-0.00022011171196822943,-0.0005869235350174838,0.0034906005021184683,0.10945175588130951,-0.0018593687564134598,9.8093900680542,0.00015516173152718693,0.0013335084076970816,-6.525656499434263e-05,No
1739510988.0766282,43,5224,-0.0003141525169354509,-0.0009141978207361793,-0.021197432652115822,0.7853480577468872,1.86232328414917,9.771600723266602,-0.006586083211004734,-0.004004642367362976,0.3508322834968567,No
