Event_ID,Timestamp,Vehicle_ID,Is_Violation,Violation_Type,Details,Speed_KPH,Throttle,Brake,Steer,Heading,Latitude,Longitude,Altitude,Accel_X,Accel_Y,Accel_Z,Gyro_X,Gyro_Y,Gyro_Z,LiDAR_Points,Proximity_Alert,Collision_Partner,Traffic_Light_State,Lane_Type
eb17d52b,13-04-2025 10:55,3cf5e815,0,None,None,8.582369727,0.850000024,0,-0.182047546,-2.297607422,-0.000219258,-0.00057443,-0.010191193,2.88068676,-0.74843049,9.721064568,-0.00668578,0.013609412,-0.196308106,4988,1,None,None,Driving
82a36758,13-04-2025 10:55,82b227dd,1,Lane Violation,Crossed lane markings,8.131858307,0.850000024,0,-0.031970818,90.33972931,-0.000660028,-0.000998148,0.031590536,3.519385576,-0.069478273,8.632236481,-0.016076097,-0.001780391,-0.016076371,5280,1,None,None,Driving
866b43e4,13-04-2025 10:55,396768a5,0,None,None,8.498872649,0.850000024,0,0.001319482,0.286027104,-0.000251319,-0.000585511,-0.019618606,1.70830071,-0.000208353,9.806426048,6.31E-06,-0.000224564,0.000762057,5524,1,None,None,Driving
b7f8fea2,13-04-2025 10:55,75a08b48,0,None,None,19.84242309,0.10684187,0,0.007116084,-174.8948364,-0.000113012,-0.000848252,-0.010686531,-2.422960997,0.089127541,9.792528152,-0.000590276,0.005942366,0.021136783,5516,1,None,None,Driving
6fcf1235,13-04-2025 10:55,7b384fe9,0,None,None,23.50204005,0,0.699999988,-0.10018529,178.0633698,-0.000148962,-0.000838756,-0.000889778,-2.700903177,-1.228368998,9.806587219,-0.014533765,0.019418485,-0.101547182,5228,1,None,None,Driving
a6448f16,13-04-2025 10:55,15fa5b49,0,None,None,20.22899818,0.026860766,0,0.064069115,-87.13758087,0.000204219,-0.000924093,0.068111226,-3.268112898,-0.182938337,9.797540665,5.99E-05,0.025022073,0.061001126,5396,1,None,None,Driving
1c7c1d1c,13-04-2025 10:55,2d744a52,0,None,None,20.17311615,0.375011653,0,0.00332348,-87.12973022,0.000193559,-0.00095617,-0.029413756,-0.894375265,0.026474297,9.791806221,0.001892737,-0.00427334,0.008240599,5284,1,None,None,Driving
b8fde644,13-04-2025 10:55,7e92bef7,0,None,None,20.3804239,0.181600392,0,0.001072903,90.45800018,-0.000613344,-0.000997341,-0.004078522,-1.385363102,0.001668334,9.786710739,-0.000201703,0.00961175,0.001878298,5456,1,None,None,Driving
3f7b2e6e,13-04-2025 10:55,559432b7,0,None,None,18.51219859,0.850000024,0,-0.010726383,89.96327972,-0.000646491,-0.001028909,0.002495003,-0.399678528,-0.10686487,9.834353447,-0.002640419,0.002240288,-0.069436096,5060,1,None,None,Driving
0a47f616,13-04-2025 10:55,82b227dd,0,None,None,20.55009538,0.274953932,0,-0.126358703,80.1738205,-0.000819804,-0.000982694,-0.003472404,-0.444854736,-1.355742693,9.813508034,-0.008720363,0.000514242,-0.073138632,5372,1,None,None,Driving
bd733a25,13-04-2025 10:55,aaf781f7,0,None,None,20.00342007,0.516739964,0,-0.039533708,81.29335022,-0.000792773,-0.001019086,-0.001907158,0.005270451,-0.350530982,9.821349144,0.028216509,0.003796356,-0.110884555,5012,1,None,None,Driving
0c1fec20,13-04-2025 10:55,5d23cd89,0,None,None,19.77902062,0.788766921,0,-0.000673231,0.63215214,0.000516097,2.19E-05,-0.003459816,0.161200166,0.000852262,9.808566093,2.14E-06,-0.000342215,-0.000650053,5180,1,None,None,Driving
3c852976,13-04-2025 10:55,6c9418f3,0,None,None,0,0,1,0,90.77435303,0.000131288,-0.000988715,-0.004500389,-1.05E-05,-3.62E-08,9.81000042,0,0,0,5604,1,None,None,Driving
886aee20,13-04-2025 10:55,75a08b48,1,Lane Violation,Crossed lane markings,20.1542216,0.316925168,0,0.064837106,-81.64994812,5.21E-05,-0.000953962,-0.010940743,0.235776007,0.311987996,9.805175781,-0.002686645,-0.00144197,0.22168605,5320,1,None,None,Driving
d3511725,13-04-2025 10:55,2a54d78f,0,None,None,20.13175973,0.850000024,0,-0.000304379,0.316018492,-0.001262669,-0.000221907,-0.030911559,-2.407814026,-0.00579836,9.88787365,-0.001383484,-0.011075562,0.002115776,5888,1,None,None,Driving
7d062d72,13-04-2025 10:55,79e49d92,0,None,None,20.37729729,0.350904465,0,0,0.326568842,-0.001231329,-0.000206404,0.001529465,0.540391982,-0.00785487,9.803777695,-0.000309813,-0.009648863,0.00026775,5316,1,None,None,Driving
f2291bb3,13-04-2025 10:55,60afbd48,0,None,None,0,0,1,0,-179.6593933,-0.001168538,-0.000191195,0.010489311,0.006187523,1.05E-05,9.809998512,0,0,0,5536,1,None,Red,Driving
1feefc12,13-04-2025 10:55,20c16007,0,None,None,1.51E-06,0,1,-0.002409034,-179.539566,-0.001199947,-0.000194413,0.042612687,-4.18E-05,-1.50E-07,9.81000042,1.14E-07,-5.70E-07,1.65E-11,5488,1,None,Red,Driving
2b70924c,13-04-2025 10:55,c926df1d,0,None,None,20.23435941,0.462140262,0,-0.078690514,-31.5590992,-0.001179348,0.000767631,0.141730919,-0.090305224,-0.679215193,9.806983948,0.000612181,-0.000236222,-0.159071147,4372,1,None,None,Driving
824c755c,13-04-2025 10:55,75a08b48,0,None,None,20.51073564,0.328141779,0,0.002434642,-82.79777527,0.000196669,-0.000927889,-0.01096508,-0.204887792,0.083227038,9.813529015,0.0001259,0.001209951,-0.072663002,5612,1,None,None,Driving
4d890287,13-04-2025 10:55,82b227dd,0,None,None,20.46638383,0.255769342,0,-0.041986194,55.6035881,-0.001062679,-0.000877474,-0.003485069,-0.8359797,-0.122001469,9.817455292,0.002804703,0.000677749,-0.058153909,5204,1,None,None,Driving
2fe8f7c6,13-04-2025 10:55,82b227dd,1,Lane Violation,Crossed lane markings,20.53102826,0.224540457,0,-0.144366711,52.27912521,-0.001094843,-0.000852136,-0.003440895,-0.552415073,-0.293424428,9.815039635,0.004618191,0.000960875,-0.068699777,5236,1,None,None,Driving
224588c2,13-04-2025 10:55,82b227dd,0,None,None,20.47353926,0.17655611,0,-0.086580522,50.54481888,-0.001120773,-0.000827335,-0.003444099,0.254549921,-0.618225336,9.806733131,-0.002007408,-0.000264251,-0.130648151,5164,1,None,None,Driving
740750d0,13-04-2025 10:55,15fa5b49,1,Red Light Violation,Approaching red light at 15.81 km/h,15.81496587,0,1,0.034084655,-5.185732365,0.000519825,-0.000650823,0.067832522,1.397132277,0.207849711,9.785384178,0.000925625,-0.011494298,0.059422992,4960,1,None,Red,Driving
e85a0782,13-04-2025 10:55,15fa5b49,0,None,None,0.030585692,0,1,0.046150457,-2.825164557,0.000520477,-0.000636158,0.071614496,0.026389983,-0.004893707,9.643686295,0.0034756,-0.048559889,2.43E-05,5064,1,None,Red,Driving
359bf3a2,13-04-2025 10:55,2d744a52,1,Red Light Violation,Approaching red light at 5.41 km/h,5.409365607,0,1,0.032109976,-2.955444574,0.000551576,-0.000636935,-0.028691292,-16.20503998,-0.107651494,9.916944504,0.030710144,-0.074180372,0.031331014,5064,1,None,Red,Driving
877c51b4,13-04-2025 10:55,3cf5e815,1,Red Light Violation,Approaching red light at 7.47 km/h,7.466925254,0,1,0,-89.57274628,0.000360749,-0.000405739,-0.003145752,-5.393406391,0.012166977,9.701610565,0.000291435,0.003236096,-0.010346619,5084,1,None,Red,Driving
5a8b0725,13-04-2025 10:55,2d744a52,0,None,None,6.14E-05,0,1,0.031339839,-2.972625971,0.000551589,-0.000636675,-0.029585646,-0.026420552,0.000155774,9.81043911,-3.73E-05,0.000621531,7.32E-07,5760,1,None,Red,Driving
3645cbf4,13-04-2025 10:55,3cf5e815,0,None,None,3.17E-05,0,1,-0.001498749,-89.48934174,0.0003632,-0.000405727,-0.007583961,0.010898155,4.66E-10,9.810101509,6.09E-07,-5.40E-05,1.80E-09,5248,1,None,Red,Driving
23a4281e,13-04-2025 10:55,c926df1d,1,Red Light Violation,Approaching red light at 15.53 km/h,15.52663379,0,1,0,-89.61459351,-0.000457744,0.000952387,0.141628757,-3.332119703,0.007369995,9.83132267,-3.68E-07,0.006196006,-9.07E-06,5376,1,None,Red,Driving
55981b74,13-04-2025 10:55,c926df1d,0,None,None,0.006950288,0,1,0,-89.615448,-0.000444297,0.000952477,0.142943725,-0.750354826,-0.000261307,9.623265266,2.51E-07,-0.016883081,-3.42E-06,5124,1,None,Red,Driving
5ca2bb98,13-04-2025 10:55,5d23cd89,1,Red Light Violation,Approaching red light at 16.04 km/h,16.03545453,0.850000024,0,0.010946658,89.82246399,0.000119157,0.000893263,-0.002693825,3.278246164,-0.037578821,9.765886307,-8.31E-05,-0.004120034,0.009800245,5344,1,None,Red,Driving
985f50ae,13-04-2025 10:56,396768a5,1,Red Light Violation,Approaching red light at 15.81 km/h,15.81105768,0,1,0,0.167844296,-0.000255072,0.00067895,-0.01955574,1.549272418,-0.00077245,9.820775986,-3.88E-06,0.00048466,-7.72E-05,4864,1,None,Red,Driving
52e1b564,13-04-2025 10:56,5d23cd89,0,None,None,0.003558721,0,1,0.003128752,90.17980957,8.50E-05,0.000893146,-0.001151161,0.015001178,0.002052881,9.754595757,0.000123437,-0.011761751,1.20E-07,5508,1,None,Red,Driving
7275aaa4,13-04-2025 10:56,396768a5,0,None,None,0.007381304,0,1,0.000175733,0.175888032,-0.000255125,0.000697609,-0.01731327,0.075569823,-0.000293681,9.678277969,-1.82E-05,-0.020440672,-4.10E-06,5460,1,None,Red,Driving
20eae469,13-04-2025 10:56,15fa5b49,1,Red Light Violation,Approaching red light at 15.88 km/h,15.88438697,0.850000024,0,-0.000870534,89.90672302,9.08E-05,-0.000470095,0.067058563,2.76541996,-0.014380932,9.831160545,-0.000179376,-0.016524039,-0.001280763,5392,1,None,Red,Driving
94a86a19,13-04-2025 10:56,82b227dd,1,Lane Violation,Crossed lane markings,20.58174814,0.236953303,0,-0.115160182,-14.6372261,-0.001219371,0.000683431,-0.003446007,-0.110966057,-0.713473499,9.808129311,-0.002296606,-3.92E-05,-0.162712529,5276,1,None,None,Driving
cf0114b0,13-04-2025 10:56,15fa5b49,0,None,None,0.013192069,0,1,0.004338435,89.66408539,7.29E-05,-0.000470074,0.072252199,0.135275707,-0.00743562,9.462785721,-9.75E-05,-0.045308832,-1.79E-05,5376,1,None,Red,Driving
38068f6b,13-04-2025 10:56,82b227dd,0,None,None,20.51199239,0.330041468,0,-0.104265116,-23.09138107,-0.00119939,0.00073325,-0.003401909,0.178355992,-0.458365202,9.805877686,0.002221567,-0.000225289,-0.134609058,4812,1,None,None,Driving
c0576933,13-04-2025 10:56,2a54d78f,1,Red Light Violation,Approaching red light at 16.26 km/h,16.26260493,0,1,-0.00061556,-89.58623505,-0.000455459,0.000983842,-0.030432625,-3.336096048,-0.025953054,9.696400642,-0.001792394,-0.017567072,-0.000761328,5536,1,None,Red,Driving
d0e13d85,13-04-2025 10:56,2a54d78f,0,None,None,0.004775428,0,1,0.001930991,-89.70080566,-0.000443131,0.000983932,-0.029763011,-0.007010226,-0.00399982,9.805099487,-0.001206467,-0.001236883,-9.51E-07,5664,1,None,Red,Driving
aacba675,13-04-2025 10:56,3cf5e815,1,Wrong Way Driving,Vehicle moving opposite to lane direction,17.7015418,0.850000024,0,-0.117005877,-139.6158295,0.000551232,-0.00046516,-0.005365066,-4.238379478,-0.74413538,10.05736637,0.028830884,0.027400799,-0.268193305,5464,1,None,None,Driving
20d1d854,13-04-2025 10:56,3cf5e815,0,None,None,19.58450434,0.850000024,0,-0.104116894,-149.7401886,0.000565867,-0.000488688,-0.009344177,2.481433153,-0.922873676,9.840809822,0.020017382,0.005508948,-0.198719516,5064,1,None,None,Driving
47f24c3e,13-04-2025 10:56,82b227dd,1,Lane Violation,Crossed lane markings,20.68962489,0.239590749,0,-0.00584561,-89.14507294,-0.000745829,0.000950249,-0.00345417,-0.334922582,0.009593427,9.812105179,0.000594876,0.000204694,-0.020102551,5644,1,None,None,Driving
1c98244c,13-04-2025 10:56,82b227dd,0,None,None,20.49866849,0.277865916,0,-0.004666734,-89.20474243,-0.000717642,0.000950525,-0.003472175,-0.118917756,-0.05830501,9.808986664,9.86E-05,0.000302306,-0.011203553,5600,1,None,None,Driving
92bef4b0,13-04-2025 10:56,c926df1d,1,Red Light Violation,Approaching red light at 14.98 km/h,14.98048731,0,1,0,-179.8439484,-0.000149326,-0.000195065,0.141803771,-5.875191689,0.000950012,9.812407494,1.08E-07,0.008639535,-6.39E-05,5528,1,None,Red,Driving
25b30d02,13-04-2025 10:56,20c16007,1,Red Light Violation,Approaching red light at 16.74 km/h,16.73727118,0,1,-0.002626444,-0.005249023,-0.000219986,-0.00064717,0.042616844,-2.70324111,0.014115197,9.812788963,7.38E-05,0.001474484,-0.003694589,5576,1,None,Red,Driving
22cf371c,13-04-2025 10:56,c926df1d,0,None,None,0.000223027,0,1,0.001131572,-179.904892,-0.000149292,-0.000205757,0.141584814,-0.001555183,-9.18E-06,9.81118679,1.53E-06,-0.0005666,-4.47E-10,5436,1,None,Red,Driving
55abc68c,13-04-2025 10:56,20c16007,0,None,None,1.17E-05,0,1,0.001887036,-0.178039536,-0.000219956,-0.000630345,0.042619858,0.002038833,-0.001237,9.810062408,-3.07E-06,-0.000339253,-9.53E-09,5140,1,None,Red,Driving
bde3f562,13-04-2025 10:56,c926df1d,1,Wrong Way Driving,Vehicle moving opposite to lane direction,19.13884731,0.850000024,0,-0.118779317,126.2809601,-0.000215411,-0.000404238,0.141850129,-0.722631335,-0.909728706,9.794014931,0.005936195,-0.001830606,-0.170327902,5296,1,None,None,Driving
c0142ebd,13-04-2025 10:56,c926df1d,0,None,None,19.4165861,0.627472281,0,-0.118749961,115.8498917,-0.000244141,-0.000419831,0.14186725,-1.662685394,-1.291615486,9.79925251,0.001789755,0.002193996,-0.178140223,5344,1,None,None,Driving
103157b2,13-04-2025 10:57,c926df1d,1,Red Light Violation,Approaching red light at 17.37 km/h,17.47236494,0.409007788,0,0,89.82730865,-0.000943679,-0.000435777,0.141550705,0.187593624,0.001786888,9.802654266,1.31E-05,-0.001937168,7.59E-07,5356,1,None,Red,Driving
8cb14aa0,13-04-2025 10:57,c926df1d,0,None,None,0.006655902,0,1,0,89.83089447,-0.000966469,-0.00043571,0.142655715,-16.20493126,-0.003919601,9.880378723,-5.92E-07,0.03122863,-0.000154434,5024,1,None,Red,Driving
e030a860,13-04-2025 10:57,396768a5,1,Red Light Violation,Approaching red light at 15.80 km/h,15.80463439,0.850000024,0,0.000439827,0.093432821,-0.000255114,0.00067721,-0.019584732,1.849990964,0.004591245,9.810620308,2.81E-05,-0.002168556,0.000767154,5524,1,None,Red,Driving
4bdee692,13-04-2025 10:57,396768a5,0,None,None,4.056385587,0,1,0.000870534,0.114482902,-0.000255155,0.000700126,-0.016960829,-5.111262321,0.005198887,9.771515846,4.62E-05,-0.002934775,0.000571516,5424,1,None,Red,Driving
4a8e7bfe,13-04-2025 10:57,7e92bef7,1,Wrong Way Driving,Vehicle moving opposite to lane direction,19.86198867,0.613058507,0,-0.305611223,-122.7485733,-0.00017529,0.000921825,-0.004532623,-0.055810452,-0.771299243,9.809268951,0.008912895,0.00265617,-0.338711441,5516,1,None,None,Driving
6235835e,13-04-2025 10:57,7e92bef7,0,None,None,19.97489917,0.628072858,0,-0.257372469,-138.6573029,-0.000152837,0.000898475,-0.004525871,-0.259081841,-2.802821636,9.793514252,-0.002222148,0.002685065,-0.406894326,5560,1,None,None,Driving
6b8ca9a1,13-04-2025 10:57,60afbd48,1,Red Light Violation,Approaching red light at 16.38 km/h,16.38291285,0,1,0.000175733,-179.6461945,-0.001168612,-0.000177389,0.010766754,-0.17397508,-0.024044452,9.806879997,-0.000185521,-0.00230219,-0.001185457,5600,1,None,Red,Driving
8780fff6,13-04-2025 10:57,60afbd48,0,None,None,0.010128429,0,1,0.000566155,-179.6813812,-0.00116852,-0.000192089,0.013387069,-0.004824966,0.004613618,9.768105507,-2.65E-05,-0.051020537,-1.16E-05,5560,1,None,Red,Driving
6eede5b6,13-04-2025 10:57,82b227dd,1,Lane Violation,Crossed lane markings,17.94807203,0.850000024,0,-0.116260864,-92.95623016,0.000230469,0.000954212,-0.003179588,2.741060495,-0.207077265,9.770353317,0.003375355,0.001251526,-0.044636041,5268,1,None,None,Driving
80d39ecb,13-04-2025 10:57,82b227dd,0,None,None,18.84187111,0.850000024,0,-0.082043737,-94.00083923,0.00026159,0.000950519,-0.003894768,1.332476616,-0.557528615,9.800896645,-0.004044913,-0.0056106,-0.088394478,5708,1,None,None,Driving
8291b113,13-04-2025 10:57,2d744a52,1,Lane Violation,Crossed lane markings,20.21547049,0.412727088,0,0.090364568,138.4402008,-0.001041777,0.00084725,-0.029449539,-0.435258508,0.818853855,9.828695297,0.075521275,-0.007422343,0.262281805,5176,1,None,None,Driving
8742fcd6,13-04-2025 10:57,2d744a52,0,None,None,20.24353462,0.48855117,0,0.043840263,140.9756927,-0.001059225,0.000825638,-0.029433822,0.076729953,0.163322061,9.812703133,0.013516456,-0.000561767,0.052028269,5072,1,None,None,Driving
d0cbf87b,13-04-2025 10:57,82b227dd,1,Lane Violation,Crossed lane markings,20.52174311,0.270642608,0,-0.147031531,-169.3035431,0.000572041,0.000641939,-0.003415337,0.7417413,-0.616961598,9.799765587,-0.000862836,-0.000207677,-0.190156996,5916,1,None,None,Driving
02fe17f7,13-04-2025 10:57,82b227dd,0,None,None,20.6338269,0.29347077,0,-0.069652118,-172.5018616,0.000575632,0.000606303,-0.003450508,-0.059725933,-0.224242598,9.809911728,0.001216189,-1.61E-07,-0.076008052,5840,1,None,None,Driving
4a7630e8,13-04-2025 10:57,559432b7,1,Lane Violation,Crossed lane markings,19.78336199,0.850000024,0,-0.176602781,-171.2424316,0.000573015,0.000731273,0.003051681,2.260281086,-1.437087297,9.768974304,0.010749325,-0.005740501,-0.841759801,4952,1,None,None,Driving
40978674,13-04-2025 10:57,559432b7,0,None,None,20.68139995,0.293143034,0,0.001437753,179.596283,0.00057393,0.000701398,0.002895088,1.347058773,0.277731538,9.815531731,0.02710023,-0.013412071,0.227464601,5288,1,None,None,Driving
132d1470,13-04-2025 10:57,3cf5e815,1,Red Light Violation,Approaching red light at 11.95 km/h,11.95245561,0,1,-0.003247457,91.06705475,9.38E-05,-0.000988897,-0.010268898,3.021123886,-0.006341934,9.786563873,2.62E-05,0.003291366,-0.005458127,5204,1,None,Red,Driving
463734c6,13-04-2025 10:57,3cf5e815,0,None,None,0.031216017,0,1,-0.003002556,91.06626892,8.22E-05,-0.000989084,-0.001119347,0.396481156,0.010998487,9.042075157,-2.19E-06,-0.039805505,-2.33E-05,5824,1,None,Red,Driving
d3faac0b,13-04-2025 10:57,7e92bef7,1,Red Light Violation,Approaching red light at 15.38 km/h,15.37748358,0,1,0,-179.8410645,-0.000117904,-0.000189171,-0.004745292,-3.360177517,-7.26E-05,9.781737328,-7.85E-08,0.006735787,3.66E-07,5456,1,None,Red,Driving
a6cd6ff0,13-04-2025 10:57,7e92bef7,0,None,None,0.808059524,0,1,0,-179.8420868,-0.000117859,-0.000205522,-0.00601635,-4.338933468,-0.00120342,9.800823212,6.00E-06,-0.004723073,-0.000504198,5652,1,None,None,Driving
6221bd12,13-04-2025 10:57,c926df1d,1,Red Light Violation,Approaching red light at 16.76 km/h,16.75677399,0,1,0,-89.36828613,-0.000473603,-0.000964152,0.141542777,-4.414928913,0.008602142,9.829214096,-3.62E-06,0.008658599,-1.14E-05,4864,1,None,Red,Driving
dc4c9b04,13-04-2025 10:57,c926df1d,0,None,None,0.005118716,0,1,0.000175733,-89.37432098,-0.000457302,-0.000963974,0.142491758,-0.030741127,-0.00499309,9.809390068,-1.21E-06,-0.016426956,-2.14E-06,4724,1,None,Red,Driving
1bdadb4d,13-04-2025 10:58,20c16007,1,Lane Violation,Crossed lane markings,19.44629601,0.850000024,0,-0.029202333,-98.802948,0.000203046,-0.00038055,0.042811356,0.227059737,-0.028930366,9.813029289,5.92E-05,0.001144976,-0.128813133,5116,1,None,None,Driving
49a32d95,13-04-2025 10:58,20c16007,0,None,None,20.7891832,0.850000024,0,-0.0223649,-99.4155426,0.000237797,-0.000386745,0.042821083,-2.16707778,-0.026404858,9.806762695,7.51E-05,-0.000765776,0.053853765,5680,1,None,None,Driving
918a0008,13-04-2025 10:58,20c16007,1,Red Light Violation,Approaching red light at 16.45 km/h,16.44742333,0,0.398747891,0.008391935,-94.72289276,0.000340327,-0.000401811,0.04252037,-0.709070265,0.077180505,9.813498497,0.0002951,0.001033858,0.025598692,4864,1,None,Red,Driving
37f939ed,13-04-2025 10:58,20c16007,0,None,None,0.000339295,0,1,0.021913731,-92.5776062,0.000360044,-0.000402797,0.04277214,-0.680411398,0.02808553,9.786536217,0.000253405,-0.003145541,8.67E-07,5208,1,None,Red,Driving
b53cb58a,13-04-2025 10:58,60afbd48,1,Red Light Violation,Approaching red light at 5.25 km/h,5.253852973,0,1,0,-90.16747284,-0.000452581,-0.00040572,0.013312835,-27.5211525,0.002788544,10.06914902,-5.29E-05,0.129438758,-0.00042238,5512,1,None,Red,Driving
890e6ffb,13-04-2025 10:58,60afbd48,0,None,None,0.001187773,0,1,0,-90.16876221,-0.00045223,-0.000405721,0.010143165,-0.062663309,-0.000218309,9.866135597,7.40E-06,-0.003791399,2.98E-07,5528,1,None,Red,Driving
c483b292,13-04-2025 10:58,7e92bef7,1,Red Light Violation,Approaching red light at 11.62 km/h,11.62451988,0,1,0,-179.8391724,-0.000116397,-0.000731183,-0.005709648,-5.831644535,-0.000268385,9.797180176,9.18E-06,0.01068233,5.18E-07,4928,1,None,Red,Driving
a15ba95a,13-04-2025 10:58,7e92bef7,0,None,None,0.004752031,0,1,0,-179.8367004,-0.000116375,-0.000739372,-0.005940514,0.017666385,-0.000170036,9.870764732,-1.13E-06,-0.01185738,-1.59E-06,5496,1,None,Red,Driving
a5c9fca8,13-04-2025 10:58,5d23cd89,1,Lane Violation,Crossed lane markings,18.75550824,0.358364701,0,-0.035193618,-110.8822021,-0.000863025,-0.000908066,-0.003293877,-0.584479809,-0.076014578,9.808612823,-0.000387039,0.000988649,-0.052215729,5024,1,None,None,Driving
8e2cd85e,13-04-2025 10:58,5d23cd89,0,None,None,18.51131878,0.486036062,0,-0.024228238,-111.3887711,-0.000841501,-0.000916733,-0.003344002,0.090328455,-0.073922381,9.80738163,0.001717543,-0.001665649,-0.023272863,4892,1,None,None,Driving
8c6b881e,13-04-2025 10:58,6c9418f3,1,Wrong Way Driving,Vehicle moving opposite to lane direction,20.66493144,0,0.486623913,-0.139128178,-118.9441833,-0.000222794,0.000924146,-0.004314232,-3.485080481,-1.695806026,9.781515121,0.005784851,0.030996308,-0.248144075,5436,1,None,None,Driving
67fe7ae0,13-04-2025 10:58,6c9418f3,0,None,None,19.29287708,0.850000024,0,-0.098103948,-128.8958282,-0.000198469,0.000906157,-0.004178772,0.260074615,-0.766351342,9.795836449,0.014416515,-0.001392571,-0.290354252,5116,1,None,None,Driving
dd5f21eb,13-04-2025 10:58,5d23cd89,1,Lane Violation,Crossed lane markings,12.81458982,0.850000024,0,0.027199173,-91.72563934,-0.000646117,-0.000964937,-0.003507881,-2.143190622,-0.008281231,9.835852623,-0.000620043,-0.007004477,0.027103817,5260,1,None,None,Driving
80e3a24c,13-04-2025 10:58,5d23cd89,0,None,None,17.35762579,0,0.699999988,0.03418196,-91.15579224,-0.00061502,-0.000965228,-0.00366375,-2.313427687,0.032804489,9.828280449,-0.001089883,0.012480159,0.023927761,5372,1,None,None,Driving
5a4909c1,13-04-2025 10:58,3cf5e815,1,Red Light Violation,Approaching red light at 14.07 km/h,14.06711238,0,1,-0.004477761,0.167223439,-0.00021986,-0.000646686,-0.006183662,-3.666473866,-0.019841688,9.877180099,0.000783321,0.022816626,-0.009888571,5020,1,None,Red,Driving
616b1bbc,13-04-2025 10:58,3cf5e815,0,None,None,0.027506038,0,1,-0.000373486,0.001545442,-0.00021987,-0.000634602,-0.000238457,-8.833667755,-0.138870105,9.164232254,-0.00030376,-0.008096574,-1.20E-05,5008,1,None,Red,Driving
aab3c857,13-04-2025 10:58,20c16007,1,Wrong Way Driving,Vehicle moving opposite to lane direction,19.0694274,0.84779042,0,-0.135121271,-105.7188568,0.000505514,-0.000416857,0.04281456,-0.456469536,-2.771517992,9.812634468,-0.001207585,0.001451607,-0.249311119,4756,1,None,None,Driving
1816c1e3,13-04-2025 10:58,20c16007,0,None,None,20.87184403,0,0.585353315,-0.08161667,-112.9576187,0.000531239,-0.000427164,0.042804983,-3.66219759,-0.861647129,9.807510376,0.000944911,0.002231183,-0.250359446,5576,1,None,None,Driving
5b8af188,13-04-2025 10:58,6c9418f3,1,Red Light Violation,Approaching red light at 12.54 km/h,12.54052869,0,1,0,-179.8400421,-0.000149343,-0.000192418,-0.003966675,2.027020454,0.000511271,9.873076439,4.14E-06,-0.029120339,5.31E-06,5608,1,None,Red,Driving
40d9ea6f,13-04-2025 10:58,6c9418f3,0,None,None,0.701493062,0,1,0,-179.8509674,-0.000149317,-0.000201292,-0.001885567,-24.2136898,0.042898882,9.74686718,-2.52E-05,0.099022321,-0.001046743,5460,1,None,Red,Driving
e8666673,13-04-2025 10:58,60afbd48,1,Wrong Way Driving,Vehicle moving opposite to lane direction,19.40553018,0.59148854,0,-0.144606143,-113.0419846,-0.00025443,-0.000426382,0.011333389,-1.494649887,-3.003488064,9.769044876,-0.018647894,0.00756445,-0.344467252,5256,1,None,None,Driving
60423c2c,13-04-2025 10:58,60afbd48,0,None,None,19.39489757,0.850000024,0,-0.073781557,-122.6431046,-0.000221648,-0.000444658,0.01126419,-1.753650665,-1.824481249,9.807496071,-0.014278257,0.014547596,-0.267792612,5128,1,None,None,Driving
a5bfd78d,13-04-2025 10:58,7e92bef7,1,Lane Violation,Crossed lane markings,19.89620233,0.733370781,0,0.140225515,-95.89993286,-1.59E-06,-0.000958347,-0.004530563,1.025260448,0.722839236,9.818753242,-0.00475942,-0.004245858,0.209769309,5260,1,None,None,Driving
76a91542,13-04-2025 10:58,7e92bef7,0,None,None,20.40185344,0.358096987,0,0.090153128,-93.64595795,2.84E-05,-0.000958779,-0.004513893,0.761834443,0.221770525,9.819602013,-0.001845601,-0.00296507,0.068374187,5340,1,None,None,Driving
d6c8762d,13-04-2025 10:59,20c16007,1,Red Light Violation,Approaching red light at 15.12 km/h,15.12098613,0,1,-0.002099104,91.03522491,8.77E-05,-0.001020423,0.042627182,-3.66682291,-0.003026724,9.809926033,2.35E-05,0.001802249,-0.004907267,5876,1,None,Red,Driving
8663bedd,13-04-2025 10:59,20c16007,0,None,None,0.00017659,0,1,0.006756003,90.66660309,7.32E-05,-0.001020668,0.042722967,-0.001269744,-3.05E-05,9.80736351,-3.35E-05,-0.004235966,1.69E-07,5028,1,None,Red,Driving
ab2f208d,13-04-2025 10:59,559432b7,1,Wrong Way Driving,Vehicle moving opposite to lane direction,19.20427429,0.850000024,0,-0.118700564,146.0542908,0.000554672,-0.000374604,0.003517609,0.969258547,-2.212966442,9.771144867,-0.015023081,0.015899267,-0.43575567,5340,1,None,None,Driving
a21b1a92,13-04-2025 10:59,82b227dd,1,Lane Violation,Crossed lane markings,20.60437491,0.162058473,0,-0.015177513,91.07813263,0.000357439,-0.000437205,-0.003488655,0.149117962,-0.072886445,9.809221268,0.000480634,-0.000281298,-0.023401737,5152,1,None,None,Driving
35202953,13-04-2025 10:59,559432b7,0,None,None,19.64990969,0.850000024,0,-0.04195952,127.9055862,0.000517456,-0.000407488,0.002971306,-0.696065903,-1.605361342,9.778186798,0.005160267,0.011407776,-0.336718976,5440,1,None,None,Driving
05f233fe,13-04-2025 10:59,82b227dd,0,None,None,20.48404728,0.314651638,0,-0.002384683,90.45617676,0.000301096,-0.00043769,-0.003459816,-0.017686555,-0.00262285,9.809939384,3.71E-05,8.29E-05,-0.005470109,5508,1,None,None,Driving
6108e4c3,13-04-2025 10:59,5d23cd89,1,Red Light Violation,Approaching red light at 17.16 km/h,17.15710326,0,1,0.092809826,-8.179452896,0.000549684,-0.000670706,-0.003470421,-0.317989856,0.567400515,9.808516502,-0.006553893,0.000573041,0.155191675,6116,1,None,Red,Driving
34a67872,13-04-2025 10:59,5d23cd89,0,None,None,0.005068267,0,1,0.068248667,-4.298829556,0.000551949,-0.000640045,-0.001236763,-15.72068787,-0.56949532,9.821011543,-0.007184252,0.018028982,0.011831317,5432,1,None,Red,Driving
a762326f,13-04-2025 10:59,5d23cd89,1,Lane Violation,Crossed lane markings,8.886496085,0.850000024,0,0.059692886,-3.847383022,0.000552126,-0.000635344,-0.006332436,5.723218918,0.176222935,9.825139999,0.002299002,-0.014727732,0.037643652,5888,1,None,Green,Driving
1c884dc8,13-04-2025 10:59,5d23cd89,0,None,None,9.856533782,0.850000024,0,0.058219846,-3.733674049,0.000552598,-0.000620917,-0.005709114,3.60473156,0.149725527,9.804912567,-0.001452403,0.012008899,0.045025624,5312,1,None,Green,Driving
39ff0a20,13-04-2025 10:59,559432b7,1,Lane Violation,Crossed lane markings,19.89590992,0.437447846,0,-0.006477322,101.6449051,0.000336014,-0.000444185,0.002865906,0.908208191,-0.113279283,9.815201759,-0.012676018,-0.010281968,-0.108596638,5240,1,None,None,Driving
041fc004,13-04-2025 10:59,559432b7,0,None,None,19.8206499,0.612995923,0,0.005695365,101.0850067,0.00030907,-0.000449634,0.00285553,0.524472773,-0.007120252,9.814907074,0.005025759,-0.005863172,0.010021596,5264,1,None,None,Driving
3a40ef5c,13-04-2025 10:59,82b227dd,1,Red Light Violation,Approaching red light at 15.18 km/h,15.17847659,0,1,-0.001337816,89.92158508,8.91E-05,-0.00043867,-0.003174095,-2.527371883,0.00063467,9.80728817,0.000600286,0.00325598,-0.001270958,5724,1,None,Red,Driving
1f013f70,13-04-2025 10:59,82b227dd,0,None,None,4.736126334,0,1,-0.001127911,89.91912842,7.25E-05,-0.000438624,-0.002722969,-9.781187057,-0.269865036,9.663428307,-0.010051597,0.003047973,0.005538097,5660,1,None,Red,Driving
d66bf8e1,13-04-2025 10:59,559432b7,1,Red Light Violation,Approaching red light at 16.64 km/h,16.63778191,0.432237476,0,-0.004941604,90.39461517,8.17E-05,-0.000469684,0.002593117,-0.311328441,-0.053417265,9.811881065,-0.00184335,4.45E-05,-0.016402099,5556,1,None,Red,Driving
0f7e052e,13-04-2025 10:59,559432b7,0,None,None,4.552451292,0,1,0,90.19069672,5.48E-05,-0.000469777,0.001562042,-3.096811533,-0.003049135,9.801344872,2.68E-05,-0.005341398,-0.005243365,5592,1,None,Red,Driving
d8866c10,13-04-2025 10:59,2d744a52,1,Lane Violation,Crossed lane markings,19.43095487,0.375624716,0,-0.003592239,-100.2025833,0.00023231,-0.000385404,-0.029397583,-0.711884141,-0.030832767,9.807986259,-0.002480964,-0.001049282,-0.010446957,5072,1,None,None,Driving
ab9b505c,13-04-2025 10:59,2d744a52,0,None,None,19.14451944,0.437174082,0,-0.002316454,-100.2604446,0.000262704,-0.000390934,-0.029405555,-0.528367698,-0.004004478,9.80906868,-0.000289911,-0.000667482,-0.001906386,5496,1,None,None,Driving
756220fe,13-04-2025 10:59,2d744a52,1,Red Light Violation,Approaching red light at 10.28 km/h,10.28202139,0,1,0.028085681,-92.42391205,0.000358978,-0.000403008,-0.029157868,-3.846380234,0.045692444,9.837557793,0.023066919,-0.031909719,0.050242506,5004,1,None,Red,Driving
07e281da,13-04-2025 10:59,2d744a52,0,None,None,0.000239284,0,1,0.024517348,-92.42525482,0.000360116,-0.000403048,-0.029558638,-0.024346091,0.00019985,9.810856819,-6.85E-05,0.001788529,-3.26E-07,5356,1,None,Red,Driving
4e9141a7,13-04-2025 10:59,559432b7,1,Red Light Violation,Approaching red light at 15.79 km/h,15.79026479,0,1,-0.001066182,179.9427032,-0.000116138,-0.000735818,0.00258522,-1.969985485,-0.027852206,9.800688744,-0.000841823,0.010358688,-0.002514881,4804,1,None,Red,Driving
e09584d7,13-04-2025 10:59,559432b7,0,None,None,3.400327892,0,1,0.005628011,-179.47435,-0.000116053,-0.000759373,0.001664963,-3.052852869,-0.013978958,9.800551414,-0.001637535,-0.002181962,0.008115086,5524,1,None,Red,Driving
8e3328e0,13-04-2025 10:59,15fa5b49,1,Lane Violation,Crossed lane markings,22.54973182,0,0.097576186,-0.106810853,-8.474495888,-0.000250125,-0.000250427,0.06672062,8.150286674,-1.668452501,9.529899597,0.002179063,-0.025644252,-0.339844972,5704,1,None,None,Driving
d3b33dca,13-04-2025 10:59,15fa5b49,0,None,None,20.56969527,0,0.40202105,-0.044398643,-11.50615025,-0.000242575,-0.00021499,0.067437284,1.602337599,-0.002045292,9.847932816,0.000846395,-0.017654004,0.002343648,5268,1,None,None,Driving
d558982a,13-04-2025 10:59,6c9418f3,1,Wrong Way Driving,Vehicle moving opposite to lane direction,23.25057239,0,0.699999988,-0.111499876,125.9135361,-0.000215927,-0.000403884,-0.005551071,0.511890173,-1.310794592,9.908733368,0.01058955,0.00815897,-0.222572371,5304,1,None,None,Driving
5cd71b0b,13-04-2025 10:59,6c9418f3,0,None,None,18.94865999,0.850000024,0,-0.187115699,114.7443695,-0.000249641,-0.000421591,-0.004543495,-0.24004364,-2.187728643,9.801969528,-0.030338205,0.006340757,-0.248444453,5244,1,None,None,Driving
1023246b,13-04-2025 10:59,7e92bef7,1,Lane Violation,Crossed lane markings,20.14486572,0.494291574,0,0.107527286,6.01591444,0.00054504,0.000320987,-0.004389343,0.19211778,1.084875464,9.79928112,-0.00747632,0.000657602,0.224407956,5160,1,None,None,Driving
0ac8a8bf,13-04-2025 10:59,7e92bef7,0,None,None,19.90548308,0.547885954,0,0.083675645,7.748095512,0.000539123,0.00035543,-0.004417,-0.132684603,0.150465086,9.804572105,0.000935316,0.000177204,0.050306145,5736,1,None,None,Driving
cc756c67,13-04-2025 10:59,c926df1d,1,Red Light Violation,Approaching red light at 16.69 km/h,16.68547859,0.431279838,0,0,0.157620877,-0.000223591,0.000668621,0.141619906,-1.423448801,-0.000478,9.806448936,2.28E-06,0.001395567,-2.61E-06,5208,1,None,Red,Driving
d70d2dab,13-04-2025 10:59,c926df1d,0,None,None,0.03172526,0,1,0,0.156131282,-0.000223642,0.000687043,0.142549127,-24.24482155,0.000306431,9.793883324,-9.42E-06,0.029369194,-0.000205465,5072,1,None,Red,Driving
8aa8bd04,13-04-2025 10:59,2d744a52,1,Lane Violation,Crossed lane markings,20.32475332,0.291051358,0,-0.089863658,99.55447388,0.000377865,-0.00096997,-0.029417533,-0.368075967,-0.692443132,9.826704979,-0.072729006,-0.006587826,-0.225979418,5092,1,None,None,Driving
3cab496d,13-04-2025 10:59,2d744a52,0,None,None,20.02554842,0.503933549,0,-0.048719183,98.01826477,0.000342775,-0.000974335,-0.029438438,-0.298240542,-0.07537514,9.81023407,-0.00563495,-0.001584485,-0.023470024,5856,1,None,None,Driving
8a87b2d3,13-04-2025 10:59,6c9418f3,1,Red Light Violation,Approaching red light at 17.37 km/h,17.36666555,0.41746819,0,0,89.83896637,-0.000944178,-0.000435782,-0.00440815,0.026176956,0.001353575,9.803527832,-1.06E-05,-0.002817715,2.94E-06,5300,1,None,Red,Driving
a0766b33,13-04-2025 10:59,6c9418f3,0,None,None,0.004211268,0,1,0,89.83485413,-0.000964511,-0.000435726,-0.000891075,-4.120659351,-0.001660347,9.445311546,-0.000157025,-0.006358334,-9.70E-06,5188,1,None,Red,Driving
ae721821,13-04-2025 11:00,7e92bef7,1,Red Light Violation,Approaching red light at 16.62 km/h,16.61791722,0.454007417,0,0.003741776,90.10756683,0.00010846,0.000893215,-0.004672279,-0.251828611,0.011357531,9.807991028,-0.000261312,-0.00059781,0.005756217,5212,1,None,Red,Driving
34041cc8,13-04-2025 11:00,7e92bef7,0,None,None,7.355488351,0.850000024,0,0.001792448,90.20748138,8.64E-05,0.000893126,-0.006061401,-1.935782671,0.001801491,9.849741936,8.21E-06,-0.008104984,0.001139757,5052,1,None,None,Driving
ef73a438,13-04-2025 11:00,82b227dd,1,Lane Violation,Crossed lane markings,20.17406782,0.283335388,0,0.232346117,90.50860596,-0.000781445,-0.000437177,-0.003370247,-0.811953545,4.00338459,9.81080246,0.024571639,0.000925148,0.121201858,5828,1,None,None,Driving
243e51c4,13-04-2025 11:00,82b227dd,0,None,None,20.45504508,0.444518924,0,0.19057025,93.04653168,-0.000811755,-0.000441857,-0.003448677,0.239179313,1.08314538,9.796635628,0.010800479,0.001068163,0.22744216,5972,1,None,None,Driving
419b947a,13-04-2025 11:00,82b227dd,1,Lane Violation,Crossed lane markings,17.04270555,0.417132825,0,-0.049415864,93.94052887,-0.000968905,-0.000464964,-0.003647118,2.32202816,-0.095150471,9.794355392,0.00321183,-0.005767318,-0.057903349,5452,1,None,Green,Driving
28398d6c,13-04-2025 11:00,82b227dd,0,None,None,17.49871084,0.129412398,0,-0.046373807,93.63253021,-0.000990189,-0.000465763,-0.003531303,1.644639492,-0.189359546,9.812360764,0.002686356,-0.005707325,-0.054217897,5676,1,None,Green,Driving
6eb284fa,13-04-2025 11:00,2d744a52,1,Wrong Way Driving,Vehicle moving opposite to lane direction,21.17477565,0.281152248,0,-0.201503247,57.38519669,-0.000158186,-0.000959801,-0.029509582,1.997747421,-3.976248503,9.93694973,0.105960682,-0.015124854,-0.510075271,5248,1,None,None,Driving
3d71a936,13-04-2025 11:00,2d744a52,0,None,None,6.430244774,0.850000024,0,-0.118883125,48.38231659,-0.000176549,-0.000944545,-0.029098434,4.488187313,-0.275378823,9.807592392,-0.014451208,0.053425379,-0.133969262,5416,1,None,None,Driving
502c62f6,13-04-2025 11:00,559432b7,1,Lane Violation,Crossed lane markings,19.80361181,0.531474173,0,0.011289288,77.23601532,0.000363065,-0.000461867,0.002782936,0.408623517,-0.042514548,9.8122015,0.013647076,-0.001679041,0.097238749,5084,1,None,None,Driving
8c612e4c,13-04-2025 11:00,559432b7,0,None,None,20.43125374,0.32170251,0,-0.009718549,78.11079407,0.000331329,-0.000454897,0.002771797,-0.268250436,-0.039657295,9.81321907,-0.006171123,0.004915767,-0.045652829,4880,1,None,None,Driving
7a941f0b,13-04-2025 11:00,aaf781f7,1,Lane Violation,Crossed lane markings,19.72599486,0.769155502,0,-0.236486003,85.23168945,-0.00065543,-0.001027285,0.000280571,0.109848499,-1.214701891,9.722070694,0.052282974,0.019043032,-0.487417668,5108,1,None,None,Driving
4eed7835,13-04-2025 11:00,aaf781f7,0,None,None,19.88334998,0.726882696,0,-0.207323834,83.8744278,-0.000682568,-0.001021453,-0.001380577,-0.272907823,-0.524163127,9.83049202,-0.004342324,-0.00131304,-0.12314909,5524,1,None,None,Driving
29feff9f,13-04-2025 11:00,82b227dd,1,Lane Violation,Crossed lane markings,20.47549946,0.368642509,0,0.07122609,-120.9050751,-0.000975543,-0.000859038,-0.003411751,-0.208622992,0.284004569,9.809167862,-0.00262319,0.000564976,0.110199355,5780,1,None,None,Driving
bb67dce0,13-04-2025 11:00,82b227dd,0,None,None,20.36225564,0.375667334,0,0.086483039,-117.8869171,-0.000936746,-0.000878651,-0.003456688,-0.270928174,0.34703508,9.809343338,0.004328402,0.000823521,0.11407207,5260,1,None,None,Driving
2.68E+157,13-04-2025 11:00,82b227dd,1,Lane Violation,Crossed lane markings,20.47818335,0.310878873,0,0.072800279,-101.0609894,-0.000782799,-0.000925682,-0.003419456,-0.123307526,0.325570673,9.808444023,0.001542905,0.000463239,0.105035603,6008,1,None,None,Driving
0741172f,13-04-2025 11:00,82b227dd,0,None,None,20.52000385,0.32183069,0,0.062731795,-100.3219376,-0.000754891,-0.000929587,-0.003424721,0.333262801,0.271138608,9.805480003,-0.004170153,-0.000515889,0.085566245,6084,1,None,None,Driving
c7f21511,13-04-2025 11:00,82b227dd,1,Red Light Violation,Approaching red light at 13.23 km/h,13.22789627,0,1,0.000304379,-89.57967377,-0.000483237,-0.000932809,-0.002885551,-7.593595505,0.040132523,9.845906258,-1.69E-05,0.009838856,-0.03110075,5268,1,None,Red,Driving
5817a505,13-04-2025 11:00,82b227dd,0,None,None,0.00493919,0,1,0.006204535,-89.67773438,-0.000476913,-0.000932727,-0.003357811,-0.02906169,0.0074063,9.828605652,0.000332765,-0.014978356,8.76E-07,5420,1,None,Red,Driving
876342f6,13-04-2025 11:00,20c16007,1,Red Light Violation,Approaching red light at 15.76 km/h,15.76252053,0,1,0,-89.60998535,-0.000451258,0.00098386,0.042636298,-3.438936234,0.003399372,9.811120033,-2.10E-07,0.001704808,-4.26E-06,5600,1,None,Red,Driving
bd72e729,13-04-2025 11:00,20c16007,0,None,None,0.000147431,0,1,-0.006499939,-89.30499268,-0.000437327,0.000983952,0.042750128,-0.002373216,-6.43E-05,9.808551788,2.09E-05,-0.004100229,-3.76E-07,5640,1,None,Red,Driving
6270d303,13-04-2025 11:01,5d23cd89,1,Red Light Violation,Approaching red light at 18.14 km/h,18.1384207,0.099459596,0,0,-179.6420746,-0.001200178,-0.000156657,-0.003498268,1.140335083,0.002792649,9.808623314,5.77E-05,-0.000217454,0.009955694,5964,1,None,Red,Driving
ab85d197,13-04-2025 11:01,5d23cd89,0,None,None,0.008442611,0,1,0,-179.6745148,-0.001200111,-0.000166738,-0.000873756,-0.005774628,0.004661557,9.768287659,5.20E-05,-0.026352616,-7.18E-06,5880,1,None,Red,Driving
017dca39,13-04-2025 11:01,79e49d92,1,Wrong Way Driving,Vehicle moving opposite to lane direction,20.1399859,0.121599033,0,-0.117351621,-119.6061249,-0.000223062,0.000924756,0.001225815,-1.662656784,-2.511489153,9.812893867,-0.018232595,0.04323817,-0.387530357,5368,1,None,None,Driving
319bdfc8,13-04-2025 11:01,3cf5e815,1,Lane Violation,Crossed lane markings,19.78735344,0.850000024,0,0.079726823,102.1405792,-0.000769901,0.000914699,-0.009235916,1.032347918,0.684497237,9.952666283,-0.023503678,0.019143339,0.206902996,5100,1,None,None,Driving
90e73748,13-04-2025 11:01,3cf5e815,0,None,None,21.60946751,0,0.663232625,0.014206521,104.8707047,-0.000798068,0.000907254,-0.005664444,-4.257740021,0.236677647,9.676025391,-0.003356259,0.024721468,-0.018715266,5372,1,None,None,Driving
8b525611,13-04-2025 11:01,79e49d92,0,None,None,20.06149698,0.405071706,0,-0.141944721,-141.269928,-0.000179836,0.000886887,0.001565132,-0.842465639,-2.062252045,9.773695946,0.012857533,0.027467098,-0.385416538,5060,1,None,None,Driving
ced6a265,13-04-2025 11:01,7e92bef7,1,Lane Violation,Crossed lane markings,19.94521519,0.642595887,0,0.134471029,-95.67084503,-0.001047306,-0.000372218,-0.004919319,0.002550483,0.773394048,9.84023571,-0.010710452,0.000655367,0.217225015,5028,1,None,None,Driving
a861d434,13-04-2025 11:01,7e92bef7,0,None,None,19.91971261,0.570148468,0,-0.071765862,-92.89813232,-0.001010039,-0.000375234,-0.004366264,0.413111448,-0.566486716,9.805603027,0.002434541,-0.000748356,-0.170893326,5052,1,None,None,Driving
2c6a4cdc,13-04-2025 11:01,7e92bef7,1,Lane Violation,Crossed lane markings,19.97847682,0.567034483,0,0.051405545,-96.7266922,-0.000865049,-0.000400213,-0.004458923,-0.169106588,0.21109286,9.808034897,-0.009058946,0.000926238,0.084331304,5568,1,None,None,Driving
d5a98e11,13-04-2025 11:01,7e92bef7,0,None,None,19.93972482,0.597551465,0,0.043157265,-96.07413483,-0.000836908,-0.000402258,-0.005767288,-6.142338753,0.064684868,9.804104805,-0.003187947,0.012172208,0.055570565,5552,1,None,None,Driving
19079d2b,13-04-2025 11:01,60afbd48,1,Red Light Violation,Approaching red light at 13.19 km/h,13.18999966,0,1,-0.000175733,-89.62051392,-0.000448874,0.000983883,0.011334419,-6.093129635,0.005381584,9.835931778,-1.04E-05,0.024716038,0.000534284,5640,1,None,Red,Driving
47b5a125,13-04-2025 11:01,60afbd48,0,None,None,0.006661397,0,1,0.000945979,-89.65148163,-0.000440018,0.000983944,0.01060131,-0.083032042,0.005508423,9.866382599,1.72E-05,-0.019337727,3.67E-07,5784,1,None,Red,Driving
9765281e,13-04-2025 11:01,2a54d78f,1,Lane Violation,Crossed lane markings,20.23209847,0.850000024,0,-0.272161305,-100.4871368,0.000208226,0.000985086,-0.028909339,-0.306595564,-2.293792009,9.589993477,-0.06865903,-0.02279979,-0.626762986,4904,1,None,None,Driving
9f4430cc,13-04-2025 11:01,2a54d78f,0,None,None,24.12501165,0,0.699999988,-0.127671421,-106.3225021,0.000239089,0.000974058,-0.034370061,-3.798018456,-0.845855236,10.30660725,0.000978573,0.001597299,-0.068546414,5112,1,None,None,Driving
a03680f0,13-04-2025 11:01,5d23cd89,1,Red Light Violation,Approaching red light at 12.15 km/h,12.1495621,0,1,0,-89.38066101,-0.000476695,-0.000964214,-0.002921562,-2.848083973,0.000602007,9.811202049,-3.12E-05,0.000439056,1.29E-05,5208,1,None,Red,Driving
8d28cb84,13-04-2025 11:01,5d23cd89,0,None,None,0.003471334,0,1,0.000439827,-89.37572479,-0.000464841,-0.000964084,-0.001085091,-14.34892654,-0.004067421,9.796610832,-2.08E-05,0.019785203,-0.000344462,5992,1,None,Red,Driving
c70c30f5,13-04-2025 11:01,79e49d92,1,Red Light Violation,Approaching red light at 17.42 km/h,17.41859109,0.322112143,0,-0.000694801,-179.8281403,-0.000149346,-0.000188471,0.001502495,3.275455713,-0.005900645,9.75977993,-0.000200875,-0.051987726,0.00078398,5584,1,None,Red,Driving
949790bb,13-04-2025 11:01,79e49d92,0,None,None,0.079112296,0,1,-0.000714716,-179.8120117,-0.00014929,-0.000208175,0.004842987,-0.116840243,-0.00095348,9.804103851,0.000241623,-0.117007546,-8.00E-05,5524,1,None,Red,Driving
18ff2fb0,13-04-2025 11:01,2d744a52,1,Lane Violation,Crossed lane markings,18.59487139,0.850000024,0,-0.013063271,-13.48991776,0.000526861,0.000124278,-0.029273413,-1.532135367,-0.080840006,9.799473763,-0.006734469,0.002349803,-0.025297457,5760,1,None,None,Driving
cb44e7ef,13-04-2025 11:01,2d744a52,0,None,None,18.07235451,0.850000024,0,-0.009635011,-13.78835106,0.000533321,0.00015017,-0.029463768,-3.095535517,-0.020199979,9.798319817,-0.001062006,-0.003017596,-0.005651114,4956,1,None,None,Driving
37c20a6d,13-04-2025 11:02,82b227dd,1,Lane Violation,Crossed lane markings,16.75124813,0.447047055,0,0.106987886,-4.445100307,-0.00025138,-0.000782791,-0.004172096,1.643089652,0.280499101,9.810873985,-0.001072015,0.00143425,0.112810656,5680,1,None,None,Driving
ce7576c7,13-04-2025 11:02,82b227dd,0,None,None,17.07251921,0,0.135738,0.063209794,-2.591491699,-0.00025096,-0.000750086,-0.003443565,1.825877786,0.178082451,9.801721573,-0.000711787,0.00017159,0.083651207,5272,1,None,None,Driving
7daa0054,13-04-2025 11:02,7e92bef7,1,Red Light Violation,Approaching red light at 15.98 km/h,15.98051574,0.49758926,0,0.000439827,-89.57146454,0.000340878,-0.000405901,-0.004698067,-0.568951547,-0.011922836,9.806051254,-7.16E-05,0.000720223,-7.95E-05,5340,1,None,Red,Driving
09324c2c,13-04-2025 11:02,7e92bef7,0,None,None,4.154354928,0,1,0,-89.56814575,0.00035734,-0.000405777,-0.00614605,-4.718392372,0.000265121,9.804374695,1.30E-05,-0.003334301,2.25E-07,4964,1,None,Red,Driving
e2153dd9,13-04-2025 11:02,2a54d78f,1,Red Light Violation,Approaching red light at 18.68 km/h,18.68115808,0.188629389,0,0,-179.4147797,0.000581322,-0.000189007,-0.026602192,5.397439957,-0.010585412,9.698180199,0.001051575,0.023047434,-0.000436726,5272,1,None,Red,Driving
e25ba7fc,13-04-2025 11:02,3cf5e815,1,Lane Violation,Crossed lane markings,21.05000611,0.070229508,0,-0.001436689,-161.5897369,-0.001125979,-0.000725114,-0.008902321,0.839372635,-0.139983594,9.939308167,0.001039399,0.011575036,0.040464956,5136,1,None,None,Driving
df449cd2,13-04-2025 11:02,3cf5e815,0,None,None,20.1489173,0.279494911,0,-0.000150614,-161.5614166,-0.001117803,-0.000749697,-0.005108337,0.083350748,-0.019996736,9.643471718,-8.72E-05,-0.027882196,-7.81E-05,4816,1,None,None,Driving
fe81c47e,13-04-2025 11:02,2a54d78f,0,None,None,0.000234619,0,1,0.001101421,-179.4481659,0.000581396,-0.000196055,-0.030028323,-0.008089914,0.002444665,9.809243202,4.87E-05,3.72E-05,3.96E-08,5280,1,None,Red,Driving
64d20198,13-04-2025 11:02,2d744a52,1,Red Light Violation,Approaching red light at 16.16 km/h,16.16289433,0.411991537,0,0.000879655,90.10509491,8.71E-05,0.000924443,-0.02956501,-0.081887804,0.011706058,9.809260368,-4.46E-05,0.001340646,0.001942616,4972,1,None,Red,Driving
f62b75b4,13-04-2025 11:02,2d744a52,0,None,None,0.001877452,0,1,0.003338138,90.13149261,8.02E-05,0.000924425,-0.029309805,0.034900852,9.72E-05,9.821415901,-0.000124371,0.014674306,-1.22E-06,5340,1,None,Red,Driving
f4a2730e,13-04-2025 11:02,7b384fe9,1,Wrong Way Driving,Vehicle moving opposite to lane direction,23.2123178,0.850000024,0,-0.190838605,-123.1093292,-0.000178989,0.000924381,-0.000827065,13.74565315,-3.269539833,9.784050941,-0.011776526,-0.028392497,-0.460520923,5604,1,None,None,Driving
5685a887,13-04-2025 11:02,7b384fe9,0,None,None,16.20231346,0.850000024,0,-0.152279168,-138.8086395,-0.000154602,0.000900604,-0.001547012,2.107973099,-1.316730499,9.834412575,0.007782798,-0.022814097,-0.263794035,5188,1,None,None,Driving
78b33d56,13-04-2025 11:02,c926df1d,1,Lane Violation,Crossed lane markings,19.59263128,0.821226656,0,-0.278439969,99.55106354,0.000317836,-0.000996816,0.141846761,0.335839868,-1.546390057,9.792775154,0.011288122,-0.0006638,-0.545922995,5688,1,None,None,Driving
00b67ed1,13-04-2025 11:02,c926df1d,0,None,None,19.97215315,0.745985568,0,-0.231608108,96.80817413,0.0002899,-0.000996606,0.141867563,-1.168475389,-0.551852822,9.799742699,0.002195135,0.000145375,-0.065636352,4896,1,None,None,Driving
ffa6d097,13-04-2025 11:02,c926df1d,1,Red Light Violation,Approaching red light at 17.33 km/h,17.32754489,0.263870001,0,0.008780582,89.96981812,9.94E-05,-0.000989669,0.141516417,-0.995459259,0.05075258,9.811861992,-0.000278875,0.000705183,0.014336135,5756,1,None,Red,Driving
9e52f0b0,13-04-2025 11:02,82b227dd,1,Lane Violation,Crossed lane markings,15.81364623,0,0.006125233,0.183189422,82.18913269,-0.00037346,0.000363132,-0.003357658,-0.74845475,0.509040892,9.80918026,-0.000324358,-0.00049406,0.191922158,5676,1,None,None,Driving
aef70384,13-04-2025 11:02,c926df1d,0,None,None,0.000641915,0,1,0.003458198,90.1705246,7.98E-05,-0.000989748,0.143116906,-16.93569374,-0.025033951,9.637363434,3.17E-05,-0.001546157,-1.18E-06,5116,1,None,Red,Driving
9c51e865,13-04-2025 11:02,82b227dd,0,None,None,14.34982958,0.010691534,0,0.081728093,86.50534821,-0.000398027,0.000363871,-0.003463325,-0.615299165,0.175741524,9.810109138,0.000769203,0.000104538,0.079421327,5612,1,None,None,Driving
12c97c71,13-04-2025 11:02,79e49d92,1,Lane Violation,Crossed lane markings,20.40896139,0.252249748,0,0.042132773,99.11534119,-0.000803292,-0.000440472,0.001571045,-0.324560523,0.494779229,9.809874535,-0.020959841,0.005445762,0.107019134,5696,1,None,None,Driving
4d5df648,13-04-2025 11:02,79e49d92,0,None,None,20.25469307,0.334865034,0,0.028410561,99.93565369,-0.000835638,-0.000446535,0.001377029,-0.208339632,0.030496731,9.826852798,-0.000620795,0.005571913,0.007333654,5248,1,None,None,Driving
3d359a2d,13-04-2025 11:02,7e92bef7,1,Wrong Way Driving,Vehicle moving opposite to lane direction,20.17084288,0.361102909,0,-0.178831279,-110.598381,0.000496539,-0.000420847,-0.004340553,-0.691309094,-1.277412653,9.787623405,0.003796113,0.003430612,-0.288363278,5036,1,None,None,Driving
e9ae4f03,13-04-2025 11:02,7e92bef7,0,None,None,20.01049844,0.522619247,0,-0.210870892,-122.0726166,0.000522361,-0.000435923,-0.004391327,-0.669190168,-2.857943058,9.779579163,-0.003875133,0.003089699,-0.363204926,5660,1,None,None,Driving
48fb2228,13-04-2025 11:02,82b227dd,1,Lane Violation,Crossed lane markings,20.63716303,0.24401091,0,-0.083860204,3.396709681,-0.000627603,0.000507475,-0.003449364,-0.379502535,-0.24843739,9.813093185,0.000335375,0.000303136,-0.142219245,5812,1,None,None,Driving
94561d90,13-04-2025 11:02,82b227dd,0,None,None,20.66119567,0.20629634,0,-0.07679572,2.738197565,-0.00062781,0.000538265,-0.003440971,0.063015454,-0.275996745,9.809105873,0.000616016,8.37E-05,-0.118949622,5788,1,None,None,Driving
44a2f1fa,13-04-2025 11:02,aaf781f7,1,Red Light Violation,Approaching red light at 16.69 km/h,16.69426124,0,1,0.000694801,-179.8601685,-0.000149343,-0.000190545,-0.004612694,-0.748370588,0.015698908,9.957222939,0.000268345,-0.014037325,0.001254838,5604,1,None,Red,Driving
e0064bbb,13-04-2025 11:02,aaf781f7,0,None,None,0.032095498,0,1,0.000311182,-179.8786774,-0.000149307,-0.000203106,0.038250312,0.036593795,0.001891289,8.991947174,1.97E-05,-0.030204097,-6.66E-05,5516,1,None,Red,Driving
3872d445,13-04-2025 11:02,6c9418f3,1,Lane Violation,Crossed lane markings,18.00177356,0.850000024,0,0.089260712,10.52885246,0.000543769,9.38E-05,-0.003631706,-4.159704685,0.78934294,9.779557228,-0.027032588,0.018871373,0.149218708,5736,1,None,None,Driving
d343d860,13-04-2025 11:02,6c9418f3,0,None,None,18.69153342,0.850000024,0,0.040145941,12.92090511,0.000537618,0.000119534,-0.005487594,5.214622974,0.215334505,9.888839722,-0.005933007,-0.01934921,0.057359014,5644,1,None,None,Driving
04a6b21b,13-04-2025 11:02,3cf5e815,1,Red Light Violation,Approaching red light at 12.79 km/h,12.78950365,0,1,0.000800664,0.089551449,-0.000220001,-0.000646154,-0.005322418,-5.893083572,0.00102348,9.83380127,-0.000317357,0.036765482,0.001510027,5188,1,None,Red,Driving
1cff5b50,13-04-2025 11:02,3cf5e815,0,None,None,0.0292704,0,1,-0.000673231,0.170091435,-0.000220015,-0.000636115,-0.002765388,0.010634399,0.000768957,9.68000412,0.000188306,-0.055695504,-2.14E-05,5212,1,None,Red,Driving
e9e70e85,13-04-2025 11:03,82b227dd,1,Lane Violation,Crossed lane markings,20.57457403,0.294884861,0,0.173805565,84.58526611,-0.000732808,0.00088864,-0.003364525,0.27520594,0.616655648,9.804944038,0.000634791,-0.000429015,0.239671543,5408,1,None,None,Driving
a0b8f142,13-04-2025 11:03,82b227dd,0,None,None,20.45383991,0.266407132,0,0.08572606,87.16566467,-0.000768713,0.000888589,-0.003312569,0.063281707,-0.062317733,9.809499741,-0.002030854,0.000141814,0.140134692,5208,1,None,None,Driving
3ae46589,13-04-2025 11:03,5d23cd89,1,Red Light Violation,Approaching red light at 15.31 km/h,15.31235591,0.850000024,0,0.119403347,-8.856608391,0.000549662,-0.000671969,-0.003283882,-0.263162464,0.500555992,9.794341087,-0.008916557,0.007232163,0.139307663,5332,1,None,Red,Driving
ab288a71,13-04-2025 11:03,396768a5,1,Red Light Violation,Approaching red light at 16.96 km/h,16.96273483,0,0.063766114,0.000248524,-89.6083374,-0.000454578,0.000983847,-0.018491859,-2.335026503,0.005761862,9.756256104,0.000211258,0.007583607,1.60E-05,5320,1,None,Red,Driving
d03fbdef,13-04-2025 11:03,5d23cd89,0,None,None,0.000609273,0,1,0.079902254,-4.817414761,0.000551911,-0.000643434,-0.000761833,-3.273364544,-0.230255008,9.727351189,-0.004915685,0.009159022,8.65E-06,5928,1,None,Red,Driving
1b5684ef,13-04-2025 11:03,396768a5,0,None,None,0.002482947,0,1,-0.00061556,-89.59651947,-0.000437038,0.000983967,-0.018562699,-0.044644225,0.000269126,9.843647957,-3.20E-05,-0.009989847,5.62E-07,5552,1,None,Red,Driving
8b16258d,13-04-2025 11:03,82b227dd,1,Lane Violation,Crossed lane markings,20.50949521,0.297588199,0,0.131022885,145.2447052,-0.001132701,0.000726265,-0.003418922,0.418618262,0.668551564,9.803386688,-0.001390692,0.000575728,0.180233181,5404,1,None,None,Driving
2301f26e,13-04-2025 11:03,82b227dd,0,None,None,20.44170536,0.279866874,0,0.209160775,146.2590332,-0.00114713,0.000699163,-0.003421211,0.698325634,0.726506233,9.801972389,-0.00300091,-0.000307666,0.176339477,5744,1,None,None,Driving
43236cdc,13-04-2025 11:03,5d23cd89,1,Lane Violation,Crossed lane markings,10.63288157,0.850000024,0,0.065657087,-4.010224819,0.000552402,-0.000630269,-0.006027183,4.397738934,0.190532416,9.812019348,-0.000830996,0.003779524,0.054283492,5940,1,None,Green,Driving
c98b16a7,13-04-2025 11:03,5d23cd89,0,None,None,10.63288157,0.850000024,0,0.065657087,-4.010224819,0.000552903,-0.000612647,-0.003624687,-1.233120918,0.066640832,9.803894043,-0.000990816,0.012939325,0.035343122,5620,1,None,Green,Driving
d5084570,13-04-2025 11:03,20c16007,1,Lane Violation,Crossed lane markings,22.03965695,0,1,-0.363877028,108.3369141,0.000390156,-0.000969448,0.042773858,-5.281709194,-7.88495779,9.805194855,-0.00338369,0.006840915,-0.992055893,5104,1,None,None,Driving
ceca1907,13-04-2025 11:03,20c16007,0,None,None,12.04215831,0,1,-0.11580009,99.56893158,0.000373502,-0.000971877,0.042667273,-0.009908401,0.001135778,9.812469482,-0.000395402,-0.004097364,-1.81E-06,4964,1,None,None,Driving
e891283f,13-04-2025 11:03,c926df1d,1,Wrong Way Driving,Vehicle moving opposite to lane direction,19.01666628,0.850000024,0,-0.176259086,57.63119507,-0.000156719,-0.000961601,0.141968116,-1.094515085,-1.759171009,9.789916039,-0.001378463,-0.001191225,-0.341862202,5236,1,None,None,Driving
d6fcc9d2,13-04-2025 11:03,c926df1d,0,None,None,19.3352528,0.687459528,0,-0.191186935,44.96535492,-0.00018314,-0.000938581,0.14190349,-1.23461926,-2.032265186,9.787311554,-0.001362881,0.000308188,-0.367706716,5180,1,None,None,Driving
ac6ee578,13-04-2025 11:03,20c16007,1,Lane Violation,Crossed lane markings,20.31097898,0,0.699999988,-0.003286356,95.91596222,0.000295225,-0.000979846,0.042823754,-3.41236186,-0.055700779,9.806610107,6.74E-06,0.000255355,0.063050009,5904,1,None,None,Driving
7b5ad9dd,13-04-2025 11:03,20c16007,0,None,None,16.26469646,0.850000024,0,0.000351466,95.77086639,0.000270726,-0.000982309,0.042556874,4.169049263,0.02125597,9.809299469,3.99E-05,-0.001121323,0.000366993,5028,1,None,None,Driving
f863cea8,13-04-2025 11:03,559432b7,1,Lane Violation,Crossed lane markings,19.4942395,0.850000024,0,0.27251637,26.41469765,0.000545168,-0.000243658,0.002733383,1.662716627,5.25286293,9.644479752,0.053505536,0.0319301,1.490966439,5468,1,None,None,Driving
beafef33,13-04-2025 11:03,559432b7,0,None,None,20.40020268,0.229138404,0,-0.06330198,40.01317596,0.000528162,-0.000214647,0.00228508,1.817998886,-4.133634567,9.751527786,-0.090128571,0.007145307,-1.366819501,5296,1,None,None,Driving
09ea56b5,13-04-2025 11:03,2a54d78f,1,Wrong Way Driving,Vehicle moving opposite to lane direction,23.10565735,0.473318696,0,-0.178475574,58.04553986,-0.000158212,-0.000960077,-0.027735557,9.962730408,-2.955916643,10.22941494,0.026403176,0.036622543,-0.383037001,5576,1,None,None,Driving
7ed27b28,13-04-2025 11:03,2a54d78f,0,None,None,18.83430328,0.850000024,0,-0.150635839,43.87879562,-0.000187947,-0.000932451,-0.02895111,0.972942829,-0.917040527,9.656898499,-0.015996017,0.00604671,-0.297571093,5512,1,None,None,Driving
ea9df339,13-04-2025 11:03,7e92bef7,1,Red Light Violation,Approaching red light at 15.67 km/h,15.66996487,0,1,-0.000175733,0.103262439,-0.000251388,-0.000653459,-0.004859963,-1.811711431,-0.007916408,9.793294907,-6.10E-05,0.003363465,-4.73E-05,5652,1,None,Red,Driving
b008588b,13-04-2025 11:03,7e92bef7,0,None,None,0.665713293,0,1,0.000890449,0.115089856,-0.000251421,-0.000638664,-0.006040115,-4.519479752,-0.013375092,9.7987957,2.63E-05,-0.00371004,-0.002391956,5644,1,None,Red,Driving
a531ca7d,13-04-2025 11:03,aaf781f7,1,Red Light Violation,Approaching red light at 17.24 km/h,17.23933352,0.38601616,0,0.00061556,-179.848877,-0.000147882,-0.000718943,0.001236687,0.804189146,0.020513048,9.71668911,0.000654981,-0.010863032,0.000536288,5132,1,None,Red,Driving
505fdc8b,13-04-2025 11:03,aaf781f7,0,None,None,0.053352036,0,1,0.000761803,-179.8755951,-0.000147828,-0.00073686,0.03494091,-13.87907219,0.015050655,9.37984848,8.17E-05,0.15305914,-0.00138197,5408,1,None,Red,Driving
d7b603d0,13-04-2025 11:04,7b384fe9,1,Red Light Violation,Approaching red light at 14.65 km/h,14.65040581,0,1,0,-89.54644012,0.00034432,-0.000374438,-0.001233749,-4.453598022,-0.002326488,9.802046776,7.26E-06,0.011836634,-0.000233798,5420,1,None,Red,Driving
2c6f782c,13-04-2025 11:04,7b384fe9,0,None,None,0.008618481,0,1,0,-89.53955078,0.000356484,-0.000374343,-0.001537476,-0.057884932,-0.001027759,9.805524826,-1.90E-05,-0.020106856,-2.86E-06,5064,1,None,Red,Driving
c696e7e6,13-04-2025 11:04,82b227dd,1,Lane Violation,Crossed lane markings,20.42240155,0.278208405,0,0.005920756,-89.87036133,-0.000959931,-0.0004049,-0.003460426,0.070328742,0.041467778,9.80982399,0.000507471,0.000104382,0.006500104,5660,1,None,None,Driving
1a55a4b7,2025-04-13 11:36:14,567150c6,0,None,None,12.417575406780658,0.8500000238418579,0.0,-0.10766821354627609,-5.780794620513916,-0.00021817616917019222,-0.0005668072202087757,-0.010068206116557121,2.9464238693936604,-0.4740356593603976,9.792937169883254,-0.001508413975572863,1.942531626161054e-05,-0.1741189554963831,8624,1,None,None,Driving
90394a77,2025-04-13 11:36:15,85c87bf2,1,Lane Violation,Crossed lane markings,7.871749912352731,0.8500000238418579,0.0,-0.031994614750146866,90.33860778808594,-0.0006595800745969882,-0.0009981595819584634,0.018568839877843857,4.001128415800348,-0.11005053273101512,9.217507528961598,-0.016459124103218103,0.001975756082810475,-0.005339002154323928,9344,1,None,None,Driving
584459e6,2025-04-13 11:36:15,e13fa959,0,None,None,9.681526502509048,0.8500000238418579,0.0,0.0008796547190286219,0.2968202531337738,-0.00025139415456010283,-0.0005723070642458226,-0.019682539626955986,1.8342042235214648,0.014783846099178245,9.733957683669754,-0.0034844291524364626,0.007591107219142854,-0.0016928111118175168,8376,1,None,None,Driving
36b3a2ee,2025-04-13 11:36:16,5747df30,1,Lane Violation,Crossed lane markings,5.081686170074953,0.8500000238418579,0.0,0.3482521176338196,92.9056625366211,-0.000550154715696749,-0.0010002355379182398,-0.003997497260570526,0.8895162077900867,0.19340972288181,9.630308164409454,0.011165690466793974,-0.0005866865282511625,0.13888291535387387,8720,1,None,None,Driving
ed12bf12,2025-04-13 11:36:16,c62c5d5c,0,None,None,19.308892803862012,0.8500000238418579,0.0,0.1334322690963745,-174.6097869873047,-0.0001062128615956226,-0.0008521115225430574,-0.010442771948873997,2.031584676119884,1.8797722021933083,9.961231665430578,-0.010173671886111828,0.00045934571274741003,0.3255663630669809,9004,1,None,None,Driving
1592d1ed,2025-04-13 11:36:17,c4545e7f,0,None,None,20.21688973441745,0.4546896815299988,0.0,0.047020383179187775,-86.9542465209961,0.00020673469792598098,-0.0009239452872407427,0.06839874386787415,-1.9297838160624368,0.58020330533167,9.681523921505383,-4.141232752839612e-05,0.013564262517943047,0.0815818634925335,8824,1,None,None,Driving
10001920,2025-04-13 11:36:18,af5805db,0,None,None,19.719118794804363,0.619354248046875,0.0,0.0025898043531924486,-87.0914535522461,0.00019852199274339455,-0.0009559160370615557,-0.02938240021467209,-1.2968863156656933,0.012474096986773882,9.74094872286947,0.002606092664483416,-0.0007465923485403474,0.010300328803574555,8912,1,None,None,Driving
0ce9298e,2025-04-13 11:36:18,5747df30,0,None,None,17.383914475605856,0.5609080195426941,0.0,-0.12990903854370117,104.5600357055664,-0.0006115938282817979,-0.0010187475959052752,-0.005028114188462496,-3.165415423160237,-0.5025188242331686,9.918671211246906,-0.0005529716994664655,0.013982901440510231,-0.19169221357665273,8836,1,None,None,Driving
a5e9a69c,2025-04-13 11:36:19,1f207380,0,None,None,11.428315970850301,0.8500000238418579,0.0,-0.0006357255624607205,90.31897735595703,-0.0005245753949481013,-0.001028037310351227,0.003631934989243746,2.4960332740897497,-0.08427416719854172,9.823946218062378,-0.002408622929734176,0.005904972270729502,-0.012207892284563204,8356,1,None,None,Driving
c9139f3b,2025-04-13 11:36:20,85c87bf2,0,None,None,20.35316808504451,0.3403376638889313,0.0,-0.029082078486680984,80.4439468383789,-0.0008177548283327951,-0.0009830950912426272,-0.003874626010656357,-0.1468453925075121,-0.12001099493607104,9.835094093798713,0.013647615845812252,4.718339399527359e-05,-0.031607793290149434,8908,1,None,None,Driving
b56b2195,2025-04-13 11:36:20,02630d52,0,None,None,20.201361200516967,0.43246349692344666,0.0,-0.010346144437789917,79.9501724243164,-0.0008077310246079605,-0.001016512773457722,-0.0016724014421924949,0.0031296278147004974,-0.148295106783991,9.92576509726251,0.004104446262458712,0.008812403005824025,-0.049727465986530994,8744,1,None,None,Driving
9867b02e,2025-04-13 11:36:21,e66feb1f,0,None,None,19.625606769102916,0.6918389797210693,0.0,-0.0014328258112072945,0.6601930260658264,0.000516255019675782,7.236650586782262e-06,-0.003459663363173604,-0.24979626559449786,0.07588635508200946,9.976927522011621,0.0005461628190475006,0.0020143387766485285,0.00046653482282224594,9448,1,None,None,Driving
7354e460,2025-04-13 11:36:22,caf7f0c0,0,None,None,20.039352306830796,0.40303146839141846,0.0,-0.12847359478473663,65.16337585449219,-0.0001390146705944062,-0.0009724558340827779,-0.005186538677662611,-0.06614235162612085,-1.4493710521718781,9.769972087446085,0.01296463795775803,-0.005459759703202862,-0.32518902095075525,9156,1,None,None,Driving
4a2bb97d,2025-04-13 11:36:22,6a2fb433,0,None,None,0.0,0.0,1.0,-0.012220600619912148,90.6422119140625,0.00012829018889704003,-0.0010209184742488182,-0.007278518285602331,-0.11574412872861813,-0.154504379515802,9.895608139254112,-0.006252051267200112,-0.0032363455068282654,-0.0022544707275901268,9056,1,None,None,Driving
c01d9d4c,2025-04-13 11:36:23,1612e772,0,None,None,0.0,0.0,1.0,0.0,90.68994140625,8.051901716044085e-05,-0.0009893687411814192,-0.0044674682430922985,-0.12496587943024084,0.08067583020605715,9.76756021607645,-0.007537832299206008,-0.0003496349114186976,0.0049802200960618395,9092,1,None,Red,Driving
f221dfa0,2025-04-13 11:36:24,71fe60ce,0,None,None,4.943848624181347e-06,0.0,1.0,-0.002015542471781373,90.8993911743164,0.00018582285130719356,-0.0010194509810493883,0.03879833221435547,0.037909027066606094,-0.009858325077792562,9.805690050968483,0.006128870296683659,0.0002734787285503912,-0.007180738247372317,8800,1,None,None,Driving
022ebf49,2025-04-13 11:36:24,ca0ffdb8,0,None,None,20.199084944767844,0.6571688055992126,0.0,-0.00017573311924934387,0.3351822793483734,-0.0012630124282679844,-0.00016529448082631078,-0.02997356280684471,1.8113366059102274,0.0001483730528027763,9.94890243913536,-0.0019907794059050928,0.007514978215610843,0.0018562225544410565,9392,1,None,None,Driving
35db80bc,2025-04-13 11:36:25,c3a16dfa,0,None,None,20.312197460364423,0.43104785680770874,0.0,0.0006155604496598244,0.34296923875808716,-0.0012316718671172566,-0.0001480159340761209,0.0015871810028329492,-0.17366771822886484,0.06932534618884231,9.936253264530684,0.005776390788304698,0.019151487622271892,-0.0029109865612730514,9648,1,None,None,Driving
44f88be8,2025-04-13 11:36:26,9cb881b0,0,None,None,2.628654107586773,0.8500000238418579,0.0,0.004302669316530228,-179.80825805664062,-0.001168832426657218,-0.00013955836681652143,0.0101096723228693,3.049354143560752,0.09435728903545232,9.83454391428696,-0.017605559143193547,-0.012776538557497236,-0.0259796103429811,9252,1,None,None,Driving
b28e90da,2025-04-13 11:36:27,c1b216e8,0,None,None,0.7067395570650775,0.8500000238418579,0.0,0.004720841534435749,-179.84811401367188,-0.001200207529947761,-0.00015318488622231935,0.04260165989398956,1.5496281883795069,0.06686986589329869,9.81868003052993,0.004723059145926503,-0.005560182755759085,0.019509699907439348,9068,1,None,None,Driving
d22fd357,2025-04-13 11:36:27,e5fa1449,0,None,None,20.12935283759427,0.45635390281677246,0.0,-0.08433453738689423,-42.902076721191406,-0.0011385299120263426,0.0008188207004957259,0.1417367160320282,-0.12770389960334158,-1.1158311323985195,9.79822340183021,0.0034633382710979876,-0.012222828439503626,-0.17862770170107717,7568,1,None,None,Driving
ebf59773,2025-04-13 11:36:28,5747df30,0,None,None,19.990225138735255,0.5762229561805725,0.0,-0.027644341811537743,68.6068115234375,-0.0009483365018070344,-0.0009757822296756383,-0.004463538993149996,0.12251677149374028,-0.11729389093555136,9.729167452510465,-0.009712615586819552,0.010373478951712232,-0.06187146400626438,8288,1,None,None,Driving
fc958595,2025-04-13 11:36:29,85c87bf2,1,Lane Violation,Crossed lane markings,20.622719903937305,0.21084165573120117,0.0,-0.0721002072095871,49.72952651977539,-0.0011017621207827233,-0.0008459094242061806,-0.0034296035300940275,0.10592636085022974,-0.5208133348657514,9.71839618395936,0.011856505501635172,0.01587539304874674,-0.09953072325465753,8420,1,None,None,Driving
cc22d32b,2025-04-13 11:36:30,85c87bf2,0,None,None,20.45705223352273,0.24851518869400024,0.0,-0.10267876833677292,47.38581466674805,-0.0011235421131203793,-0.0008242348402433142,-0.003443565219640732,-0.6848630690717583,-1.059560984869289,9.892271474984298,-0.0022606747490059582,0.010147333550138464,-0.12836568940630774,8652,1,None,None,Driving
52f1c1c7,2025-04-13 11:36:31,85c87bf2,0,None,None,20.46568982606025,0.30609866976737976,0.0,-0.1056552305817604,40.582664489746094,-0.0011450505657819576,-0.0007988029062116853,-0.0034260177053511143,-0.1766326871627391,-0.6008493952587721,9.673881251636562,0.006795646760220862,0.004962594846202954,-0.135316998249335,8860,1,None,None,Driving
51a782ad,2025-04-13 11:36:33,567150c6,1,Red Light Violation,Approaching red light at 15.26 km/h,15.263704542320482,0.8500000238418579,0.0,0.0,-89.57112884521484,0.0003446526551726947,-0.0004058634057517816,-0.006603202782571316,-0.55009678276154,0.13747076765704414,9.735568160082853,-0.00256553625721469,-0.0029832616878299936,0.005534411781035795,8348,1,None,Red,Driving
aeb82dab,2025-04-13 11:36:33,567150c6,0,None,None,4.134462078558483,0.0,1.0,-0.001066182041540742,-89.65691375732422,0.00036355221580208763,-0.0004057393212927134,-0.0031208419241011143,-5.280784831976469,-0.09672570187184769,9.773571601735386,0.0017507870145854016,-0.004664446362775149,-0.00348877072979213,8132,1,None,Red,Driving
bfaf1924,2025-04-13 11:36:54,1612e772,1,Wrong Way Driving,Vehicle moving opposite to lane direction,19.18898258661184,0.2221994549036026,0.0,-0.19349472224712372,55.933006286621094,-0.00019662806843712133,-0.0009643119733077239,-0.004098053090274334,-0.6333989632470957,-3.1648461562394505,9.670984668672432,-0.004455938629708112,0.020132175248177252,-0.4709750426260256,9220,1,None,None,Driving
b7412286,2025-04-13 11:36:55,e66feb1f,0,None,None,0.0006136507518921484,0.0,1.0,0.003556943731382489,90.17391967773438,0.00010738624960993093,0.0008932837124197201,-0.004940223414450884,-0.09570876829528432,0.023628122299051847,9.884656804977169,0.001462206274354446,0.008970531250668722,-0.008868520205114243,9180,1,None,Red,Driving
dd20604a,2025-04-13 11:36:56,1612e772,0,None,None,17.584421279002445,0.8500000238418579,0.0,-0.15613941848278046,26.1121883392334,-0.00023584574816482018,-0.0009122353604208199,-0.0035941314417868853,-0.7799298008762238,-1.3768165377765653,9.776751717406558,0.013058841253911763,0.015620248809324448,-0.2952107013918903,8776,1,None,None,Driving
4fd5a67b,2025-04-13 11:37:09,71fe60ce,1,Lane Violation,Crossed lane markings,19.291955290479702,0.7054333090782166,0.0,-0.048575062304735184,79.18034362792969,-0.0004339129701378397,-0.001021493697040842,0.0392053984105587,-1.1102866145090649,-0.6197763058132089,9.877114075287475,0.0028163770849233753,-0.0028386081183383403,-0.11304422915083306,8548,1,None,None,Driving
d13f07c0,2025-04-13 11:37:10,71fe60ce,0,None,None,20.11122636571291,0.5453675985336304,0.0,-0.002748609986156225,77.2746810913086,-0.0004632927500978212,-0.001014949672514354,0.03900676593184471,-0.8653701295834928,-0.09603035993225881,9.755877636292116,-0.003339080862278773,0.015962306295179356,0.01377941766789795,8444,1,None,None,Driving
2f34cf9e,2025-04-13 11:37:11,c62c5d5c,1,Lane Violation,Crossed lane markings,23.780209798283412,0.0,0.699999988079071,-0.09198527038097382,-10.079421997070312,0.0005190005382473828,8.983341315242403e-05,-0.011316871270537376,8.934801910769686,-1.1084271323502928,9.764326345655501,0.017291535602033656,-0.005891802820048125,-0.35357498954660216,8904,1,None,None,Driving
0c521b92,2025-04-13 11:37:12,c62c5d5c,0,None,None,23.215097092878718,0.0,0.699999988079071,-0.07494646310806274,-11.552385330200195,0.0005256361611714055,0.00011829169209378703,-0.01043498981744051,-8.415122213135742,-0.16895981599170995,9.899491031608598,0.002343468786115252,0.01321686527776371,-0.023816806884887486,8676,1,None,None,Driving
8a0e6c2a,2025-04-13 11:37:12,85c87bf2,1,Lane Violation,Crossed lane markings,20.488118735855778,0.2640784680843353,0.0,-0.09440746903419495,-11.479021072387695,-0.0012195276961080026,0.000682268443329872,-0.0034455489367246628,-0.03910151227083947,-0.9422787916952451,9.806387479159675,0.009851033559937982,0.00514886426608595,-0.17409291195703236,8304,1,None,None,Driving
c476088e,2025-04-13 11:37:13,85c87bf2,0,None,None,20.488118735855778,0.2640784680843353,0.0,-0.09440746903419495,-11.479021072387695,-0.00121113271936224,0.0007064437009508553,-0.0034428786020725965,-0.3213403525688485,-0.727433275987414,9.701866645737105,0.0012455159918036223,-0.0025920886000235645,-0.15322932447801318,8124,1,None,None,Driving
10c08564,2025-04-13 11:37:15,ca0ffdb8,1,Red Light Violation,Approaching red light at 17.16 km/h,17.158718405173477,0.0,1.0,0.00017573311924934387,-89.59060668945312,-0.0004608233631273606,0.000983797928098603,-0.030228251591324806,0.1200997674344893,0.0028882123719910398,9.840685407679887,-0.011573433531637188,0.007386030880429722,-0.010451080922356738,9204,1,None,Red,Driving
20a0abda,2025-04-13 11:37:16,ca0ffdb8,0,None,None,0.0280581221360556,0.0,1.0,-0.0014162251027300954,-89.54725646972656,-0.0004433475012035615,0.0009839175919845644,-0.036265771836042404,-3.9402921442287044,0.1031864176123857,10.33702737012965,-0.004213675110397423,0.016998569158547354,0.008095025440109017,9348,1,None,Red,Driving
eea23836,2025-04-13 11:37:26,e5fa1449,1,Red Light Violation,Approaching red light at 11.84 km/h,10.841760536102013,0.0,1.0,0.0,-179.83432006835938,-0.0001493300094210781,-0.00019409286975283026,0.14179041981697083,-5.130613344513395,0.007541310925716084,9.844062377062997,0.0012836973942584385,0.006836522442235698,0.011663124547958984,9264,1,None,Red,Driving
fee4e45b,2025-04-13 11:37:27,e5fa1449,0,None,None,13.864835790772906,0.8500000238418579,0.0,0.0,-179.83445739746094,-0.0001492687210884469,-0.00021528723897746085,0.1411026418209076,5.644469968261704,0.03657043256499461,9.691152932384087,0.011388021592198242,0.0028462927397630514,0.0014425607411347652,9260,1,None,Green,Driving
a353ac6b,2025-04-13 11:37:29,85c87bf2,1,Lane Violation,Crossed lane markings,18.306674814066813,0.8500000238418579,0.0,-0.00913566816598177,-89.10262298583984,-0.0007343074299228647,0.0009503469373791686,-0.003196144010871649,2.276975029299934,-0.06470959620327531,9.696351927458451,0.00012080851310927856,0.008227076497809963,-0.022496233725095908,9664,1,None,None,Driving
37a04634,2025-04-13 11:37:29,85c87bf2,0,None,None,18.426926270892935,0.0,0.699999988079071,-0.007960769347846508,-89.1617202758789,-0.0007096812053077883,0.0009505859910070226,-0.004006080329418182,-0.6886347963923111,0.027240006955725697,9.879209307212676,-0.0012784812123297548,0.006780064747543758,-0.0028527657025573276,9260,1,None,None,Driving
cc369ec4,2025-04-13 11:37:34,c62c5d5c,1,Lane Violation,Crossed lane markings,20.88236073380583,0.0,0.14360162615776062,0.41567808389663696,62.29372024536133,0.00040366826566184955,0.0008566285258260214,-0.011146316304802895,-1.188033009469289,4.622463634636752,9.727976782716958,0.0032743291321923698,0.013324814279573367,0.958330316973591,7992,1,None,None,Driving
83ada603,2025-04-13 11:37:36,c62c5d5c,0,None,None,20.0739280917471,0.7763753533363342,0.0,0.06468277424573898,74.49968719482422,0.0003624953904193262,0.0008671853341572274,-0.010859107598662376,-1.5467557713316116,0.2204262756008797,9.83792749384941,-0.0020137943013865704,0.0005070102914704021,0.021129393042213583,8004,1,None,None,Driving
047070f8,2025-04-13 11:37:36,e66feb1f,1,Lane Violation,Crossed lane markings,19.82206396665545,0.7709066271781921,0.0,0.09988103806972504,175.87745666503906,-0.00012042056641803356,0.0007522413866256462,-0.0034531783312559128,0.08333633706985258,0.565151659013787,9.860116136176172,-0.02010707095940959,0.005820702619240533,0.1908802809364949,9196,1,None,None,Driving
7679284f,2025-04-13 11:37:37,e66feb1f,0,None,None,19.813853916373176,0.7856151461601257,0.0,0.05027475953102112,178.08949279785156,-0.00012090858569990814,0.0007202638517391345,-0.0034521864727139473,-0.10116924341366496,0.18754269733071605,9.704527581344452,0.006522011675917769,-0.0015009650448816719,0.04265386889170826,8952,1,None,None,Driving
377388b5,2025-04-13 11:37:39,567150c6,1,Red Light Violation,Approaching red light at 16.82 km/h,16.823223476060882,0.0,1.0,-0.0024885977618396282,91.02020263671875,9.346858064418484e-05,-0.0010203594944928611,-0.006875686347484589,-0.9321672307411561,-0.0925326088887296,9.799388547328348,0.0004888442716758303,-0.012109055499824585,-0.025182363725157572,9332,1,None,Red,Driving
a1c261e0,2025-04-13 11:37:46,caf7f0c0,1,Red Light Violation,Approaching red light at 17.05 km/h,17.050503277856702,0.31550759077072144,0.0,0.0,0.15652072429656982,-0.00022359481515366042,0.0006696509625707164,-0.005354728549718857,-0.22397454628301744,-0.028996360168262028,9.784479077279704,-0.006913657368638889,0.0026988232103125676,0.0101065868593776,8860,1,None,Red,Driving
ed6b6a26,2025-04-13 11:37:47,caf7f0c0,0,None,None,0.00019918142219705785,0.0,1.0,-0.00017573311924934387,0.15625923871994019,-0.00022364667979957176,0.0006885812958704793,-0.00489322654902935,-3.421922876503523,-0.08789459866389482,9.687743358334659,-0.010509591740442853,0.003784169901984238,0.0013786547146977298,8756,1,None,Red,Driving
b66687b7,2025-04-13 11:37:51,1612e772,1,Red Light Violation,Approaching red light at 17.32 km/h,17.075865497641114,0.2651757597923279,0.0,0.0006155604496598244,0.16713397204875946,-0.00025503900275225533,0.0006711288047087375,-0.0044102477841079235,-0.3973230861099635,0.0192273020761527,9.802745165424763,-0.005448910878668298,0.004633001228203509,0.0028400995318293475,8660,1,None,Red,Driving
3b911574,2025-04-13 11:37:52,1612e772,0,None,None,0.02750802517407704,0.0,1.0,0.0,0.16818158328533173,-0.0002550864468275904,0.0006876949880965662,-0.00107402796857059,-0.9858312867992614,-0.024497197163690768,9.614199972923355,0.007900674396514719,-0.01308991477692766,0.007056785042502204,8960,1,None,Red,Driving
bd2d9458,2025-04-13 11:38:03,e66feb1f,1,Red Light Violation,Approaching red light at 17.64 km/h,17.636883829005548,0.0,0.10081164538860321,0.0006155604496598244,-179.8397674560547,-0.00011794400889186818,-0.0001764937800503831,-0.0036680984776467085,-0.2132370881887226,-0.07741123074298167,9.875072208768342,0.0038022833249372607,0.0009127860528447495,0.01020258458019779,10212,1,None,Red,Driving
14e60c63,2025-04-13 11:38:04,e66feb1f,0,None,None,3.528677777172617,0.0,1.0,0.0,-179.83970642089844,-0.00011785750785975324,-0.00020747164859059907,-0.0024744796101003885,-6.731848565887066,0.10692975715450632,9.814476036056291,-0.013442641961022652,-0.002563951774156093,0.003740303114745996,10088,1,None,Red,Driving
26a00e67,2025-04-13 11:38:06,af5805db,1,Lane Violation,Crossed lane markings,20.67132565801732,0.0,0.048766717314720154,0.06096424162387848,112.31336212158203,-0.0008600723235900887,0.0009079695416407473,-0.029787367209792137,5.839981193678194,0.5791290651408671,9.785095197217139,0.010436777013824176,-0.002670044128036227,0.20515524414905517,8244,1,None,None,Driving
728002a6,2025-04-13 11:38:07,af5805db,0,None,None,18.678928664680154,0.8108329772949219,0.0,0.025187769904732704,114.10424041748047,-0.0008946732115902023,0.0008923392861032554,-0.02949810028076172,1.9073561766453717,0.1703221535092509,9.799329351065134,0.011953562657403365,0.021406224892806986,0.012773814283122329,8012,1,None,None,Driving
5153b106,2025-04-13 11:38:10,5747df30,1,Wrong Way Driving,Vehicle moving opposite to lane direction,20.04079976683272,0.5160463452339172,0.0,-0.1614682525396347,-117.43949890136719,-0.0002221591912103804,0.0009240864714360924,-0.0044222259894013405,-0.21303380797581858,-2.1453088805836447,9.852217634336817,-0.00104546809348569,0.004321441690864104,-0.2788852569775294,8640,1,None,None,Driving
90da4746,2025-04-13 11:38:11,5747df30,0,None,None,19.89432507906152,0.6205728054046631,0.0,-0.2113402634859085,-129.5189666748047,-0.00019431487504562028,0.0009031190420982828,-0.0044932556338608265,-0.42087489824322355,-2.6072966621449485,9.78776691218449,-0.014251848657750676,-0.00430830984846022,-0.32931010016142725,8680,1,None,None,Driving
5e8acf9f,2025-04-13 11:38:16,1f207380,1,Wrong Way Driving,Vehicle moving opposite to lane direction,11.750731510718323,0.6361352205276489,0.0,-0.07496165484189987,-119.12425994873047,-0.00022765178755435045,0.0009252911290097137,0.002664222614839673,1.0900867466714281,-0.8835214543283691,9.882990604453767,-0.002973915191860879,-0.007485373138248414,-0.1822130207898817,8384,1,None,None,Driving
7300d18e,2025-04-13 11:38:17,caf7f0c0,1,Wrong Way Driving,Vehicle moving opposite to lane direction,19.99709504384989,0.810286283493042,0.0,-0.1662810891866684,-57.047157287597656,-0.000162979299901167,0.0009242338238729863,-0.005159835796803236,-0.08122505295896063,-2.1274912021975467,9.738035327433494,0.005834267089871142,0.0017584908925294728,-0.32497874392976367,8676,1,None,None,Driving
18a7f55f,2025-04-13 11:38:18,1f207380,0,None,None,11.716902940768856,0.8500000238418579,0.0,-0.06073369085788727,-127.50926971435547,-0.00020616572905396424,0.0009105139412778123,0.0036966705229133368,2.512050479772075,-0.21361107878696484,9.701388101952567,-0.01523119732989345,-0.016069784806024282,-0.1822324528016367,8372,1,None,None,Driving
28f07c84,2025-04-13 11:38:18,85c87bf2,1,Lane Violation,Crossed lane markings,14.681127280103071,0.8500000238418579,0.0,-0.0747116431593895,-94.0143814086914,0.00023766412864745234,0.0009535301612321818,-0.0025501633062958717,-6.490598658119504,-0.1669683229886121,9.728204686686853,-0.0031765059962582717,0.003992422492832779,-0.07787032856773834,9400,1,None,None,Driving
ce74031b,2025-04-13 11:38:18,85c87bf2,0,None,None,14.681127280103071,0.8500000238418579,0.0,-0.0747116431593895,-94.0143814086914,0.0002557827556159964,0.0009513442735008808,-0.004211311228573322,1.9827234559654716,-1.4658872787500066,9.774349922066259,-0.014944524564993919,-0.017384806540592015,-0.10817552739368108,9268,1,None,None,Driving
bb93b516,2025-04-13 11:38:19,caf7f0c0,0,None,None,20.51962431738486,0.4056873023509979,0.0,-0.08278919756412506,-81.82595825195312,-8.42357339507771e-05,0.0009508673313574645,-0.005203590262681246,-0.3615143321814208,-1.1728977848712836,9.794091698854952,0.010760695724405259,0.00732931762783478,-0.21604659765405687,8748,1,None,None,Driving
01ad001b,2025-04-13 11:38:23,1f207380,1,Lane Violation,Crossed lane markings,19.725041368044224,0.5388635993003845,0.0,-0.010564163327217102,-168.0810089111328,-0.00014484497818045838,0.0007260329395195944,0.0028124998789280653,0.1524313153215338,-0.02313808462503903,9.73152019070845,-0.012162094388338273,-0.003101995959691778,-0.11569676115784287,8564,1,None,None,Driving
29382639,2025-04-13 11:38:25,1f207380,0,None,None,19.841320284420537,0.6807659268379211,0.0,0.012145480141043663,-168.81192016601562,-0.00013580053700934513,0.0006819853895790012,0.002827949356287718,-0.33831023166088575,-0.10661971543049548,9.799435274147994,0.00851844322124486,-0.009441153706724471,-0.01896238380176897,8620,1,None,None,Driving
fbde69bb,2025-04-13 11:38:26,e13fa959,1,Red Light Violation,Approaching red light at 15.72 km/h,15.72286698423012,0.8500000238418579,0.0,0.02348058857023716,-91.78966522216797,-0.0004525332807787663,-0.00037331938641543393,-0.019580725580453873,1.8488473824845513,0.12144435600645492,9.744108796354972,0.0028231787234909533,0.0012015987669025477,0.0406593453032365,9344,1,None,Red,Driving
e3d232e0,2025-04-13 11:38:27,e13fa959,0,None,None,1.143383746064158,0.0,1.0,0.003226775908842683,-91.0459213256836,-0.00042876882804421257,-0.00037374012902477915,-0.017151564359664917,-4.818699768038242,-0.035868745715714655,9.79025938468572,-0.006266629951829557,0.008193820610212005,0.002515263254288292,9192,1,None,Red,Driving
1d2a3fad,2025-04-13 11:38:32,85c87bf2,1,Lane Violation,Crossed lane markings,20.681296583911468,0.20870783925056458,0.0,-0.134252667427063,-169.770263671875,0.0005720583470179008,0.000640717454886366,-0.0034123610239475965,-0.06291623753429486,-0.3345379537215529,9.745277894497661,0.017103470980305763,-0.000499577471157357,-0.17277435716002015,9920,1,None,None,Driving
24008dc6,2025-04-13 11:38:33,85c87bf2,0,None,None,20.354609433998085,0.3323395252227783,0.0,-0.055332448333501816,-173.20794677734375,0.0005761023832633327,0.000597400773032767,-0.0034612654708325863,-0.25674443357489773,-0.5422744645111398,9.946653561447327,-0.012466578074815788,-0.008568298654532042,-0.10664336510480169,9764,1,None,None,Driving
181a98ac,2025-04-13 11:38:38,e5fa1449,1,Wrong Way Driving,Vehicle moving opposite to lane direction,19.39817930859645,0.8500000238418579,0.0,-0.22401148080825806,127.57008361816406,-0.00020856351301290488,-0.0009583745610691191,0.14189013838768005,-1.6012714496865212,-1.9180212414693787,9.774722604503431,-0.0008856084108228454,-0.009064672437232477,-0.3311204663650507,8984,1,None,None,Driving
c9c3db97,2025-04-13 11:38:39,e5fa1449,0,None,None,20.920262820744945,0.26665782928466797,0.0,-0.2023105025291443,113.89703369140625,-0.00024552508988051613,-0.0009790836096222355,0.14175407588481903,2.0693034710941656,-1.4527873840265308,9.82596034255117,-0.017931573482821858,-0.023171261219260605,-0.26400505279832187,9028,1,None,None,Driving
a393c9c7,2025-04-13 11:38:43,5747df30,1,Red Light Violation,Approaching red light at 15.33 km/h,15.325437097801263,0.0,1.0,0.0,-179.84144592285156,-0.00014933986145138078,-0.00018944109039212113,-0.004745330661535263,-1.5540597298395977,-0.06098831864282172,9.96777189876369,-0.003374067229046329,0.009926729125108957,0.013474981465924695,10040,1,None,Red,Driving
9d29cce6,2025-04-13 11:38:43,af5805db,1,Lane Violation,Crossed lane markings,19.881619932166096,0.2059374302625656,0.0,-0.014028193429112434,166.72479248046875,-0.0011786533637661023,-9.44407297720006e-05,-0.02936435677111149,-1.1538627435407,-0.24830980857750953,9.65173592308098,-0.022590829126352234,0.0006556715073961939,-0.03963893844640026,9440,1,None,None,Driving
405576f5,2025-04-13 11:38:44,af5805db,0,None,None,18.820756208910076,0.18608900904655457,0.0,-0.0022549256682395935,166.18296813964844,-0.0011862106933051564,-0.00012542485222378244,-0.02935825288295746,-1.7586851102502443,-0.1447917009125228,9.747711777613489,-0.01037100335223044,0.0009220175580818951,-0.0018175695174583242,9512,1,None,None,Driving
12127b07,2025-04-13 11:38:45,5747df30,0,None,None,2.2652265824640883,0.8500000238418579,0.0,0.0,-179.8349609375,-0.00014929173202915536,-0.000206942379198081,-0.003953285049647093,1.8078007836463013,-0.052575717525267726,9.781370429492295,0.005564478361162729,-0.005977329616185471,-0.007410877540867102,9560,1,None,None,Driving
294d14da,2025-04-13 11:39:04,1612e772,1,Lane Violation,Crossed lane markings,15.102740271012077,0.8500000238418579,0.0,0.037625957280397415,-170.38027954101562,-0.0011963318181784643,-4.1360458315801194e-05,-0.002748680068179965,-2.7468241448996955,0.1712626208487308,9.668073286208156,-0.01576759126065678,-0.005831153915118436,0.06375209828551166,9548,1,None,None,Driving
2fa54f42,2025-04-13 11:39:05,1612e772,0,None,None,16.61221390762998,0.8500000238418579,0.0,0.022557776421308517,-169.75997924804688,-0.0011920986225391061,-6.314394600993485e-05,-0.004660262726247311,0.6123306155903642,0.0038804208235829777,9.69640846592195,-0.004995742663081276,-0.0029511358670325917,0.023606462627698777,9488,1,None,None,Driving
bedabec0,2025-04-13 11:39:06,e66feb1f,1,Red Light Violation,Approaching red light at 17.38 km/h,17.376699399925577,0.0,1.0,0.0,-179.8388214111328,-0.00011646037545176569,-0.0007108396696275147,-0.003603782504796982,-0.6008172229815909,-0.0001911313233378554,9.798197330468042,-0.00427088459054714,-0.0075893886966072206,0.008531781355743522,9628,1,None,Red,Driving
d1cecd47,2025-04-13 11:39:07,c4545e7f,1,Red Light Violation,Approaching red light at 12.99 km/h,12.989398047756515,0.0,1.0,-0.0014079684624448419,-90.11833953857422,-0.0004499196255096649,-0.0004057147853985701,0.06826480478048325,-1.9890048210251627,0.06392079688339408,9.900477860964758,-0.01031915595187518,0.015101237815207669,0.006593202877332444,9236,1,None,Red,Driving
53c7a551,2025-04-13 11:39:08,1612e772,1,Red Light Violation,Approaching red light at 10.03 km/h,10.03011608256537,0.0,1.0,-0.05223087593913078,-174.67713928222656,-0.0011720723983188464,-0.00018371577999262213,-0.0029896926134824753,-5.725289840062066,-0.7974333322472507,9.66363790192489,-0.020386667779853422,0.025730438163448693,-0.04277193131447037,9192,1,None,Red,Driving
b9cb46cd,2025-04-13 11:39:09,5747df30,1,Lane Violation,Crossed lane markings,19.99893274722539,0.6205118298530579,0.0,0.17051009833812714,93.10072326660156,-0.0007763334414931933,-0.00043698252702336433,-0.004479675088077784,-0.1386759904828725,2.367571548152445,9.847544188630657,0.02946715288886276,0.0008593959620484639,0.28475517208712586,9432,1,None,None,Driving
3c9e672e,2025-04-13 11:39:09,c4545e7f,0,None,None,0.00014841245921655495,0.0,1.0,-0.005083797033876181,-89.92718505859375,-0.0004422042861733644,-0.0004057540565364028,0.06760082393884659,-0.177357688279982,0.04805752294890811,9.946179690099758,0.0013156458938828328,0.002262647738625902,0.0019597320126063336,9192,1,None,Red,Driving
e52b7445,2025-04-13 11:39:10,5747df30,0,None,None,19.944777595429453,0.603373646736145,0.0,0.02237280271947384,99.83391571044922,-0.0008280822466133486,-0.00044533412046643015,-0.004474983084946871,-0.04751953558767513,0.07454083386074128,9.786515138960242,-0.009164073907975552,0.00944552598986533,0.03740064284993882,9320,1,None,None,Driving
5466bf79,2025-04-13 11:39:11,1612e772,0,None,None,0.00010550794704066798,0.8500000238418579,0.0,-0.03826742619276047,-175.22158813476562,-0.0011717404098732231,-0.00018859525313634102,-0.004491538740694523,-0.10481164342835668,0.1468387815797223,9.78967960615534,-0.004470329309979029,0.008226675894359206,-0.0056174637686704,8940,1,None,Green,Driving
c94a9c3e,2025-04-13 11:39:14,5747df30,1,Red Light Violation,Approaching red light at 17.44 km/h,17.326946248679175,0.42789193987846375,0.0,-0.027171220630407333,95.5771713256836,-0.0009424718748221039,-0.0004634979126822671,-0.004707565065473318,-0.24656011133879405,-0.1694592426343912,9.755726635064894,-0.0032144214395958483,0.006120390728496588,-0.054226749186449145,8552,1,None,Red,Driving
700e44b2,2025-04-13 11:39:14,5747df30,0,None,None,7.741330819081695,0.8500000238418579,0.0,-0.03800640255212784,93.46823120117188,-0.0009645059301846004,-0.00046474156724965243,-0.00589332589879632,-1.4409266573563229,0.10066472961237652,9.847540121878058,0.0006222949080990229,-0.014434411367814802,-0.027951509140720067,8804,1,None,None,Driving
de25b690,2025-04-13 11:39:36,71fe60ce,1,Red Light Violation,Approaching red light at 16.23 km/h,16.232374532044695,0.0,1.0,0.00017573311924934387,-179.851318359375,-0.00011789143317741946,-0.00019312897920749204,0.03884059935808182,-0.2803489529316442,0.015110276405242614,9.805543612392135,0.0049646199171740745,0.005942283745674282,0.014018097178022026,9408,1,None,Red,Driving
9f31c210,2025-04-13 11:39:37,71fe60ce,0,None,None,0.0010978202048272385,0.0,1.0,-0.0006155604496598244,-179.8221435546875,-0.0001178499517493492,-0.00020980809281759627,0.04012367129325867,-9.860153428931973,0.06960578682213253,9.619988730416068,0.0001881066557024144,-0.0018479658865034553,0.0026541081704018494,9592,1,None,Red,Driving
e4194e5c,2025-04-13 11:39:40,e66feb1f,1,Lane Violation,Crossed lane markings,19.589076088285186,0.7071946859359741,0.0,0.09977081418037415,-93.53244018554688,1.4069451623299756e-05,-0.0009273600257597225,-0.0034351730719208717,-0.023344603719654147,0.3232148052624543,9.816289685245954,0.005638999016914211,0.005363732393127296,0.1796136193693178,10008,1,None,None,Driving
17fc4b91,2025-04-13 11:39:41,e66feb1f,0,None,None,19.250456608734805,0.8500000238418579,0.0,-0.16417911648750305,-92.61763763427734,4.075373465184384e-05,-0.000929134080563909,-0.003382453927770257,0.309796185084063,-0.354385287420166,9.623951375552284,0.002733509343885549,0.00013628492740075658,-0.17627787049763494,10356,1,None,None,Driving
f9c52a62,2025-04-13 11:39:48,e66feb1f,1,Lane Violation,Crossed lane markings,19.49810902851772,0.7539113759994507,0.0,0.0808558464050293,-82.68602752685547,0.00026401213220594855,-0.0009480669496963069,-0.0033996200654655695,-0.2748290783868113,0.6559293464296161,9.778794935439755,0.0007643189707620085,0.008408106684299243,0.129207678336371,9632,1,None,None,Driving
98a443ed,2025-04-13 11:39:48,e66feb1f,0,None,None,19.83393396279227,0.7608172297477722,0.0,0.10216206312179565,-77.5855484008789,0.00030003848371507047,-0.0009400905909471921,-0.003466453403234482,0.06460478801028974,0.44048377669552974,9.899235414578442,0.0037473445529055674,0.012313977401335463,0.1373623073596911,9672,1,None,None,Driving
6f3e9cf0,2025-04-13 11:39:54,85c87bf2,1,Lane Violation,Crossed lane markings,20.487554281752427,0.2929873466491699,0.0,-0.015565907582640648,91.17817687988281,0.000360922043327605,-0.00043711696042102367,-0.0034694289788603783,0.16965560680605177,-0.07410475980812566,9.888648464159607,0.0008761779419293884,0.0002476047732096569,-0.03083753279838969,8952,1,None,None,Driving
51dccd9d,2025-04-13 11:39:54,85c87bf2,0,None,None,20.43765703505173,0.3610907793045044,0.0,-0.006923749577254057,90.71802520751953,0.0003276185764065076,-0.0004374596747748322,-0.003437309293076396,-0.29853852013697924,-0.05306105572884769,9.750248067886483,-0.004681395539105455,0.00999571579649918,-0.00309263857291237,9144,1,None,None,Driving
dc60f696,2025-04-13 11:39:55,02630d52,1,Lane Violation,Crossed lane markings,19.33561219222106,0.8500000238418579,0.0,-0.4076618254184723,174.80325317382812,0.0006155593907806178,-0.0006266001319276811,-0.001683082664385438,-2.7954771592635104,-5.932393016446422,10.021241004672287,-0.16836056382386438,0.052973237994522845,-0.3890724824134181,8656,1,None,None,Driving
bdda952d,2025-04-13 11:39:55,02630d52,0,None,None,19.33561219222106,0.8500000238418579,0.0,-0.4076618254184723,174.80325317382812,0.0006094073922611187,-0.0006474935423669578,0.0021831130143254995,0.620481747596758,-1.378456894651943,9.943173857976532,0.07845304587884323,-0.012935959293847589,-0.43993624629305744,9096,1,None,None,Driving
e11942bd,2025-04-13 11:39:56,e66feb1f,0,None,None,0.531358963509537,0.8500000238418579,0.0,0.22518308460712433,-44.617767333984375,0.0004902829532795749,-0.0008122861339396059,0.01304706558585167,6.914967082061111,0.32988164400714654,9.284425803841716,-0.057593135008162266,-0.16706636375929337,-0.0318869437511789,10000,1,None,None,Driving
dc6585d8,2025-04-13 11:39:59,e13fa959,1,Red Light Violation,Approaching red light at 14.73 km/h,14.733502247598699,0.0,1.0,0.04221819341182709,-88.62548828125,0.00035335724336960084,-0.0003741507283035847,-0.018710173666477203,-3.628470142449752,0.23278823988213262,9.872125440623384,0.0011110579844250195,0.013427936024696004,0.0914697801166762,8036,1,None,Red,Driving
b150377c,2025-04-13 11:39:59,1f207380,1,Red Light Violation,Approaching red light at 11.83 km/h,11.830392665329885,0.0,1.0,0.004362199455499649,90.03047943115234,7.93286836255902e-05,0.0008928363092996997,0.0016304015880450606,-4.216508586471315,0.08278154639407649,9.85928220987292,-0.0029169662715631648,0.024387237897048122,0.009591330191071924,8648,1,None,Red,Driving
245651b9,2025-04-13 11:40:00,e13fa959,0,None,None,0.0023118721310683788,0.0,1.0,0.01595681719481945,-87.52071380615234,0.0003663694230482406,-0.0003734907264583339,-0.018736304715275764,0.009876640254645623,-0.008946024874912542,9.96801235279483,-0.015718073260028675,-0.0009289602151740495,9.25953457952362e-05,8328,1,None,Red,Driving
1e840ceb,2025-04-13 11:40:01,1f207380,0,None,None,0.010201688004950341,0.0,1.0,0.0,90.18944549560547,6.599331806000919e-05,0.000892788882375825,0.0017022322863340378,0.055323491908276214,0.05116673254937265,9.871410815897645,-0.018371238646646686,-0.02576492021199074,0.008099417683069345,8712,1,None,Red,Driving
638224e7,2025-04-13 11:40:03,e66feb1f,1,Lane Violation,Crossed lane markings,16.25745746042214,0.07703787088394165,0.0,0.07519163936376572,-4.374544143676758,0.0005520569671233488,-0.0006407218411914643,-0.00346935261040926,-0.2818058265733402,0.027870469061716724,9.78637537157377,0.012101654562986246,-0.009456835071823669,0.10570439672102458,9568,1,None,Green,Driving
4fe57790,2025-04-13 11:40:04,e66feb1f,0,None,None,15.471502435707581,0.08160745352506638,0.0,0.032310113310813904,-2.258056879043579,0.0005529706892986042,-0.0006111410108250376,-0.0034912489354610443,-0.2810995672079265,0.0726779519182648,9.814804386456439,0.004569396005775626,-0.0034281329632424164,0.028330922661317825,9524,1,None,Green,Driving
b1e11690,2025-04-13 11:40:11,e5fa1449,1,Red Light Violation,Approaching red light at 15.61 km/h,15.613605366172225,0.0,1.0,0.0006948008667677641,-89.62118530273438,-0.0004571443154759436,0.0009523807436883914,0.14162300527095795,-2.570004442637069,-0.010129226791891505,9.924580919057007,-0.0023047030052980692,0.008988723678886748,0.007635450902052657,9064,1,None,Red,Driving
cc244e8f,2025-04-13 11:54:12,2099ca90,1,Lane Violation,Crossed lane markings,17.886745819393607,0.8500000238418579,0.0,0.19417314231395721,-78.00874328613281,0.00016328462784542808,-0.0009540044990069462,-0.010987319983541965,0.1406427750672899,1.770084064497219,9.883448147918953,-0.023225091434876312,-0.003324995504197155,0.5066087252164914,9032,1,None,None,Driving
ee6d6c57,2025-04-13 11:54:15,dbddff7b,1,Lane Violation,Crossed lane markings,20.293158013757097,0.40953952074050903,0.0,0.056850649416446686,-80.01172637939453,-0.0010204492766092699,-0.00039980232027021144,0.010836982168257236,0.1448418692015236,0.9364807907057774,9.714880128364015,-0.013366598646709468,-0.0046101826242012575,0.2810705173312684,8472,1,None,None,Driving
0179064e,2025-04-13 11:54:16,113feb5c,1,Lane Violation,Crossed lane markings,17.865854303211762,0.8500000238418579,0.0,-0.05471404641866684,-10.990984916687012,-0.00025016453274417927,0.0005372166919959209,-0.01941589266061783,0.2898634659432649,-0.29492652615919424,9.800797146806259,-0.010408871994354248,-0.001673387072695784,-0.14197938803316684,9392,1,vehicle.lincoln.mkz_2017,None,Driving
20ecb7f7,2025-04-13 11:54:22,e25d789f,1,Lane Violation,Crossed lane markings,19.266169718302983,0.8240005373954773,0.0,-0.05390509217977524,79.95804595947266,-0.0004225811565419235,-0.0010227248780531042,0.03921886533498764,-1.2307464132202637,-0.9192690701162802,9.708057316602087,0.0018348829229635451,-0.008355031331845439,-0.17996323386673146,8340,1,None,None,Driving
e82de42a,2025-04-13 11:54:24,ec4d768e,1,Lane Violation,Crossed lane markings,18.39262537160065,0.8500000238418579,0.0,0.34727388620376587,-139.78016662597656,-0.0011391648296950052,-0.0007482238052997271,0.04251743108034134,0.9389715577136332,4.542032346580607,9.77890872570092,0.008551963802875723,0.0015594405655525658,0.8208944642735901,7908,1,None,None,Driving
0cdcc61e,2025-04-13 11:54:37,263486d3,1,Lane Violation,Crossed lane markings,20.467761287800666,0.1929561048746109,0.0,-0.17192810773849487,-12.516863822937012,-0.0012228200292980773,0.0006708737821888851,-0.0034690473694354296,0.08143427813833493,-0.3387370122790076,9.843629658441923,0.02145165929617938,-0.0006499313857941174,-0.12020482279195782,8228,1,None,None,Driving
d9bf0fa2,2025-04-13 11:54:45,113feb5c,1,Lane Violation,Crossed lane markings,16.432257190970613,0.8500000238418579,0.0,-0.24997183680534363,-106.0741958618164,0.00024475849737370936,0.0009817359534863273,-0.019213905557990074,1.4215348058108237,-2.261707367678513,9.830427712362416,0.0216657820124419,-0.010243824714015136,-0.613495017265677,8360,1,vehicle.lincoln.mkz_2017,None,Driving
e1780da3,2025-04-13 11:54:48,85913367,1,Lane Violation,Crossed lane markings,20.181594892563073,0.42076271772384644,0.0,-0.06994260102510452,172.32424926757812,-0.00012146501249787889,-1.8313502720071367e-05,0.1417286992073059,-0.3001192251680225,-0.61850909208031,9.774743576225243,-0.005527545738332326,0.010243302423381851,-0.17499909832380178,9548,1,None,None,Driving
925b4780,2025-04-13 11:54:53,263486d3,1,Lane Violation,Crossed lane markings,20.42956812005091,0.17327453196048737,0.0,-0.006757473107427359,-89.12277221679688,-0.0007509176134448126,0.0009501965008215024,-0.0034851455129683018,0.16333600922168579,-0.08962728992248903,9.734612312504069,-0.0058766631040913925,-0.013004516388265573,-0.013635838247665932,9536,1,None,None,Driving
8a1e9daf,2025-04-13 11:55:03,113feb5c,1,Lane Violation,Crossed lane markings,19.081441969441748,0.5408535003662109,0.0,0.005121160764247179,-168.59518432617188,0.0005830192437201731,0.000561274478883492,-0.01854141242802143,-1.7699746389320787,0.08210050254674622,9.729588493816447,0.0050306688291660556,0.011873595117335321,0.014452370369511983,9232,1,vehicle.lincoln.mkz_2017,None,Driving
80b0c06a,2025-04-13 11:55:10,50fba257,1,Lane Violation,Crossed lane markings,19.72009925125183,0.8033772110939026,0.0,0.09396359324455261,176.47044372558594,-0.0005963927452796725,0.0007764528312636899,-0.003451194614171982,-0.18163440309414325,0.49152158418969116,9.82267809164675,0.0020630844681265173,0.006279172622749565,0.17500082407726436,9484,1,None,None,Driving
f193cbfc,2025-04-13 12:44:19,21d62364,1,1.7639999270439148,0.0,0.0,0.0,0.15919795632362366,0,0,0,0,0,0,0,0,0,0,0,vehicle.citroen.c3,None,Driving
1b187e73,2025-04-13 12:44:21,c860a016,0,9.87509064341393,0.8500000238418579,0.0,-0.16723009943962097,-3.060272693634033,-0.00021921094310073386,-0.0005739424364192859,-0.010638007894158363,2.7859959602355957,-0.7103598117828369,9.761520385742188,0.0015092379180714488,0.014552105218172073,-0.20534981787204742,5200,1,None,None,Driving
843c6b1f,2025-04-13 12:44:21,21d62364,0,5.62105132807382,0.8500000238418579,0.0,0.012895486317574978,-0.0922241285443306,-0.00025129861535333475,-0.0005993457566637506,-0.03497558459639549,1.0281702280044556,0.025451278313994408,14.523287773132324,-0.0009996728040277958,-0.036465443670749664,0.010138546116650105,5352,1,vehicle.citroen.c3,None,Driving
41dbd92d,2025-04-13 12:44:21,e6b7d215,0,8.901166006079013,0.8500000238418579,0.0,0.0070270393043756485,-179.52117919921875,-0.00011640699446502367,-0.0007935716890938969,-0.009307594038546085,6.33451509475708,0.04534456878900528,9.623106956481934,0.028733670711517334,-0.012984567321836948,-0.05995933338999748,5344,1,None,None,Driving
aa10a5c1,2025-04-13 12:44:21,8bb7bae6,0,9.792206734195185,0.8500000238418579,0.0,0.002605427522212267,-179.7574005126953,-0.00014796256165539035,-0.0007687436259094648,-0.002843666123226285,5.189803600311279,0.008937444537878036,9.682969093322754,1.5156594599829987e-05,-0.00337184383533895,0.0031787340994924307,5048,1,None,None,Driving
8c743cd9,2025-04-13 12:44:21,3df87ac0,0,4.377948410386868,0.8500000238418579,0.0,0.014363949187099934,-89.2544174194336,0.00013260502805678698,-0.000926806803029207,0.06746284663677216,2.4264168739318848,0.07443785667419434,9.718803405761719,-5.7363416999578476e-05,-0.001516032381914556,-0.005827900022268295,5340,1,None,None,Driving
c2055e1e,2025-04-13 12:44:21,726facb2,0,0.00296433438644922,0.8500000238418579,0.0,0.02481616474688053,-89.35881805419922,0.00015336830571754945,-0.0009580508654600724,-0.028633994981646538,-0.02718726173043251,-0.00013877637684345245,9.640620231628418,0.0013816733844578266,0.0005999536952003837,8.714334398973733e-06,5256,1,None,None,Driving
da86210c,2025-04-13 12:44:21,f2b02d2f,0,0.0904332601703923,0.8500000238418579,0.0,-0.011573432013392448,90.64228057861328,-0.0005361980754230444,-0.000996807983164051,0.01827472634613514,0.0011564439628273249,0.000698137329891324,8.520907402038574,-0.008828762918710709,0.001969055738300085,-9.059155559043575e-07,5052,1,None,None,Driving
70207583,2025-04-13 12:44:22,80846294,0,7.793555637531198,0.8500000238418579,0.0,-0.004376536700874567,90.47606658935547,-0.0005161089351588544,-0.0010279896778193009,0.0055288695730268955,2.795642375946045,0.014236688613891602,9.599260330200195,-0.021542184054851532,0.009147530421614647,-0.009190346114337444,5076,1,None,None,Driving
29a0fd3d,2025-04-13 12:44:22,905d8477,0,6.083000131917869,0.8500000238418579,0.0,-0.03461848571896553,90.48114013671875,-0.0006576075394804093,-0.0009981745913462214,0.03390438109636307,3.2388417720794678,-0.002773761749267578,7.740874767303467,-0.028372807428240776,-0.005138399079442024,-0.011933981440961361,5700,1,None,None,Driving
7abe311b,2025-04-13 12:44:22,e56fba8c,0,4.101065631438756,0.8500000238418579,0.0,-0.011676177382469177,90.4875717163086,-0.0006312758646345173,-0.0010293760243744133,0.02835567481815815,2.287853717803955,-0.006587982177734375,7.874396324157715,0.0013297777622938156,-0.018067141994833946,-0.013567956164479256,5460,1,None,None,Driving
ef8d191c,2025-04-13 12:44:22,4bac2da4,0,10.104832485642275,0.8500000238418579,0.0,0.006372382864356041,0.6622762084007263,0.0005190298374060376,-0.00021390805443614164,0.033835943788290024,5.691039085388184,0.006844870746135712,7.743100166320801,0.007838915102183819,-0.014994796365499496,0.004226735793054104,5216,1,None,None,Driving
9968779a,2025-04-13 12:44:22,c00cfe6e,0,8.019998704191813,0.8500000238418579,0.0,-0.0099508510902524,90.55834197998047,8.555535211485221e-05,-0.0009899402630285164,-0.004631614778190851,5.619216442108154,-0.024579524993896484,9.708403587341309,-0.00022158461797516793,7.990896119736135e-05,-0.0041185542941093445,5688,1,None,None,Driving
93e25fb9,2025-04-13 12:44:22,33bb48fe,0,4.589298956512016,0.8500000238418579,0.0,-0.011492948047816753,90.5989761352539,0.0001266891018616434,-0.0010209271097869803,-0.006507453974336386,4.021742343902588,-0.04694938659667969,9.697275161743164,-0.00019508239347487688,-0.0005420770030468702,-0.008830069564282894,5764,1,None,None,Driving
215ad4cf,2025-04-13 12:44:22,c2dc7196,0,6.552420828525407,0.8500000238418579,0.0,0.0077010150998830795,90.76080322265625,0.00020659080657026152,-0.000987580773565749,-0.019255828112363815,3.3557968139648438,0.037421464920043945,9.363966941833496,-0.0003580577904358506,-0.0014853128232061863,-0.008399132639169693,4960,1,None,None,Driving
7b039d50,2025-04-13 12:44:22,23bcc889,0,5.362612030873048,0.8500000238418579,0.0,0.005920180585235357,90.71234130859375,0.00022864108784403925,-0.0010187664433099941,0.03949279710650444,2.946197986602783,-0.0302431583404541,9.597504615783691,-0.0007315467810258269,0.0002472361084073782,0.014363249763846397,5772,1,None,None,Driving
758f936a,2025-04-13 12:44:22,141b7684,0,11.028032873091055,0.8500000238418579,0.0,-0.02084186300635338,0.024023206904530525,-0.001262401224053633,-0.0005054067276713655,-0.024031810462474823,5.656207084655762,-0.03417018800973892,9.657323837280273,-0.007252764422446489,-0.011106490157544613,-0.031176669523119926,4808,1,None,None,Driving
e558580b,2025-04-13 12:44:23,67620aac,0,3.1768562457644722,0.8500000238418579,0.0,-0.03581323102116585,0.2338571846485138,-0.0012311315291668734,-0.00048701577282665167,0.02355094812810421,4.468125820159912,-0.08602803945541382,8.081323623657227,-0.004658518824726343,-0.022715173661708832,-0.015051964670419693,4880,1,None,None,Driving
4d9d5242,2025-04-13 12:44:23,905d8477,1,12.023092846149288,0.8500000238418579,0.0,-0.025975342839956284,90.02042388916016,-0.0006687912467668866,-0.0009980349149432493,-0.010801734402775764,3.279244899749756,-0.10019993782043457,10.260074615478516,0.006413045339286327,0.0030374950729310513,-0.019948696717619896,5408,1,None,None,Driving
4215535c,2025-04-13 12:44:23,796a5f61,0,8.547790765212122,0.8500000238418579,0.0,-0.002565454924479127,-179.68052673339844,-0.0011696715816498227,2.1807800846221166e-05,0.0319359190762043,3.9612314701080322,0.006826996803283691,8.151885986328125,-0.0008631572127342224,0.009196803905069828,0.0046864948235452175,5344,1,None,None,Driving
e3dd6480,2025-04-13 12:44:23,3ca2e272,0,10.070443459419955,0.8500000238418579,0.0,-0.00330836302600801,-179.70095825195312,-0.0012012727167274306,4.747108677077586e-05,0.043545912951231,7.421956539154053,-0.00978698581457138,9.695544242858887,-0.0004898214829154313,0.00025920363259501755,-0.004411348607391119,5584,1,None,None,Driving
60ee03b0,2025-04-13 12:44:23,701066c9,0,8.311464344411245,0.8500000238418579,0.0,0.016442956402897835,0.610088586807251,-0.0012349018325323868,0.0004156324953697591,0.13993701338768005,3.8164708614349365,0.042830999940633774,9.706533432006836,2.2955126041779295e-05,0.0003607615362852812,0.013598249293863773,4732,1,None,None,Driving
4a12fa9d,2025-04-13 12:44:23,21d62364,0,12.568213492925478,0.8500000238418579,0.0,0.0019408827647566795,0.2346411794424057,-0.0002514116141156819,-0.0005751361624981702,-0.01966102607548237,1.8368879556655884,0.0041719540022313595,9.80862808227539,-1.9409959350014105e-05,-0.00038680460420437157,0.0031989484559744596,5064,1,vehicle.citroen.c3,None,Driving
ef8d5129,2025-04-13 12:44:23,905d8477,0,15.059393998803609,0.8500000238418579,0.0,-0.020526405423879623,89.67799377441406,-0.0006789922846195395,-0.0009978740609109748,-0.01092121098190546,2.652371883392334,-0.07259535789489746,9.95562744140625,0.0032312083058059216,0.0015502246096730232,-0.019832659512758255,5888,1,None,None,Driving
4862ef04,2025-04-13 12:44:24,33bb48fe,1,14.818672743031819,0.8500000238418579,0.0,0.0019911681301891804,90.2754898071289,0.0001015630098066822,-0.0010210248421474504,-0.00750110624358058,3.4056684970855713,0.013791799545288086,9.808182716369629,-5.6316115660592914e-05,-0.00046148939873091877,0.00301038334146142,5068,1,None,Red,Driving
f091ba02,2025-04-13 12:44:26,33bb48fe,0,0.0009155075708814282,0.0,1.0,0.0007618034142069519,90.33264923095703,8.249908267998762e-05,-0.0010211358704952497,-0.006493530236184597,-22.264848709106445,-0.010835647583007812,9.810142517089844,-6.158370524644852e-06,0.006372340023517609,-2.4477671104250476e-05,5100,1,None,Red,Driving
35c90047,2025-04-13 12:44:27,c2dc7196,1,17.42623347269937,0.40475577116012573,0.0,-0.0007661748677492142,90.72161102294922,9.850550671330893e-05,-0.000989145999125649,-0.004457206465303898,-0.023831738159060478,-0.005356358364224434,9.804315567016602,0.0002294644364155829,-0.0005662055336870253,-0.001594560220837593,5540,1,None,Red,Driving
d9c29859,2025-04-13 12:44:28,c2dc7196,0,3.147555918228273,0.0,1.0,-0.000870533986017108,90.69512939453125,7.883057241997449e-05,-0.0009893867661539323,-0.0025539398193359375,-5.212324619293213,-0.0018110275268554688,9.757072448730469,6.333086639642715e-05,0.012426845729351044,9.082366159418598e-05,5756,1,None,Red,Driving
31741340,2025-04-13 12:44:29,c860a016,1,20.547943825362793,0.1017770990729332,0.0,-0.1746923327445984,-71.0069808959961,-0.0001019024515755973,-0.000415807022337457,-0.007893065921962261,-1.2562917470932007,-2.0615148544311523,9.873737335205078,0.009297685697674751,0.029874496161937714,-0.47721368074417114,5484,1,None,None,Driving
b47c9e4b,2025-04-13 12:44:30,c860a016,0,17.681881046359212,0.8500000238418579,0.0,-0.15196757018566132,-75.72384643554688,-9.214942507185242e-05,-0.0004132888377269558,-0.006575469858944416,-9.317073822021484,-1.9227080345153809,10.087162017822266,-0.0016627237200737,0.05060800164937973,-0.32063058018684387,5576,1,None,None,Driving
83aafbff,2025-04-13 12:44:30,8bb7bae6,1,18.430133717767045,0.8500000238418579,0.0,-0.19412077963352203,126.6648941040039,-0.00021468958779280456,-0.0009621071696356868,-0.0014504241989925504,2.3521673679351807,-2.8063952922821045,9.90853214263916,-0.016213921830058098,-0.014154354110360146,-0.34183469414711,5120,1,None,None,Driving
8e23b05e,2025-04-13 12:44:30,8bb7bae6,0,21.175285961727095,0.4175156354904175,0.0,-0.16299816966056824,120.74100494384766,-0.00022915454255212353,-0.0009708841661372648,-0.0008977889665402472,2.8453638553619385,-3.494553565979004,9.789067268371582,-0.013931754976511002,-0.004777842201292515,-0.40982699394226074,5080,1,None,None,Driving
94c07f29,2025-04-13 12:44:32,e6b7d215,1,20.264189099341507,0.6173195242881775,0.0,0.0718109980225563,-81.71525573730469,5.7503187647967025e-05,-0.000953392746517776,-0.010940131731331348,0.21818792819976807,0.5632070899009705,9.812314987182617,-0.0019743377342820168,0.0005696284351870418,0.08703447133302689,5340,1,None,None,Driving
4ead0038,2025-04-13 12:44:33,e6b7d215,0,20.4985012899851,0.35663852095603943,0.0,0.02572771906852722,-79.74402618408203,7.510617103889672e-05,-0.000950013852335771,-0.01095172856003046,-0.5384883284568787,-0.09984859824180603,9.807792663574219,-0.00038121803663671017,-0.00013912058784626424,0.09192724525928497,5484,1,None,None,Driving
c890c2d5,2025-04-13 12:44:33,905d8477,1,20.49782084430246,0.2695557177066803,0.0,-0.03374989330768585,68.4801025390625,-0.0009486246272416565,-0.0009420962974893794,-0.003448066534474492,-0.2388685792684555,-0.1291966289281845,9.811423301696777,0.002125162398442626,0.0005427983123809099,-0.049799028784036636,5160,1,None,None,Driving
95198378,2025-04-13 12:44:34,905d8477,0,20.605400862556873,0.27763238549232483,0.0,-0.06266088783740997,66.0044174194336,-0.0009718725240048798,-0.0009314318876112323,-0.0034759140107780695,0.46743354201316833,-0.18223220109939575,9.806312561035156,0.0044511836022138596,-0.00031561788637191057,-0.09356861561536789,5296,1,None,None,Driving
8436db4a,2025-04-13 12:44:39,905d8477,1,20.531635163308994,0.3077365458011627,0.0,-0.06510364264249802,52.8952751159668,-0.0010884982768288864,-0.0008577160553463163,-0.0034569930285215378,0.22427856922149658,-1.4818909168243408,9.805726051330566,-0.004054720047861338,-0.000377266900613904,-0.12358677387237549,5276,1,None,None,Driving
dd92b245,2025-04-13 12:44:40,905d8477,0,20.654496822794187,0.17649102210998535,0.0,-0.07377927005290985,49.44776153564453,-0.0011038698774399336,-0.0008440866402937933,-0.0034683607518672943,0.3548700213432312,-0.41746464371681213,9.806266784667969,0.005571156740188599,0.00012360350228846073,-0.09732306748628616,5468,1,None,None,Driving
8e9bbc04,2025-04-13 12:44:42,3df87ac0,1,13.917379897724441,0.0,1.0,0.035307060927152634,-5.116029739379883,0.0005198788958438172,-0.000651622083504659,0.06850975006818771,-3.5890891551971436,0.1340075582265854,9.873111724853516,-0.00012204224185552448,0.009579557925462723,0.04557487368583679,4968,1,None,Red,Driving
e2928890,2025-04-13 12:44:43,c00cfe6e,1,20.23814742309554,0.16277672350406647,0.0,0.0912841409444809,101.53866577148438,-0.00043460552660690155,-0.0009993016661484176,-0.00521583529189229,-1.1461119651794434,1.1347181797027588,9.812345504760742,-0.0006832671351730824,0.001106367213651538,0.2428942322731018,5308,1,None,None,Driving
521473e4,2025-04-13 12:44:44,3df87ac0,0,0.028017663072213945,0.0,1.0,0.06109120696783066,-3.4710090160369873,0.000520452096822055,-0.0006409214866094513,0.07045535743236542,-0.070196233689785,-0.0022216876968741417,9.823514938354492,0.003071596147492528,-0.04422210156917572,2.2670974431093782e-05,5376,1,None,Red,Driving
dcc9ac1d,2025-04-13 12:44:44,c00cfe6e,0,20.762303906732395,0.28258422017097473,0.0,0.01675119623541832,104.11286926269531,-0.0004540213347752342,-0.0010040776670402292,-0.0052367402240633965,1.7011606693267822,0.12995028495788574,9.811529159545898,-0.00024582899641245604,-0.0006555457948707044,0.06045948714017868,5144,1,None,None,Driving
76e6b65f,2025-04-13 12:44:47,c860a016,1,13.442974311079448,0.0,1.0,0.0,-89.57281494140625,0.0003523529851179319,-0.00040579750837128225,-0.005828704684972763,-5.804877758026123,-0.005624294281005859,9.907564163208008,-8.562952280044556e-05,0.03690924495458603,-1.4246494174585678e-05,5012,1,None,Red,Driving
e59ae0aa,2025-04-13 12:44:48,c860a016,0,0.01673844704218862,0.0,1.0,0.0016674180515110493,-89.65019989013672,0.0003619371645697811,-0.00040571920597167697,-0.00034927367232739925,-19.99045181274414,-0.11701583862304688,10.065997123718262,-0.0005390681326389313,0.04413910210132599,1.0095565812662244e-05,5012,1,None,Red,Driving
4a23e1c2,2025-04-13 12:44:58,3ca2e272,1,19.628617236430962,0.8500000238418579,0.0,0.3775716722011566,-139.8141632080078,-0.0011425188452847124,-0.0007425710916764048,0.04284068942070007,-0.47856807708740234,3.802285671234131,9.800607681274414,-0.0020650450605899096,0.002295646583661437,0.8266288638114929,5068,1,None,None,Driving
9534c155,2025-04-13 12:44:59,3ca2e272,0,22.95352493508038,0.0,0.699999988079071,0.05437676981091499,-128.74017333984375,-0.0011259682881359367,-0.0007560361573597781,0.042719077318906784,2.575852155685425,0.8757808208465576,9.819084167480469,-0.001611808082088828,0.0009694977197796106,0.280034601688385,5084,1,None,None,Driving
ed79b22d,2025-04-13 12:45:13,4bac2da4,1,17.041875078876693,0.0,1.0,0.007986100390553474,89.99417114257812,0.00011271322011907614,0.0008932846033879433,-0.0035435103345662355,0.6875528693199158,0.0013701915740966797,9.804866790771484,2.8504757210612297e-05,-0.0021503299940377474,0.010182149708271027,5560,1,None,Red,Driving
34eb26c3,2025-04-13 12:45:14,701066c9,1,19.84065609272744,0.8500000238418579,0.0,-0.1375722587108612,-118.46617889404297,-0.00022274315234938058,0.0009245799992956615,0.14174319803714752,0.6529560089111328,-2.8398871421813965,9.789714813232422,-0.01143417228013277,-0.004060486331582069,-0.3353121280670166,4972,1,None,None,Driving
e68e717b,2025-04-13 12:45:14,4bac2da4,0,0.014926287718796569,0.0,1.0,0.006805707700550556,90.23758697509766,8.397167323437316e-05,0.0008931589083324719,-0.0023698043078184128,-16.097415924072266,-0.0042095184326171875,9.845602989196777,-0.00011216010898351669,0.015299657359719276,0.0013467277167364955,5432,1,None,Red,Driving
f62e7640,2025-04-13 12:45:15,701066c9,0,20.37352626808104,0.5881072878837585,0.0,-0.18287484347820282,-129.71282958984375,-0.00019647838577441235,0.0009050716332271711,0.14174441993236542,1.5546119213104248,-2.3299357891082764,9.797027587890625,-0.02245745062828064,-0.00420328788459301,-0.33334848284721375,4964,1,None,None,Driving
4c135684,2025-04-13 12:45:20,3df87ac0,1,13.867620800565843,0.0,1.0,-0.0008381697698496282,89.9185562133789,8.683260647046609e-05,-0.0004700871367120722,0.06759276986122131,-2.7786529064178467,0.009724855422973633,9.956563949584961,-1.4118850231170654e-05,0.015470640733838081,-0.007736194878816605,5468,1,None,Red,Driving
12a33b63,2025-04-13 12:45:20,c2dc7196,1,13.157134690259879,0.0,1.0,-0.0005661552422679961,0.2225310504436493,-0.0002198967144835251,-0.0006484348160266332,-0.0038038252387195826,-5.89752721786499,0.00821771938353777,9.822517395019531,0.00022929615806788206,0.027866600081324577,-0.001278461655601859,5244,1,None,Red,Driving
3ce13658,2025-04-13 12:45:20,3df87ac0,0,0.02835375131780817,0.0,1.0,-0.005163120571523905,90.11228942871094,7.747863094209606e-05,-0.0004700498188507286,0.0718156024813652,0.06034310907125473,-0.0011872798204421997,9.587204933166504,-0.00014130398631095886,-0.047533068805933,-1.8844788428395987e-05,5164,1,None,Red,Driving
4947a586,2025-04-13 12:45:21,c2dc7196,0,0.027577266796706343,0.0,1.0,0.002127863233909011,0.09017889946699142,-0.0002199380416954,-0.0006388753438171396,-0.0017670440720394254,-0.05431868135929108,-0.0004684218147303909,9.773176193237305,-0.00018896840629167855,-0.04301925748586655,-2.5337563783978112e-05,4992,1,None,Red,Driving
9e76cedb,2025-04-13 12:45:23,23bcc889,1,23.220048729289122,0.0,0.699999988079071,-0.04992783069610596,79.7639389038086,-0.00042322823934171083,-0.0010225599118598,0.038511086255311966,7.583518028259277,-0.8221964836120605,9.798532485961914,0.001917123794555664,-0.006569711025804281,-0.22017554938793182,5412,1,None,None,Driving
0cb4be07,2025-04-13 12:45:24,23bcc889,0,20.347175183157134,0.23885834217071533,0.0,-0.004841542802751064,77.97058868408203,-0.0004419465907403719,-0.0010186697389897815,0.03920810669660568,-3.3055710792541504,-0.0024302005767822266,9.785721778869629,0.0013592883478850126,0.005225589964538813,-0.08703665435314178,5180,1,None,None,Driving
e1098410,2025-04-13 12:45:35,905d8477,1,20.505401534149353,0.23823833465576172,0.0,-0.17610958218574524,-12.357133865356445,-0.00122158089810398,0.0006755118200781537,-0.003433570731431246,-0.6240829229354858,-1.9916622638702393,9.809659957885742,-0.004705018363893032,0.0008030628669075668,-0.1635798066854477,4768,1,None,None,Driving
aaee9154,2025-04-13 12:45:36,905d8477,0,20.557788294937065,0.28473415970802307,0.0,-0.08466711640357971,-16.351606369018555,-0.0012153745505401048,0.0006950272453564115,-0.0034414289984852076,-0.10824868083000183,-0.469341516494751,9.810416221618652,0.005195752717554569,-1.4302531781140715e-05,-0.10722238570451736,5428,1,None,None,Driving
5de57e26,2025-04-13 12:45:37,67620aac,1,13.72964994274659,0.0,1.0,0.004559098277240992,-89.80465698242188,-0.00045584024641698306,0.0009524065817668607,0.0031513976864516735,0.6515834927558899,-0.14772480726242065,9.610382080078125,-0.0014749616384506226,0.016331419348716736,-0.0005174223333597183,5276,1,None,Red,Driving
fc5a1608,2025-04-13 12:45:38,67620aac,0,1.3908055232020877,0.0,1.0,0.0014923959970474243,-89.71111297607422,-0.0004495949361142948,0.0009524427002479041,0.003852958558127284,-19.222936630249023,0.010229110717773438,9.83726978302002,9.685754776000977e-07,0.12973064184188843,-0.0010184040293097496,5412,1,None,Red,Driving
39ad4ccf,2025-04-13 12:45:55,701066c9,1,16.88915802220658,0.2945857048034668,0.0,-0.0006155604496598244,-179.83978271484375,-0.00014935908581037438,-0.00018461300212726796,0.1416207104921341,-0.08995625376701355,0.0008740356424823403,9.80656623840332,-5.381769824452931e-06,-0.0008422773098573089,-4.52480890089646e-05,5500,1,None,Red,Driving
1d58a939,2025-04-13 12:45:56,701066c9,0,4.15073022715296,0.0,1.0,-0.0006155604496598244,-179.7916717529297,-0.00014930418846859084,-0.0002047058262160945,0.14228977262973785,-5.1619157791137695,-0.04348378628492355,9.792724609375,-0.00022772631200496107,0.00039723311783745885,0.01789277233183384,5524,1,None,Red,Driving
0179ef45,2025-04-13 12:45:57,905d8477,1,20.478338744735762,0.2172146588563919,0.0,-0.008442755788564682,-89.18072509765625,-0.000741291250079712,0.0009502594854212724,-0.0034644699189811945,-0.22867940366268158,-0.08676502108573914,9.812199592590332,-0.0003279042721260339,0.000368939625332132,-0.015251398086547852,5628,1,None,None,Driving
8a16a16a,2025-04-13 12:45:58,905d8477,0,20.692558899227507,0.24042966961860657,0.0,-0.0023096392396837473,-89.406005859375,-0.0007182467682014249,0.0009504936044558909,-0.0034677505027502775,0.6449017524719238,-0.02730727195739746,9.805014610290527,0.00023585261078551412,-0.0007959194481372833,-0.004645578097552061,5688,1,None,None,Driving
f6843eb7,2025-04-13 12:46:03,4bac2da4,1,19.649448138683077,0.6197919249534607,0.0,0.09983138740062714,175.85482788085938,-0.00012039665593022164,0.0007517708183318256,-0.003532142611220479,-0.3453453779220581,0.5777989625930786,9.815515518188477,-0.008437741547822952,0.0004954852629452944,0.1877095252275467,5532,1,None,None,Driving
f4615b27,2025-04-13 12:46:04,4bac2da4,0,19.9986201778799,0.736989438533783,0.0,0.04964139312505722,178.5240936279297,-0.0001208096711025064,0.000732204539328835,-0.0033544539473950863,0.5795433521270752,0.3794231414794922,9.802779197692871,0.0003199675411451608,-0.0008350294083356857,0.0790024921298027,5364,1,None,None,Driving
10886dab,2025-04-13 12:46:05,796a5f61,1,15.756881792198154,0.3836561143398285,0.0,-0.004865717608481646,85.78585052490234,-0.0008683870446475339,0.0008885628144857052,0.011273002251982689,-10.846256256103516,-0.031388282775878906,9.853057861328125,0.000551316887140274,0.054201219230890274,-0.013837023638188839,5348,1,None,None,Driving
705e2385,2025-04-13 12:46:05,796a5f61,0,17.75868146366018,0.6166595816612244,0.0,-0.0022635546047240496,85.68761444091797,-0.0008765861454520518,0.0008891875202821185,0.011084518395364285,3.841092109680176,-0.02796030044555664,9.704179763793945,-0.00010460428893566132,-0.022176498547196388,-0.007964294403791428,4904,1,None,None,Driving
e5b6eb70,2025-04-13 12:46:06,c860a016,1,12.717086672960727,0.0,1.0,-0.001856803777627647,90.93650817871094,8.710741020934165e-05,-0.0009890804786932442,-0.00514717074111104,-4.983157157897949,-0.0036025047302246094,9.87990665435791,0.0004096943885087967,0.020795227959752083,-0.0033902053255587816,5300,1,None,Red,Driving
7d832a30,2025-04-13 12:46:07,c860a016,0,0.027363711839840744,0.0,1.0,-0.0026236255653202534,90.97451782226562,7.694053753937169e-05,-0.0009892300242826872,-0.0003193664597347379,-8.45160961151123,0.20682239532470703,9.157743453979492,0.0004670824855566025,-0.008703827857971191,-1.7923593986779451e-06,5544,1,None,Red,Driving
30416baf,2025-04-13 12:46:23,796a5f61,1,19.862692282278537,0.8500000238418579,0.0,0.3881921172142029,167.39865112304688,-0.0011761402850964942,0.0007024241320804386,0.011160239577293396,0.23743057250976562,5.06138277053833,9.691594123840332,0.0010795290581882,0.010578236542642117,0.9250518083572388,5028,1,None,None,Driving
9b7a9e70,2025-04-13 12:46:23,796a5f61,0,19.795525236057568,0.4668474793434143,0.0,0.05614292621612549,178.58021545410156,-0.0011771137706659829,0.0006842230905392752,0.010893859900534153,-2.1648638248443604,1.2268153429031372,9.819416999816895,-0.011184848845005035,0.01766825094819069,0.3893662989139557,5216,1,None,None,Driving
c272ddf8,2025-04-13 12:46:24,3df87ac0,1,19.999082704189004,0.7408989071846008,0.0,-0.00476607121527195,-161.05519104003906,-0.0011304565748275763,-0.0007138767061559256,0.06792937964200974,-0.5091480016708374,-0.18700504302978516,9.81922721862793,0.00037971395067870617,0.004828051198273897,0.034163717180490494,4984,1,None,None,Driving
a8ec5d09,2025-04-13 12:46:24,3df87ac0,0,20.433871677883662,0.34439826011657715,0.0,-0.00031481703626923263,-161.20828247070312,-0.0011223831005224838,-0.0007375789281864706,0.06763278692960739,0.5634581446647644,0.15757858753204346,9.786879539489746,0.00028771115466952324,-0.005494874902069569,-0.04559715837240219,5036,1,None,None,Driving
59e7bf83,2025-04-13 12:46:45,21d62364,1,11.075247713128853,0.0,1.0,-0.0006155604496598244,-179.6320343017578,-0.0011685909057206345,-0.0001806726951606968,-0.017214622348546982,-4.925735950469971,-0.0035390183329582214,9.779940605163574,8.091650670394301e-06,0.006519592832773924,0.0002777517365757376,5532,1,vehicle.citroen.c3,Red,Driving
93e47110,2025-04-13 12:46:46,21d62364,0,4.154779669823428,0.0,1.0,-0.000870533986017108,-179.63096618652344,-0.001168556911864016,-0.00018613770576702212,-0.01668781228363514,-5.642557144165039,-0.003984987735748291,9.75541877746582,-0.0001141252723755315,-0.0037849382497370243,-0.0002866821887437254,5596,1,vehicle.citroen.c3,Red,Driving
0a057956,2025-04-13 12:46:50,c860a016,1,14.067847271609496,0.0,1.0,-0.0009114888962358236,0.24153836071491241,-0.00021988050571053463,-0.0006458625222305842,-0.005255165044218302,-5.956953048706055,-0.0023631092626601458,9.835776329040527,0.00033767192508094013,0.03634115308523178,-0.0017172315856441855,5368,1,None,Red,Driving
4455bf76,2025-04-13 12:46:51,c860a016,0,0.0113058142571252,0.0,1.0,0.000890448922291398,0.15490633249282837,-0.00021992366626477633,-0.0006358137713945853,-0.00026859284844249487,-5.24843692779541,-0.12140234559774399,8.99496078491211,-0.0002798586792778224,-0.019611822441220284,-1.8159013052354567e-05,5016,1,None,Red,Driving
c94cdec0,2025-04-13 12:47:00,c2dc7196,1,19.093231123571197,0.8500000238418579,0.0,-0.12511537969112396,-140.0485076904297,0.000551875243886002,-0.0004652236153263473,-0.004154395777732134,3.984879493713379,-0.043730735778808594,9.789350509643555,0.042049918323755264,-0.025984205305576324,-0.29726675152778625,4756,1,None,None,Driving
7da8c5bc,2025-04-13 12:47:01,c2dc7196,0,23.533141770558473,0.8500000238418579,0.0,-0.12934088706970215,-145.65769958496094,0.000560047889763382,-0.00047716334341180763,-0.004736633040010929,11.73924732208252,-1.993178367614746,9.665572166442871,-0.010206621140241623,-0.05115855857729912,-0.32537180185317993,4804,1,None,None,Driving
0d499b3e,2025-04-13 12:47:11,701066c9,1,12.861027313821586,0.0,1.0,0.0,-179.84088134765625,-0.00014784831212466543,-0.0007304411761433255,0.14194568991661072,-5.932336807250977,-0.008546784520149231,9.811417579650879,-0.00010410431423224509,0.008655311539769173,-0.0001307071215705946,5236,1,None,Red,Driving
7a720a69,2025-04-13 12:47:12,701066c9,0,4.150908232089063,0.0,1.0,0.0002485241857357323,-179.88026428222656,-0.000147825335417906,-0.0007384650303523322,0.1422942727804184,-5.070584774017334,0.03392523154616356,9.79306697845459,0.00014391992590390146,0.00011539429397089407,-0.018475020304322243,5296,1,None,Red,Driving
09ed60e1,2025-04-13 12:47:22,905d8477,1,17.622634099915892,0.16776712238788605,0.0,-0.0011014206102117896,-179.7832794189453,-0.0001179515821121413,-0.00017623022479639432,-0.003579749958589673,0.34381428360939026,0.001838629599660635,9.8088960647583,-7.064276724122465e-05,-0.0010638872627168894,-0.0009889114880934358,6000,1,None,Red,Driving
1ddefa94,2025-04-13 12:47:24,905d8477,0,1.870054210510133,0.0,1.0,-0.0006220098002813756,-179.8132781982422,-0.00011784571965733903,-0.00021153473783191239,-0.001578864990733564,-9.18590259552002,0.003064025193452835,9.769929885864258,4.632647323887795e-05,0.009351689368486404,5.859411248820834e-05,5668,1,None,Red,Driving
3068859b,2025-04-13 12:47:30,701066c9,1,19.924804734403924,0.4045507311820984,0.0,-0.15532547235488892,129.53211975097656,-0.00020857843672672516,-0.0009578805534574298,0.1417633444070816,-1.4912290573120117,-2.163221836090088,9.817453384399414,-0.0039518470875918865,0.006289952900260687,-0.3173029124736786,5028,1,None,None,Driving
94173017,2025-04-13 12:47:30,701066c9,0,20.705961359670123,0.40025952458381653,0.0,-0.1378341019153595,124.04057312011719,-0.00022281766813136983,-0.0009676496773434158,0.1416884958744049,1.9322315454483032,-1.410773515701294,9.8006010055542,0.005799984559416771,-0.003427406307309866,-0.2775269150733948,5236,1,None,None,Driving
d702bd74,2025-04-13 12:47:32,f2b02d2f,1,15.344167615224722,0.0,1.0,0.0,-179.83848571777344,-0.0001493598225721371,-0.0001894823148064429,-0.0047459411434829235,-1.889421820640564,-0.0009427238255739212,9.792257308959961,-2.652959665283561e-07,0.0035364690702408552,2.3812191329852794e-07,5836,1,None,Red,Driving
c4b34761,2025-04-13 12:47:33,f2b02d2f,0,4.576074894450029,0.0,1.0,0.0006155604496598244,-179.83792114257812,-0.00014931638786208623,-0.0002048446116508435,-0.0061855316162109375,-4.871075630187988,0.00868721678853035,9.803897857666016,2.8023849154124036e-05,-0.003248131601139903,0.00023300087195821106,5952,1,None,Red,Driving
cdaf73d2,2025-04-13 12:47:34,c2dc7196,1,10.273054243791,0.0,1.0,-0.0036823886912316084,91.02369689941406,9.396885072021632e-05,-0.0009889605406632142,-0.0032319258898496628,-2.5624279975891113,-0.00664973258972168,9.831969261169434,0.0004168972373008728,-0.008688163943588734,-0.004392834380269051,5280,1,None,Red,Driving
eee879ac,2025-04-13 12:47:35,c2dc7196,0,0.02092393242215053,0.0,1.0,-0.0029442862141877413,91.0046157836914,8.967921567659687e-05,-0.0009890283227841855,-0.0025336456019431353,-0.10280577838420868,-0.00457763671875,9.817112922668457,-7.831677794456482e-05,-0.036567479372024536,-1.5203069779090583e-05,5680,1,None,Red,Driving
b5dec7be,2025-04-13 12:47:36,4bac2da4,1,19.737528513540152,0.58807373046875,0.0,0.10565537214279175,-93.70406341552734,1.3374904398233411e-05,-0.0009274363063468215,-0.0035498428624123335,-1.1338557004928589,0.49501192569732666,9.82307243347168,-0.0035321288742125034,0.0012366012670099735,0.17415162920951843,5812,1,None,None,Driving
4c2f1325,2025-04-13 12:47:37,4bac2da4,0,19.967131645792254,0.7578823566436768,0.0,0.05161115154623985,-90.92803955078125,2.822551135750473e-05,-0.0009275948986905298,-0.003445854177698493,-0.6735085248947144,0.3204929232597351,9.813433647155762,0.0014090377371758223,0.0009160377667285502,0.0994701012969017,5792,1,None,None,Driving
1da67d41,2025-04-13 12:47:59,8bb7bae6,1,22.583592543919757,0.0,0.699999988079071,-0.1335068792104721,-118.5497055053711,-0.0002250246820949542,0.0009256166750912236,-0.0008543014409951866,-2.7513465881347656,-2.044274091720581,9.802262306213379,-0.0010184794664382935,0.018765868619084358,-0.3032049834728241,4996,1,None,None,Driving
6788bb85,2025-04-13 12:48:00,8bb7bae6,0,17.850698567738256,0.8399834632873535,0.0,-0.11028425395488739,-124.74909210205078,-0.00020759544176485178,0.0009141965185518532,-0.001161766005679965,-4.035195350646973,-0.7900838851928711,9.787020683288574,0.003958709072321653,0.0039017372764647007,-0.2088414430618286,4976,1,None,None,Driving
970a00eb,2025-04-13 12:48:02,e6b7d215,1,19.654848390974827,0.43100598454475403,0.0,-0.03890051320195198,170.9899444580078,-0.00012270849573781106,-2.4605179773126848e-05,-0.010815276764333248,-1.1515063047409058,-0.2658052146434784,9.796974182128906,0.0012233301531523466,-0.0010141850216314197,-0.12111341208219528,5648,1,None,None,Driving
bd0771ac,2025-04-13 12:48:03,e6b7d215,0,20.962482989733097,0.29880857467651367,0.0,-0.006437417585402727,169.6298370361328,-0.0001258660785339316,-4.190212844392416e-05,-0.011088714003562927,0.9192212224006653,-0.0764150321483612,9.827341079711914,0.0002039989922195673,0.0011392876040190458,-0.01728581078350544,5856,1,None,None,Driving
150578a7,2025-04-13 12:48:09,e6b7d215,1,17.964188752067983,0.03797630965709686,0.0,0.02866194397211075,174.56271362304688,-0.00014444536178359613,-0.0001524414075081677,-0.010868338868021965,-1.1475275754928589,0.3569461703300476,9.799856185913086,0.00035208987537771463,-0.0007368886726908386,0.08489169180393219,5492,1,None,None,Driving
1e353907,2025-04-13 12:48:10,e6b7d215,0,14.046762506444963,0.8500000238418579,0.0,0.006314869038760662,175.2860870361328,-0.00014579636088285497,-0.0001685145599225518,-0.010625648312270641,-1.8588157892227173,0.05966803431510925,9.80665397644043,-0.00019956818141508847,2.287673851242289e-05,0.014557336457073689,5912,1,None,None,Driving
df8340be,2025-04-13 12:48:16,4bac2da4,1,19.77199398083874,0.7472875714302063,0.0,0.08905380964279175,87.01688385009766,0.0003990131622941817,-0.0004678757878503963,-0.0034942245110869408,0.5030813217163086,0.8003724813461304,9.80703067779541,-0.003084744792431593,8.982233703136444e-05,0.19124335050582886,5484,1,None,None,Driving
92ce019c,2025-04-13 12:48:17,4bac2da4,0,19.56047025939817,0.7343448400497437,0.0,0.04207169637084007,89.17095947265625,0.0003818188120447985,-0.0004677537937398515,-0.0034639358054846525,0.897781252861023,0.23101717233657837,9.802270889282227,-3.565226506907493e-05,0.00016085187962744385,0.09758938103914261,5328,1,None,None,Driving
05f7295e,2025-04-13 12:48:18,f2b02d2f,1,15.786388510485795,0.0,1.0,0.0,89.84234619140625,-0.0009470878441248942,-0.0004357729691245161,-0.004757804796099663,-1.9944013357162476,0.004505157470703125,9.79174518585205,1.5640631318092346e-05,0.004056351259350777,2.6455402348801726e-06,5376,1,None,Red,Driving
58d58e36,2025-04-13 12:48:19,f2b02d2f,0,5.408221779244116,0.8500000238418579,0.0,0.0,89.84001159667969,-0.0009644192321331957,-0.0004357240001402553,-0.0056284330785274506,-0.12468771636486053,0.0009760037064552307,9.837383270263672,7.059425115585327e-07,-0.014822187833487988,-4.149114829488099e-09,5392,1,None,None,Driving
27c207e0,2025-04-13 12:48:29,4bac2da4,1,14.978071557408931,0.0,1.0,-0.0014245508937165141,89.88543701171875,0.00010377394744409685,-0.00047013672252048746,-0.0035276412963867188,-0.8089615106582642,-0.008088767528533936,9.810928344726562,8.83136090124026e-05,0.00032958807423710823,-0.0035040255170315504,5536,1,None,Red,Driving
631fb21e,2025-04-13 12:48:30,4bac2da4,0,0.9741949087290003,0.0,1.0,0.005223830230534077,89.60860443115234,9.426855872618489e-05,-0.0004701483393753961,-0.0013295364333316684,-12.565102577209473,-0.10869884490966797,9.778131484985352,0.0003210846334695816,0.023274092003703117,-0.009964905679225922,5600,1,None,Red,Driving
a3b5eccd,2025-04-13 12:48:45,80846294,1,19.714822994721423,0.8500000238418579,0.0,-0.2643398940563202,-172.36956787109375,0.0005773603618592915,0.0007255764211092917,0.002740478375926614,1.2426016330718994,-4.336748123168945,9.722085952758789,-0.04821961745619774,0.01146724633872509,-1.0857150554656982,5748,1,None,None,Driving
4647b254,2025-04-13 12:48:46,80846294,0,19.729151026898453,0.6022531390190125,0.0,0.11375271528959274,175.87741088867188,0.0005773599506397886,0.0007053703583861125,0.002960548270493746,-1.2396233081817627,-0.04752667248249054,9.811216354370117,0.06813982129096985,0.016374781727790833,0.03269580379128456,5516,1,None,None,Driving
5d8b17c9,2025-04-13 12:48:49,23bcc889,1,19.41847539942021,0.8500000238418579,0.0,-0.34413933753967285,-143.3692626953125,0.0004853930797992234,0.000868952535359698,0.038926199078559875,0.3436126708984375,-2.910562038421631,9.810392379760742,0.008047585375607014,0.005847496911883354,-0.7893957495689392,5284,1,None,None,Driving
8d588bde,2025-04-13 12:48:50,23bcc889,0,23.928984566422674,0.0,0.699999988079071,-0.05953085422515869,-153.2792510986328,0.0004913223019968882,0.0008577297625497483,0.03856353834271431,5.599170207977295,-1.8375322818756104,9.833450317382812,0.0010172589682042599,-0.0021046919282525778,-0.405631959438324,5396,1,None,None,Driving
ad788e73,2025-04-13 12:48:56,c00cfe6e,1,20.812895949371146,0.18891215324401855,0.0,-0.10078684985637665,173.3851318359375,0.0006053045521241529,0.000569886337851723,-0.0052214814350008965,0.24024559557437897,-1.0080833435058594,9.811910629272461,0.0009278154466301203,0.00010439853213028982,-0.26308509707450867,5388,1,None,None,Driving
ca273ccf,2025-04-13 12:48:57,c00cfe6e,0,20.189260899707484,0.6086053252220154,0.0,-0.021420326083898544,170.0363311767578,0.0006023839582951496,0.0005523997500214439,-0.005172691307961941,0.4389899671077728,-0.27654775977134705,9.80686092376709,0.00031467998633161187,-0.0006898457068018615,-0.06931471079587936,5216,1,None,None,Driving
7163a86e,2025-04-13 12:49:02,c00cfe6e,1,20.37771333809658,0.4847175180912018,0.0,0.05510914698243141,173.41676330566406,0.0005829568759452286,0.00044266196969337904,-0.0052013397216796875,0.16013389825820923,0.5525278449058533,9.810606956481934,-0.0006080734892748296,0.0001052693696692586,0.12214747071266174,5472,1,None,None,Driving
dd220c1f,2025-04-13 12:49:03,c00cfe6e,0,20.11030326542893,0.4439537227153778,0.0,0.07971104979515076,175.69464111328125,0.0005814845852114559,0.00042490123779446,-0.005191154312342405,-0.22632001340389252,0.7555743455886841,9.808724403381348,0.00218541850335896,-7.756869308650494e-05,0.08971517533063889,5340,1,None,None,Driving
e0672a2f,2025-04-13 12:49:11,e56fba8c,1,20.284341814231734,0.5422415733337402,0.0,-0.1379988193511963,175.00106811523438,0.0006096398664254821,-4.0207326976581014e-05,-0.0005681228940375149,0.17599214613437653,-0.801608145236969,9.787627220153809,0.0629955381155014,0.0017756987363100052,-0.3205535113811493,5536,1,None,None,Driving
4074b698,2025-04-13 12:49:12,e56fba8c,0,20.090956486426474,0.35271042585372925,0.0,-0.0019371635280549526,170.11962890625,0.0006064082561323403,-6.270687041100019e-05,-0.0013838576851412654,-0.12670943140983582,-0.6018320322036743,9.8247709274292,-0.003566011320799589,-0.002988121472299099,-0.12805970013141632,5612,1,None,None,Driving
bf09ac31,2025-04-13 12:49:13,23bcc889,1,23.078542688588882,0.0,0.699999988079071,0.04664086550474167,-169.4641876220703,0.0005829363151406142,0.00032837161588944414,0.03850311040878296,2.0956106185913086,0.5390169620513916,9.859946250915527,-0.0031093426514416933,0.0011329111875966191,0.16856306791305542,5332,1,None,None,Driving
d86e9b56,2025-04-13 12:49:15,23bcc889,0,16.55878477633733,0.8500000238418579,0.0,0.0027530151419341564,-167.67080688476562,0.0005891223760556841,0.0002995795322765034,0.03919437155127525,-2.50187349319458,0.030922889709472656,9.809282302856445,-5.874561611562967e-05,-0.001555762137286365,0.0054464684799313545,5712,1,None,None,Driving
a4a7fae2,2025-04-13 12:49:15,f2b02d2f,1,9.611887330719311,0.0,1.0,0.000870533986017108,-89.38340759277344,-0.0004636251840679506,-0.0009640657919340853,-0.006088295020163059,-5.932048320770264,0.018474578857421875,9.804889678955078,3.760075196623802e-05,0.00678999861702323,0.0005879662930965424,5032,1,None,Red,Driving
93ff9a2d,2025-04-13 12:49:16,f2b02d2f,0,0.9251613198377249,0.0,1.0,-0.0002485241857357323,-89.3873291015625,-0.0004582542562729941,-0.0009640072621754307,-0.006037826184183359,-4.408318519592285,0.0071926116943359375,9.80082893371582,4.586484283208847e-05,-0.004673132672905922,-0.0015040747821331024,5344,1,None,Red,Driving
d11a5ee1,2025-04-13 12:49:17,e56fba8c,1,17.86935382817341,0.07979339361190796,0.0,0.000870533986017108,169.99600219726562,0.0005895926016563635,-0.0001585051487604028,-0.0013595962664112449,-0.8592124581336975,-0.009733378887176514,9.866135597229004,-7.54857319407165e-05,-0.0010811957763507962,-0.0005352831212803721,5368,1,None,None,Driving
125a6df9,2025-04-13 12:49:18,e56fba8c,0,15.469299530029545,0.8500000238418579,0.0,0.05622866004705429,173.61166381835938,0.0005869542391394589,-0.0001792701569715303,0.004623603541404009,-1.6270513534545898,0.5589284896850586,9.761504173278809,-0.037254124879837036,0.03205195441842079,0.1597958654165268,5440,1,None,None,Driving
d029f88b,2025-04-13 12:49:19,23bcc889,1,20.077376971623377,0.5103855729103088,0.0,-0.03587397187948227,-173.6263427734375,0.0006046069925389475,0.00021918729816795482,0.03895729035139084,-0.1968720257282257,-0.2249598205089569,9.814584732055664,0.0016923858784139156,0.0011395501205697656,-0.13981561362743378,5608,1,None,None,Driving
e2ae189f,2025-04-13 12:49:20,23bcc889,0,19.983675428160137,0.7455567121505737,0.0,-0.08752850443124771,-174.66726684570312,0.0006060396694493875,0.00020438123963882474,0.03897895663976669,-0.3188846707344055,-0.02807452529668808,9.813262939453125,0.00023817703186068684,0.0009402013383805752,-0.07291651517152786,5416,1,None,None,Driving
aed065f5,2025-04-13 12:49:21,c860a016,1,14.13541567271018,0.0,1.0,0.0,0.14575619995594025,-0.00022363639939726454,0.0006844005302877024,-0.006479148752987385,-5.168250560760498,0.0006101705366745591,9.980122566223145,-5.2679657528642565e-05,0.035015903413295746,-1.2240101568750106e-05,5236,1,None,Red,Driving
e975264c,2025-04-13 12:49:22,c860a016,0,0.03167052913460378,0.0,1.0,0.001887036021798849,0.07307477295398712,-0.00022367140417145492,0.0006952287412468618,-0.0020234680268913507,0.12583155930042267,-0.0033196285367012024,9.49288272857666,-0.00013628735905513167,-0.0541030578315258,-2.660958853084594e-05,4952,1,None,Red,Driving
c6271c21,2025-04-13 12:49:25,8bb7bae6,1,15.291141023567466,0.0,1.0,0.0,-179.83026123046875,-0.00014784181833249477,-0.0007311694398616676,-0.0012614440638571978,-4.334055423736572,-0.000933084636926651,9.796578407287598,5.064375727670267e-06,0.011887481436133385,-0.00024317685165442526,5060,1,None,Red,Driving
0cbf831d,2025-04-13 12:49:26,8bb7bae6,0,2.6258330786462634,0.0,1.0,0.0017708400264382362,-179.81411743164062,-0.00014780844128381432,-0.0007425314093224692,-0.001576118404045701,-15.5005464553833,-0.06597566604614258,9.69304370880127,-0.0003631596337072551,0.04473927989602089,0.01502462849020958,5544,1,None,Red,Driving
74fd909c,2025-04-13 12:49:41,e6b7d215,1,10.564025930413374,0.0,1.0,0.0,89.83621978759766,-0.0009538620125937314,-0.0004357471310460468,-0.0107879638671875,-5.013933181762695,-0.0005717277526855469,9.865140914916992,2.5890767574310303e-07,0.01605529710650444,-9.973891792469658e-07,5400,1,None,Red,Driving
83ae52fa,2025-04-13 12:49:42,e6b7d215,0,0.002461585805957069,0.0,1.0,0.0003670363512355834,89.83576202392578,-0.000956792270002893,-0.0004357387353839447,-0.009994887746870518,-0.009696777909994125,0.0013073193840682507,9.795795440673828,-4.4796615839004517e-07,-0.015397561714053154,-1.6484955267515033e-06,5392,1,None,Red,Driving
679c3524,2025-04-13 12:49:42,23bcc889,1,12.012170763214229,0.0,1.0,0.00017573311924934387,-179.40528869628906,0.0006128971777030756,-0.00020044194357850668,0.03919929265975952,-6.062384605407715,-0.009610220789909363,9.817906379699707,-9.559137106407434e-05,0.006280950270593166,-0.0005344364326447248,5096,1,None,Red,Driving
b0f8574e,2025-04-13 12:49:43,23bcc889,0,0.0005702694174886582,0.0,1.0,-0.000870533986017108,-179.40811157226562,0.0006129888103743042,-0.00020912634792090147,0.04009338468313217,-20.013532638549805,0.15402978658676147,9.849133491516113,-3.089968231506646e-05,0.01061272993683815,-2.232412589364685e-05,5408,1,None,Red,Driving
72292551,2025-04-13 12:49:47,67620aac,1,15.079239233188092,0.0,0.699999988079071,-0.04025997966527939,72.68579864501953,-9.744240172437912e-05,-0.0004169606548463027,-0.0001686477626208216,3.1801986694335938,-0.5060007572174072,9.901987075805664,0.012075303122401237,-0.038338884711265564,-0.11825849115848541,5472,1,None,None,Driving
f1a27bfe,2025-04-13 12:49:48,67620aac,0,14.368861069207197,0.0,0.699999988079071,-0.01720496639609337,71.3988037109375,-0.00011659965777255366,-0.0004104715276695598,0.0005982971051707864,-2.3979663848876953,-0.07197201251983643,9.974096298217773,-0.0024174200370907784,0.011162279173731804,-0.032512079924345016,5252,1,None,None,Driving
6f167d51,2025-04-13 12:49:56,701066c9,1,14.484364633084358,0.0,1.0,0.0,-89.60733032226562,-0.0004552675937219419,0.0009523978776926815,0.14174160361289978,-4.751539707183838,0.00250244140625,9.825557708740234,1.8135644495487213e-05,0.007897262461483479,-4.778138463734649e-05,5360,1,None,Red,Driving
2accb86d,2025-04-13 12:49:57,701066c9,0,0.0070004429011426015,0.0,1.0,-0.001010760897770524,-89.54988861083984,-0.00044371252401731454,0.0009524721707352829,0.14295069873332977,-17.036460876464844,0.1284637451171875,9.620305061340332,0.00022869417443871498,-0.0014313100837171078,4.792354957317002e-08,5508,1,None,Red,Driving
f5e7483d,2025-04-13 12:49:59,67620aac,1,20.29294554205778,0.38558876514434814,0.0,0.03488854691386223,10.557640075683594,-0.0002253924463389012,-0.00020882023180025634,0.0018279266078025103,-1.3750054836273193,0.3972491919994354,9.80167007446289,-0.038087427616119385,0.02207559533417225,0.12072247266769409,5256,1,None,None,Driving
67f67db0,2025-04-13 12:50:00,67620aac,0,20.85097493464119,0.34045469760894775,0.0,0.0013649675529450178,11.90302848815918,-0.0002288918268504858,-0.00019188988228524786,0.0015153121203184128,1.3307948112487793,0.130167156457901,9.769625663757324,-0.0015371653717011213,-0.024429257959127426,0.02341001108288765,5084,1,None,None,Driving
70bb93d5,2025-04-13 12:50:09,21d62364,1,18.460299204848198,0.8500000238418579,0.0,-0.18002857267856598,-105.48353576660156,0.0005048878414868341,-0.00041690592883660043,-0.01960170641541481,2.471039295196533,-1.828371286392212,9.734264373779297,-0.03367732837796211,-0.008277475833892822,-0.25056344270706177,4852,1,vehicle.citroen.c3,None,Driving
6397b780,2025-04-13 12:50:10,21d62364,0,21.81133175067826,0.0,0.2694510817527771,-0.056881971657276154,-109.57284545898438,0.0005194153524996636,-0.0004222009529863647,-0.019838562235236168,0.6709198951721191,-0.6735582947731018,9.870271682739258,0.004174523055553436,0.014642377384006977,-0.16348740458488464,5096,1,vehicle.citroen.c3,None,Driving
08812878,2025-04-13 12:50:13,c860a016,1,16.031941443967376,0.8500000238418579,0.0,-0.13728903234004974,-57.59715270996094,-0.00015950490077898394,0.0009249055453771714,-0.0048807524144649506,-0.5906752943992615,-1.3253731727600098,9.618060111999512,0.005415393505245447,-0.020117204636335373,-0.2641087770462036,5068,1,None,None,Driving
e036e781,2025-04-13 12:50:13,c860a016,0,18.941500545409728,0.8500000238418579,0.0,-0.11505762487649918,-62.25117492675781,-0.00014602098769955774,0.0009318343311039958,-0.00879592914134264,2.9787721633911133,-0.8861207962036133,9.934845924377441,-0.00917475763708353,-0.004405076149851084,-0.2784930169582367,5452,1,None,None,Driving
5f81c54e,2025-04-13 12:50:31,4bac2da4,1,19.617645154186178,0.6806736588478088,0.0,0.17643189430236816,-165.95370483398438,-0.0011513530008500084,-0.0006551263300620496,-0.0034284591674804688,-0.03869001567363739,0.39459916949272156,9.809572219848633,-0.007854536175727844,0.0005166549235582352,0.21569934487342834,5356,1,None,None,Driving
f482ba58,2025-04-13 12:50:32,4bac2da4,0,19.758776455828023,0.7880353331565857,0.0,0.14380145072937012,-161.27346801757812,-0.0011449260358347146,-0.0006736866374051657,-0.0034436415880918503,0.15963877737522125,0.6961103677749634,9.807926177978516,-0.0026234423276036978,-0.00022417190484702587,0.153640478849411,5508,1,None,None,Driving
0dd799ac,2025-04-13 12:50:33,33bb48fe,1,20.573949886161618,0.0,0.04122772067785263,0.12860479950904846,10.053522109985352,0.000544559606595385,9.190725306267055e-05,-0.007185745052993298,-0.8495902419090271,1.3510822057724,9.817817687988281,-0.0025385236367583275,0.001808482687920332,0.3089067339897156,4988,1,None,None,Driving
b4c90a12,2025-04-13 12:50:34,33bb48fe,0,19.85119153696256,0.8500000238418579,0.0,0.006833160296082497,14.458372116088867,0.0005397936462259167,0.00011354056120920236,-0.007104835473001003,1.7094299793243408,0.29712459444999695,9.805384635925293,-0.0008991477079689503,-0.0018273331224918365,0.12258455157279968,5848,1,None,None,Driving
2db2608b,2025-04-13 12:50:35,e56fba8c,1,11.40013950624908,0.8500000238418579,0.0,0.022454997524619102,177.40847778320312,0.0005843293782277215,-0.0002195896217226883,-0.013148384168744087,2.6427762508392334,0.08308026939630508,9.796793937683105,-0.00023692796821705997,0.013366091065108776,0.030911602079868317,4988,1,None,Green,Driving
0b82e1b4,2025-04-13 12:50:36,e56fba8c,0,15.32030354598245,0.38998907804489136,0.0,0.008561359718441963,178.05123901367188,0.0005837941804713864,-0.00023611377539799376,-0.009430808946490288,2.413165807723999,0.08066964149475098,9.769392967224121,0.0010968955466523767,0.005059249233454466,0.0208803191781044,5292,1,None,Green,Driving
b1e26988,2025-04-13 12:50:37,67620aac,1,15.258699886887982,0.0,1.0,0.0006155604496598244,0.19710135459899902,-0.0002550054715158012,0.0006779571166344052,0.002454567002132535,0.8046494126319885,-0.023153789341449738,9.73444652557373,-0.00013353201211430132,-0.023753393441438675,0.013443338684737682,5544,1,None,Red,Driving
c8dfd97b,2025-04-13 12:50:38,67620aac,0,0.08087698402368476,0.0,1.0,-0.0016365943010896444,0.29052790999412537,-0.0002550414357926911,0.0006897251619968798,0.005367279052734375,0.11470159888267517,0.003461352549493313,9.625603675842285,0.00014716056466568261,-0.10658067464828491,-0.00010953589662676677,4756,1,None,Red,Driving
885af8c1,2025-04-13 12:50:42,21d62364,1,15.120073283638666,0.8500000238418579,0.0,-0.26547321677207947,108.3267593383789,0.00039590248381671245,-0.0009654881884342239,-0.018780212849378586,0.412347674369812,-1.69996976852417,9.775764465332031,0.0382680781185627,-0.008606936782598495,-0.5553986430168152,6012,1,vehicle.citroen.c3,None,Driving
4b9123b9,2025-04-13 12:50:42,21d62364,0,18.417382078459063,0.8500000238418579,0.0,-0.07404054701328278,99.43970489501953,0.0003775203701081864,-0.0009682424453558327,-0.01960403472185135,5.099320888519287,-0.6860136985778809,9.746970176696777,-0.005486518144607544,-0.016252612695097923,-0.1780218929052353,5212,1,vehicle.citroen.c3,None,Driving
676a66b2,2025-04-13 12:50:47,905d8477,1,14.370153510945999,0.0,1.0,0.028760991990566254,-89.6446304321289,5.522139660740777e-05,-0.0009590729430839794,-0.0029742049518972635,-9.926278114318848,0.009548187255859375,9.819032669067383,-0.0009823385626077652,0.012987738475203514,0.03825996071100235,5956,1,None,Red,Driving
f5f11d3b,2025-04-13 12:50:48,905d8477,0,8.630135288243546,0.8500000238418579,0.0,0.02106091007590294,-89.35041046142578,6.240938553503383e-05,-0.0009589218897021588,-0.0011939620599150658,-2.0791356563568115,-0.005742073059082031,9.718558311462402,-0.00016206043073907495,-0.0003095747670158744,0.011447163298726082,5800,1,None,None,Driving
e514f145,2025-04-13 12:50:51,c00cfe6e,1,20.43320282092524,0.5775284767150879,0.0,-0.23120778799057007,142.32504272460938,0.0005512281610720038,-0.0003836829917142658,-0.005199317820370197,0.7447736263275146,-2.7194278240203857,9.807565689086914,-0.00019021116895601153,-0.0002196484711021185,-0.439505934715271,5128,1,None,None,Driving
916ed391,2025-04-13 12:50:52,c00cfe6e,0,20.173139051273125,0.2970360815525055,0.0,-0.22350506484508514,133.17588806152344,0.000540327507536631,-0.0003945334768790023,-0.005187950097024441,-1.1167478561401367,-2.3885488510131836,9.808045387268066,0.0016328369965776801,0.001077919383533299,-0.43635451793670654,5424,1,None,None,Driving
107031f1,2025-04-13 12:50:53,905d8477,1,20.546647564035013,0.16396819055080414,0.0,0.018314752727746964,-88.11846160888672,0.0001811489005376643,-0.0009563820134422265,-0.0034193038009107113,0.08944790065288544,0.06803078949451447,9.809388160705566,-0.003240794176235795,-0.0003677064087241888,0.03303902596235275,5808,1,None,None,Driving
408744f5,2025-04-13 12:50:54,905d8477,0,20.340537600585364,0.26905760169029236,0.0,0.010995788499712944,-87.7681884765625,0.00020158497012801035,-0.0009555048894946128,-0.003456382779404521,-0.531878650188446,0.038708508014678955,9.814865112304688,-0.0004897842882201076,0.0003009735664818436,0.016046345233917236,5848,1,None,None,Driving
4829087a,2025-04-13 12:51:10,c00cfe6e,1,10.841235600328538,0.0,1.0,-0.000890448922291398,89.87787628173828,8.106082007941495e-05,-0.0004386517902573132,-0.005135154817253351,-6.390178203582764,-0.007133960723876953,9.803279876708984,-3.278721123933792e-06,0.0015699852956458926,-0.00026073091430589557,5276,1,None,Red,Driving
92343f77,2025-04-13 12:51:11,905d8477,1,18.88284015555342,0.2328229397535324,0.0,0.14306050539016724,-20.60780906677246,0.0005394567231604697,-0.0007224623500975928,-0.0033552933018654585,0.5247368812561035,0.7176637649536133,9.804337501525879,0.0021689869463443756,-0.0020865334663540125,0.1741989403963089,6072,1,None,None,Driving
e25da2aa,2025-04-13 12:51:11,796a5f61,1,20.168125045236284,0.40141984820365906,0.0,-0.0314335897564888,79.86494445800781,-0.0008040648959877217,-0.0004630852915909554,0.010839080438017845,-0.35901597142219543,-0.659030556678772,9.811624526977539,0.0019010496325790882,0.002336413599550724,0.0016601727111265063,5760,1,None,None,Driving
1f1329c6,2025-04-13 12:51:11,905d8477,0,18.67846297247834,0.1913096159696579,0.0,0.12605495750904083,-19.246950149536133,0.0005420476244921701,-0.0007134722065826473,-0.0034917830489575863,-0.198811873793602,0.5764627456665039,9.813124656677246,-0.002159356139600277,-0.0006700806552544236,0.13966895639896393,5904,1,None,None,Driving
279edf1a,2025-04-13 12:51:11,c00cfe6e,0,0.0001817036327879447,0.0,1.0,0.0,89.87450408935547,7.536990621304085e-05,-0.00043863856280600133,-0.005098686087876558,0.00040684198029339314,2.2330787032842636e-05,9.798345565795898,-2.2263266146183014e-06,-0.0045124744065105915,-1.7817899333749665e-07,5332,1,None,Red,Driving
5a560569,2025-04-13 12:51:12,796a5f61,0,20.34942809499675,0.3528803884983063,0.0,-0.003110622987151146,78.89640045166016,-0.0008288035881918177,-0.00045829527508363453,0.010715140961110592,0.2388300597667694,0.17503458261489868,9.815096855163574,0.00017339008627459407,-0.0011553659569472075,-0.10185498744249344,5724,1,None,None,Driving
c1a55531,2025-04-13 12:51:16,33bb48fe,1,16.742485176644784,0.3165340721607208,0.0,0.0018742046086117625,90.18528747558594,0.00010861529743522169,0.0008931968087499613,-0.007260322570800781,-0.5290877223014832,0.006676614284515381,9.811232566833496,-1.9295242964290082e-05,0.00013197437510825694,0.0040232646279037,5056,1,None,Red,Driving
6f5d0e4c,2025-04-13 12:51:17,905d8477,1,15.176268259252003,0.0637044608592987,0.0,0.03194776549935341,-2.19085693359375,0.0005531071787885367,-0.0006051517168214427,-0.0035158919636160135,-0.34467053413391113,0.005516997538506985,9.809699058532715,0.0007025953964330256,-1.555555900267791e-05,0.03353384882211685,5812,1,None,Green,Driving
30f54211,2025-04-13 12:51:17,905d8477,0,16.242341590159924,0.8500000238418579,0.0,0.03321630135178566,-1.477783203125,0.0005532540514678885,-0.0005937573298245243,-0.0036491774953901768,1.984824299812317,0.15390907227993011,9.797160148620605,0.0018052570521831512,-0.0030723237432539463,0.03854546323418617,5820,1,None,Green,Driving
e8307f31,2025-04-13 12:51:17,33bb48fe,0,0.0004137578214712114,0.0,1.0,-0.0021547055803239346,90.37393951416016,8.931603476014516e-05,0.0008931301917412818,-0.006476287730038166,-0.717362105846405,0.05459839105606079,9.722586631774902,4.041660577058792e-05,-0.003329548519104719,-2.1269261196721345e-07,5200,1,None,Red,Driving
ff46e5dc,2025-04-13 12:51:22,c2dc7196,1,17.369872827909763,0.8500000238418579,0.0,-0.23514731228351593,-124.84171295166016,-0.0001779633464593644,0.0009232614348615203,-0.003587760729715228,3.886918067932129,-2.9699389934539795,9.79260540008545,-0.02990712784230709,-0.035787515342235565,-0.3748979866504669,5008,1,None,None,Driving
35b08701,2025-04-13 12:51:23,c2dc7196,0,22.71474081045824,0.0,0.4492132365703583,-0.2443326711654663,-134.02847290039062,-0.00016235205826831134,0.0009088409770989367,-0.004945945460349321,10.190014839172363,-1.7276678085327148,9.587797164916992,-0.0014983490109443665,-0.0436166450381279,-0.3296162784099579,5328,1,None,None,Driving
039a4bc6,2025-04-13 12:51:46,c00cfe6e,1,20.92730466368439,0.15015831589698792,0.0,-0.07724425941705704,68.9964828491211,-0.00013153319329717306,-0.0004052131360209675,-0.005239143036305904,1.5182082653045654,-1.2599291801452637,9.810132026672363,-0.001439438434317708,-0.0007365643978118896,-0.16172590851783752,5284,1,None,None,Driving
583334e6,2025-04-13 12:51:47,c00cfe6e,0,19.680513209663786,0.6300519108772278,0.0,-0.15583999454975128,63.9571418762207,-0.00014774238970005626,-0.00039785281326209533,-0.005158157087862492,-0.788934051990509,-1.765683650970459,9.807140350341797,0.0013580014929175377,0.0003814312512986362,-0.3050730228424072,5504,1,None,None,Driving
f25fc116,2025-04-13 12:51:49,e56fba8c,1,13.860646628516896,0.0,1.0,-0.00031118179322220385,0.20794661343097687,-0.0002513474986756137,-0.0006514621204406075,0.0020515823271125555,-5.856890678405762,-0.018751952797174454,10.133623123168945,-0.0006279300432652235,0.03531966358423233,-0.0009388931794092059,4996,1,None,Red,Driving
31f23ce0,2025-04-13 12:51:50,e56fba8c,0,3.9996918797511993,0.0,1.0,-0.0006220098002813756,0.17450116574764252,-0.00025137626666094093,-0.0006438283047052584,0.024691618978977203,-15.403225898742676,-0.03352351859211922,9.897643089294434,0.00038213894004002213,0.1289937049150467,-0.0026913515757769346,5516,1,None,Red,Driving
8c1fc875,2025-04-13 12:52:01,726facb2,1,20.998506911107807,0.0,0.022985365241765976,-0.08814152330160141,160.50823974609375,0.0006096278040956804,-0.0006449904014122232,-0.029595259577035904,1.285041332244873,-1.4217455387115479,9.873918533325195,-0.07087882608175278,-0.010892961174249649,-0.38339200615882874,4840,1,None,None,Driving
75b266ef,2025-04-13 12:52:02,726facb2,0,20.119583237768236,0.442485511302948,0.0,-0.01869186945259571,157.33981323242188,0.0005981228684959206,-0.0006737473603163694,-0.029381178319454193,-0.5852167010307312,-0.17253880202770233,9.808297157287598,-0.014843140728771687,-0.00047697126865386963,-0.05460044741630554,4756,1,None,None,Driving
ad1b4bdc,2025-04-13 12:52:02,701066c9,1,16.810691757559965,0.36878347396850586,0.0,0.0,-179.8409423828125,-0.0001493536543364371,-0.00018658925531608078,0.14162403345108032,-0.789806067943573,0.00030343118123710155,9.808272361755371,-6.226061941561056e-07,0.0005145793547853827,-1.1204582506252336e-06,5356,1,None,Red,Driving
feeebff3,2025-04-13 12:52:04,701066c9,0,0.002217497562741134,0.0,1.0,0.0015787450829520822,-179.9216766357422,-0.00014930331462892354,-0.0002057135626784108,0.14293964207172394,-13.914889335632324,0.0789598748087883,9.605806350708008,0.00016506300016772002,-0.005616728216409683,-9.829464033828117e-07,5508,1,None,Red,Driving
a7880abc,2025-04-13 12:52:08,3ca2e272,1,24.73664773440353,0.0,0.699999988079071,-0.07647036761045456,-10.613572120666504,0.0005203641308497708,9.523286905833585e-05,0.04269397631287575,-0.4465881288051605,-0.6186020970344543,9.822157859802246,0.0012857606634497643,0.003811898874118924,-0.26427730917930603,5064,1,None,None,Driving
5e517192,2025-04-13 12:52:09,3ca2e272,0,20.674258872614487,0.0,0.3025554418563843,-0.019016670063138008,-13.032337188720703,0.0005236320309478515,0.00010907793268885272,0.042807579040527344,-3.0995919704437256,-0.2366885393857956,9.806258201599121,0.0005266996449790895,0.0006212391890585423,0.003098005661740899,5880,1,None,None,Driving
24c13cb6,2025-04-13 12:52:13,c2dc7196,1,14.78282795128774,0.0,1.0,0.0,-179.84274291992188,-0.00011789394331174208,-0.0001939819270750525,-0.004224434029310942,-4.897858142852783,0.0008750203996896744,9.836084365844727,-2.728455001488328e-06,0.024227196350693703,4.865761729888618e-05,5680,1,None,Red,Driving
b22331ba,2025-04-13 12:52:13,905d8477,1,20.611708790050063,0.24644212424755096,0.0,0.10295557975769043,14.47175407409668,0.0005280491772481355,0.0006927857749151938,-0.00346172321587801,-0.3306601643562317,0.38950490951538086,9.813203811645508,-0.004924273584038019,0.0004722726298496127,0.12467768788337708,5764,1,None,None,Driving
a3f26835,2025-04-13 12:52:14,905d8477,0,20.470245924459157,0.2822711169719696,0.0,0.138231098651886,16.699783325195312,0.0005246726132952517,0.0007023920572244076,-0.003420677036046982,0.09314361959695816,0.891329288482666,9.805350303649902,0.0024073049426078796,0.0003323520068079233,0.17546091973781586,5656,1,None,None,Driving
f0734425,2025-04-13 12:52:14,796a5f61,1,17.026426975720074,0.0,1.0,-0.00043982735951431096,-89.38372039794922,-0.00047123470379517585,-0.000964109380840999,0.010760611854493618,-0.3769509792327881,-0.006146639585494995,9.814441680908203,-9.170320117846131e-05,-0.0005705139483325183,-0.0011062686098739505,5544,1,None,Red,Driving
f6f8bdc3,2025-04-13 12:52:14,3ca2e272,1,18.47824029230847,0.828032374382019,0.0,0.009928738698363304,-6.47162389755249,0.0005423195411538018,0.00020358536513955428,0.04282485693693161,-5.575031757354736,0.06550326943397522,9.813313484191895,-0.0004891466815024614,0.001858787378296256,-0.019634367898106575,5796,1,None,None,Driving
648b0adb,2025-04-13 12:52:15,c2dc7196,0,0.01854111742614818,0.0,1.0,-0.0023931236937642097,-179.7253875732422,-0.00011786684589765173,-0.00020626980099368135,-0.002821540692821145,-0.11535698175430298,4.663167055696249e-05,9.830724716186523,6.671703886240721e-05,-0.03353174775838852,-1.0757747986644972e-05,5256,1,None,Red,Driving
62410a32,2025-04-13 12:52:15,796a5f61,0,2.6560484216307736,0.0,1.0,0.0015951069071888924,-89.52874755859375,-0.00045716021583075417,-0.0009639596296435045,0.012662620283663273,-20.226713180541992,0.051181793212890625,9.82657241821289,0.0011715814471244812,0.059500228613615036,-0.012071168050169945,5160,1,None,Red,Driving
964f9cbe,2025-04-13 12:52:15,3ca2e272,0,19.13859206700869,0.8500000238418579,0.0,0.023237179964780807,-3.7287302017211914,0.0005436432115004664,0.00022346368862867432,0.04286773502826691,-0.6479191780090332,0.14382097125053406,9.788093566894531,-0.00036126081249676645,0.0014845342375338078,0.009517715312540531,5120,1,None,None,Driving
e4c3c681,2025-04-13 12:52:16,f2b02d2f,1,20.24070281411366,0.44211259484291077,0.0,0.1611991822719574,6.961132526397705,0.0005445934976506805,8.735790934660921e-05,-0.004338760394603014,0.1746586114168167,0.9352923035621643,9.794121742248535,-0.010563305579125881,0.001317535643465817,0.26479509472846985,5564,1,None,None,Driving
287f06c8,2025-04-13 12:52:17,f2b02d2f,0,20.177741372285773,0.5281086564064026,0.0,0.055920492857694626,11.721014022827148,0.0005398896994535107,0.00010925015513297365,-0.004507789388298988,0.6500342488288879,0.536681056022644,9.81733512878418,-0.004590179771184921,-0.002670572604984045,0.11681918054819107,6008,1,None,None,Driving
c4973314,2025-04-13 12:52:22,f2b02d2f,1,20.058385746310886,0.5415105223655701,0.0,-0.05333566665649414,4.535605430603027,0.0005184095864620986,0.00022681521980582825,-0.004435577429831028,0.07116421312093735,-0.3152966797351837,9.807401657104492,0.0036427986342459917,-0.00023022403183858842,-0.08805650472640991,5016,1,None,None,Driving
c8d39ed1,2025-04-13 12:52:22,f2b02d2f,0,19.952681537184723,0.6126000881195068,0.0,-0.030209852382540703,3.2353169918060303,0.0005175445591021344,0.00024424139313698073,-0.004485816694796085,0.07348097115755081,-0.235229030251503,9.813079833984375,0.002055242657661438,-0.00014485839346889406,-0.04886629432439804,5852,1,None,None,Driving
c9763747,2025-04-13 12:52:32,c860a016,1,19.82204219506492,0.8178308606147766,0.0,-0.1667291671037674,143.16647338867188,0.0005487327304081191,-0.00038321142964819647,-0.008561363443732262,0.18412327766418457,-1.8348064422607422,9.764328956604004,0.00489235483109951,0.015746165066957474,-0.3608575761318207,4888,1,None,None,Driving
5e22e56b,2025-04-13 12:52:33,c860a016,0,20.952166845126904,0.0,0.699999988079071,-0.23271022737026215,133.3028564453125,0.0005351286736754446,-0.0003965922302984715,-0.006964187603443861,-3.749688148498535,-3.588270425796509,9.980436325073242,-0.02892996184527874,0.05603479966521263,-0.4435034692287445,5420,1,None,None,Driving
a4e5ab8a,2025-04-13 12:52:33,905d8477,1,18.26536818223393,0.30523616075515747,0.0,0.014309578575193882,89.46115112304688,0.00014480317119591746,0.0009247381804232667,-0.0033705520909279585,0.048298753798007965,0.12076583504676819,9.805976867675781,0.00012204782251501456,9.460633737035096e-05,0.014149460941553116,5564,1,None,None,Driving
e772b82a,2025-04-13 12:52:34,905d8477,0,18.04250347700979,0.06534504145383835,0.0,0.011102944612503052,89.66828155517578,0.00013348055854578433,0.0009247462676732917,-0.003430671524256468,-0.3850325644016266,-0.014437884092330933,9.805272102355957,8.784919191384688e-05,-0.00012005533062620088,0.013109399005770683,5460,1,None,None,Driving
ebbeb8fd,2025-04-13 12:52:34,c00cfe6e,1,12.847880828652128,0.0,1.0,-0.0006155604496598244,0.1710423082113266,-0.00022363866108321417,0.0006816172140948178,-0.005174980033189058,-6.451295375823975,-0.008885910734534264,9.806915283203125,-2.014582059928216e-05,0.0019502145005390048,-0.00038653690717183053,4784,1,None,Red,Driving
013cec6a,2025-04-13 12:52:35,c00cfe6e,0,0.00017407388835679593,0.0,1.0,0.0,0.16985273361206055,-0.00022365983870997752,0.000688724604682361,-0.0050038909539580345,0.000219218636630103,-2.2233667550608516e-05,9.798833847045898,2.1849801612461306e-07,-0.00445169722661376,-1.4219992294783879e-07,5008,1,None,Red,Driving
f48c428b,2025-04-13 12:52:36,e6b7d215,1,12.693785764864112,0.8500000238418579,0.0,-0.013143143616616726,-4.055359363555908,0.0005504509283582593,-0.0006541062399826402,-0.01065418217331171,-1.7285385131835938,-0.038854751735925674,9.800238609313965,-0.00015589121903758496,-0.0011737497989088297,0.0662073940038681,4992,1,None,Red,Driving
ac78311c,2025-04-13 12:52:37,e6b7d215,0,0.0019209593107936992,0.0,1.0,0.04536091536283493,-3.8798229694366455,0.0005508042315369721,-0.0006500317737624784,-0.00972389243543148,0.04958656430244446,0.006563268601894379,9.72691822052002,-0.00044433961738832295,-0.012131048366427422,2.276330178574426e-06,5596,1,None,Red,Driving
082d342a,2025-04-13 12:52:47,4bac2da4,1,14.57041188644937,0.8500000238418579,0.0,0.11547636985778809,-6.457616329193115,-0.0002525757155069641,-0.0008039744969945444,-0.006104621570557356,4.777334213256836,0.5383383631706238,9.813530921936035,0.00011904643179150298,-0.0002343421510886401,0.12187954783439636,5532,1,None,None,Driving
77fc57f3,2025-04-13 12:52:48,4bac2da4,0,14.35433715118858,0.28620052337646484,0.0,0.07479963451623917,-3.2924506664276123,-0.0002516519870709999,-0.0007834417916135806,-0.003509864676743746,-2.0288166999816895,0.12066018581390381,9.805840492248535,-0.0035106190480291843,0.014281298033893108,0.09190171957015991,5668,1,None,None,Driving
1da541ca,2025-04-13 12:52:54,726facb2,1,20.776948021095862,0.2589946985244751,0.0,-0.2035016566514969,57.90673828125,-0.00015438661388600394,-0.0009629133588055399,-0.02945896051824093,0.9756790399551392,-1.0170230865478516,9.839431762695312,-0.021266095340251923,-0.0022689159959554672,-0.2490360289812088,5476,1,None,None,Driving
dd28f8c2,2025-04-13 12:52:54,726facb2,0,19.96602364103982,0.3688518702983856,0.0,-0.13164353370666504,51.780181884765625,-0.00016680929815038326,-0.0009537594827455991,-0.02938968501985073,-1.13935124874115,-2.1327617168426514,9.866491317749023,0.015734028071165085,-0.01349620521068573,-0.3631863296031952,5320,1,None,None,Driving
c44b0c9a,2025-04-13 12:53:07,4bac2da4,1,19.62844277165069,0.6853089332580566,0.0,0.0977848544716835,86.36597442626953,-0.00036440994406916616,-0.000468533185326995,-0.0035422134678810835,-0.6576231718063354,0.4541562497615814,9.818487167358398,-0.0024861744605004787,0.0006159283220767975,0.15411685407161713,5684,1,None,None,Driving
61318d29,2025-04-13 12:53:08,726facb2,1,16.637136403019962,0.24356886744499207,0.0,-0.0003670363512355834,0.1973351091146469,-0.0002199409716183709,-0.0006385997604921392,-0.02957145683467388,-0.3586099147796631,-0.003186261048540473,9.81040096282959,-9.265015978598967e-05,-0.0007139777881093323,-0.0008223076583817601,5112,1,None,Red,Driving
098518d2,2025-04-13 12:53:08,4bac2da4,0,19.481392913730303,0.7824631333351135,0.0,0.04007027670741081,88.68585205078125,-0.0003865297037179971,-0.00046807389120799727,-0.0034437940921634436,-0.2704832851886749,0.1957530379295349,9.811187744140625,0.0008909248281270266,0.0007233829237520695,0.07123345136642456,5668,1,None,None,Driving
9f0a7976,2025-04-13 12:53:08,726facb2,0,0.005253273935277159,0.0,1.0,0.0,0.19615668058395386,-0.00021995779721351028,-0.000633568600008441,-0.028716811910271645,-0.7757810950279236,-0.0026378121692687273,9.703540802001953,-2.814922117977403e-05,0.046681880950927734,-0.00015019850980024785,5536,1,None,Red,Driving
87a61a5b,2025-04-13 12:53:12,8bb7bae6,1,16.940349687292066,0.33996325731277466,0.0,-0.0007661748677492142,-89.58293914794922,-0.0004562193191333108,0.0009838529625203825,-0.0012249373830854893,-0.588292121887207,0.00918358564376831,9.809999465942383,-1.3189564924687147e-06,0.0003421278961468488,-0.0014638393186032772,5520,1,None,Red,Driving
bc782aa6,2025-04-13 12:53:13,8bb7bae6,0,0.04043395035425992,0.0,1.0,-0.0006155604496598244,-89.61495971679688,-0.0004395181883154464,0.0009839660469486964,-0.001696357736364007,-10.03867244720459,-0.0024766921997070312,9.744918823242188,2.8479844331741333e-05,0.03400902822613716,-0.0016293232329189777,5492,1,None,Red,Driving
e3205d73,2025-04-13 12:53:14,3df87ac0,1,20.182398388138918,0.6597356200218201,0.0,0.35280802845954895,-138.8802032470703,-0.0011346485803045425,-0.0007546844900293486,0.06764984130859375,1.7856371402740479,3.192591905593872,9.782145500183105,-0.021538956090807915,-0.0010806955397129059,0.6950047016143799,5136,1,None,None,Driving
d39f4ef7,2025-04-13 12:53:14,3df87ac0,0,19.801599668588352,0.6047359108924866,0.0,0.06405545026063919,-125.96410369873047,-0.0011165064112077516,-0.000768544528779615,0.06817420572042465,-0.8673225045204163,0.6683998107910156,9.793900489807129,-0.010342343710362911,0.0019069919362664223,0.21638783812522888,5124,1,None,None,Driving
353b57e2,2025-04-13 12:53:20,701066c9,1,20.169232830865976,0.17406749725341797,0.0,-0.2129150927066803,125.68831634521484,-0.00021580012825950234,-0.0004044394671912569,0.14162494242191315,-1.8145265579223633,-1.2086527347564697,9.808470726013184,-0.0014766613021492958,0.005464113317430019,-0.2771695852279663,5292,1,None,None,Driving
05a31b08,2025-04-13 12:53:21,701066c9,0,21.060425360580847,0.14461617171764374,0.0,-0.144695445895195,118.45181274414062,-0.00023512548602866445,-0.0004154450493628265,0.1415967494249344,2.4043326377868652,-2.2251365184783936,9.80770492553711,0.002884554909542203,-0.002771838568150997,-0.29479312896728516,5296,1,None,None,Driving
a169538e,2025-04-13 12:53:35,c2dc7196,1,16.241717595660333,0.0,1.0,0.0,-179.8435821533203,-0.00011641356535108116,-0.0007277127573001859,-0.004322929307818413,-1.5278571844100952,-0.00021062977612018585,9.837084770202637,-6.844711606390774e-07,0.007504540029913187,-9.28803547139978e-06,5436,1,None,Red,Driving
0db535b9,2025-04-13 12:53:37,c2dc7196,0,0.023232329710067962,0.0,1.0,0.0,-179.855224609375,-0.00011637545077292089,-0.0007412645895812838,-0.0009288787841796875,-20.432294845581055,-0.020437322556972504,9.509243965148926,-0.00027244980446994305,0.04458678886294365,1.8496368284104392e-05,5344,1,None,Red,Driving
0e635739,2025-04-13 12:53:50,b6526726,1,3.5280002832412722,0.8500000238418579,0.0,0.011011498048901558,0.15919795632362366,-0.00025120269920364535,-0.000604158081644657,0.5461000204086304,-7.896573429824356e-36,3.3090779408063136e-36,9.8100004196167,0.0,0.0,0.0,4976,1,vehicle.toyota.prius,None,Driving
15dbd1a9,2025-04-13 12:53:51,22693c27,0,9.87509064341393,0.8500000238418579,0.0,-0.16723009943962097,-3.060272693634033,-0.00021921094310073386,-0.0005739424364192859,-0.010638007894158363,2.7859959602355957,-0.7103598117828369,9.761520385742188,0.0015092379180714488,0.014552105218172073,-0.20534981787204742,5284,1,None,None,Driving
52a53ead,2025-04-13 12:53:52,b6526726,0,6.853158699562739,0.0,0.699999988079071,0.006833320017904043,-0.057128891348838806,-0.0002514116826546342,-0.0005946819492320299,-0.022971609607338905,-1.9391605854034424,-0.0045685782097280025,9.619928359985352,4.312926103011705e-05,0.029428737238049507,0.006458389572799206,5544,1,vehicle.toyota.prius,None,Driving
b088e1d9,2025-04-13 12:53:53,f549f47c,1,8.361603633965306,0.8500000238418579,0.0,-0.03218553587794304,90.34812927246094,-0.0006600716834554987,-0.0009981471084033404,0.03153591230511665,4.285073757171631,-0.09540367126464844,8.626274108886719,-0.016168370842933655,-0.0025377273559570312,-0.016139959916472435,5280,1,None,None,Driving
40627e46,2025-04-13 12:53:53,44b8e770,0,17.913196812496285,0.8500000238418579,0.0,0.13089682161808014,-179.2587127685547,-0.0001146634296276261,-0.0008296644005947636,-0.01136733964085579,0.15518319606781006,0.2752631604671478,9.953849792480469,-0.0026944419369101524,0.005071955733001232,0.12990331649780273,5232,1,None,None,Driving
f5ae1003,2025-04-13 12:53:54,2d482576,0,19.8586150782509,0.6831097602844238,0.0,-0.013168537057936192,178.5932159423828,-0.00014839569215041593,-0.000821743830163617,-0.0008736419258639216,0.15775828063488007,-0.07789600640535355,9.806708335876465,0.0011237056460231543,0.004427060484886169,-0.030331537127494812,5196,1,None,None,Driving
b8e0a6eb,2025-04-13 12:53:54,2026ac7e,1,16.868756603554164,0.8500000238418579,0.0,0.14487053453922272,9.801323890686035,-0.001238424995037235,0.0004282859232699151,0.14076122641563416,5.6836347579956055,0.766736626625061,9.796554565429688,0.0013602193212136626,-0.0010176178766414523,0.23337385058403015,5376,1,None,None,Driving
f609762a,2025-04-13 12:53:55,cd7921e2,0,18.75792537474803,0.8500000238418579,0.0,0.014433801174163818,-87.84858703613281,0.00019079702408930643,-0.0009247431150165023,0.0657595843076706,7.108670711517334,0.05902099609375,9.834062576293945,9.841099381446838e-05,-0.029121138155460358,0.015237650834023952,5316,1,None,None,Driving
5f1a429d,2025-04-13 12:53:56,700a89ad,0,6.190529139284526,0.8500000238418579,0.0,0.377035915851593,-85.95849609375,0.00015503458764953848,-0.0009575737177086045,-0.02999175898730755,7.413976192474365,1.1683316230773926,9.890839576721191,-0.04491780325770378,0.0023543424904346466,0.43744322657585144,5568,1,None,None,Driving
29a03e8a,2025-04-13 12:53:57,930a4904,0,18.913588977900563,0.8500000238418579,0.0,0.0024386730510741472,90.40154266357422,-0.000595658724535042,-0.000997193909476679,-0.0037335585802793503,2.7989203929901123,0.03595256805419922,9.80416488647461,0.00047103341785259545,-0.00011613679816946387,0.004002325236797333,4948,1,None,None,Driving
f373eb63,2025-04-13 12:53:58,b27f421a,0,18.99955570593363,0.31666091084480286,0.0,0.0,90.53952026367188,-0.0006343875368770568,-0.001028933829991697,0.002833785954862833,-1.1110585927963257,-0.029198408126831055,9.8124361038208,-0.00038029439747333527,0.017207439988851547,-0.016888801008462906,5404,1,None,None,Driving
516ba7d0,2025-04-13 12:53:58,700a89ad,1,18.829723020397438,0.34106695652008057,0.0,0.03846533223986626,-70.42861938476562,0.00018462693208221026,-0.0009479672983273563,-0.029412193223834038,-1.4924023151397705,0.2907963991165161,9.795720100402832,0.017028385773301125,-0.015598655678331852,0.10704780369997025,5344,1,None,None,Driving
5b77ff71,2025-04-13 12:53:59,f549f47c,0,20.43330243936363,0.390651136636734,0.0,-0.08254533261060715,83.13536071777344,-0.0007932317504355524,-0.0009874938698959902,-0.0034766006283462048,-0.04308640956878662,-0.28781670331954956,9.811958312988281,0.0027234498411417007,-0.0014079106040298939,-0.08688902109861374,5900,1,None,None,Driving
cac965fe,2025-04-13 12:53:59,8cc266e3,0,20.24685669125561,0.5171341300010681,0.0,0.0011788539122790098,83.11270904541016,-0.0007634562092420083,-0.0010231786550227205,-0.00022647857258561999,0.29178547859191895,-0.2061031311750412,9.77328109741211,-0.0001071067526936531,-0.00774666341021657,-0.05827437341213226,5664,1,None,None,Driving
7fbb7959,2025-04-13 12:54:00,3c364f26,0,19.630621800991374,0.6883419156074524,0.0,0.001263840589672327,0.7271968722343445,0.0005168869560208122,-4.404411885623415e-05,-0.0034155654720962048,-0.1816178858280182,0.00265170494094491,9.810079574584961,-0.0002166458871215582,0.0004781313182320446,0.00428567361086607,6148,1,None,None,Driving
7259ab90,2025-04-13 12:54:01,75d447ec,0,20.71721167589521,0.31937357783317566,0.0,-0.004274359904229641,89.59471130371094,-8.354015334077758e-05,-0.0009908532998491218,-0.005218314938247204,0.842981219291687,-0.05474895238876343,9.81179428100586,8.592770609539002e-05,-0.00017581958672963083,-0.013062036596238613,5324,1,None,None,Driving
78ba18fc,2025-04-13 12:54:02,a9e07b62,0,1.338979834978636e-06,0.0,1.0,0.0007618034142069519,90.329833984375,8.249436226037687e-05,-0.0010211350480630438,-0.007277602795511484,-1.5675366739742458e-05,-2.8896465664729476e-07,9.8100004196167,6.172569300133546e-08,3.9968270471035794e-08,7.759216988541262e-13,4952,1,None,Red,Driving
becda48f,2025-04-13 12:54:02,ea242b1e,0,0.0,0.0,1.0,0.0,90.68994140625,8.051901716044085e-05,-0.0009893687411814192,-0.0044674682430922985,-0.001504835207015276,-3.343855496495962e-06,9.8100004196167,0.0,0.0,0.0,5592,1,None,Red,Driving
ad9730a3,2025-04-13 12:54:03,bd40789a,0,1.0301289930026187e-06,0.0,1.0,-0.001390856341458857,90.78224182128906,0.00013861914924007124,-0.0010201078987738669,0.03879737854003906,-5.225122094998369e-06,-2.2737367544323206e-13,9.8100004196167,2.520710040698759e-07,-6.368259164446499e-08,3.906209383730541e-11,5144,1,None,None,Driving
f2b47c94,2025-04-13 12:54:04,1df0a9f8,0,21.378692277866442,0.24292892217636108,0.0,-0.00017573311924934387,0.32489120960235596,-0.0012625611871186493,-0.0002401082258181213,-0.029009131714701653,3.29129695892334,0.004735366906970739,9.819266319274902,0.0021781388204544783,0.01795847713947296,-0.0012467812048271298,5476,1,None,None,Driving
054ca2e0,2025-04-13 12:54:05,77fafcac,0,20.40195783681227,0.340198814868927,0.0,-0.0002485241857357323,0.3069472312927246,-0.0012312154172633427,-0.00022656756490782058,0.001506271306425333,-0.41921406984329224,-0.0023982124403119087,9.813735961914062,-0.0006346627487801015,0.008502868004143238,0.0005858881631866097,5352,1,None,None,Driving
7496fd38,2025-04-13 12:54:06,7b2b04b1,0,0.0,0.0,1.0,0.0,-179.65939331054688,-0.0011685375847179102,-0.00019119523548332272,0.010489311069250107,0.006187523249536753,1.0450241461512633e-05,9.809998512268066,0.0,0.0,0.0,5556,1,None,Red,Driving
0a0dbe21,2025-04-13 12:54:07,dab6e2aa,0,1.040145008769779e-06,0.0,1.0,-0.002409034175798297,-179.53956604003906,-0.0011999470930845746,-0.00019441264167489452,0.04261268675327301,-4.1800984035944566e-05,-1.5010296294803993e-07,9.8100004196167,-1.3157747957848187e-07,-6.995640887907939e-06,2.6753782522703773e-10,5376,1,None,Red,Driving
037ba639,2025-04-13 12:54:08,2026ac7e,0,20.211095091020308,0.5043290257453918,0.0,-0.04740919917821884,-25.01835060119629,-0.0012272619856474876,0.0007459861043394532,0.14173632860183716,-0.04751266539096832,-0.3605443835258484,9.8096284866333,0.0035939591471105814,0.0004449024563655257,-0.10215943306684494,4756,1,None,None,Driving
f77549e7,2025-04-13 12:54:09,b6526726,0,15.291345998453417,0.8500000238418579,0.0,0.0,0.16223402321338654,-0.00025233340642216717,-0.00030490848175476184,-0.018804321065545082,0.6324334740638733,0.0007210392504930496,9.815302848815918,-1.273888392461231e-05,-0.00894854310899973,-3.741039472515695e-05,5660,1,vehicle.toyota.prius,None,Driving
5cf4c710,2025-04-13 12:54:10,700a89ad,0,17.947315662939985,0.5690245032310486,0.0,0.06594719737768173,-50.4106330871582,0.00042557888765770713,-0.0008391904272278831,-0.02970687858760357,1.923006534576416,0.4454149901866913,9.825128555297852,0.0068382155150175095,0.005948573350906372,0.15986445546150208,5316,1,None,None,Driving
3dadb659,2025-04-13 12:54:11,f549f47c,0,20.519135930518356,0.39705556631088257,0.0,-0.08767041563987732,54.30587387084961,-0.0010738246470225477,-0.0008692767107208647,-0.003405952360481024,0.6689908504486084,-0.5934801697731018,9.801451683044434,-0.007890544831752777,-0.0003076700959354639,-0.10377372801303864,5524,1,None,None,Driving
a0ab4718,2025-04-13 12:54:12,2026ac7e,0,20.202372906331522,0.38838422298431396,0.0,-0.13120245933532715,-41.47639083862305,-0.0011658533030640683,0.0008349370820029336,0.1417098194360733,0.08048787713050842,-0.28766095638275146,9.809769630432129,0.0001871668064268306,-0.00043591641588136554,-0.0780194103717804,4808,1,None,None,Driving
dac7be9e,2025-04-13 12:54:12,f549f47c,1,20.47086003464151,0.2544829845428467,0.0,-0.0739109218120575,49.885677337646484,-0.0011031758131991865,-0.0008445736572317323,-0.00345859513618052,-0.1771067976951599,-0.29977506399154663,9.811800003051758,0.005743303336203098,0.00043345033191144466,-0.10505461692810059,5060,1,None,None,Driving
65c1f1d8,2025-04-13 12:54:14,f549f47c,0,20.612133948511612,0.3262467086315155,0.0,-0.15882357954978943,46.219322204589844,-0.001124812016996657,-0.0008227404809251576,-0.003462943946942687,0.16048310697078705,-0.9339577555656433,9.80684757232666,-0.0037836087867617607,-0.00017656839918345213,-0.1492658108472824,5148,1,None,None,Driving
17c28cea,2025-04-13 12:54:20,22693c27,1,9.90952843604703,0.0,1.0,-0.00133781589102,-89.59622955322266,0.00035199121774098785,-0.00040581539627176103,-0.003409004071727395,-6.462209701538086,0.0020008087158203125,9.713293075561523,0.0003000088036060333,0.018736781552433968,-0.001725909300148487,4992,1,None,Red,Driving
aa73a0d3,2025-04-13 12:54:21,22693c27,0,0.010377126712700822,0.0,1.0,-0.0023024799302220345,-89.53898620605469,0.00035699229093211216,-0.00040578897563714586,-0.006243476644158363,-0.08281099796295166,-0.0006804540753364563,9.910653114318848,-1.475401222705841e-05,-0.024530023336410522,-2.9334933060454205e-06,5304,1,None,Red,Driving
e83b20de,2025-04-13 12:54:30,2026ac7e,1,19.76835826514981,0.5678821802139282,0.0,-0.009515190497040749,-99.80784606933594,-0.0007217016002840637,0.000971397432369776,0.14184856414794922,-1.878639578819275,-0.061374664306640625,9.799163818359375,9.071780368685722e-06,0.0018097038846462965,-0.019648229703307152,5220,1,None,None,Driving
0c6e7ade,2025-04-13 12:54:32,2026ac7e,0,21.044265041041967,0.10548612475395203,0.0,-0.0034184015821665525,-100.08160400390625,-0.0006870602074968701,0.000965199514729946,0.14184600114822388,-1.3677031993865967,-0.0008816719055175781,9.79859447479248,3.315444337204099e-05,0.00040839804569259286,-0.003122011898085475,5232,1,None,None,Driving
f2a25f1c,2025-04-13 12:54:34,700a89ad,1,20.791960969826505,0.11790863424539566,0.0,-0.010583210736513138,76.7581787109375,0.00033722852538176085,-0.000458190963265517,-0.02943679690361023,-0.3176729679107666,-0.07731661200523376,9.81032657623291,-0.007306551095098257,-0.001375929918140173,-0.023316584527492523,5084,1,None,None,Driving
1914c467,2025-04-13 12:54:35,700a89ad,0,20.609543284793205,0.13977770507335663,0.0,-0.009142990224063396,76.54434967041016,0.00031009542459514705,-0.0004515967361064593,-0.029430197551846504,0.20190078020095825,-0.016345232725143433,9.810235977172852,-0.0011317550670355558,0.001582341268658638,-0.0055995783768594265,5368,1,None,None,Driving
351972e7,2025-04-13 12:54:38,bd40789a,1,19.67632540763481,0.6749097108840942,0.0,-0.050415195524692535,79.67823791503906,-0.00042927421263527776,-0.001021742140103047,0.03895828127861023,0.8995617628097534,-0.26556485891342163,9.801602363586426,0.0022102631628513336,-0.0024053542874753475,-0.16249148547649384,5052,1,None,None,Driving
f4a4cfeb,2025-04-13 12:54:39,cd7921e2,1,15.071453188823256,0.0,1.0,-0.0006155604496598244,89.87855529785156,7.304349392711629e-05,-0.00047007301829253724,0.07039493322372437,-5.508568286895752,-0.05829191207885742,9.749113082885742,-0.00039298401679843664,0.0019252733327448368,0.01713111624121666,5268,1,None,Red,Driving
7afc3952,2025-04-13 12:54:40,bd40789a,0,19.86944997253626,0.4343653619289398,0.0,-0.00022260929108597338,77.55590057373047,-0.00047321169371628,-0.001012185066654154,0.03892066702246666,-0.22144685685634613,0.12494350969791412,9.81223201751709,-4.0178128983825445e-05,0.00019119969510938972,-0.0390339195728302,5292,1,None,None,Driving
5ff6e6d2,2025-04-13 12:54:41,2026ac7e,1,12.193126249732169,0.0,1.0,0.0014328258112072945,-89.79135131835938,-0.00045160958661938366,0.0009525564015003726,0.14205871522426605,-6.3718581199646,0.012645721435546875,9.792584419250488,-4.1002873331308365e-05,0.007168192882090807,0.0018896216060966253,5444,1,None,Red,Driving
