Timestamp,Vehicle_ID,Has_Violation,Violation_Type,Speed_KPH,Throttle,Brake,Steer,Heading,Latitude,Longitude,Altitude,Accel_X,Accel_Y,Accel_Z,Gyro_X,Gyro_Y,Gyro_Z,LiDAR_Points,Proximity_Alert,Collision_Partner,Traffic_Light_State,Lane_Type,Vehicle_Type,X_Position,Y_Position,Z_Position
2025-04-13 10:29:01,2d359ce4,1,Proximity Alert,8.856091910367368,0.8500000238418579,0.0,-0.23010823130607605,-2.018646478652954,-0.0002193389169775628,-0.0005750766732352752,-0.010921325534582138,2.4012515544891357,-2.364942789077759,9.816777229309082,-0.035367224365472794,0.024730708450078964,-0.24349454045295715,5008,True,None,None,Driving,vehicle.audi.a2,-64.01724243164062,24.416696548461914,-0.010921325534582138
2025-04-13 10:29:01,d22ba8ea,1,Proximity Alert,4.419978268831987,0.8500000238418579,0.0,0.007421592250466347,0.19930624961853027,-0.00025122007308198135,-0.000601968767112498,-0.019462967291474342,2.890280246734619,0.011448741890490055,9.785566329956055,-0.00028542446671053767,0.003523128107190132,0.004809719044715166,5012,True,None,None,Driving,vehicle.nissan.micra,-67.07636260986328,27.965152740478516,-0.019341200590133667
2025-04-13 10:29:01,8a40c8cc,1,Proximity Alert,6.521474725036951,0.8500000238418579,0.0,0.010683957487344742,-179.66024780273438,-0.00011641620399416297,-0.0007925177422220105,-0.009825057350099087,7.165843963623047,-0.2546037435531616,9.35418701171875,0.019770266488194466,-0.014117100276052952,0.054343681782484055,5028,True,None,None,Driving,vehicle.audi.tt,-88.12107849121094,12.960372924804688,-0.01075263973325491
2025-04-13 10:29:01,d2a94478,1,Proximity Alert,8.795646123634643,0.8500000238418579,0.0,0.0027343030087649822,-179.76632690429688,-0.00014795608498729962,-0.0007699150435147634,-0.0022192001342773438,5.189803600311279,0.008937444537878036,9.682969093322754,1.5156594599829987e-05,-0.00337184383533895,0.0031787340994924307,5048,True,None,Green,Driving,vehicle.mercedes.coupe_2020,-85.5761489868164,16.47111701965332,-0.002843666123226285
2025-04-13 10:29:01,f06780bc,1,Proximity Alert,3.5612168004181477,0.8500000238418579,0.0,0.015121961012482643,-89.29480743408203,0.00013161613900081193,-0.0009268281177305437,0.06756190955638885,1.5839914083480835,0.06416714191436768,9.587389945983887,-0.00034434208646416664,0.004527488257735968,-0.008089307695627213,5148,True,None,None,Driving,vehicle.bmw.grandtourer,-103.17403411865234,-14.65144157409668,0.06756190955638885
2025-04-13 10:29:01,b586c13e,1,Proximity Alert,0.044837920722639965,0.8500000238418579,0.0,0.02481149137020111,-89.35887145996094,0.0001533684085330833,-0.0009580508654600724,-0.029024695977568626,-0.025443388149142265,-0.00601729704067111,9.56298828125,0.002552594058215618,0.0007886695675551891,1.5849131159484386e-05,5408,True,None,None,Driving,vehicle.harley-davidson.low_rider,-106.64973449707031,-17.072893142700195,-0.029024695977568626
2025-04-13 10:29:01,52097445,1,Proximity Alert,0.11763240729149291,0.8500000238418579,0.0,-0.011568418703973293,90.6423110961914,-0.0005361985551814996,-0.0009968078460920167,0.018501853570342064,0.007247555069625378,0.009588003158569336,8.145095825195312,-0.01112927682697773,0.0030431654304265976,2.5329381969640963e-07,5376,True,None,None,Driving,vehicle.ford.ambulance,-110.96414184570312,59.68935012817383,0.018501853570342064
2025-04-13 10:29:01,d11af87e,1,Proximity Alert,7.3650458155296565,0.8500000238418579,0.0,-0.005035580601543188,90.50257110595703,-0.0005151592315826292,-0.0010279846746900482,0.005540084559470415,3.093884229660034,0.015848875045776367,9.487237930297852,-0.023953337222337723,-0.0008442271500825882,-0.009516221471130848,5236,True,None,None,Driving,vehicle.micro.microlino,-114.43473052978516,57.34726333618164,0.005540084559470415
2025-04-13 10:29:01,a13f0ba8,1,Proximity Alert,5.32578096209862,0.8500000238418579,0.0,-0.035325147211551666,90.5167236328125,-0.0006576075394804093,-0.0009981745913462214,0.03390438109636307,3.2388417720794678,-0.002773761749267578,7.740874767303467,-0.028372807428240776,-0.005138399079442024,-0.011933981440961361,5700,True,None,None,Driving,vehicle.carlamotors.firetruck,-111.11628723144531,73.20453643798828,0.03390438109636307
2025-04-13 10:29:01,50837aa9,1,Proximity Alert,3.7189723238034635,0.8500000238418579,0.0,-0.012436878867447376,90.52811431884766,-0.0006312758646345173,-0.0010293760243744133,0.02835567481815815,2.287853717803955,-0.006587982177734375,7.874396324157715,0.0013297777622938156,-0.018067141994833946,-0.013567956164479256,5460,True,None,None,Driving,vehicle.carlamotors.carlacola,-114.58961486816406,70.27330780029297,0.02835567481815815
2025-04-13 10:29:01,f9e35844,1,Proximity Alert,9.32146163725619,0.8500000238418579,0.0,0.006530423648655415,0.6540179252624512,0.0005190255538991551,-0.00021372302432381393,0.03433452546596527,5.602684497833252,0.04793374240398407,7.75274658203125,-0.014266792684793472,-0.01955704391002655,0.004601245746016502,5232,True,None,None,Driving,vehicle.carlamotors.european_hgv,-23.79153823852539,-57.77766036987305,0.03433452546596527
2025-04-13 10:29:01,2b28acec,1,Proximity Alert,7.111142491095331,0.8500000238418579,0.0,-0.01016138307750225,90.58257293701172,8.65120378108486e-05,-0.0009899352598992637,-0.004598732106387615,8.793771743774414,-0.08410453796386719,9.609230995178223,-0.00036485190503299236,-0.0016542297089472413,-0.013994707725942135,5100,True,None,None,Driving,vehicle.ford.mustang,-110.19908905029297,-9.630475997924805,-0.004598732106387615
2025-04-13 10:29:02,aeb90d02,1,Proximity Alert,3.3358882866193835,0.8500000238418579,0.0,-0.012021485716104507,90.62407684326172,0.00012768763735948596,-0.0010209223808017962,-0.006707916036248207,6.869775295257568,-0.049500465393066406,9.459280967712402,-0.0004755323752760887,-0.0031899523455649614,-0.004426178522408009,5744,True,None,None,Driving,vehicle.chevrolet.impala,-113.6485595703125,-14.214122772216797,-0.006707916036248207
2025-04-13 10:29:02,e7d42dde,1,Proximity Alert,5.921053045464421,0.8500000238418579,0.0,0.008364261128008366,90.75255584716797,0.0002073749785296286,-0.0009875667236822314,-0.02329997904598713,2.718276023864746,0.001310110092163086,9.31633186340332,0.0006573980208486319,-0.0004393374256324023,0.02084486559033394,5612,True,None,None,Driving,vehicle.lincoln.mkz_2020,-109.9354248046875,-23.084877014160156,-0.02329997904598713
2025-04-13 10:29:02,a44255fb,1,Proximity Alert,4.313250900679231,0.8500000238418579,0.0,0.00636620307341218,90.68925476074219,0.00022864108784403925,-0.0010187664433099941,0.03949279710650444,2.946197986602783,-0.0302431583404541,9.597504615783691,-0.0007315467810258269,0.0002472361084073782,0.014363249763846397,4864,True,None,None,Driving,vehicle.citroen.c3,-113.40755462646484,-25.516498565673828,0.039221037179231644
2025-04-13 10:29:02,f80b4529,1,Proximity Alert,8.872377366938348,0.8500000238418579,0.0,-0.023562490940093994,0.15936869382858276,-0.001262401224053633,-0.0005054067276713655,-0.024031810462474823,5.64978551864624,-0.08232533186674118,9.459033966064453,-0.009806341491639614,-0.011244772002100945,-0.011530624702572823,4792,True,None,None,Driving,vehicle.dodge.charger_police,-56.39366149902344,140.5312042236328,-0.02343650721013546
2025-04-13 10:29:02,a70c33c0,1,Proximity Alert,2.22105362286078,0.8500000238418579,0.0,-0.03679705783724785,0.2709788680076599,-0.0012311367379140847,-0.00048735098248658124,0.020955543965101242,3.763817548751831,-0.09269136935472488,7.768355846405029,-0.006471045780926943,-0.01387876272201538,-0.00027427086024545133,5412,True,None,None,Driving,vehicle.nissan.patrol,-54.25166320800781,137.0495147705078,0.020955543965101242
2025-04-13 10:29:02,a7402aed,1,Proximity Alert,7.108509510240365,0.8500000238418579,0.0,-0.003017554758116603,-179.65328979492188,-0.0011696811766910287,2.377528570833858e-05,0.029185371473431587,3.4292383193969727,0.004621833562850952,7.882401943206787,-0.001720026833936572,0.007315877825021744,0.002105663763359189,5628,True,None,None,Driving,vehicle.jeep.wrangler_rubicon,2.6466526985168457,130.20831298828125,0.029185371473431587
2025-04-13 10:29:02,b0233fcc,1,Proximity Alert,6.241549931401339,0.8500000238418579,0.0,-0.004004679154604673,-179.6647491455078,-0.0012012790220268244,4.9462096620783445e-05,0.04333385452628136,14.074193954467773,-0.02612517774105072,9.46427059173584,-0.0011318844044581056,-0.004052451811730862,-0.0037030254025012255,5492,True,None,None,Driving,vehicle.mini.cooper_s,5.5060954093933105,133.72576904296875,0.04333385452628136
2025-04-13 10:29:02,745549c1,1,Proximity Alert,5.559074719637594,0.8500000238418579,0.0,0.018953097984194756,0.47079920768737793,-0.0012348559134096604,0.00041316156634308966,0.13759048283100128,4.015604019165039,0.12308137118816376,9.577505111694336,-9.97609386104159e-05,0.0006806778837926686,0.009481662884354591,5548,True,None,None,Driving,vehicle.mercedes.coupe,45.99293518066406,137.46353149414062,0.13759048283100128
2025-04-13 10:29:02,2d359ce4,1,Proximity Alert,19.23555685379884,0.8500000238418579,0.0,-0.079083651304245,-10.966752052307129,-0.00021371058504371376,-0.0005425657567952159,-0.0098821260035038,3.2587246894836426,-0.8955894708633423,9.755122184753418,0.002715245820581913,-0.004362504929304123,-0.17870597541332245,5464,True,None,None,Driving,vehicle.audi.a2,-60.39814376831055,23.79015350341797,-0.0098821260035038
2025-04-13 10:29:02,d22ba8ea,1,Proximity Alert,10.598929029063223,0.8500000238418579,0.0,0.0005661552422679961,0.30477964878082275,-0.0002513259269676382,-0.0005842038887845408,-0.019622497260570526,1.7411198616027832,0.008287218399345875,9.806553840637207,0.00017672288231551647,-0.00031229175510816276,0.0013315719552338123,5468,True,None,None,Driving,vehicle.nissan.micra,-65.03327941894531,27.977474212646484,-0.019622497260570526
2025-04-13 10:29:02,8a40c8cc,1,Proximity Alert,24.62580799383856,0.0,0.699999988079071,0.034701623022556305,-175.85028076171875,-0.0001144696868777828,-0.0008314743682719419,-0.011302375234663486,-1.1847556829452515,0.09487208724021912,9.903118133544922,-0.004004265181720257,0.0090952068567276,0.08069461584091187,5212,True,None,None,Driving,vehicle.audi.tt,-92.22294616699219,12.771464347839355,-0.011328620836138725
2025-04-13 10:29:02,d2a94478,1,Proximity Alert,16.126387840442863,0.8500000238418579,0.0,-0.043624427169561386,179.91720581054688,-0.0001478485519754713,-0.0008026851289037134,-0.001126518240198493,1.817212462425232,-0.7158755660057068,9.807992935180664,-0.0013228663010522723,-0.0038878372870385647,-0.0794711634516716,5284,True,None,None,Driving,vehicle.mercedes.coupe_2020,-89.35449981689453,16.458425521850586,-0.001126518240198493
2025-04-13 10:29:02,f06780bc,1,Proximity Alert,12.472191530702025,0.8500000238418579,0.0,0.005430274177342653,-88.81189727783203,0.00015025581105021502,-0.0009264040168563577,0.06613967567682266,2.980983257293701,-0.003257274627685547,9.803229331970215,2.0955048967152834e-05,-0.00022958015324547887,0.011227988637983799,5528,True,None,None,Driving,vehicle.bmw.grandtourer,-103.12682342529297,-16.72640037536621,0.06613967567682266
2025-04-13 10:29:02,b586c13e,1,Proximity Alert,0.0005675847923647663,0.8500000238418579,0.0,0.024810709059238434,-89.35881805419922,0.00015336798020371134,-0.0009580508654600724,-0.029582519084215164,-0.029978856444358826,0.0,9.810731887817383,-3.3918427106982563e-06,6.7245828176965006e-06,7.799497936389344e-09,5368,True,None,None,Driving,vehicle.harley-davidson.low_rider,-106.64973449707031,-17.072845458984375,-0.029575804248452187
2025-04-13 10:29:02,52097445,1,Proximity Alert,6.674967515337458,0.8500000238418579,0.0,0.00019089854322373867,90.47208404541016,-0.0005452840322988095,-0.0009968509552468103,-0.004436797928065062,0.9817466735839844,0.13307583332061768,9.771081924438477,0.00034044357016682625,0.0011005578562617302,-5.003620753996074e-05,5460,True,None,None,Driving,vehicle.ford.ambulance,-110.96894073486328,60.700740814208984,-0.004436797928065062
2025-04-13 10:29:02,d11af87e,1,Proximity Alert,15.074504268280199,0.8500000238418579,0.0,0.0,90.29383087158203,-0.0005406904742812912,-0.0010281177716353728,0.0034998320043087006,2.3218889236450195,0.01436471939086914,9.785013198852539,0.0023982010316103697,-0.00041107041761279106,-0.00027677821344695985,5376,True,None,None,Driving,vehicle.micro.microlino,-114.44954681396484,60.189388275146484,0.0034998320043087006
2025-04-13 10:29:03,a13f0ba8,1,"Lane Violation, Proximity Alert",15.515502224236668,0.8500000238418579,0.0,-0.01832910254597664,89.6239242553711,-0.0006828710119748393,-0.0009977855809128213,-0.007283820770680904,2.4191951751708984,-1.0272260904312134,9.80247688293457,-0.004999605473130941,0.0009082797914743423,-0.04594342038035393,5832,True,None,None,Driving,vehicle.carlamotors.firetruck,-111.07917785644531,75.79796600341797,-0.009095954708755016
2025-04-13 10:29:03,50837aa9,1,Proximity Alert,11.689568269803466,0.8500000238418579,0.0,-0.010571547783911228,89.7513198852539,-0.0006475307574191902,-0.0010292926160415296,-0.015070304274559021,2.7320399284362793,-0.009886980056762695,9.793987274169922,-3.3293385058641434e-05,0.006121808663010597,-0.018975768238306046,5196,True,None,None,Driving,vehicle.carlamotors.carlacola,-114.58032989501953,72.08279418945312,-0.015070304274559021
2025-04-13 10:29:03,f9e35844,1,Proximity Alert,18.47585337447601,0.8500000238418579,0.0,0.0,0.7611801028251648,0.0005185964841700752,-0.0001830473310832564,-0.010083884932100773,-0.38630399107933044,-0.015455403365194798,9.945956230163574,0.0016451390692964196,0.011873872019350529,0.004704279359430075,5344,True,None,None,Driving,vehicle.carlamotors.european_hgv,-20.37673568725586,-57.729896545410156,-0.010083884932100773
2025-04-13 10:29:03,2b28acec,1,Proximity Alert,16.68922323458974,0.44788363575935364,0.0,0.007627344690263271,90.23362731933594,6.182240453256327e-05,-0.000990024905009709,-0.005511703435331583,2.898703098297119,0.163330078125,9.809337615966797,0.00042039138497784734,0.00012761677498929203,0.005264666862785816,5184,True,None,None,Driving,vehicle.ford.mustang,-110.20906829833984,-6.882038593292236,-0.005511703435331583
2025-04-13 10:29:03,aeb90d02,1,Proximity Alert,10.631468924035216,0.8500000238418579,0.0,-0.005426830146461725,90.28701782226562,0.00011235361162675872,-0.0010209785803358675,-0.0074623869732022285,2.2362849712371826,-0.021254301071166992,9.809171676635742,6.656018740613945e-06,2.809795296343509e-05,-0.006540899630635977,5116,True,None,None,Driving,vehicle.chevrolet.impala,-113.65481567382812,-12.507146835327148,-0.0074623869732022285
2025-04-13 10:29:03,e7d42dde,1,Proximity Alert,19.389434240123713,0.7565394043922424,0.0,0.00017573311924934387,90.88832092285156,0.0001789375002658744,-0.0009880308495904388,-0.005985221825540066,-0.5353461503982544,0.0091400146484375,9.836678504943848,0.00035137124359607697,0.029470067471265793,-4.8342131776735187e-05,5172,True,None,None,Driving,vehicle.lincoln.mkz_2020,-109.98709106445312,-19.919231414794922,-0.005985221825540066
2025-04-13 10:29:03,a44255fb,1,Proximity Alert,11.717179505591982,0.8500000238418579,0.0,0.002358353231102228,90.88623809814453,0.00021281481930657264,-0.0010190285935756313,0.03844738006591797,2.439138650894165,0.002433300018310547,9.80736255645752,5.517358658835292e-07,-5.153387974132784e-05,0.0035030425060540438,5636,True,None,None,Driving,vehicle.citroen.c3,-113.437744140625,-23.69043731689453,0.03844738006591797
2025-04-13 10:29:03,f80b4529,1,Proximity Alert,21.412351601954843,0.4211365878582001,0.0,0.009191112592816353,-0.6153563857078552,-0.0012620056341745567,-0.0004738399291356936,-0.028803233057260513,5.0524163246154785,0.29446661472320557,9.995163917541504,0.0013028276152908802,0.010446085594594479,0.026716921478509903,5564,True,None,None,Driving,vehicle.dodge.charger_police,-52.74761962890625,140.48582458496094,-0.028803233057260513
2025-04-13 10:29:03,a70c33c0,1,Proximity Alert,17.067852148496296,0.8500000238418579,0.0,-0.0033741474617272615,-0.3998718857765198,-0.0012309351049282213,-0.00047154126538815586,-0.004420470912009478,7.593379497528076,-0.00445119384676218,9.720795631408691,-0.001300118979997933,-0.0007365273777395487,-0.006674376782029867,5356,True,None,None,Driving,vehicle.nissan.patrol,-52.49173355102539,137.02706909179688,-0.004420470912009478
2025-04-13 10:29:03,a7402aed,1,Proximity Alert,19.23706926713683,0.8500000238418579,0.0,0.001479645143263042,-179.7653350830078,-0.0011695687776267505,-3.7583143919414986e-06,0.008263778872787952,-0.291123628616333,0.031544364988803864,9.868087768554688,0.0005186685593798757,0.021698884665966034,0.0021642365027219057,5488,True,None,None,Driving,vehicle.jeep.wrangler_rubicon,-0.41837364435195923,130.19580078125,0.008263778872787952
2025-04-13 10:29:03,b0233fcc,1,Proximity Alert,19.45805106817818,0.8500000238418579,0.0,0.0,-179.7437744140625,-0.0012011673083236474,2.2053905116840575e-05,0.04282592609524727,3.6619486808776855,-0.0013463683426380157,9.767937660217285,-3.846215804514941e-06,0.0009411260834895074,0.0008587318588979542,5376,True,None,None,Driving,vehicle.mini.cooper_s,2.4550294876098633,133.7133331298828,0.04282592609524727
2025-04-13 10:29:03,745549c1,1,Proximity Alert,19.37256756700181,0.8500000238418579,0.0,0.005867727566510439,1.141838788986206,-0.001235418731184268,0.0004403065581236328,0.14130008220672607,0.0946778655052185,0.029048895463347435,9.802566528320312,0.00010184056009165943,0.007984129711985588,0.011459768749773502,4588,True,None,None,Driving,vehicle.mercedes.coupe,49.01470184326172,137.52618408203125,0.14130008220672607
2025-04-13 10:29:03,2d359ce4,1,Proximity Alert,19.117018413108134,0.8500000238418579,0.0,-0.18701645731925964,-23.7639217376709,-0.00020021346163900944,-0.0005038483214451729,-0.0055330656468868256,-2.0707058906555176,-0.9268719553947449,9.73510456085205,0.02174263633787632,0.004577120766043663,-0.2934493124485016,5400,True,None,None,Driving,vehicle.audi.a2,-56.088138580322266,22.287660598754883,-0.0055330656468868256
2025-04-13 10:29:03,d22ba8ea,1,Proximity Alert,16.43146720648029,0.8500000238418579,0.0,0.0006948008667677641,0.3355177640914917,-0.0002514921610696774,-0.0005556054536880856,-0.019759254530072212,0.40910565853118896,-0.012271744199097157,9.852336883544922,-0.00028781022410839796,0.0072470358572900295,0.0001667056931182742,5476,True,None,None,Driving,vehicle.nissan.micra,-61.84971618652344,27.99597930908203,-0.019759254530072212
2025-04-13 10:29:03,8a40c8cc,1,Proximity Alert,16.232108536712133,0.8500000238418579,0.0,0.08143582195043564,-170.80267333984375,-0.00010947783177073234,-0.000869733023523116,-0.011038742028176785,3.8232626914978027,0.33065104484558105,9.806004524230957,-0.0013330508954823017,-0.005521296989172697,0.18097557127475739,5308,True,None,None,Driving,vehicle.audi.tt,-96.59159851074219,12.23396110534668,-0.010921554639935493
2025-04-13 10:29:04,d2a94478,1,Proximity Alert,22.16866602701273,0.0,0.699999988079071,-0.05353175848722458,176.69110107421875,-0.00014969419265753459,-0.0008490546105696701,-0.0010800933232530951,-4.275586128234863,-1.7592265605926514,9.806591987609863,-0.01839122734963894,0.014320870861411095,-0.22505958378314972,5212,True,None,None,Driving,vehicle.mercedes.coupe_2020,-94.21683502197266,16.637876510620117,-0.0010266113094985485
2025-04-13 10:29:04,f06780bc,1,Proximity Alert,19.861364453169855,0.8500000238418579,0.0,0.0054946765303611755,-87.45647430419922,0.00018806942769344914,-0.0009248710032245228,0.06645053625106812,4.542552947998047,0.19495630264282227,9.579697608947754,0.0003687068819999695,-0.03926630690693855,0.01786288246512413,5472,True,None,None,Driving,vehicle.bmw.grandtourer,-102.96957397460938,-20.649818420410156,0.06728111207485199
2025-04-13 10:29:04,b586c13e,1,Proximity Alert,11.910159010203374,0.8500000238418579,0.0,0.03584330156445503,-88.56767272949219,0.0001575106911388957,-0.0009578863104828712,-0.030255965888500214,12.158966064453125,0.4227914810180664,9.933382034301758,-0.014965854585170746,0.008721274323761463,0.09076736122369766,5544,True,None,None,Driving,vehicle.harley-davidson.low_rider,-106.63141632080078,-17.53400993347168,-0.030255965888500214
2025-04-13 10:29:04,52097445,1,Proximity Alert,10.861980566622702,0.8500000238418579,0.0,-0.0012440196005627513,90.41309356689453,-0.0005656039333388208,-0.0009969903575057137,-0.004142188932746649,2.1577811241149902,-0.0005934238433837891,9.809450149536133,3.2048788852989674e-05,-0.00183956662658602,-0.0011633291142061353,5588,True,None,None,Driving,vehicle.ford.ambulance,-110.98343658447266,62.808372497558594,-0.004196395631879568
2025-04-13 10:29:04,d11af87e,1,Proximity Alert,16.132633873234518,0.8500000238418579,0.0,0.0,90.48355865478516,-0.0005816355015326735,-0.0010284395482359392,0.0018308258149772882,-0.38798677921295166,0.007901608943939209,9.856389045715332,-0.00025516259483993053,0.0013182680122554302,-7.265120802912861e-05,5532,True,None,None,Driving,vehicle.micro.microlino,-114.48347473144531,64.52368927001953,0.0018652343424037099
2025-04-13 10:29:04,a13f0ba8,1,"Lane Violation, Proximity Alert",18.786700887296075,0.8500000238418579,0.0,-0.01953817345201969,87.270263671875,-0.0007231318098774864,-0.0009957249084848717,-0.003991889767348766,0.9286660552024841,-0.05851614475250244,9.82588005065918,-0.00013998756185173988,-0.0029059990774840117,-0.027117809280753136,5360,True,None,None,Driving,vehicle.carlamotors.firetruck,-110.84358978271484,80.49866485595703,-0.003991889767348766
2025-04-13 10:29:04,50837aa9,1,Proximity Alert,18.196854336245618,0.8500000238418579,0.0,-0.05041132867336273,89.06832885742188,-0.0006845430166606548,-0.001028772770351371,-0.007736396510154009,-1.690347671508789,-0.9867238998413086,10.03674030303955,-0.03507218882441521,0.02192036062479019,-0.0657903328537941,5688,True,None,None,Driving,vehicle.carlamotors.carlacola,-114.5224609375,76.2029800415039,-0.007736396510154009
2025-04-13 10:29:04,f9e35844,1,Proximity Alert,19.718954196274446,0.6183384656906128,0.0,-0.0010428630048409104,0.7234824895858765,0.0005179726007895624,-0.00013485816675968878,-0.004373207222670317,-0.39105233550071716,-0.01310714241117239,9.84531021118164,0.00041505444096401334,0.0012843228178098798,0.0001254471717402339,5268,True,None,None,Driving,vehicle.carlamotors.european_hgv,-15.01234245300293,-57.66044616699219,-0.004373207222670317
2025-04-13 10:29:04,2b28acec,1,Proximity Alert,15.127283230558026,0.29076069593429565,0.0,0.0005661552422679961,90.42254638671875,2.2335815174301388e-05,-0.0009903061082881164,-0.005340537987649441,-0.27626240253448486,0.027045875787734985,9.809730529785156,1.9138424249831587e-06,-5.006695573683828e-05,-0.004535172134637833,5172,True,None,None,Driving,vehicle.ford.mustang,-110.24037170410156,-2.4864115715026855,-0.005340537987649441
2025-04-13 10:29:04,aeb90d02,1,"Red Light Violation, Proximity Alert",7.939132359652444,0.0,1.0,0.001066182041540742,90.33879089355469,8.042842112843118e-05,-0.0010211481384423213,-0.006886863615363836,-4.951281547546387,-0.0457758903503418,9.80128288269043,-5.189439980313182e-05,0.0002673119306564331,0.01403757557272911,5148,True,None,Red,Driving,vehicle.chevrolet.impala,-113.67369079589844,-8.953250885009766,-0.006886863615363836
2025-04-13 10:29:04,e7d42dde,1,Proximity Alert,14.444866514878232,0.8500000238418579,0.0,-0.0014517527306452394,90.81237030029297,0.00013828210623501036,-0.0009886346519016184,-0.004085044842213392,4.927679538726807,-0.019935131072998047,9.830076217651367,-1.8715858459472656e-05,-0.041672367602586746,-0.0025340933352708817,5252,True,None,None,Driving,vehicle.lincoln.mkz_2020,-110.05430603027344,-15.39349365234375,-0.004085044842213392
2025-04-13 10:29:04,a44255fb,1,Proximity Alert,14.144742141638272,0.0,0.699999988079071,-0.0008006644784472883,90.84446716308594,0.00017728221838808622,-0.0010195816792341124,0.038791313767433167,1.687954306602478,0.010106325149536133,9.81483268737793,1.643504947423935e-05,-0.0032447618432343006,-0.001524600898846984,5848,True,None,None,Driving,vehicle.citroen.c3,-113.49931335449219,-19.734966278076172,0.038791313767433167
2025-04-13 10:29:04,f80b4529,1,Proximity Alert,19.61396261839693,0.6432523727416992,0.0,0.0037565610837191343,-0.0710449069738388,-0.0012617879637843998,-0.000420672496999671,-0.03131549805402756,-2.573373317718506,0.012566669844090939,9.891586303710938,0.001493828371167183,-0.010553095489740372,0.0073144701309502125,5060,True,None,None,Driving,vehicle.dodge.charger_police,-47.09667205810547,140.46148681640625,-0.030979899689555168
2025-04-13 10:29:04,a70c33c0,1,Proximity Alert,22.539625150114734,0.0,0.699999988079071,0.006506558507680893,-0.33270254731178284,-0.0012305399262686478,-0.0004214309508335721,0.00020420073997229338,-0.3533846139907837,0.041877489537000656,9.983733177185059,-9.198823681799695e-05,0.019409120082855225,0.018212944269180298,5164,True,None,None,Driving,vehicle.nissan.patrol,-47.21226501464844,136.98423767089844,-0.0004933166201226413
2025-04-13 10:29:04,a7402aed,1,Proximity Alert,20.789680036826102,0.049065276980400085,0.0,0.0010428630048409104,-179.71157836914062,-0.0011693312317930804,-5.438981483708191e-05,0.010361327789723873,-0.10532300919294357,0.011053578928112984,9.850980758666992,0.00010536886838963255,0.0017564891604706645,0.0028959689661860466,5612,True,None,None,Driving,vehicle.jeep.wrangler_rubicon,-6.0546464920043945,130.1693572998047,0.010361327789723873
2025-04-13 10:29:04,b0233fcc,1,Proximity Alert,19.78631025589571,0.4814499318599701,0.0,0.001066182041540742,-179.69923400878906,-0.0012009270210455725,-2.793324593140561e-05,0.0427737794816494,-0.3534200191497803,-0.06813578307628632,9.810881614685059,3.64416919182986e-05,0.0006734062335453928,0.05694495886564255,5540,True,None,None,Driving,vehicle.mini.cooper_s,-3.1095147132873535,133.68658447265625,0.0427737794816494
2025-04-13 10:29:05,745549c1,1,Proximity Alert,21.08615501146276,0.0,0.05663366615772247,-0.008555343374609947,0.8172551393508911,-0.0012362931136919997,0.0004937500876047845,0.14163166284561157,-1.0637396574020386,-0.10650045424699783,9.824594497680664,0.00012949039228260517,0.0054127308540046215,-0.011344220489263535,5516,True,None,None,Driving,vehicle.mercedes.coupe,54.67361831665039,137.62008666992188,0.14156405627727509
2025-04-13 10:29:05,2d359ce4,1,Proximity Alert,20.31670859253336,0.6756163239479065,0.0,-0.18889641761779785,-39.56480407714844,-0.00017079783732754095,-0.0004609609149350555,-0.007952499203383923,0.7697227001190186,-3.721543312072754,9.84057903289795,-0.053029049187898636,0.002756712958216667,-0.43446147441864014,5248,True,None,None,Driving,vehicle.audi.a2,-51.313934326171875,19.01312828063965,-0.007952499203383923
2025-04-13 10:29:05,d22ba8ea,1,Proximity Alert,16.43185525884372,0.8500000238418579,0.0,0.00017573311924934387,0.25860822200775146,-0.00025172448103205625,-0.0005051554746324569,-0.017689170315861702,-3.039151430130005,-0.032993946224451065,9.778824806213379,-0.0005508746253326535,-0.002874719677492976,-0.0018770520109683275,4980,True,None,None,Driving,vehicle.nissan.micra,-56.457611083984375,28.020917892456055,-0.017651213333010674
2025-04-13 10:29:05,8a40c8cc,1,Proximity Alert,20.51810934413705,0.5561818480491638,0.0,0.1767648458480835,-151.5342254638672,-9.20020983556924e-05,-0.0009132534629557316,-0.011068572290241718,0.05873887240886688,0.26190996170043945,9.819183349609375,-0.008607741445302963,0.0016865856014192104,0.41823065280914307,5340,True,None,None,Driving,vehicle.audi.tt,-101.66291046142578,10.241626739501953,-0.011068572290241718
2025-04-13 10:29:05,d2a94478,1,Proximity Alert,25.27269799754749,0.0,0.699999988079071,-0.10421591252088547,162.92648315429688,-0.00016068755829223846,-0.0008975966154435817,-0.0007859801989980042,0.14369142055511475,-2.1592698097229004,9.768353462219238,-0.012549454346299171,0.019983530044555664,-0.32407093048095703,4996,True,None,None,Driving,vehicle.mercedes.coupe_2020,-99.59266662597656,17.767568588256836,-0.0007334136753343046
2025-04-13 10:29:05,f06780bc,1,Proximity Alert,21.029508585170625,0.24363954365253448,0.0,0.044164665043354034,-83.72265625,0.0002387121128748504,-0.0009209109921530182,0.06716582924127579,1.3829436302185059,0.26833319664001465,9.84126091003418,-0.0050507159903645515,-0.004516191314905882,0.15630854666233063,5720,True,None,None,Driving,vehicle.bmw.grandtourer,-102.5517349243164,-26.28658676147461,0.06702835112810135
2025-04-13 10:29:05,b586c13e,1,Proximity Alert,19.398332229542326,0.8500000238418579,0.0,0.03435525670647621,-86.43047332763672,0.00020575417025270326,-0.00095546513860466,-0.029384344816207886,0.09274208545684814,0.781106173992157,9.806621551513672,-0.031907372176647186,0.00439823605120182,0.08311224728822708,5784,True,None,None,Driving,vehicle.harley-davidson.low_rider,-106.36189270019531,-22.904449462890625,-0.029384344816207886
2025-04-13 10:29:05,52097445,1,Proximity Alert,20.37635890348886,0.6127386689186096,0.0,0.002037178026512265,90.42041015625,-0.0006056040545274755,-0.000997269710311658,-0.0036568068899214268,2.711317539215088,0.01601243019104004,9.795583724975586,0.00018161378102377057,0.00027051096549257636,0.003540723118931055,5816,True,None,None,Driving,vehicle.ford.ambulance,-111.01318359375,67.12957000732422,-0.003631439059972763
2025-04-13 10:29:05,d11af87e,1,Proximity Alert,19.974107517119567,0.7453296184539795,0.0,-0.0006155604496598244,90.56720733642578,-0.000624555976671104,-0.0010288401412562394,0.003316802904009819,1.235213041305542,-0.026032328605651855,9.804747581481934,-0.0005148005438968539,-0.0013073659501969814,-0.014445800334215164,5744,True,None,None,Driving,vehicle.micro.microlino,-114.52996063232422,69.52525329589844,0.003316802904009819
2025-04-13 10:29:05,a13f0ba8,1,Proximity Alert,20.65022268644097,0.2533046305179596,0.0,-0.02431037835776806,84.10693359375,-0.000773170846983362,-0.0009906200717827265,-0.0033865736331790686,0.22846871614456177,-0.08393671363592148,9.805304527282715,0.0003160044434480369,0.001145072397775948,-0.025826647877693176,6120,True,None,None,Driving,vehicle.carlamotors.firetruck,-110.30833435058594,85.78509521484375,-0.0033950423821806908
2025-04-13 10:29:05,50837aa9,1,Proximity Alert,20.48031724779253,0.28689438104629517,0.0,-0.0896165519952774,86.37059783935547,-0.000730978635573365,-0.00102643219682934,-0.004530219826847315,-0.5880022048950195,-2.7910585403442383,9.893491744995117,-0.08509844541549683,0.016815736889839172,-0.05711555853486061,5168,True,None,None,Driving,vehicle.carlamotors.carlacola,-114.26190948486328,81.3721694946289,-0.004530219826847315
2025-04-13 10:29:05,f9e35844,1,Proximity Alert,19.603954128902817,0.7672383189201355,0.0,-0.0003670363512355834,0.6660779118537903,0.0005174220166992427,-8.809831250699081e-05,-0.003449745010584593,-0.4530821144580841,0.030096102505922318,9.816718101501465,4.002956484328024e-05,-0.0011687168153002858,-0.002472148509696126,6164,True,None,None,Driving,vehicle.carlamotors.european_hgv,-9.807059288024902,-57.59915542602539,-0.003449745010584593
2025-04-13 10:29:05,2b28acec,1,Proximity Alert,21.340304732945736,0.0,0.15313535928726196,0.001317017013207078,90.49522399902344,-2.022553124447768e-05,-0.0009906489254459508,-0.005282287485897541,0.02908930741250515,0.00983465276658535,9.819058418273926,-1.8437975086271763e-05,0.001061687944456935,0.003460891079157591,5896,True,None,None,Driving,vehicle.ford.mustang,-110.27853393554688,2.251495838165283,-0.005282287485897541
2025-04-13 10:29:05,aeb90d02,1,Proximity Alert,2.4552743605890493e-06,0.0,1.0,0.0034632051829248667,90.19268035888672,7.930806283695802e-05,-0.0010211678768152633,-0.007276801858097315,-0.0006563494680449367,1.3376702554523945e-06,9.810702323913574,-4.1320527088828385e-07,-8.688679372426122e-06,-4.6045392498861304e-10,6040,True,None,Red,Driving,vehicle.chevrolet.impala,-113.67588806152344,-8.828533172607422,-0.007276801858097315
2025-04-13 10:29:05,e7d42dde,1,"Red Light Violation, Proximity Alert",17.055817888691735,0.0,1.0,-0.0009834838565438986,90.72114562988281,9.656796781598587e-05,-0.0009891755381490452,-0.004386024549603462,-0.8129993081092834,-0.015474200248718262,9.805973052978516,8.320063352584839e-05,0.0063889422453939915,-0.0018145424546673894,5192,True,None,Red,Driving,vehicle.lincoln.mkz_2020,-110.11451721191406,-10.749897003173828,-0.004386024549603462
2025-04-13 10:29:05,a44255fb,1,Proximity Alert,11.159073535857482,0.8462111353874207,0.0,-0.001928608980961144,90.79926300048828,0.0001509297428441414,-0.0010199535556632226,0.038868408650159836,-0.38655275106430054,-0.004787057638168335,9.797323226928711,3.2509669836144894e-05,0.00010268950427416712,-0.002602714579552412,5716,True,None,None,Driving,vehicle.citroen.c3,-113.54071044921875,-16.801422119140625,0.038868408650159836
2025-04-13 10:29:06,f80b4529,1,Proximity Alert,13.738132830659762,0.8500000238418579,0.0,0.002467183396220207,0.13281795382499695,-0.0012618632163281518,-0.0003768912780217615,-0.03550182282924652,-0.4279296100139618,0.025655008852481842,10.7166109085083,0.005382518284022808,0.017986485734581947,0.003510720795020461,5104,True,None,None,Driving,vehicle.dodge.charger_police,-42.14912414550781,140.4691925048828,-0.03664937987923622
2025-04-13 10:29:06,a70c33c0,1,Proximity Alert,22.059112379647576,0.0,0.42875993251800537,0.0071962736546993256,-0.15411376953125,-0.001230496474434517,-0.0003822621030065047,-0.00020122529531363398,1.5073192119598389,-0.08878009021282196,9.88532829284668,-0.00038040257641114295,0.003236304270103574,-0.013158665038645267,5368,True,None,None,Driving,vehicle.nissan.patrol,-42.55322265625,136.97824096679688,-0.00020122529531363398
2025-04-13 10:29:06,a7402aed,1,Proximity Alert,18.997740397052763,0.518932580947876,0.0,0.000870533986017108,-179.67771911621094,-0.0011690839538402997,-9.93924141767997e-05,0.011196212843060493,-1.7945805788040161,0.015112724155187607,9.797380447387695,0.00015275992336682975,0.009532873518764973,0.001072577084414661,5516,True,None,None,Driving,vehicle.jeep.wrangler_rubicon,-11.064312934875488,130.14183044433594,0.011196212843060493
2025-04-13 10:29:06,b0233fcc,1,Proximity Alert,19.929966482532766,0.44577789306640625,0.0,0.000890448922291398,-179.6656494140625,-0.0012006786465263986,-7.290026222771414e-05,0.04276912659406662,0.13108831644058228,-0.06074398010969162,9.810881614685059,2.988991400343366e-05,0.0004973500617779791,0.05566541105508804,5384,True,None,None,Driving,vehicle.mini.cooper_s,-8.115220069885254,133.658935546875,0.04276912659406662
2025-04-13 10:29:06,745549c1,1,Proximity Alert,19.920281507303773,0.46570026874542236,0.0,-0.05947165936231613,0.4313674867153168,-0.0012366952830404898,0.0005364680388124738,0.14182010293006897,-1.930053949356079,-0.9202413558959961,9.801945686340332,-0.012694081291556358,0.0026572467759251595,-0.06781557202339172,4476,True,None,None,Driving,vehicle.mercedes.coupe,59.7193489074707,137.6682891845703,0.14182010293006897
2025-04-13 10:29:06,2d359ce4,1,Proximity Alert,20.755411952216356,0.15254031121730804,0.0,-0.0741771012544632,-53.775909423828125,-0.00013846220176105817,-0.00043315804592579355,-0.008072052150964737,0.45724767446517944,-0.7077934741973877,9.899346351623535,0.016598062589764595,0.008571049198508263,-0.2536391317844391,5364,True,None,None,Driving,vehicle.audi.a2,-48.21893310546875,15.413541793823242,-0.008072052150964737
2025-04-13 10:29:06,d22ba8ea,1,Proximity Alert,17.291722002782173,0.8500000238418579,0.0,-0.0006155604496598244,0.20233355462551117,-0.0002518464408751697,-0.000471186008943207,-0.019527090713381767,4.332282066345215,0.009823290631175041,9.718704223632812,0.00021991156972944736,-0.015292084775865078,-0.0004760083684232086,5284,True,None,None,Driving,vehicle.nissan.micra,-52.7001953125,28.034564971923828,-0.019375953823328018
2025-04-13 10:29:06,8a40c8cc,1,Proximity Alert,15.870397664615535,0.8500000238418579,0.0,0.24916091561317444,-126.96442413330078,-6.157442837206872e-05,-0.00094387556103087,-0.010478096082806587,-0.5683372020721436,1.9239673614501953,9.80151081085205,-0.0004972461611032486,-0.0030032931827008724,0.5611405372619629,5316,True,None,None,Driving,vehicle.audi.tt,-105.07174682617188,6.854434013366699,-0.010478096082806587
2025-04-13 10:29:06,d2a94478,1,Proximity Alert,19.116796732144977,0.8500000238418579,0.0,-0.20576037466526031,143.67337036132812,-0.0001820078110341683,-0.0009327133055240728,-0.000865135167259723,1.3419560194015503,-1.7387959957122803,9.799582481384277,0.005991669371724129,-0.0018929298967123032,-0.35704031586647034,5708,True,None,None,Driving,vehicle.mercedes.coupe_2020,-103.62517547607422,20.085599899291992,-0.0008473586640320718
2025-04-13 10:29:06,f06780bc,1,Proximity Alert,20.52609823528105,0.08655349165201187,0.0,0.03997844085097313,-77.47614288330078,0.00028064849647080337,-0.0009130007706604627,0.06744781136512756,-0.0008084475994110107,0.5362306237220764,9.859487533569336,-0.005511074792593718,0.009300213307142258,0.0669332817196846,5256,True,None,None,Driving,vehicle.bmw.grandtourer,-101.70281219482422,-30.962820053100586,0.06735942512750626
2025-04-13 10:29:06,b586c13e,1,Proximity Alert,20.465903814942465,0.3633996844291687,0.0,0.05667179077863693,-81.9666748046875,0.0002484764221151181,-0.0009509351134784356,-0.029450224712491035,0.7142692804336548,1.1667735576629639,9.823704719543457,-0.031447239220142365,0.0003456883132457733,0.14344647526741028,5292,True,None,None,Driving,vehicle.harley-davidson.low_rider,-105.85761260986328,-27.660268783569336,-0.029450224712491035
2025-04-13 10:29:06,52097445,1,Proximity Alert,20.220762362096842,0.280179888010025,0.0,-0.014070930890738964,90.18035125732422,-0.0006457591699131626,-0.0009975163029013996,-0.00422325124964118,-1.4401342868804932,-0.06094193458557129,9.77856159210205,-0.001013660803437233,0.004984868224710226,-0.023644044995307922,5188,True,None,None,Driving,vehicle.ford.ambulance,-111.04300689697266,71.88558197021484,-0.00422325124964118
2025-04-13 10:29:06,d11af87e,1,Proximity Alert,19.683600859450873,0.6529977321624756,0.0,0.004923384636640549,89.3599853515625,-0.0006652310748052059,-0.0010287597485081107,0.003126716474071145,0.26226377487182617,0.02714003622531891,9.78868579864502,0.0036759881768375635,-0.0031401528976857662,0.01879275031387806,5476,True,None,None,Driving,vehicle.micro.microlino,-114.52310943603516,73.78201293945312,0.0030548095237463713
2025-04-13 10:29:06,a13f0ba8,1,Proximity Alert,20.489245654107794,0.28868383169174194,0.0,-0.03137487918138504,80.54003143310547,-0.000813555352422668,-0.0009838910000099063,-0.003453864948824048,-0.47344547510147095,-0.10884574055671692,9.814004898071289,0.0031950229313224554,6.041792221367359e-05,-0.043799519538879395,5776,True,None,None,Driving,vehicle.carlamotors.firetruck,-109.5262451171875,90.56456756591797,-0.003453864948824048
2025-04-13 10:29:06,50837aa9,1,Proximity Alert,20.101752912338316,0.34860557317733765,0.0,-0.00278162257745862,83.36317443847656,-0.0007734601375233296,-0.0010219542590761573,-0.0015404128935188055,-0.8576797246932983,0.12899994850158691,9.887654304504395,-0.0017052260227501392,-0.005486354231834412,-0.04817066714167595,5716,True,None,None,Driving,vehicle.carlamotors.carlacola,-113.763427734375,86.10118865966797,-0.0015404128935188055
2025-04-13 10:29:07,f9e35844,1,Proximity Alert,19.731469719133155,0.7058034539222717,0.0,0.0017376759788021445,0.7058703899383545,0.0005169181056601246,-4.6222626115187195e-05,-0.0034073255956172943,-0.1478140652179718,0.029945310205221176,9.809436798095703,-0.00019001617329195142,0.0003668918216135353,-0.003884736681357026,5280,True,None,None,Driving,vehicle.carlamotors.european_hgv,-5.145479202270508,-57.543060302734375,-0.0034073255956172943
2025-04-13 10:29:07,2b28acec,1,Proximity Alert,20.275177733569222,0.1999538242816925,0.0,-0.015755366533994675,90.1458969116211,-6.347812335150138e-05,-0.0009909661101333673,-0.005191802978515625,-1.2786409854888916,-0.1524209976196289,9.811163902282715,0.00022547360276803374,0.0010069706477224827,-0.03256654739379883,5204,True,None,None,Driving,vehicle.ford.mustang,-110.3138427734375,7.066352367401123,-0.005191802978515625
2025-04-13 10:29:07,aeb90d02,1,Proximity Alert,2.0600386805117415e-07,0.0,1.0,0.0034632051829248667,90.19268035888672,7.930805428202348e-05,-0.0010211678768152633,-0.007278022821992636,-1.045024509949144e-05,-3.328736966068391e-07,9.8100004196167,4.2005204647921346e-08,-1.9599212919274578e-08,-8.089693194837655e-13,5032,True,None,Red,Driving,vehicle.chevrolet.impala,-113.67588806152344,-8.828532218933105,-0.007278022821992636
2025-04-13 10:29:07,e7d42dde,1,Proximity Alert,0.024011318840294532,0.0,1.0,0.0,90.68399047851562,8.104178419898744e-05,-0.00098936606827675,-0.0025967787951231003,-0.11797106266021729,0.010424740612506866,9.827385902404785,-3.1035393476486206e-05,-0.036911141127347946,-1.3793076504953206e-05,5596,True,None,Red,Driving,vehicle.lincoln.mkz_2020,-110.13572692871094,-9.021530151367188,-0.0025967787951231003
2025-04-13 10:29:07,a44255fb,1,Proximity Alert,0.001075914730070662,0.0,1.0,-0.0009459785069338977,90.7647705078125,0.00013625873454259363,-0.0010201402477739664,0.03943672031164169,-0.01493146549910307,3.0253082513809204e-05,9.813210487365723,-9.406358003616333e-06,-0.009473911486566067,-6.480790943896864e-07,5040,True,None,None,Driving,vehicle.citroen.c3,-113.56149291992188,-15.168252944946289,0.03943672031164169
2025-04-13 10:29:07,f80b4529,1,Proximity Alert,20.17628049997443,0.10301557183265686,0.0,0.0022631436586380005,0.20651070773601532,-0.0012620300329899692,-0.0003365582088711973,-0.030731430277228355,-2.5133605003356934,0.01010714191943407,9.854198455810547,-0.0014623594470322132,-0.015241210348904133,0.004246334545314312,5228,True,None,None,Driving,vehicle.dodge.charger_police,-37.74334716796875,140.4872589111328,-0.03015647828578949
2025-04-13 10:29:07,a70c33c0,1,Proximity Alert,18.700331206394893,0.8500000238418579,0.0,-0.001516502583399415,0.25083494186401367,-0.0012305857083276805,-0.00034653914331821633,0.0010513686574995518,1.5183825492858887,-0.012450933456420898,9.75166130065918,-0.00025202130200341344,0.014014996588230133,-0.0038652224466204643,5312,True,None,None,Driving,vehicle.nissan.patrol,-38.576560974121094,136.98817443847656,0.0010513686574995518
2025-04-13 10:29:07,a7402aed,1,Proximity Alert,18.176370946378434,0.5258998870849609,0.0,0.0006155604496598244,-179.65896606445312,-0.001168847778728832,-0.00013939336635520875,0.01103691104799509,-0.8218247294425964,0.009876245632767677,9.800954818725586,0.00016824725025799125,-0.004871531389653683,0.0009014815441332757,5496,True,None,None,Driving,vehicle.jeep.wrangler_rubicon,-15.51719856262207,130.11553955078125,0.01103691104799509
2025-04-13 10:29:07,b0233fcc,1,Proximity Alert,18.448875127869986,0.5759795904159546,0.0,0.0008176579140126705,-179.65341186523438,-0.0012004522035056198,-0.00011191823658000592,0.04278438538312912,-0.6651486754417419,-0.060961104929447174,9.810701370239258,8.83987695488031e-07,0.0004615879734046757,0.058616362512111664,5668,True,None,None,Driving,vehicle.mini.cooper_s,-12.458681106567383,133.63372802734375,0.04278438538312912
2025-04-13 10:29:07,745549c1,1,Proximity Alert,19.515634576634675,0.8500000238418579,0.0,-0.00677174748852849,-1.343658685684204,-0.0012358866951132086,0.0005765415620660531,0.14184719324111938,-0.47050583362579346,-0.04686032235622406,9.796125411987305,-2.5778701456147246e-05,-0.0022432603873312473,-0.01365731656551361,4648,True,None,None,Driving,vehicle.mercedes.coupe,64.18031311035156,137.57827758789062,0.14184719324111938
2025-04-13 10:29:07,2d359ce4,1,"Wrong Way Driving, Proximity Alert",20.349349638844046,0.4466951787471771,0.0,-0.16450855135917664,-70.63976287841797,-0.00010264825195349658,-0.00041575445521229527,-0.0072907255962491035,-0.3271009922027588,-2.0358824729919434,9.76723575592041,0.02890149876475334,0.006084573455154896,-0.39089518785476685,5536,True,None,None,Driving,vehicle.audi.a2,-46.28157424926758,11.426751136779785,-0.0072907255962491035
2025-04-13 10:29:07,d22ba8ea,1,Proximity Alert,16.571778303704686,0.8500000238418579,0.0,-0.0006155604496598244,0.1824924796819687,-0.0002519768135158529,-0.0004311112863093274,-0.017628174275159836,-4.1282758712768555,-0.009540644474327564,9.769571304321289,-9.691297600511461e-05,0.0043866755440831184,-0.0007095304317772388,5220,True,None,None,Driving,vehicle.nissan.micra,-47.9910888671875,28.049930572509766,-0.017628174275159836
2025-04-13 10:29:07,8a40c8cc,1,Proximity Alert,18.95675874280459,0.8500000238418579,0.0,0.1107044517993927,-99.65864562988281,-2.3672676590535957e-05,-0.0009550563897983178,-0.010753707960247993,-1.1241681575775146,0.6138570308685303,9.79631233215332,-0.004110813606530428,-0.00047762319445610046,0.24427208304405212,5508,True,None,None,Driving,vehicle.audi.tt,-106.31639099121094,2.635230302810669,-0.010753707960247993
2025-04-13 10:29:07,d2a94478,1,"Wrong Way Driving, Proximity Alert",14.127227822997266,0.8500000238418579,0.0,-0.12561491131782532,128.8404541015625,-0.00021100634226911552,-0.0009593010994851051,-0.0013481139903888106,3.8038883209228516,-0.5759062767028809,9.815263748168945,0.005128851160407066,-0.021580472588539124,-0.19077938795089722,5188,True,None,None,Driving,vehicle.mercedes.coupe_2020,-106.67130279541016,23.323572158813477,-0.0014538574032485485
2025-04-13 10:29:08,f06780bc,1,Proximity Alert,20.741476302160738,0.2998674809932709,0.0,0.1104368343949318,-70.95170593261719,0.0003214048954731652,-0.0009002971401277371,0.06763599067926407,0.1447734832763672,0.986033022403717,9.818379402160645,0.014398928731679916,-0.0005583800375461578,0.18655551970005035,5568,True,None,None,Driving,vehicle.bmw.grandtourer,-100.3202896118164,-35.51262664794922,0.0674685686826706
2025-04-13 10:29:08,b586c13e,1,Proximity Alert,20.03946807392262,0.48455044627189636,0.0,0.06351277977228165,-76.2642593383789,0.00029039608293146557,-0.0009424497377298735,-0.02941356599330902,-0.7318145036697388,1.2347981929779053,9.818825721740723,-0.03135630115866661,-0.00332031212747097,0.15593120455741882,5612,True,None,None,Driving,vehicle.harley-davidson.low_rider,-104.91302490234375,-32.326744079589844,-0.02941356599330902
2025-04-13 10:29:08,52097445,1,Proximity Alert,19.808615150237884,0.7552053332328796,0.0,-0.04797178879380226,89.03594207763672,-0.0006879104653165768,-0.000997094121035694,-0.004585685674101114,0.5779807567596436,-0.24740973114967346,9.828191757202148,-0.006188708357512951,-0.001213056966662407,-0.07857290655374527,5536,True,None,None,Driving,vehicle.ford.ambulance,-110.99600982666016,76.57784271240234,-0.004585685674101114
2025-04-13 10:29:08,d11af87e,1,Proximity Alert,18.799733218484434,0.3896176815032959,0.0,0.006079981103539467,86.73077392578125,-0.0007053604891780196,-0.0010274785362033216,0.003013725159689784,-0.1626148819923401,-0.056432172656059265,9.795647621154785,0.005950686521828175,0.0002633095718920231,-0.03662707284092903,4908,True,None,None,Driving,vehicle.micro.microlino,-114.39228057861328,78.25627136230469,0.0029801558703184128
2025-04-13 10:29:08,a13f0ba8,1,Proximity Alert,20.562299979783603,0.27546122670173645,0.0,-0.03458542749285698,76.82971954345703,-0.0008559351469159537,-0.0009740245549795531,-0.003436775179579854,0.36097967624664307,-0.16173845529556274,9.806386947631836,0.0028983328957110643,-0.0004422204801812768,-0.042271796613931656,5096,True,None,None,Driving,vehicle.carlamotors.firetruck,-108.42791748046875,95.28226470947266,-0.003436775179579854
2025-04-13 10:29:08,50837aa9,1,Proximity Alert,20.10051403725624,0.6090111136436462,0.0,-0.0012721160892397165,79.53907012939453,-0.0008128900733055389,-0.0010156152257769946,-0.0007940292125567794,0.47325536608695984,-0.15680305659770966,9.767862319946289,-0.0005029544699937105,-0.0035170752089470625,-0.01488549169152975,5492,True,None,None,Driving,vehicle.carlamotors.carlacola,-113.05776977539062,90.49050903320312,-0.0007940292125567794
2025-04-13 10:29:08,f9e35844,1,Proximity Alert,19.951445143435194,0.7315477728843689,0.0,-0.002217588946223259,0.711635947227478,0.000516414297379697,-6.733120752208832e-06,-0.003473167307674885,0.2844962775707245,-0.00949324294924736,9.807612419128418,9.739332017488778e-05,-0.000677160220220685,-0.007651756517589092,5920,True,None,None,Driving,vehicle.carlamotors.european_hgv,-0.7495275735855103,-57.486976623535156,-0.003473167307674885
2025-04-13 10:29:08,2b28acec,1,Proximity Alert,19.88366812741348,0.4559039771556854,0.0,-0.04295986890792847,89.06714630126953,-0.00010404532437746639,-0.0009905890249669528,-0.0051646423526108265,-1.1196898221969604,-0.4747745990753174,9.808781623840332,-4.919979255646467e-05,0.0005513420910574496,-0.06733320653438568,5128,True,None,None,Driving,vehicle.ford.mustang,-110.27186584472656,11.58227252960205,-0.0051646423526108265
2025-04-13 10:29:08,aeb90d02,1,Proximity Alert,3.6392282753468117e-06,0.0,1.0,0.0034632051829248667,90.19268035888672,7.930805428202348e-05,-0.0010211678768152633,-0.007278022821992636,-1.045024509949144e-05,-3.328736966068391e-07,9.8100004196167,1.5427129085310298e-07,-2.9230051268314128e-08,-9.87711865421681e-13,5860,True,None,Red,Driving,vehicle.chevrolet.impala,-113.67588806152344,-8.828532218933105,-0.007278022821992636
2025-04-13 10:29:08,e7d42dde,1,Proximity Alert,0.0,0.0,1.0,0.0,90.68397521972656,8.101454970699251e-05,-0.00098936654802887,-0.004335365258157253,-0.007492824923247099,1.0450603440403938e-05,9.80999755859375,0.0,0.0,0.0,5240,True,None,Red,Driving,vehicle.lincoln.mkz_2020,-110.13578033447266,-9.018498420715332,-0.004335365258157253
2025-04-13 10:29:08,a44255fb,1,Proximity Alert,5.220332457356362e-06,0.0,1.0,-0.0010773526737466455,90.7647705078125,0.0001362550421646347,-0.0010201403163099835,0.03880085051059723,-0.0006980984471738338,8.312519639730453e-06,9.810336112976074,3.6325582186691463e-07,-3.665330950752832e-05,5.124122237631923e-10,5932,True,None,None,Driving,vehicle.citroen.c3,-113.5615005493164,-15.167841911315918,0.03880085051059723
2025-04-13 10:29:08,f80b4529,1,Proximity Alert,19.78403038233624,0.540113627910614,0.0,-0.0006155604496598244,0.3394697606563568,-0.001262205485190293,-0.00030146732260116695,-0.030734747648239136,-2.4698445796966553,0.010957484133541584,9.871824264526367,-0.0014621863374486566,-0.013594485819339752,-0.0005443129339255393,5760,True,None,None,Driving,vehicle.dodge.charger_police,-33.55918884277344,140.50807189941406,-0.030734747648239136
2025-04-13 10:29:08,a70c33c0,1,Proximity Alert,17.960279748695058,0.8500000238418579,0.0,-0.0028817271813750267,0.39779743552207947,-0.0012307462196901042,-0.0003110354988848399,0.001554946880787611,0.0565764419734478,-0.004405483137816191,9.933350563049316,-0.0005401115049608052,-0.04970370978116989,-0.006026976741850376,5616,True,None,None,Driving,vehicle.nissan.patrol,-34.62431335449219,137.00604248046875,0.001554946880787611
2025-04-13 10:29:08,a7402aed,1,Proximity Alert,17.299986993836736,0.3407066762447357,0.0,0.0006155604496598244,-179.65464782714844,-0.0011686464198987778,-0.00017287881355727044,0.010760421864688396,-0.07952575385570526,0.030506625771522522,9.80345344543457,0.0001939834182849154,-0.0019700711127370596,0.0011822482338175178,5700,True,None,None,Driving,vehicle.jeep.wrangler_rubicon,-19.244781494140625,130.09312438964844,0.010760421864688396
2025-04-13 10:29:08,b0233fcc,1,Proximity Alert,17.91211417725334,0.4736712574958801,0.0,-0.00035146623849868774,-179.64344787597656,-0.0012002438540292815,-0.00014667578079657431,0.04251716658473015,-0.0029624782036989927,0.03503056988120079,9.82536506652832,-3.877526614814997e-05,-0.00027585343923419714,0.00010372910764999688,5624,True,None,None,Driving,vehicle.mini.cooper_s,-16.32787322998047,133.61053466796875,0.04251716658473015
2025-04-13 10:29:08,745549c1,1,Proximity Alert,19.749686284738406,0.8500000238418579,0.0,-0.05926572158932686,-5.205569267272949,-0.0012329284064804824,0.0006167207335900846,0.141678124666214,2.387341260910034,-0.47731682658195496,9.800753593444824,0.00017797815962694585,-0.00625563133507967,-0.10688214004039764,4544,True,None,None,Driving,vehicle.mercedes.coupe,68.3762435913086,137.28125,0.1417684555053711
2025-04-13 10:29:08,2d359ce4,1,Proximity Alert,19.97887087219465,0.396269291639328,0.0,-0.09309177845716476,-84.10100555419922,-6.576296424043448e-05,-0.000409339689614171,-0.007272300776094198,-0.6668323874473572,-0.8987728953361511,9.827411651611328,0.020406968891620636,0.012282601557672024,-0.3014487028121948,5320,True,None,None,Driving,vehicle.audi.a2,-45.56748580932617,7.320699691772461,-0.007272300776094198
2025-04-13 10:29:09,d22ba8ea,1,Proximity Alert,16.888393939722647,0.8500000238418579,0.0,-0.0006155604496598244,0.17133843898773193,-0.0002520714788971645,-0.00039976445412073054,-0.019512785598635674,1.2819809913635254,0.004869153257459402,9.829648971557617,0.00019982147205155343,0.002073882380500436,-0.0002692169800866395,5340,True,None,None,Driving,vehicle.nissan.micra,-44.73759841918945,28.05978775024414,-0.01950054056942463
2025-04-13 10:29:09,8a40c8cc,1,Proximity Alert,19.085301820200794,0.8500000238418579,0.0,0.015233888290822506,-92.00289916992188,1.587015729853647e-05,-0.0009570430433277346,-0.010790175758302212,-1.0703285932540894,-0.013658761978149414,9.79853630065918,-0.0004808347439393401,-0.0005374826723709702,0.06603514403104782,5196,True,None,None,Driving,vehicle.audi.tt,-106.53031158447266,-1.502977728843689,-0.010789183899760246
2025-04-13 10:29:09,d2a94478,1,Proximity Alert,19.27453349751828,0.8500000238418579,0.0,-0.14266979694366455,117.10720825195312,-0.00024202014083130052,-0.000977001622492949,-0.0010739517165347934,-2.3418359756469727,-1.230837106704712,9.808687210083008,0.007924551144242287,0.00886063277721405,-0.32581496238708496,5396,True,None,None,Driving,vehicle.mercedes.coupe_2020,-108.65204620361328,26.702110290527344,-0.0010474777081981301
2025-04-13 10:29:09,f06780bc,1,Proximity Alert,20.209939635400968,0.24503466486930847,0.0,0.04173580929636955,-65.11279296875,0.00035352440271196883,-0.0008864570453584643,0.06754840910434723,0.03390270471572876,0.9878382086753845,9.802520751953125,0.014516526833176613,-0.0013521276414394379,0.18677426874637604,4984,True,None,None,Driving,vehicle.bmw.grandtourer,-98.67994689941406,-39.354156494140625,0.06754840910434723
2025-04-13 10:29:09,b586c13e,1,Proximity Alert,20.019782803407733,0.5467928647994995,0.0,0.028773996978998184,-71.33750915527344,0.0003263592956272987,-0.000931424485721379,-0.029428329318761826,-0.205465167760849,0.2316872775554657,9.811115264892578,0.019077785313129425,-0.0005012350156903267,0.07257919013500214,5060,True,None,None,Driving,vehicle.harley-davidson.low_rider,-103.68569946289062,-36.33015060424805,-0.029428329318761826
2025-04-13 10:29:09,52097445,1,Proximity Alert,20.10570043199338,0.5282877087593079,0.0,-0.011907960288226604,87.2418212890625,-0.0007253242085596412,-0.0009953398731404669,-0.004426002502441406,0.24807903170585632,-0.0544121116399765,9.808064460754395,0.00031125801615417004,-0.0012758821249008179,-0.0198730006814003,5024,True,None,None,Driving,vehicle.ford.ambulance,-110.80072784423828,80.74272155761719,-0.004426002502441406
2025-04-13 10:29:09,d11af87e,1,Proximity Alert,18.80048184196419,0.7858728766441345,0.0,-0.05644255876541138,85.9054946899414,-0.0007409252677490485,-0.0010252089659950683,0.0026625441387295723,-0.39511343836784363,-0.6788492202758789,9.820208549499512,-0.01763877272605896,0.002925403416156769,-0.1950032263994217,5500,True,None,None,Driving,vehicle.micro.microlino,-114.15223693847656,82.22381591796875,0.0027180479373782873
2025-04-13 10:29:09,a13f0ba8,1,Proximity Alert,20.519946108601808,0.22469161450862885,0.0,-0.044871360063552856,73.35773468017578,-0.0008927707202985857,-0.0009630162313672971,-0.0034712599590420723,0.46771904826164246,-0.20177006721496582,9.806921005249023,0.004870478995144367,1.8325867131352425e-05,-0.06348690390586853,5228,True,None,None,Driving,vehicle.carlamotors.firetruck,-107.20247650146484,99.38278198242188,-0.0034712599590420723
2025-04-13 10:29:09,50837aa9,1,Proximity Alert,20.099348230755655,0.5702759027481079,0.0,-0.007208297029137611,75.9282455444336,-0.0008523079467437356,-0.0010069783168944917,-0.0007209395989775658,-0.2620643377304077,-0.20072390139102936,9.807522773742676,0.002964956220239401,0.006178554147481918,-0.04169006273150444,4964,True,None,None,Driving,vehicle.carlamotors.carlacola,-112.0963134765625,94.87848663330078,-0.0007209395989775658
2025-04-13 10:29:09,f9e35844,1,Proximity Alert,19.866738800946038,0.713898241519928,0.0,-0.006835780572146177,0.5425893664360046,0.0005160151093548393,3.282604933046213e-05,-0.003452568082138896,0.5414270758628845,-0.02182694338262081,9.805303573608398,-0.0005652226391248405,-0.00015361352416221052,-0.012658772058784962,5252,True,None,None,Driving,vehicle.carlamotors.european_hgv,3.654179096221924,-57.44253921508789,-0.003452568082138896
2025-04-13 10:29:09,2b28acec,1,Proximity Alert,20.116618414174354,0.450707346200943,0.0,-0.09418239444494247,82.35335540771484,-0.00014428197192728476,-0.000987385788596929,-0.005187682807445526,0.1930549144744873,-0.9311355352401733,9.809479713439941,0.0011824805987998843,5.908950697630644e-06,-0.20375224947929382,5332,True,None,None,Driving,vehicle.ford.mustang,-109.915283203125,16.0613956451416,-0.005187682807445526
2025-04-13 10:29:09,aeb90d02,1,Proximity Alert,3.7422188890751146e-06,0.0,1.0,0.0034632051829248667,90.19268035888672,7.930805428202348e-05,-0.0010211678768152633,-0.007278022821992636,-1.045024509949144e-05,-3.328736966068391e-07,9.8100004196167,-7.61559775241949e-08,2.6143379017184998e-08,9.28917316331268e-13,5116,True,None,Red,Driving,vehicle.chevrolet.impala,-113.67588806152344,-8.828532218933105,-0.007278022821992636
2025-04-13 10:29:09,e7d42dde,1,Proximity Alert,0.0,0.0,1.0,0.0,90.68397521972656,8.101454970699251e-05,-0.00098936654802887,-0.004335365258157253,-0.007492824923247099,1.0450603440403938e-05,9.80999755859375,0.0,0.0,0.0,5612,True,None,Red,Driving,vehicle.lincoln.mkz_2020,-110.13578033447266,-9.018498420715332,-0.004335365258157253
2025-04-13 10:29:09,a44255fb,1,Proximity Alert,2.106781419139644e-07,0.0,1.0,-0.0010773526737466455,90.7647705078125,0.0001362550164571985,-0.0010201403163099835,0.03879783675074577,-1.5675366739742458e-05,-4.725734470412135e-08,9.8100004196167,-3.061700226680841e-08,-3.7083913184687844e-07,4.729310693063482e-12,5112,True,None,None,Driving,vehicle.citroen.c3,-113.5615005493164,-15.167839050292969,0.03879783675074577
2025-04-13 10:29:09,f80b4529,1,Proximity Alert,19.135759247775777,0.8500000238418579,0.0,0.00017573311924934387,0.33590295910835266,-0.001262453037284672,-0.00025924594910581045,-0.030883559957146645,-0.2962152659893036,0.00506364181637764,9.895686149597168,0.002119228709489107,0.005553060676902533,-0.00016494121518917382,5360,True,None,None,Driving,vehicle.dodge.charger_police,-28.859127044677734,140.53562927246094,-0.030883559957146645
2025-04-13 10:29:09,a70c33c0,1,Proximity Alert,17.249105879845363,0.8500000238418579,0.0,0.010057739913463593,-0.1501159816980362,-0.0012309822577236673,-0.00027176530342239716,0.0025918579194694757,3.0964627265930176,-0.0007820879109203815,9.765607833862305,0.00034771664650179446,-0.08704249560832977,0.019411178305745125,5368,True,None,None,Driving,vehicle.nissan.patrol,-30.252775192260742,137.03231811523438,0.0025918579194694757
2025-04-13 10:29:10,a7402aed,1,Proximity Alert,16.171297209747173,0.3066922128200531,0.0,0.0,-179.64791870117188,-0.0011684280641475198,-0.0002083582133745765,0.010770568624138832,-0.3076572120189667,0.0018475960241630673,9.808703422546387,1.9896264348062687e-05,-0.00026211843942292035,-0.0049223569221794605,5440,True,None,Green,Driving,vehicle.jeep.wrangler_rubicon,-23.1943302154541,130.06881713867188,0.010770568624138832
2025-04-13 10:29:10,b0233fcc,1,Proximity Alert,16.7803847106935,0.4012574851512909,0.0,0.0,-179.64691162109375,-0.001200004937473409,-0.00018567160944832128,0.042619094252586365,-0.30677494406700134,-0.018113810569047928,9.80972957611084,1.3845049124938669e-06,-7.071847358020023e-05,0.0001305637415498495,5548,True,None,Green,Driving,vehicle.mini.cooper_s,-20.668869018554688,133.5839385986328,0.042619094252586365
2025-04-13 10:29:10,745549c1,1,Proximity Alert,20.960763794172,0.12375419586896896,0.0,-0.09200505912303925,-11.285784721374512,-0.0012261955652235201,0.0006567914125989517,0.1415816843509674,1.141403079032898,-1.0644900798797607,9.821125030517578,-0.0011772888246923685,9.965634671971202e-05,-0.18642713129520416,4360,True,None,None,Driving,vehicle.mercedes.coupe,73.11368560791016,136.4994659423828,0.1415816843509674
2025-04-13 10:29:10,2d359ce4,1,Proximity Alert,19.779234156487572,0.6827679872512817,0.0,-0.00858430378139019,-89.07280731201172,-2.075685029012675e-05,-0.00040783566671759487,-0.00716197956353426,-0.3328656256198883,0.06659090518951416,9.809584617614746,0.0007281298749148846,0.004141714423894882,-0.07005105912685394,5092,True,None,None,Driving,vehicle.audi.a2,-45.40005874633789,2.3106420040130615,-0.00716197956353426
2025-04-13 10:29:10,d22ba8ea,1,Proximity Alert,18.833230120349395,0.07506971061229706,0.0,0.0,0.16280759871006012,-0.0002521913312563129,-0.00035748037016967266,-0.017661094665527344,-5.5170979499816895,-0.008230037055909634,9.779043197631836,-0.00015724253898952156,0.017750849947333336,-0.00033611286198720336,5232,True,None,None,Driving,vehicle.nissan.micra,-40.04745864868164,28.07312774658203,-0.018039816990494728
2025-04-13 10:29:10,8a40c8cc,1,"Lane Violation, Proximity Alert",19.472176195896512,0.8500000238418579,0.0,0.049332112073898315,-80.66744232177734,5.7691044844432326e-05,-0.0009525637348542086,-0.0109280776232481,1.4480007886886597,0.19402509927749634,9.80201530456543,-0.0026498171500861645,-0.003062274307012558,0.06698474287986755,5328,True,None,None,Driving,vehicle.audi.tt,-106.08858489990234,-6.153643608093262,-0.01087108626961708
2025-04-13 10:29:10,d2a94478,1,Proximity Alert,20.73915367190302,0.34999752044677734,0.0,-0.1312669962644577,100.84105682373047,-0.0002801714515499043,-0.000988175323514612,-0.0009769058087840676,3.548215866088867,-1.0660417079925537,9.801880836486816,0.016675710678100586,-0.002883210778236389,-0.39416369795799255,5480,True,None,None,Driving,vehicle.mercedes.coupe_2020,-110.003173828125,31.18854331970215,-0.0009769058087840676
2025-04-13 10:29:10,f06780bc,1,Proximity Alert,20.42310400014205,0.4787779450416565,0.0,0.11112479120492935,-58.39719772338867,0.00039067003305603976,-0.0008655227874529601,0.06768012791872025,0.0014882385730743408,0.919507622718811,9.802802085876465,0.013583553954958916,-0.0022109211422502995,0.18701694905757904,5792,True,None,None,Driving,vehicle.bmw.grandtourer,-96.34955596923828,-43.48918914794922,0.06768012791872025
2025-04-13 10:29:10,b586c13e,1,Proximity Alert,20.391946447065557,0.2568109929561615,0.0,0.027294665575027466,-65.14247131347656,0.00036567032140055744,-0.0009148339035114412,-0.02925933711230755,-0.7742906212806702,0.3117552399635315,9.84716510772705,0.007028191350400448,-0.00400241743773222,0.0681227296590805,5860,True,None,None,Driving,vehicle.harley-davidson.low_rider,-101.8388442993164,-40.706233978271484,-0.02925933711230755
2025-04-13 10:29:10,52097445,1,Proximity Alert,19.973692422213816,0.5781826972961426,0.0,-0.019172824919223785,84.09416198730469,-0.0007675294418021394,-0.000991119356667737,-0.004467811435461044,-0.08978068083524704,-0.11272215843200684,9.809412002563477,0.001703424146398902,0.0003714796621352434,-0.03168199211359024,4952,True,None,None,Driving,vehicle.ford.ambulance,-110.36180114746094,85.1653823852539,-0.004461326636373997
2025-04-13 10:29:10,d11af87e,1,Proximity Alert,18.354503315430623,0.36079227924346924,0.0,-0.10865432024002075,83.56065368652344,-0.0007787415229927319,-0.00102097200087822,0.0027080534491688013,-1.7944813966751099,-1.7007662057876587,9.80970573425293,-0.0156251173466444,0.018833745270967484,-0.03553580865263939,5008,True,None,None,Driving,vehicle.micro.microlino,-113.65408325195312,86.6891098022461,0.0027080534491688013
2025-04-13 10:29:10,a13f0ba8,1,Proximity Alert,20.46669168581339,0.26266640424728394,0.0,-0.04853057116270065,69.55631256103516,-0.0009360519690204683,-0.0009470841432102326,-0.0034451675601303577,0.027440473437309265,-0.17182062566280365,9.80922794342041,0.005777711048722267,-0.0005427661817520857,-0.06295298039913177,5660,True,None,None,Driving,vehicle.carlamotors.firetruck,-105.53482055664062,103.93705749511719,-0.0034466932993382215
2025-04-13 10:29:10,50837aa9,1,Proximity Alert,20.094376151320606,0.5866938233375549,0.0,-0.01641559973359108,72.43952178955078,-0.0008934943921019567,-0.0009953696177719142,-0.0004990768502466381,0.19212821125984192,-0.43204641342163086,9.77651596069336,0.01554110273718834,0.0006623659282922745,-0.05896133929491043,4736,True,None,None,Driving,vehicle.carlamotors.carlacola,-110.80403900146484,99.46334075927734,-0.0004990768502466381
2025-04-13 10:29:10,f9e35844,1,Proximity Alert,19.59000526331967,0.8142338395118713,0.0,-0.005265150219202042,0.27144816517829895,0.0005158017910105173,7.469954685321771e-05,-0.003452949458733201,-0.08465550094842911,-0.09962225705385208,9.810457229614258,-0.0005794198950752616,0.0003346598823554814,-0.0024994502309709787,6064,True,None,None,Driving,vehicle.carlamotors.european_hgv,8.315515518188477,-57.418792724609375,-0.003452949458733201
2025-04-13 10:29:10,2b28acec,1,Proximity Alert,20.293518719842247,0.3649817407131195,0.0,-0.21750900149345398,65.7140121459961,-0.00018254766925451804,-0.000974945062226029,-0.005193824879825115,0.3500469923019409,-2.2032158374786377,9.808633804321289,0.0018851918866857886,0.00032828544499352574,-0.4304010272026062,5480,True,None,None,Driving,vehicle.ford.mustang,-108.53038787841797,20.32111358642578,-0.005193824879825115
2025-04-13 10:29:10,aeb90d02,1,Proximity Alert,3.8108826855252417e-06,0.0,1.0,0.0034632051829248667,90.19268035888672,7.930805428202348e-05,-0.0010211678768152633,-0.007278022821992636,-1.045024509949144e-05,-3.328736966068391e-07,9.8100004196167,-7.788595013380473e-08,7.43718686635475e-09,1.7397273400533708e-13,5096,True,None,Red,Driving,vehicle.chevrolet.impala,-113.67588806152344,-8.828532218933105,-0.007278022821992636
2025-04-13 10:29:10,e7d42dde,1,Proximity Alert,0.0,0.0,1.0,0.0,90.68397521972656,8.101454970699251e-05,-0.00098936654802887,-0.004335365258157253,-0.007492824923247099,1.0450603440403938e-05,9.80999755859375,0.0,0.0,0.0,5668,True,None,Red,Driving,vehicle.lincoln.mkz_2020,-110.13578033447266,-9.018498420715332,-0.004335365258157253
2025-04-13 10:29:10,a44255fb,1,Proximity Alert,2.746943375457957e-07,0.0,1.0,-0.0010773526737466455,90.7647705078125,0.0001362550164571985,-0.0010201403163099835,0.03879783675074577,-1.5675366739742458e-05,-4.725734470412135e-08,9.8100004196167,-7.33100691263644e-08,-4.258740915474846e-08,7.056355825173222e-13,5152,True,None,None,Driving,vehicle.citroen.c3,-113.5615005493164,-15.167839050292969,0.03879783675074577
2025-04-13 10:29:11,f80b4529,1,Proximity Alert,19.83054638141354,0.8359196186065674,0.0,0.0006155604496598244,0.34481024742126465,-0.0012627034678871496,-0.00021661097788089762,-0.028992079198360443,2.3445963859558105,0.01732545718550682,9.84661865234375,0.00270699430257082,0.01824895851314068,-2.5848774384940043e-05,5712,True,None,None,Driving,vehicle.dodge.charger_police,-24.39582633972168,140.5618133544922,-0.02971469797194004
2025-04-13 10:29:11,a70c33c0,1,Proximity Alert,18.088266105683388,0.8500000238418579,0.0,0.0014079684624448419,0.2953486442565918,-0.0012311477036774932,-0.00023396460583788626,0.0028972625732421875,-0.22129808366298676,0.0016890900442376733,9.695183753967285,-0.0005740310298278928,0.009014463052153587,0.0027188495732843876,5460,True,None,None,Driving,vehicle.nissan.patrol,-26.04482078552246,137.0507354736328,0.0028972625732421875
2025-04-13 10:29:11,a7402aed,1,Proximity Alert,15.419972317204255,0.24086637794971466,0.0,0.0,-179.64927673339844,-0.001168234518431177,-0.000239869394932323,0.010687675327062607,-0.9345769882202148,0.02073090523481369,9.821752548217773,-2.5139263016171753e-05,0.004043092019855976,-0.007897703908383846,5532,True,None,None,Driving,vehicle.jeep.wrangler_rubicon,-26.702138900756836,130.04727172851562,0.010687675327062607
2025-04-13 10:29:11,b0233fcc,1,Proximity Alert,15.76511096827962,0.39970409870147705,0.0,0.0,-179.648193359375,-0.0011998065942435687,-0.0002181168512499371,0.04261848330497742,-0.31737324595451355,-0.01805397868156433,9.809835433959961,-2.407969077466987e-06,-7.933490996947512e-05,0.004162107594311237,5600,True,None,None,Driving,vehicle.mini.cooper_s,-24.280656814575195,133.56185913085938,0.04261848330497742
2025-04-13 10:29:11,745549c1,1,Proximity Alert,20.092375226113614,0.2796986699104309,0.0,-0.10726042091846466,-18.266088485717773,-0.0012140548209771396,0.000698013085480004,0.14178381860256195,-2.1417222023010254,-1.7807707786560059,9.805391311645508,0.0007633611094206572,0.00538969598710537,-0.1845032423734665,4980,True,None,None,Driving,vehicle.mercedes.coupe,77.70246124267578,135.14796447753906,0.14178381860256195
2025-04-13 10:29:11,2d359ce4,1,Proximity Alert,19.928551988450607,0.498129278421402,0.0,-0.01620461978018284,-89.47015380859375,1.684848538729966e-05,-0.0004073961109715392,-0.007347526494413614,0.4003889560699463,-0.186965674161911,9.772353172302246,6.505101919174194e-05,-0.009194315411150455,0.04143378883600235,5148,True,None,None,Driving,vehicle.audi.a2,-45.34889602661133,-2.1534483432769775,-0.007390250917524099
2025-04-13 10:29:11,d22ba8ea,1,Proximity Alert,15.562478991643843,0.8500000238418579,0.0,0.00017573311924934387,0.16286328434944153,-0.0002522821928749863,-0.00032559861436714203,-0.01946132630109787,1.6669059991836548,0.00029910539160482585,9.813311576843262,-2.950755742858746e-06,-0.0033905189484357834,-2.1314404875738546e-05,5520,True,None,None,Driving,vehicle.nissan.micra,-36.464237213134766,28.083295822143555,-0.01939006708562374
2025-04-13 10:29:11,8a40c8cc,1,"Lane Violation, Proximity Alert",21.047646078181643,0.12786081433296204,0.0,0.001219228026457131,-79.07904815673828,9.993300056976295e-05,-0.0009444853945115597,-0.011096115224063396,0.7991119027137756,-0.05705881118774414,9.824441909790039,7.465167436748743e-05,0.0008968056063167751,0.028204942122101784,5392,True,None,None,Driving,vehicle.audi.tt,-105.19528198242188,-10.836920738220215,-0.01109798438847065
2025-04-13 10:29:11,d2a94478,1,Proximity Alert,24.13499284708195,0.0,0.699999988079071,-0.03044809401035309,93.50346374511719,-0.00032424574764888803,-0.0009920516521091645,-0.0008521652198396623,-1.2995295524597168,-0.15645623207092285,9.792969703674316,0.004180680960416794,0.017710676416754723,-0.019161954522132874,5216,True,None,None,Driving,vehicle.mercedes.coupe_2020,-110.43468475341797,36.094871520996094,-0.0008521652198396623
2025-04-13 10:29:11,f06780bc,1,Proximity Alert,20.238171751990155,0.5823349952697754,0.0,0.10406061261892319,-51.69300842285156,0.00042494403854220764,-0.0008403347731064036,0.06788486242294312,-0.8687270879745483,1.1665594577789307,9.821573257446289,-0.0003714414779096842,0.009228218346834183,0.13844077289104462,5912,True,None,None,Driving,vehicle.bmw.grandtourer,-93.72454833984375,-47.09254837036133,0.06779003143310547
2025-04-13 10:29:11,b586c13e,1,Proximity Alert,19.952169897992437,0.5410564541816711,0.0,0.033154863864183426,-59.22639846801758,0.0004009098280306489,-0.0008954090143118517,-0.02942081354558468,-0.7205965518951416,0.2392609417438507,9.808059692382812,0.02277926355600357,-0.0015817489475011826,0.08242292702198029,5996,True,None,None,Driving,vehicle.harley-davidson.low_rider,-99.67647552490234,-44.62907791137695,-0.02942081354558468
2025-04-13 10:29:11,52097445,1,Proximity Alert,19.982576904092053,0.5895566940307617,0.0,-0.026408620178699493,80.5578384399414,-0.0008069373775327904,-0.0009849207536677352,-0.004472961183637381,0.0681200921535492,-0.1462681144475937,9.811647415161133,0.0032636176329106092,-0.0001970878802239895,-0.04367104545235634,5536,True,None,None,Driving,vehicle.ford.ambulance,-109.64087677001953,89.8278579711914,-0.004472961183637381
2025-04-13 10:29:11,d11af87e,1,Proximity Alert,18.861893629474796,0.6611617803573608,0.0,0.010102136060595512,79.64472198486328,-0.0008180754398239287,-0.0010141579444441216,0.002823219168931246,-0.47522032260894775,0.015736252069473267,9.818127632141113,0.006527838297188282,0.006170344073325396,0.02770722471177578,5392,True,None,None,Driving,vehicle.micro.microlino,-112.89554595947266,91.06774139404297,0.002823219168931246
2025-04-13 10:29:11,a13f0ba8,1,Proximity Alert,20.623960196864278,0.2644776999950409,0.0,-0.05237491801381111,65.73770904541016,-0.0009734947715145381,-0.0009304102897394453,-0.0034813308157026768,0.1762886345386505,-0.25648555159568787,9.808706283569336,0.006143623497337103,-9.31709073483944e-05,-0.06828924268484116,5536,True,None,None,Driving,vehicle.carlamotors.firetruck,-103.57279968261719,108.36894226074219,-0.0034813308157026768
2025-04-13 10:29:12,50837aa9,1,Proximity Alert,20.25436268207595,0.3792075216770172,0.0,-0.04091662913560867,69.4815673828125,-0.0009337908287534447,-0.0009814132859175381,-0.00208530412055552,0.33121615648269653,-0.2968555688858032,9.814230918884277,0.03198029845952988,-0.001434326171875,-0.10927711427211761,5632,True,None,None,Driving,vehicle.carlamotors.carlacola,-109.25042724609375,103.9491195678711,-0.00208530412055552
2025-04-13 10:29:12,f9e35844,1,Proximity Alert,19.752127779850895,0.6984596848487854,0.0,-0.0008793866727501154,0.10743162035942078,0.0005157171489997836,0.0001163952062619463,-0.0034889602102339268,0.10957799851894379,-0.007641781121492386,9.8099946975708,3.7136174796614796e-05,-0.0003102682821918279,0.0015080850571393967,5272,True,None,None,Driving,vehicle.carlamotors.european_hgv,12.95705509185791,-57.40937042236328,-0.0034889602102339268
2025-04-13 10:29:12,2b28acec,1,Proximity Alert,20.31684682990247,0.29466912150382996,0.0,-0.23191480338573456,42.571407318115234,-0.0002189758302932887,-0.0009442064529217185,-0.005192908924072981,0.06760972738265991,-2.301330327987671,9.807389259338379,-0.0002560991852078587,0.00018998939776793122,-0.44187071919441223,5552,True,None,None,Driving,vehicle.ford.mustang,-105.32968139648438,24.200191497802734,-0.005194129887968302
2025-04-13 10:29:12,aeb90d02,1,Proximity Alert,4.2915380120263475e-06,0.0,1.0,0.0034632051829248667,90.19268035888672,7.930805428202348e-05,-0.0010211678768152633,-0.007278022821992636,-1.045024509949144e-05,-3.328736966068391e-07,9.8100004196167,-7.649164501799532e-08,1.4832856720659038e-08,3.856265892547561e-13,5080,True,None,Red,Driving,vehicle.chevrolet.impala,-113.67588806152344,-8.828532218933105,-0.007278022821992636
2025-04-13 10:29:12,e7d42dde,1,Proximity Alert,0.0,0.0,1.0,0.0,90.68397521972656,8.101454970699251e-05,-0.00098936654802887,-0.004335365258157253,-0.007492824923247099,1.0450603440403938e-05,9.80999755859375,0.0,0.0,0.0,5732,True,None,Red,Driving,vehicle.lincoln.mkz_2020,-110.13578033447266,-9.018498420715332,-0.004335365258157253
2025-04-13 10:29:12,a44255fb,1,Proximity Alert,5.149889651523775e-07,0.0,1.0,-0.0010773526737466455,90.7647705078125,0.0001362550164571985,-0.0010201403163099835,0.03879783675074577,-1.5675366739742458e-05,-4.725734470412135e-08,9.8100004196167,-6.186688494835835e-08,-2.3154392181368166e-08,4.4570830316434384e-13,5060,True,None,None,Driving,vehicle.citroen.c3,-113.5615005493164,-15.167839050292969,0.03879783675074577
2025-04-13 10:29:12,f80b4529,1,Proximity Alert,21.298482690088907,0.0,0.25429654121398926,0.0,0.3358268439769745,-0.0012629676057116512,-0.0001741405444991817,-0.027694109827280045,2.0386557579040527,-0.05218641087412834,9.616451263427734,0.0003008124476764351,-0.006746047176420689,-0.010902464389801025,5352,True,None,None,Driving,vehicle.dodge.charger_police,-19.385236740112305,140.59291076660156,-0.027694109827280045
2025-04-13 10:29:12,a70c33c0,1,Proximity Alert,19.667824637013805,0.8500000238418579,0.0,0.006101061590015888,0.10593698918819427,-0.0012313997791295606,-0.00019119257971265776,0.001260681077837944,3.1405394077301025,0.023630032315850258,9.780647277832031,0.0011929989559575915,-0.04758044332265854,0.0004416423325892538,5412,True,None,None,Driving,vehicle.nissan.patrol,-21.28346061706543,137.07879638671875,0.001260681077837944
2025-04-13 10:29:12,a7402aed,1,Proximity Alert,19.959052797637927,0.8500000238418579,0.0,0.0,-179.63507080078125,-0.001168013421249725,-0.00027571124747637977,0.009538841433823109,4.6311845779418945,-0.024139713495969772,9.797994613647461,0.0003078223089687526,-0.010450846515595913,0.01939302869141102,5276,True,None,None,Driving,vehicle.jeep.wrangler_rubicon,-30.692035675048828,130.0226593017578,0.009538841433823109
2025-04-13 10:29:12,b0233fcc,1,Proximity Alert,14.704280506593483,0.3985070288181305,0.0,-0.0006155604496598244,-179.6458740234375,-0.001199596188669716,-0.00025224454946880514,0.04261764511466026,-0.25560763478279114,-0.0434340238571167,9.809870719909668,-2.9612047001137398e-05,-0.00011592534428928047,0.0052945492789149284,5380,True,None,None,Driving,vehicle.mini.cooper_s,-28.079734802246094,133.53843688964844,0.04261764511466026
2025-04-13 10:29:12,745549c1,1,Proximity Alert,19.79714721002355,0.7495215535163879,0.0,-0.14442229270935059,-25.58197784423828,-0.0011959940726740115,0.0007392364717614851,0.14177466928958893,0.5976680517196655,-1.578054428100586,9.801947593688965,-0.01475242804735899,-0.0022204613778740168,-0.17891551554203033,4840,True,None,None,Driving,vehicle.mercedes.coupe,82.29142761230469,133.137451171875,0.14177466928958893
2025-04-13 10:29:12,2d359ce4,1,Proximity Alert,20.238404372025524,0.42711785435676575,0.0,-0.001066182041540742,-90.0645751953125,6.701297979816445e-05,-0.000407321064032749,-0.007486381568014622,0.26793473958969116,-0.2105625867843628,9.790783882141113,-0.00015989458188414574,-0.005792977288365364,0.039544083178043365,5624,True,None,None,Driving,vehicle.audi.a2,-45.3427734375,-7.459850788116455,-0.007486381568014622
2025-04-13 10:29:12,d22ba8ea,1,Proximity Alert,20.864508499811382,0.0,0.040145423263311386,0.0,0.15123865008354187,-0.00025239978354818504,-0.0002821055550733818,-0.01862567849457264,-0.9026568531990051,-0.0013779188739135861,9.806278228759766,1.4515529073833022e-05,0.01149466261267662,0.00013957572809886187,5620,True,None,None,Driving,vehicle.nissan.micra,-31.691585540771484,28.09626007080078,-0.01871635392308235
2025-04-13 10:29:13,8a40c8cc,1,"Lane Violation, Proximity Alert",19.758817879702985,0.2513948082923889,0.0,-0.00017573311924934387,-79.01774597167969,0.00014434408268471088,-0.0009358648657371581,-0.010827445425093174,-2.4352622032165527,-0.08229339122772217,9.80537223815918,3.355985973030329e-05,0.002286149188876152,0.030392535030841827,5516,True,None,None,Driving,vehicle.audi.tt,-104.23155975341797,-15.80249309539795,-0.01088306400924921
2025-04-13 10:29:13,d2a94478,1,Proximity Alert,19.383277464349085,0.8500000238418579,0.0,-0.007569883484393358,91.5204849243164,-0.0003711103677801475,-0.0009937012455061883,-0.0009708785801194608,0.13018718361854553,-0.025423064827919006,9.811554908752441,0.0008834062609821558,-0.0014416666235774755,-0.01633220911026001,5348,True,None,None,Driving,vehicle.mercedes.coupe_2020,-110.61207580566406,41.04185104370117,-0.0009551620460115373
2025-04-13 10:29:13,f06780bc,1,Proximity Alert,19.731994860146116,0.5396854281425476,0.0,0.07933485507965088,-42.22782516479492,0.00045696218100488295,-0.0008087619434012217,0.06793098151683807,-0.3487686514854431,0.9420064091682434,9.811689376831055,-0.006464684382081032,0.004885808564722538,0.13946983218193054,4920,True,None,None,Driving,vehicle.bmw.grandtourer,-90.03096771240234,-50.868797302246094,0.06793098151683807
2025-04-13 10:29:13,b586c13e,1,Proximity Alert,20.796480782273026,0.2032313346862793,0.0,0.027545984834432602,-52.26670837402344,0.00043961280229609656,-0.0008681077604121838,-0.02951003983616829,1.062056303024292,0.22649753093719482,9.820440292358398,0.019956529140472412,-0.0002738754265010357,0.07154317200183868,4952,True,None,None,Driving,vehicle.harley-davidson.low_rider,-96.63731384277344,-48.93747329711914,-0.02951003983616829
2025-04-13 10:29:13,52097445,1,Proximity Alert,19.981009676001346,0.5873190760612488,0.0,-0.024845102801918983,76.55267333984375,-0.0008531784912264584,-0.0009745936095300325,-0.004469947889447212,0.03174712508916855,-0.14073419570922852,9.81126594543457,0.0027173173148185015,-0.00010201730765402317,-0.04108110070228577,4744,True,None,None,Driving,vehicle.ford.ambulance,-108.49126434326172,94.97539520263672,-0.004469947889447212
2025-04-13 10:29:13,d11af87e,1,Proximity Alert,18.735776976754064,0.8500000238418579,0.0,0.0175004955381155,75.49056243896484,-0.0008615403650651388,-0.0010040610127880593,0.0026865005493164062,-0.47942113876342773,0.04699069261550903,9.815028190612793,0.00888209417462349,0.005264310631901026,0.059712380170822144,5336,True,None,None,Driving,vehicle.micro.microlino,-111.8330078125,95.65696716308594,0.002700538607314229
2025-04-13 10:29:13,a13f0ba8,1,Proximity Alert,20.63495007389463,0.2093145251274109,0.0,-0.05400299280881882,61.67989730834961,-0.001016523670628544,-0.0009075860826247371,-0.0034614179749041796,-0.6690346002578735,-0.17073747515678406,9.816377639770508,0.006626601330935955,0.0007503130473196507,-0.06942607462406158,5104,True,None,None,Driving,vehicle.carlamotors.firetruck,-101.17411041259766,112.91195678710938,-0.003468818496912718
2025-04-13 10:29:13,50837aa9,1,Proximity Alert,20.04863702368955,0.5215632319450378,0.0,-0.06273026764392853,66.47006225585938,-0.0009778416684156355,-0.000962763881752114,-0.000825157156214118,0.12258971482515335,-0.16965562105178833,9.796839714050293,0.02968711219727993,-0.0033296803012490273,-0.15192820131778717,4800,True,None,None,Driving,vehicle.carlamotors.carlacola,-107.29276275634766,108.59910583496094,-0.0007153701735660434
2025-04-13 10:29:13,f9e35844,1,Proximity Alert,19.639812370272505,0.7124569416046143,0.0,0.00017573311924934387,0.02498517371714115,0.0005156926473830481,0.00016083463658165823,-0.0034654615446925163,-0.7686023712158203,0.0278119295835495,9.814723014831543,1.3334885125004803e-06,0.0009844389278441668,-0.0039575533010065556,5980,True,None,None,Driving,vehicle.carlamotors.european_hgv,17.904029846191406,-57.40664291381836,-0.0034654615446925163
2025-04-13 10:29:13,2b28acec,1,Proximity Alert,20.21940732348606,0.3334445059299469,0.0,-0.1280624270439148,22.49466323852539,-0.00023939719889654043,-0.0009065803165729142,-0.0051880646497011185,-0.31183597445487976,-1.280077338218689,9.810104370117188,0.0016700834967195988,0.00045188594958744943,-0.28440341353416443,5044,True,None,None,Driving,vehicle.ford.mustang,-100.92005920410156,26.649574279785156,-0.0051880646497011185
2025-04-13 10:29:13,aeb90d02,1,Proximity Alert,2.060012639665347e-07,0.0,1.0,0.0034632051829248667,90.19268035888672,7.930805428202348e-05,-0.0010211678768152633,-0.007278022821992636,-1.045024509949144e-05,-3.328736966068391e-07,9.8100004196167,3.403819448521972e-08,-7.413955671609074e-09,-2.770047917172863e-13,5064,True,None,Red,Driving,vehicle.chevrolet.impala,-113.67588806152344,-8.828532218933105,-0.007278022821992636
2025-04-13 10:29:13,e7d42dde,1,Proximity Alert,0.0,0.0,1.0,0.0,90.68397521972656,8.101454970699251e-05,-0.00098936654802887,-0.004335365258157253,-0.007492824923247099,1.0450603440403938e-05,9.80999755859375,0.0,0.0,0.0,5724,True,None,Red,Driving,vehicle.lincoln.mkz_2020,-110.13578033447266,-9.018498420715332,-0.004335365258157253
2025-04-13 10:29:13,a44255fb,1,Proximity Alert,5.836497179248785e-07,0.0,1.0,-0.0010773526737466455,90.7647705078125,0.0001362550164571985,-0.0010201403163099835,0.03879783675074577,-1.5675366739742458e-05,-4.725734470412135e-08,9.8100004196167,-7.95530130659472e-09,-7.76127073720545e-09,2.9583323638004977e-13,4972,True,None,None,Driving,vehicle.citroen.c3,-113.5615005493164,-15.167839050292969,0.03879783675074577
2025-04-13 10:29:13,f80b4529,1,Proximity Alert,22.84898527904846,0.0,0.699999988079071,0.0,0.362809419631958,-0.001263238734182437,-0.000128600708454951,-0.027534693479537964,1.7323774099349976,0.00697780167683959,9.583842277526855,-0.0002168455976061523,-0.0070550753735005856,-0.0006276452913880348,5208,True,None,None,Driving,vehicle.dodge.charger_police,-14.315765380859375,140.6230926513672,-0.027534693479537964
2025-04-13 10:29:13,a70c33c0,1,Proximity Alert,19.978533586141257,0.49659374356269836,0.0,0.004600026179105043,0.2607404887676239,-0.0012316016862428114,-0.0001454467072668398,0.001886291429400444,-0.5218947529792786,0.05040832608938217,9.795957565307617,-0.00014887354336678982,0.004227296449244022,0.013147708028554916,5292,True,None,None,Driving,vehicle.nissan.patrol,-16.19105339050293,137.1012725830078,0.001886291429400444
2025-04-13 10:29:13,a7402aed,1,Proximity Alert,20.153899740678924,0.5303390622138977,0.0,0.0,-179.642333984375,-0.001167713370563206,-0.00032351015058423404,0.01077198050916195,0.9125614166259766,-0.010692700743675232,9.80518913269043,6.014641257934272e-06,-0.007102415431290865,0.00011064066347898915,5244,True,None,None,Driving,vehicle.jeep.wrangler_rubicon,-35.73115539550781,129.99102783203125,0.010864600539207458
2025-04-13 10:29:13,b0233fcc,1,Proximity Alert,19.948558650977308,0.8424031138420105,0.0,0.0,-179.6724395751953,-0.001199352885805638,-0.0002924189234716354,0.042803727090358734,0.013136382214725018,-0.050061896443367004,9.811022758483887,6.710871821269393e-05,0.0012860771967098117,0.05498740077018738,5444,True,None,None,Driving,vehicle.mini.cooper_s,-32.2772102355957,133.51300048828125,0.0428197868168354
2025-04-13 10:29:14,745549c1,1,Proximity Alert,20.810865292609822,0.02943539433181286,0.0,-0.14449357986450195,-33.37971878051758,-0.001172209881573849,0.0007781895339385242,0.14161022007465363,-0.014590516686439514,-1.5586601495742798,9.827357292175293,-0.013342906720936298,0.003523403313010931,-0.18278788030147552,4700,True,None,None,Driving,vehicle.mercedes.coupe,86.6276626586914,130.48980712890625,0.14161022007465363
2025-04-13 10:29:14,2d359ce4,1,Proximity Alert,20.215438417792054,0.4432187080383301,0.0,0.0015857130056247115,-89.95726776123047,0.00011215942338083096,-0.00040732438802958126,-0.007461051922291517,0.28738272190093994,-0.17844480276107788,9.788023948669434,-0.0002742139622569084,-0.006298095919191837,0.04636508971452713,5152,True,None,None,Driving,vehicle.audi.a2,-45.343143463134766,-12.485529899597168,-0.007461051922291517
2025-04-13 10:29:14,d22ba8ea,1,Proximity Alert,16.45141587911893,0.8500000238418579,0.0,-0.0006155604496598244,0.15446095168590546,-0.00025249886950007294,-0.0002453601922151048,-0.019422415643930435,1.6222009658813477,0.00682490412145853,9.81387710571289,0.00019851773686241359,-0.0038504088297486305,-0.00029740409809164703,5924,True,None,None,Driving,vehicle.nissan.micra,-27.54443359375,28.107444763183594,-0.01934238336980343
2025-04-13 10:29:14,8a40c8cc,1,"Lane Violation, Proximity Alert",19.28411374046747,0.8500000238418579,0.0,-0.018057288601994514,-82.13890075683594,0.00018829832082190023,-0.0009288305345439074,-0.010887260548770428,0.7374410629272461,-0.13738572597503662,9.802715301513672,0.0009999842150136828,-0.002432694658637047,-0.009308693930506706,5652,True,None,None,Driving,vehicle.audi.tt,-103.43174743652344,-20.694194793701172,-0.010843925178050995
2025-04-13 10:29:14,d2a94478,1,Proximity Alert,19.122132199019102,0.8500000238418579,0.0,-0.016793260350823402,91.48470306396484,-0.00041460452364106004,-0.0009946686313884018,-0.0009344482095912099,4.061757564544678,-0.2017059326171875,9.77804946899414,-0.0005210656672716141,-0.009480873122811317,-0.03124106675386429,5172,True,None,None,Driving,vehicle.mercedes.coupe_2020,-110.72600555419922,46.153564453125,-0.0009344482095912099
2025-04-13 10:29:14,f06780bc,1,Proximity Alert,19.926518121588416,0.46842706203460693,0.0,0.05858251824975014,-32.81465148925781,0.00048472091280871155,-0.0007701924087762099,0.06767886877059937,0.7491399049758911,1.3311419486999512,9.792635917663574,0.019822612404823303,-0.007564470637589693,0.23390904068946838,5872,True,None,None,Driving,vehicle.bmw.grandtourer,-85.97703552246094,-53.814056396484375,0.067758709192276
2025-04-13 10:29:14,b586c13e,1,Proximity Alert,20.63285719674961,0.13220782577991486,0.0,0.1329793483018875,-43.91279983520508,0.000473011191616024,-0.0008369082463924723,-0.029452553018927574,-0.5566949248313904,2.073434352874756,9.834096908569336,-0.07377076894044876,-0.006781511940062046,0.33619311451911926,4932,True,None,None,Driving,vehicle.harley-davidson.low_rider,-93.16419982910156,-52.655364990234375,-0.029452553018927574
2025-04-13 10:29:14,52097445,1,Proximity Alert,19.977807337988263,0.5875287652015686,0.0,-0.027685251086950302,72.6494140625,-0.0008962117080955068,-0.0009618325458149267,-0.004471244756132364,0.021525166928768158,-0.16146352887153625,9.810972213745117,0.0036140254233032465,-9.253621101379395e-06,-0.04574721306562424,4840,True,None,None,Driving,vehicle.ford.ambulance,-107.07070922851562,99.76583099365234,-0.004471244756132364
2025-04-13 10:29:14,d11af87e,1,Proximity Alert,18.63934313715337,0.34466058015823364,0.0,0.02226237952709198,71.31173706054688,-0.0009020630391063378,-0.000992021496261614,0.002858657855540514,-0.3768729567527771,0.01974429190158844,9.806619644165039,0.012153944000601768,0.005353513173758984,0.030964989215135574,4876,True,None,None,Driving,vehicle.micro.microlino,-110.43132781982422,100.41719818115234,0.002858657855540514
2025-04-13 10:29:14,a13f0ba8,1,Proximity Alert,20.506926876566965,0.16964466869831085,0.0,-0.06863629072904587,56.91862487792969,-0.0010532447203388529,-0.00088416650312896,-0.0034836195409297943,-0.1111394539475441,-0.20302338898181915,9.81235408782959,0.00874014850705862,0.0005813490133732557,-0.10272381454706192,5296,True,None,None,Driving,vehicle.carlamotors.firetruck,-98.42496490478516,117.24666595458984,-0.0034836195409297943
2025-04-13 10:29:14,50837aa9,1,Proximity Alert,20.22152506817632,0.4952659606933594,0.0,-0.05562954396009445,61.9801025390625,-0.001016032815684298,-0.0009436585760005415,-0.001099281245842576,0.2767156958580017,-0.33774811029434204,9.784821510314941,0.020408187061548233,-0.003112019971013069,-0.13336996734142303,5416,True,None,None,Driving,vehicle.carlamotors.carlacola,-105.04759216308594,113.10425567626953,-0.001099281245842576
2025-04-13 10:29:14,f9e35844,1,Proximity Alert,19.68598721040159,0.569520115852356,0.0,-0.0006948008667677641,-0.002349853515625,0.0005156930928649217,0.00020508949084015616,-0.0035100174136459827,-0.4484645128250122,-0.002592064207419753,9.816054344177246,-3.501141327433288e-05,0.0006205678801052272,-0.0004813197592739016,5140,True,None,None,Driving,vehicle.carlamotors.european_hgv,22.83045768737793,-57.40669250488281,-0.0035100174136459827
2025-04-13 10:29:14,2b28acec,1,Proximity Alert,20.181397522861644,0.363475501537323,0.0,-0.13619284331798553,7.02703857421875,-0.00024945319742641914,-0.0008623231149558285,-0.0051866150461137295,-0.2734200358390808,-1.3632216453552246,9.80953311920166,0.0016553854802623391,0.0004241765127517283,-0.29130035638809204,5020,True,None,None,Driving,vehicle.ford.mustang,-95.99337005615234,27.76900291442871,-0.0051866150461137295
2025-04-13 10:29:14,aeb90d02,1,Proximity Alert,2.403265711254344e-07,0.0,1.0,0.0034632051829248667,90.19268035888672,7.930805428202348e-05,-0.0010211678768152633,-0.007278022821992636,-1.045024509949144e-05,-3.328736966068391e-07,9.8100004196167,7.251056644008713e-08,-3.519105007399048e-09,5.095107482081494e-14,5900,True,None,Red,Driving,vehicle.chevrolet.impala,-113.67588806152344,-8.828532218933105,-0.007278022821992636
2025-04-13 10:29:14,e7d42dde,1,Proximity Alert,0.0,0.0,1.0,0.0,90.68397521972656,8.101454970699251e-05,-0.00098936654802887,-0.004335365258157253,-0.007492824923247099,1.0450603440403938e-05,9.80999755859375,0.0,0.0,0.0,5272,True,None,Red,Driving,vehicle.lincoln.mkz_2020,-110.13578033447266,-9.018498420715332,-0.004335365258157253
2025-04-13 10:29:14,a44255fb,1,Proximity Alert,6.86646967375128e-07,0.0,1.0,-0.0010773526737466455,90.7647705078125,0.0001362550164571985,-0.0010201403163099835,0.03879783675074577,-1.5675366739742458e-05,-4.725734470412135e-08,9.8100004196167,-2.9170998061545106e-08,-1.450390740842522e-08,3.643321538557287e-13,5924,True,None,None,Driving,vehicle.citroen.c3,-113.5615005493164,-15.167839050292969,0.03879783675074577
2025-04-13 10:29:14,f80b4529,1,Proximity Alert,19.253453555618616,0.8500000238418579,0.0,0.0,0.34837806224823,-0.0012634975261960335,-8.701647147612025e-05,-0.029117297381162643,2.753401756286621,0.040503356605768204,9.879111289978027,0.0005781070794910192,0.02032790333032608,-0.029555175453424454,5872,True,None,None,Driving,vehicle.dodge.charger_police,-9.686629295349121,140.6519012451172,-0.029117297381162643
2025-04-13 10:29:14,a70c33c0,1,Proximity Alert,20.154082024804158,0.5483202934265137,0.0,0.0006155604496598244,0.40626537799835205,-0.0012318980359822262,-0.00010236289366554617,0.0017764281947165728,0.18216872215270996,0.013743395917117596,9.789481163024902,0.00042011149344034493,-0.006469000596553087,0.0006849493947811425,5796,True,None,None,Driving,vehicle.nissan.patrol,-11.39498519897461,137.13426208496094,0.0017764281947165728
2025-04-13 10:29:15,a7402aed,1,Proximity Alert,20.417680335498392,0.348771333694458,0.0,0.0,-179.6513214111328,-0.0011674655443272286,-0.0003639539739385288,0.010691871866583824,-0.048303063958883286,0.00031619114452041686,9.820978164672852,4.201414412818849e-05,0.0005988925695419312,2.612121170386672e-05,5664,True,None,None,Driving,vehicle.jeep.wrangler_rubicon,-40.51517105102539,129.961669921875,0.010691871866583824
2025-04-13 10:29:15,b0233fcc,1,Proximity Alert,19.868534493550865,0.8500000238418579,0.0,-0.00017573311924934387,-179.67527770996094,-0.0011991204116412746,-0.00032996943032550374,0.042778242379426956,0.4750387966632843,0.06730622053146362,9.808599472045898,-2.0334286091383547e-05,-0.0011104453587904572,-0.055205367505550385,5272,True,None,None,Driving,vehicle.mini.cooper_s,-36.73202896118164,133.4854736328125,0.042778242379426956
2025-04-13 10:29:15,745549c1,1,Proximity Alert,20.127436673923366,0.26963913440704346,0.0,-0.06027789041399956,-40.348751068115234,-0.0011469618982289376,0.0008097028743808113,0.14177066087722778,-1.8550935983657837,-0.4037475883960724,9.810101509094238,0.004545494914054871,0.004919689614325762,-0.11639564484357834,4740,True,None,None,Driving,vehicle.mercedes.coupe,90.13571166992188,127.67921447753906,0.14177066087722778
2025-04-13 10:29:15,2d359ce4,1,Proximity Alert,20.20358092173988,0.45804470777511597,0.0,0.0025085345841944218,-89.77368927001953,0.00015228752700124915,-0.0004072041073194655,-0.0074520111083984375,0.33139559626579285,-0.16007152199745178,9.786293983459473,-0.0003695082850754261,-0.0068987393751740456,0.04863838851451874,5676,True,None,None,Driving,vehicle.audi.a2,-45.32975387573242,-16.95256996154785,-0.0074520111083984375
2025-04-13 10:29:15,d22ba8ea,1,Proximity Alert,20.871690811513584,0.0,0.020438633859157562,0.0,0.15120400488376617,-0.00025260506605206956,-0.00020579748503142322,-0.018637657165527344,-0.16829055547714233,0.0016763991443440318,9.750536918640137,2.442622098897118e-05,0.002671959111467004,3.793120413320139e-05,5840,True,None,None,Driving,vehicle.nissan.micra,-23.19716453552246,28.119108200073242,-0.01871993951499462
2025-04-13 10:29:15,8a40c8cc,1,Proximity Alert,20.55284296348679,0.7951475381851196,0.0,0.04596638306975365,-82.210205078125,0.00022819678596874837,-0.0009234605319913701,-0.011109352111816406,3.287562370300293,0.7994877099990845,9.808269500732422,0.0014862206298857927,-0.0032173958607017994,0.09615202993154526,5320,True,None,None,Driving,vehicle.audi.tt,-102.84278869628906,-25.115522384643555,-0.011032676324248314
2025-04-13 10:29:15,d2a94478,1,Proximity Alert,13.200324821497421,0.8500000238418579,0.0,-0.00315560819581151,90.8232650756836,-0.0004580586887499294,-0.0009953552252083106,-0.0018600082257762551,-18.69178581237793,-0.03607940673828125,9.749448776245117,-3.382936120033264e-05,0.008159654214978218,-0.0033371762838214636,5056,True,None,None,Driving,vehicle.mercedes.coupe_2020,-110.80023193359375,50.82777786254883,-0.0016292190412059426
2025-04-13 10:29:15,f06780bc,1,Proximity Alert,18.239153171203306,0.5541098713874817,0.0,0.1527271866798401,-24.266855239868164,0.0005012161271622517,-0.0007372897747300725,0.06840118020772934,-1.5461387634277344,1.4072165489196777,9.817267417907715,0.015206297859549522,0.007060385774821043,0.12962254881858826,4984,True,None,None,Driving,vehicle.bmw.grandtourer,-82.07472229003906,-55.79512405395508,0.06840118020772934
2025-04-13 10:29:15,b586c13e,1,Proximity Alert,19.83124235907295,0.6311759352684021,0.0,0.13713359832763672,-36.08291244506836,0.0004981150094636178,-0.0008058336735320437,-0.029420584440231323,-0.29044321179389954,2.0872368812561035,9.835615158081055,-0.06797826290130615,-0.0039271460846066475,0.342679888010025,6124,True,None,None,Driving,vehicle.harley-davidson.low_rider,-89.70499420166016,-55.44990921020508,-0.029420584440231323
2025-04-13 10:29:15,52097445,1,Proximity Alert,19.979297657123066,0.5797585248947144,0.0,-0.03327912092208862,68.96115112304688,-0.0009336342239549822,-0.000947975317041364,-0.004466285463422537,-0.03410930186510086,-0.17087268829345703,9.810383796691895,0.004328788258135319,0.00017048255540430546,-0.05019321292638779,4960,True,None,None,Driving,vehicle.ford.ambulance,-105.52812957763672,103.93168640136719,-0.004466285463422537
2025-04-13 10:29:15,d11af87e,1,Proximity Alert,20.199759271921078,0.19044803082942963,0.0,0.008002342656254768,67.7964096069336,-0.0009407679323771845,-0.000977950914866632,0.0031993102747946978,-0.19793671369552612,-0.0947464182972908,9.801513671875,0.008480316027998924,0.008646518923342228,-0.07608333230018616,5220,True,None,None,Driving,vehicle.micro.microlino,-108.96991729736328,104.46365356445312,0.003284034552052617
2025-04-13 10:29:15,a13f0ba8,1,Proximity Alert,20.38740992117921,0.18946565687656403,0.0,-0.14433041214942932,52.51408386230469,-0.0010900648731109186,-0.0008562199140917135,-0.003440971253439784,-0.10238325595855713,-1.8922725915908813,9.80501937866211,-0.0043006520718336105,0.0006610144628211856,-0.12649214267730713,5268,True,None,None,Driving,vehicle.carlamotors.firetruck,-95.4982681274414,121.12923431396484,-0.003466453403234482
2025-04-13 10:29:15,50837aa9,1,Proximity Alert,19.914871431432545,0.5551912188529968,0.0,-0.09674049913883209,58.598388671875,-0.0010529334982862792,-0.000921968091681694,-0.0010143661638721824,-0.7130545973777771,-0.7733627557754517,9.828042030334473,-0.04507496580481529,0.009262269362807274,-0.15505638718605042,4924,True,None,None,Driving,vehicle.carlamotors.carlacola,-102.63301849365234,117.21202087402344,-0.0010143661638721824
2025-04-13 10:29:15,f9e35844,1,Proximity Alert,19.828376328551375,0.6126143932342529,0.0,0.0,-0.01568603515625,0.0005157051551947234,0.0002468836450725458,-0.003505973843857646,-0.28167152404785156,0.024922657757997513,9.81405258178711,2.6159765184274875e-05,2.069983383989893e-05,-0.007174694910645485,6148,True,None,None,Driving,vehicle.carlamotors.european_hgv,27.482961654663086,-57.40803527832031,-0.003505973843857646
2025-04-13 10:29:16,2b28acec,1,Proximity Alert,20.403809907967254,0.44326770305633545,0.0,-0.012122740969061852,0.6836259961128235,-0.00025087396619483116,-0.0008192718730966902,-0.0051989746280014515,0.19839724898338318,-0.1378304809331894,9.809001922607422,8.10970232123509e-05,-0.00029545449069701135,-0.033717840909957886,5488,True,None,None,Driving,vehicle.ford.mustang,-91.200927734375,27.927162170410156,-0.0051989746280014515
2025-04-13 10:29:16,aeb90d02,1,Proximity Alert,1.1672993156222096e-06,0.0,1.0,0.0034632051829248667,90.19268035888672,7.930805428202348e-05,-0.0010211678768152633,-0.007278022821992636,-1.045024509949144e-05,-3.328736966068391e-07,9.8100004196167,-2.482023475636197e-09,1.0007402018175071e-08,4.1695057237563227e-13,5868,True,None,Red,Driving,vehicle.chevrolet.impala,-113.67588806152344,-8.828532218933105,-0.007278022821992636
2025-04-13 10:29:16,e7d42dde,1,Proximity Alert,0.0,0.0,1.0,0.0,90.68397521972656,8.101454970699251e-05,-0.00098936654802887,-0.004335365258157253,-0.007492824923247099,1.0450603440403938e-05,9.80999755859375,0.0,0.0,0.0,5252,True,None,Red,Driving,vehicle.lincoln.mkz_2020,-110.13578033447266,-9.018498420715332,-0.004335365258157253
2025-04-13 10:29:16,a44255fb,1,Proximity Alert,7.553111811440868e-07,0.0,1.0,-0.0010773526737466455,90.7647705078125,0.0001362550164571985,-0.0010201403163099835,0.03879783675074577,-1.5675366739742458e-05,-4.725734470412135e-08,9.8100004196167,-5.261031787995307e-08,8.942851792426154e-09,4.657769802447406e-15,5824,True,None,None,Driving,vehicle.citroen.c3,-113.5615005493164,-15.167839050292969,0.03879783675074577
2025-04-13 10:29:16,f80b4529,1,Proximity Alert,21.406728373815525,0.4387475550174713,0.0,0.0010462671052664518,0.3991137742996216,-0.0012637685176031255,-4.336221975350075e-05,-0.027955779805779457,4.358335494995117,0.11190591752529144,9.840523719787598,-0.0006776357186026871,0.022877048701047897,-0.0018650282872840762,5788,True,None,None,Driving,vehicle.dodge.charger_police,-4.827060222625732,140.68206787109375,-0.027955779805779457
2025-04-13 10:29:16,a70c33c0,1,Proximity Alert,20.371995879834415,0.43899184465408325,0.0,0.0,0.39275768399238586,-0.0012322190586786519,-5.6713631302917376e-05,0.0015360260149464011,0.4342590570449829,0.007044277153909206,9.804443359375,8.574362436775118e-05,-0.007846140302717686,-7.417333108605817e-05,5732,True,None,None,Driving,vehicle.nissan.patrol,-6.313332557678223,137.1699981689453,0.0015360260149464011
2025-04-13 10:29:16,a7402aed,1,Proximity Alert,20.081223236998422,0.4549286961555481,0.0,0.0,-179.6516571044922,-0.0011672045591808455,-0.0004068193803871378,0.01085941307246685,-0.43539199233055115,-0.002362860832363367,9.809532165527344,-4.2513311200309545e-06,0.0034079868346452713,-7.228758477140218e-05,5280,True,None,None,Driving,vehicle.jeep.wrangler_rubicon,-45.28692626953125,129.9326171875,0.01085941307246685
2025-04-13 10:29:16,b0233fcc,1,Proximity Alert,20.061692075228688,0.8500000238418579,0.0,0.0,-179.6783447265625,-0.0011988448968480725,-0.0003749179204796737,0.04277099668979645,1.325480580329895,0.06755521148443222,9.808342933654785,-1.7086211300920695e-05,-0.0015121723990887403,-0.05158954858779907,5420,True,None,None,Driving,vehicle.mini.cooper_s,-41.73567199707031,133.45480346679688,0.04277099668979645
2025-04-13 10:29:16,745549c1,1,Proximity Alert,19.786707937830514,0.7807894349098206,0.0,-0.058996327221393585,-47.638553619384766,-0.001114863808481914,0.0008412381463485895,0.14177608489990234,0.7853348255157471,-0.4226249158382416,9.800431251525879,0.0035303798504173756,-0.0030444031581282616,-0.11141439527273178,4804,True,None,None,Driving,vehicle.mercedes.coupe,93.64620208740234,124.10607147216797,0.14177608489990234
2025-04-13 10:29:16,2d359ce4,1,Proximity Alert,20.254201642832452,0.435384064912796,0.0,0.0006754040368832648,-89.65411376953125,0.00019492590790548547,-0.0004069400723133566,-0.007475089747458696,0.35219794511795044,-0.17841067910194397,9.79183578491211,4.1711144149303436e-05,-0.0064461869187653065,0.04369531571865082,5560,True,None,None,Driving,vehicle.audi.a2,-45.298744201660156,-21.979089736938477,-0.007515754550695419
2025-04-13 10:29:16,d22ba8ea,1,Proximity Alert,16.402573299856417,0.8500000238418579,0.0,-0.00017573311924934387,0.16079272329807281,-0.0002527000741139318,-0.00017119000042442663,-0.01933925598859787,1.6164823770523071,-0.0032862902153283358,9.814001083374023,-1.154935216618469e-05,-0.003871765686199069,-0.0001729868963593617,5892,True,None,None,Driving,vehicle.nissan.micra,-19.05678367614746,28.130443572998047,-0.01933925598859787
2025-04-13 10:29:16,8a40c8cc,1,Proximity Alert,20.75648377481855,0.0,0.0558137521147728,0.054338183254003525,-77.74356842041016,0.0002729008252941867,-0.0009148755048738573,-0.010971412062644958,-1.8755173683166504,0.09959352016448975,9.815714836120605,-0.0030561992898583412,0.003598621115088463,0.13765370845794678,5204,True,None,None,Driving,vehicle.audi.tt,-101.90991973876953,-30.102025985717773,-0.011042861267924309
2025-04-13 10:29:16,d2a94478,1,Proximity Alert,22.454548518398333,0.6756806969642639,0.0,-0.0003670363512355834,90.7154769897461,-0.0004966357966083024,-0.000995839843385649,-0.0007481384091079235,11.043374061584473,-0.017332077026367188,9.77250862121582,-2.475827932357788e-05,-0.01688319630920887,-0.0014174391981214285,4952,True,None,None,Driving,vehicle.mercedes.coupe_2020,-110.85237884521484,54.95840072631836,-0.0008256912115029991
2025-04-13 10:29:16,f06780bc,1,Proximity Alert,9.418956767854793,0.8500000238418579,0.0,0.1540147364139557,-16.510480880737305,0.0005122592670829818,-0.0007038267902076351,0.07020092010498047,-2.557864189147949,0.5882080793380737,9.731900215148926,0.012988617643713951,-0.01444870326668024,0.11213760823011398,4980,True,None,None,Driving,vehicle.bmw.grandtourer,-78.34963989257812,-57.02444076538086,0.07020092010498047
2025-04-13 10:29:16,b586c13e,1,Proximity Alert,20.06247365562262,0.2956051230430603,0.0,0.08942855894565582,-27.217182159423828,0.000521568034528741,-0.0007662417871390562,-0.02937522903084755,-0.8798716068267822,1.8259549140930176,9.831212043762207,-0.04119015485048294,-0.0035572578199207783,0.2187012881040573,4940,True,None,None,Driving,vehicle.harley-davidson.low_rider,-85.29764556884766,-58.06068801879883,-0.02937522903084755
2025-04-13 10:29:16,52097445,1,Proximity Alert,19.98298487293805,0.5763910412788391,0.0,-0.036225900053977966,65.16654968261719,-0.0009746327435635749,-0.0009297065619152465,-0.004467315506190062,-0.04581420123577118,-0.18551310896873474,9.810224533081055,0.005063678603619337,0.00026368768885731697,-0.054559316486120224,4916,True,None,None,Driving,vehicle.ford.ambulance,-103.61503601074219,108.24568939208984,-0.004462699871510267
2025-04-13 10:29:17,d11af87e,1,Proximity Alert,20.204350996156403,0.6489307880401611,0.0,-0.017699606716632843,64.7323226928711,-0.0009774044086157119,-0.0009623118867189438,0.002940597478300333,0.136373370885849,-0.27670636773109436,9.80945873260498,-0.0027255809400230646,-0.0004148856969550252,-0.20549984276294708,5216,True,None,None,Driving,vehicle.micro.microlino,-107.12406921386719,108.80416107177734,0.002940597478300333
2025-04-13 10:29:17,a13f0ba8,1,"Lane Violation, Proximity Alert",20.67741019760333,0.29549890756607056,0.0,-0.07834535092115402,46.53676223754883,-0.0011198453488958648,-0.0008281087015412487,-0.003483467036858201,0.6763857007026672,-0.3262438476085663,9.805586814880371,0.004424090962857008,-0.0006507713114842772,-0.1057085320353508,5384,True,None,None,Driving,vehicle.carlamotors.firetruck,-92.18463897705078,124.66061401367188,-0.003483467036858201
2025-04-13 10:29:17,50837aa9,1,Proximity Alert,20.009121354949432,0.5632466673851013,0.0,-0.10061104595661163,54.340980529785156,-0.0010898484363650596,-0.0008958724548598876,-0.000998268136754632,-0.30607447028160095,-1.667048454284668,9.814672470092773,-0.05379214882850647,-0.0004402138292789459,-0.08833179622888565,5576,True,None,None,Driving,vehicle.carlamotors.carlacola,-99.89875030517578,121.1018295288086,-0.0010186386061832309
2025-04-13 10:29:17,f9e35844,1,Proximity Alert,19.703070758334714,0.69276362657547,0.0,0.0,-0.02014159969985485,0.0005157188624167475,0.00028872308447827394,-0.0034779738634824753,-0.589823305606842,-0.017775211483240128,9.81544303894043,-2.373289862589445e-05,0.0006684105610474944,-0.0033366112038493156,6100,True,None,None,Driving,vehicle.carlamotors.european_hgv,32.140506744384766,-57.40956115722656,-0.0034779738634824753
2025-04-13 10:29:17,2b28acec,1,Proximity Alert,20.251618304252258,0.3213072419166565,0.0,0.0002485241857357323,0.16062119603157043,-0.0002510534962851807,-0.0007761699145848534,-0.005198783706873655,-0.21747809648513794,0.0006036550039425492,9.811205863952637,2.3610062271472998e-05,0.00032623816514387727,-0.0008401707746088505,5148,True,None,None,Driving,vehicle.ford.mustang,-86.40283966064453,27.947147369384766,-0.005198783706873655
2025-04-13 10:29:17,aeb90d02,1,Proximity Alert,1.1673018737187425e-06,0.0,1.0,0.0034632051829248667,90.19268035888672,7.930805428202348e-05,-0.0010211678768152633,-0.007278022821992636,-1.045024509949144e-05,-3.328736966068391e-07,9.8100004196167,-2.4775589579917323e-08,-2.596859616232905e-09,-1.772585984244346e-13,5144,True,None,Red,Driving,vehicle.chevrolet.impala,-113.67588806152344,-8.828532218933105,-0.007278022821992636
2025-04-13 10:29:17,e7d42dde,1,Proximity Alert,0.0,0.0,1.0,0.0,90.68397521972656,8.101454970699251e-05,-0.00098936654802887,-0.004335365258157253,-0.007492824923247099,1.0450603440403938e-05,9.80999755859375,0.0,0.0,0.0,5740,True,None,Red,Driving,vehicle.lincoln.mkz_2020,-110.13578033447266,-9.018498420715332,-0.004335365258157253
2025-04-13 10:29:17,a44255fb,1,Proximity Alert,8.583086946157728e-07,0.0,1.0,-0.0010773526737466455,90.7647705078125,0.0001362550164571985,-0.0010201403163099835,0.03879783675074577,-1.5675366739742458e-05,-4.725734470412135e-08,9.8100004196167,6.706894595254198e-08,1.2427499029854516e-08,4.3901714945684955e-13,5196,True,None,None,Driving,vehicle.citroen.c3,-113.5615005493164,-15.167839050292969,0.03879783675074577
2025-04-13 10:29:17,f80b4529,1,Proximity Alert,21.86221478178711,0.2246624231338501,0.0,0.0006155604496598244,0.40387848019599915,-0.0012640732287252376,-9.653345537075694e-07,-0.028445014730095863,3.4225287437438965,-0.017590666189789772,9.91472339630127,-0.0009857015684247017,0.026874998584389687,0.0029608733020722866,5500,True,None,None,Driving,vehicle.dodge.charger_police,-0.10746055096387863,140.7159881591797,-0.028445014730095863
2025-04-13 10:29:17,a70c33c0,1,Proximity Alert,20.355451961866603,0.33428236842155457,0.0,0.0003670363512355834,0.42253339290618896,-0.0012325256888345848,-1.3582812702604674e-05,0.0014698790619149804,0.0499240942299366,0.014957446604967117,9.817595481872559,0.00011281584738753736,-4.759111106977798e-05,0.0009106911602430046,5680,True,None,None,Driving,vehicle.nissan.patrol,-1.5120317935943604,137.20413208007812,0.0014698790619149804
2025-04-13 10:29:17,a7402aed,1,Proximity Alert,20.20159687525771,0.4530976414680481,0.0,0.0,-179.6478271484375,-0.0011669105396521218,-0.00045471639280355664,0.010786056518554688,0.377328485250473,0.02275502122938633,9.808453559875488,0.00027979249716736376,-0.0029645462054759264,0.0016421902691945434,5308,True,None,None,Driving,vehicle.jeep.wrangler_rubicon,-50.33720779418945,129.90167236328125,0.010822715237736702
2025-04-13 10:29:17,b0233fcc,1,Proximity Alert,20.616655455156664,0.5665262937545776,0.0,-0.0002485241857357323,-179.669189453125,-0.0011985529334026523,-0.00042253551155413123,0.04275672882795334,0.6092251539230347,-0.07381986826658249,9.811973571777344,1.5480176443816163e-05,0.0006424203747883439,0.05342712253332138,5488,True,None,None,Driving,vehicle.mini.cooper_s,-46.751869201660156,133.42398071289062,0.042758140712976456
2025-04-13 10:29:17,745549c1,1,Proximity Alert,20.860905679158133,0.03078923001885414,0.0,-0.05533141642808914,-54.144100189208984,-0.0010787535517664537,0.0008691815827290467,0.14160063862800598,0.2515784800052643,-0.3923534154891968,9.826930046081543,0.003943643532693386,0.002744864672422409,-0.11010094732046127,4952,True,None,None,Driving,vehicle.mercedes.coupe,96.75685119628906,120.08629608154297,0.14160063862800598
2025-04-13 10:29:17,2d359ce4,1,Proximity Alert,19.158988239230265,0.459830641746521,0.0,0.0007935941684991121,-89.62908172607422,0.00024170197950468264,-0.0004066156570761297,-0.007119788788259029,0.14994119107723236,-0.19853010773658752,9.783052444458008,-6.427709013223648e-05,-0.009516892023384571,0.046072766184806824,5112,True,None,None,Driving,vehicle.audi.a2,-45.26424789428711,-26.90614128112793,-0.007119788788259029
2025-04-13 10:29:17,d22ba8ea,1,Proximity Alert,19.637668535318575,0.0686064064502716,0.0,-0.0006155604496598244,0.16527996957302094,-0.00025283188598734796,-0.00012474851310544113,-0.017947997897863388,-5.673060894012451,0.00740016857162118,9.83446216583252,0.00024022416619118303,0.020749634131789207,9.578704339219257e-05,5536,True,None,None,Driving,vehicle.nissan.micra,-14.150835990905762,28.144384384155273,-0.018359489738941193
2025-04-13 10:29:18,8a40c8cc,1,Proximity Alert,19.322202663651574,0.7717045545578003,0.0,0.039949025958776474,-71.56629943847656,0.000315772742652598,-0.0009019547522387687,-0.01084491703659296,-0.34403589367866516,0.01575469970703125,9.802704811096191,-0.002197849564254284,-0.0009805182926356792,0.10274223983287811,4936,True,None,None,Driving,vehicle.audi.tt,-100.49385833740234,-34.898738861083984,-0.010830078274011612
2025-04-13 10:29:18,d2a94478,1,Proximity Alert,19.02589955889766,0.8500000238418579,0.0,0.0008793866727501154,90.62744903564453,-0.0005419091132097265,-0.0009963690099741413,-0.0008862686227075756,-0.08991019427776337,0.001048840582370758,9.781606674194336,5.1173148676753044e-05,0.002747522434219718,0.001786024309694767,4780,True,None,None,Driving,vehicle.mercedes.coupe_2020,-110.91231536865234,60.06130599975586,-0.0008873367332853377
2025-04-13 10:29:18,f06780bc,1,Proximity Alert,5.760836654924671,0.0,1.0,0.1604328155517578,-11.60850715637207,0.0005168457315960495,-0.00068120956186475,0.07179416716098785,-8.674546241760254,-0.4353526532649994,9.843730926513672,-0.01759759522974491,0.04714154824614525,0.14344048500061035,5068,True,None,None,Driving,vehicle.bmw.grandtourer,-75.87114715576172,-57.52706527709961,0.0700036957859993
2025-04-13 10:29:18,b586c13e,1,Proximity Alert,19.077604682811486,0.13477739691734314,0.0,0.07669220119714737,-18.456459045410156,0.0005384830662507056,-0.0007233734679097178,-0.029411887750029564,-0.1883237659931183,0.7217369079589844,9.816375732421875,-0.009510819800198078,-0.00153832056093961,0.19094166159629822,5000,True,None,None,Driving,vehicle.harley-davidson.low_rider,-80.77867126464844,-59.86652374267578,-0.029404982924461365
2025-04-13 10:29:18,52097445,1,Proximity Alert,19.98482674728311,0.5712866187095642,0.0,-0.03740813955664635,61.056312561035156,-0.0010143169479590597,-0.0009087214502850096,-0.004460449330508709,-0.10195804387331009,-0.21194861829280853,9.809019088745117,0.005880765616893768,0.00047672539949417114,-0.0617266409099102,4868,True,None,None,Driving,vehicle.ford.ambulance,-101.15840911865234,112.91324615478516,-0.004460449330508709
2025-04-13 10:29:18,d11af87e,1,Proximity Alert,19.735484274714107,0.5131348371505737,0.0,-0.04175087437033653,61.469696044921875,-0.0010196831124744676,-0.000941069353808254,0.0028347778134047985,0.7010267972946167,-0.38351118564605713,9.814953804016113,-0.006274190731346607,-0.006669566035270691,-0.2269441932439804,4972,True,None,None,Driving,vehicle.micro.microlino,-104.75936126708984,113.51060485839844,0.0028347778134047985
2025-04-13 10:29:18,a13f0ba8,1,"Lane Violation, Proximity Alert",20.534592417912663,0.3017180562019348,0.0,-0.15781152248382568,39.275672912597656,-0.001151091056186715,-0.0007908354571448012,-0.0034218216314911842,-0.2641838490962982,-1.4957904815673828,9.809236526489258,-0.0027371931355446577,-4.0359271224588156e-05,-0.13850758969783783,5184,True,None,None,Driving,vehicle.carlamotors.firetruck,-88.035400390625,128.1388702392578,-0.0034218216314911842
2025-04-13 10:29:18,50837aa9,1,Proximity Alert,20.188200686500824,0.34999215602874756,0.0,-0.019767092540860176,47.974578857421875,-0.0011246377299016785,-0.0008667084605498281,-0.0017372512957081199,-0.2533569931983948,-0.37637871503829956,9.828680038452148,0.011352784931659698,0.007826154120266438,-0.049453865736722946,4952,True,None,None,Driving,vehicle.carlamotors.carlacola,-96.4815444946289,125.19409942626953,-0.0017372512957081199
2025-04-13 10:29:18,f9e35844,1,Proximity Alert,19.757202139973828,0.5194329023361206,0.0,0.0,-0.0269775390625,0.0005157389434629067,0.00033546242076083467,-0.00349987018853426,0.4207107424736023,0.02520819939672947,9.8080472946167,-1.94190361071378e-05,0.0005563810118474066,-0.005591713823378086,6112,True,None,None,Driving,vehicle.carlamotors.european_hgv,37.343505859375,-57.41179656982422,-0.00349987018853426
2025-04-13 10:29:18,2b28acec,1,Proximity Alert,19.35258444566978,0.4829452931880951,0.0,0.0,0.1476811021566391,-0.00025117509632366364,-0.000728577202084625,-0.0051646423526108265,-0.4056810140609741,-0.00020670589583460242,9.807943344116211,6.877158966744901e-07,-0.0003545393992681056,3.294372436357662e-05,5408,True,None,None,Driving,vehicle.ford.mustang,-81.10484313964844,27.960683822631836,-0.0051646423526108265
2025-04-13 10:29:18,aeb90d02,1,Proximity Alert,2.5749216780835142e-06,0.0,1.0,0.0034632051829248667,90.19268035888672,7.930805428202348e-05,-0.0010211678768152633,-0.007278022821992636,-1.045024509949144e-05,-3.328736966068391e-07,9.8100004196167,4.4899390871933065e-08,-1.5685460041936494e-08,-5.839585000451397e-13,5904,True,None,Red,Driving,vehicle.chevrolet.impala,-113.67588806152344,-8.828532218933105,-0.007278022821992636
2025-04-13 10:29:18,e7d42dde,1,Proximity Alert,0.0,0.0,1.0,0.0,90.68397521972656,8.101454970699251e-05,-0.00098936654802887,-0.004335365258157253,-0.007492824923247099,1.0450603440403938e-05,9.80999755859375,0.0,0.0,0.0,5260,True,None,Red,Driving,vehicle.lincoln.mkz_2020,-110.13578033447266,-9.018498420715332,-0.004335365258157253
2025-04-13 10:29:18,a44255fb,1,Proximity Alert,1.1672981068102687e-06,0.0,1.0,-0.0010773526737466455,90.7647705078125,0.0001362550164571985,-0.0010201403163099835,0.03879783675074577,-1.5675366739742458e-05,-4.725734470412135e-08,9.8100004196167,1.111086600502631e-08,-5.879376097084332e-09,2.9311037104406967e-13,5600,True,None,None,Driving,vehicle.citroen.c3,-113.5615005493164,-15.167839050292969,0.03879783675074577
2025-04-13 10:29:18,f80b4529,1,Proximity Alert,20.06139107992779,0.8500000238418579,0.0,0.0034448395017534494,0.7926872968673706,-0.0012646468751995599,4.640642686270709e-05,-0.02853008173406124,4.340949535369873,-0.06334428489208221,9.883869171142578,6.616478640353307e-05,0.020399227738380432,0.018324585631489754,5576,True,None,None,Driving,vehicle.dodge.charger_police,5.165939807891846,140.77984619140625,-0.02853008173406124
2025-04-13 10:29:18,a70c33c0,1,Proximity Alert,20.387719412918038,0.3891015350818634,0.0,0.0011323104845359921,0.7356092929840088,-0.0012330239456730396,3.461112558290821e-05,0.0015188598772510886,0.011021694168448448,0.010981298051774502,9.809844970703125,-0.0005891172331757843,-1.3419845345197245e-05,0.0034581234212964773,5456,True,None,None,Driving,vehicle.nissan.patrol,3.8528928756713867,137.2595977783203,0.0015188598772510886
2025-04-13 10:29:18,a7402aed,1,Proximity Alert,20.234188510237182,0.4553908109664917,0.0,0.0005190677475184202,-179.599853515625,-0.0011666184391572187,-0.0005001595416615789,0.01080829557031393,-0.13223062455654144,0.016212355345487595,9.810444831848145,-0.00011602604354266077,0.0009250534349121153,0.001818265300244093,5060,True,None,None,Driving,vehicle.jeep.wrangler_rubicon,-55.67750549316406,129.86737060546875,0.01080829557031393
2025-04-13 10:29:19,b0233fcc,1,Proximity Alert,23.399225552633382,0.0,0.699999988079071,-0.000304378685541451,-179.65579223632812,-0.0011982717986711577,-0.00046818704417232846,0.04270172119140625,5.259163856506348,-0.021578963845968246,9.815107345581055,-4.4073258322896436e-05,-0.00014319023466669023,0.0028824792243540287,4952,True,None,None,Driving,vehicle.mini.cooper_s,-52.118343353271484,133.39100646972656,0.04270172119140625
2025-04-13 10:29:19,745549c1,1,Proximity Alert,19.56451409371034,0.7768299579620361,0.0,-0.048489250242710114,-60.515323638916016,-0.001038005188632951,0.0008941145060197337,0.1418566107749939,-1.0488829612731934,-0.36202603578567505,9.797083854675293,0.0005017451476305723,-0.0005877779331058264,-0.0969010442495346,4816,True,None,None,Driving,vehicle.mercedes.coupe,99.5323715209961,115.55020904541016,0.1418566107749939
2025-04-13 10:29:19,2d359ce4,1,Proximity Alert,14.668953997732546,0.8500000238418579,0.0,0.00031118179322220385,-89.58531951904297,0.0002846154468301165,-0.0004063058742785665,-0.004629287403076887,-3.194241523742676,0.011571645736694336,9.575542449951172,6.436137482523918e-05,0.005010491237044334,0.0007392179104499519,4768,True,None,None,Driving,vehicle.audi.a2,-45.22976303100586,-31.683246612548828,-0.004629287403076887
2025-04-13 10:29:19,d22ba8ea,1,Proximity Alert,16.192434864361413,0.8500000238418579,0.0,-0.00017573311924934387,0.16288621723651886,-0.00025293451869856654,-8.822219135800751e-05,-0.01954227313399315,1.8008118867874146,-0.0013571095187216997,9.811711311340332,-1.3381652934185695e-05,-0.0026973476633429527,-0.000182763920747675,5692,True,None,None,Driving,vehicle.nissan.micra,-10.048531532287598,28.15589714050293,-0.019485969096422195
2025-04-13 10:29:19,8a40c8cc,1,Proximity Alert,21.08188014305083,0.3991723656654358,0.0,0.10873660445213318,-64.83226776123047,0.0003595918277881083,-0.0008828612346821478,-0.01111320499330759,1.284762978553772,1.8476899862289429,9.820806503295898,0.0019293169025331736,0.0003726370050571859,0.15248514711856842,5900,True,None,None,Driving,vehicle.audi.tt,-98.4142074584961,-39.76784896850586,-0.011101913638412952
2025-04-13 10:29:19,d2a94478,1,Proximity Alert,16.475142821601512,0.8500000238418579,0.0,0.0021274834871292114,90.57841491699219,-0.0005912327370936055,-0.0009969294289864587,-0.0015594863798469305,-2.4789512157440186,-0.010059833526611328,9.859906196594238,-1.7998740077018738e-05,-0.008514761924743652,0.002949314657598734,5580,True,None,None,Driving,vehicle.mercedes.coupe_2020,-110.97515106201172,65.58900451660156,-0.0015276718186214566
2025-04-13 10:29:19,f06780bc,1,Proximity Alert,9.31921967642461e-05,0.0,1.0,0.14997871220111847,-11.34581184387207,0.0005168540244540054,-0.0006811689885425913,0.06760280579328537,-0.00013063375081401318,-5.601316661341116e-05,9.81042766571045,4.118747165193781e-05,-0.00013475414016284049,-2.5821361759881256e-07,5660,True,None,None,Driving,vehicle.bmw.grandtourer,-75.82738494873047,-57.535926818847656,0.0676051676273346
2025-04-13 10:29:19,b586c13e,1,Proximity Alert,17.99459699312486,0.2893352508544922,0.0,0.11333606392145157,-9.698195457458496,0.0005474076550626705,-0.0006851871181566476,-0.029707908630371094,2.7315754890441895,1.2383317947387695,9.839498519897461,-0.04506032168865204,0.002247353084385395,0.2759750485420227,5792,True,None,None,Driving,vehicle.harley-davidson.low_rider,-76.2746810913086,-60.93714141845703,-0.029707908630371094
2025-04-13 10:29:19,52097445,1,Proximity Alert,19.973776638083542,0.5807651281356812,0.0,-0.04392009228467941,56.0018310546875,-0.0010542466483656199,-0.00088324078714518,-0.004470405634492636,-0.0744398757815361,-0.24443967640399933,9.8098726272583,0.006907505914568901,0.0004604870919138193,-0.07233916968107224,5264,True,None,None,Driving,vehicle.ford.ambulance,-98.32191467285156,117.35820007324219,-0.004470405634492636
2025-04-13 10:29:19,d11af87e,1,Proximity Alert,20.29200031449452,0.6679245233535767,0.0,-0.05504414811730385,56.59132385253906,-0.0010602172320375303,-0.000916585821182085,0.002914275974035263,0.8508103489875793,-0.6733977794647217,9.80955982208252,-0.014776491560041904,-0.007918399758636951,-0.29504457116127014,5208,True,None,None,Driving,vehicle.micro.microlino,-102.03386688232422,118.02284240722656,0.002914275974035263
2025-04-13 10:29:19,a13f0ba8,1,Proximity Alert,20.398687895647058,0.35580897331237793,0.0,-0.12822142243385315,32.03840637207031,-0.0011773721514600766,-0.0007498677102073268,-0.0034057998564094305,-0.545197069644928,-1.7086601257324219,9.809235572814941,-0.0034348024055361748,0.0008745434461161494,-0.14438821375370026,5380,True,None,None,Driving,vehicle.carlamotors.firetruck,-83.47489166259766,131.06446838378906,-0.0034057998564094305
2025-04-13 10:29:19,50837aa9,1,Proximity Alert,19.954049139885193,0.4602813124656677,0.0,-0.03641960769891739,41.63534927368164,-0.0011575575664721782,-0.0008322829562023956,-0.0016187666915357113,-0.3042919933795929,-0.2782663106918335,9.838936805725098,0.023133398965001106,0.004093327093869448,-0.11102473735809326,5360,True,None,None,Driving,vehicle.carlamotors.carlacola,-92.6493148803711,128.8587188720703,-0.0016187666915357113
2025-04-13 10:29:19,f9e35844,1,Proximity Alert,19.48360415435317,0.8248525261878967,0.0,0.0,-0.02459716796875,0.0005157592986648751,0.000382138635371591,-0.003474616911262274,-0.6159892082214355,0.024708496406674385,9.814961433410645,-1.4174500506669574e-07,0.000962562917266041,-0.00204359064809978,5552,True,None,None,Driving,vehicle.carlamotors.european_hgv,42.53947830200195,-57.4140625,-0.003474616911262274
2025-04-13 10:29:19,2b28acec,1,Proximity Alert,18.11221696031932,0.09685836732387543,0.0,0.0,0.14574415981769562,-0.00025129356083652965,-0.0006819348785343542,-0.005234489217400551,-0.7226937413215637,0.0005876875366084278,9.789539337158203,2.4868722903192975e-07,-0.0001067301127477549,-2.8258202746656025e-06,5560,True,None,None,Driving,vehicle.ford.mustang,-76.16436004638672,27.973228454589844,-0.005199966486543417
2025-04-13 10:29:19,aeb90d02,1,Proximity Alert,4.188537984235447e-06,0.0,1.0,0.0034632051829248667,90.19268035888672,7.930805428202348e-05,-0.0010211678768152633,-0.007278022821992636,-1.045024509949144e-05,-3.328736966068391e-07,9.8100004196167,9.360089592291843e-09,-9.140989298828117e-09,-3.549962515787819e-13,5148,True,None,Red,Driving,vehicle.chevrolet.impala,-113.67588806152344,-8.828532218933105,-0.007278022821992636
2025-04-13 10:29:19,e7d42dde,1,Proximity Alert,0.0,0.0,1.0,0.0,90.68397521972656,8.101454970699251e-05,-0.00098936654802887,-0.004335365258157253,-0.007492824923247099,1.0450603440403938e-05,9.80999755859375,0.0,0.0,0.0,5620,True,None,Red,Driving,vehicle.lincoln.mkz_2020,-110.13578033447266,-9.018498420715332,-0.004335365258157253
2025-04-13 10:29:20,a44255fb,1,Proximity Alert,2.746606326530223e-07,0.0,1.0,-0.0010773526737466455,90.7647705078125,0.0001362550164571985,-0.0010201403163099835,0.03879783675074577,-1.5675366739742458e-05,-4.725734470412135e-08,9.8100004196167,-9.699626879466905e-09,-4.834531885933302e-09,2.5236719181434553e-13,4952,True,None,None,Driving,vehicle.citroen.c3,-113.5615005493164,-15.167839050292969,0.03879783675074577
2025-04-13 10:29:20,f80b4529,1,Proximity Alert,22.175605387265566,0.8500000238418579,0.0,-0.002989738015457988,0.77525395154953,-0.0012653854193160896,9.653660401176405e-05,-0.027024058625102043,11.099757194519043,-0.05468624830245972,10.094940185546875,0.0046378690749406815,0.039980679750442505,-0.006957204546779394,5196,True,None,None,Driving,vehicle.dodge.charger_police,10.423375129699707,140.85797119140625,-0.028218306601047516
2025-04-13 10:29:20,a70c33c0,1,Proximity Alert,20.25850559332929,0.372448593378067,0.0,-0.00017573311924934387,0.8773564100265503,-0.0012337286329966446,8.277550556927032e-05,0.001578483497723937,-0.1311691701412201,-0.0029199961572885513,9.81106948852539,-0.0002248982054879889,0.0022853983100503683,0.00037648127181455493,5348,True,None,None,Driving,vehicle.nissan.patrol,9.214527130126953,137.33804321289062,0.001578483497723937
2025-04-13 10:29:20,a7402aed,1,Proximity Alert,20.22568586878323,0.41865456104278564,0.0,0.015897128731012344,-177.7012481689453,-0.0011656068475360826,-0.0005505806670539833,0.010785217396914959,0.15114688873291016,0.18400409817695618,9.810271263122559,-0.0032961072865873575,-0.0012208269909024239,0.04150105640292168,4976,True,None,None,Driving,vehicle.jeep.wrangler_rubicon,-61.00910949707031,129.76768493652344,0.010797996073961258
2025-04-13 10:29:20,b0233fcc,1,Proximity Alert,18.366096608330874,0.8500000238418579,0.0,-0.0004304564790800214,-179.59710693359375,-0.0011979217167095157,-0.000517970853141162,0.04278755187988281,-0.5901038646697998,0.008995377458631992,9.801323890686035,-7.86562122812029e-06,-6.459235737565905e-05,-0.020631015300750732,4964,True,None,None,Driving,vehicle.mini.cooper_s,-57.405818939208984,133.35382080078125,0.0427606962621212
2025-04-13 10:29:20,745549c1,1,Proximity Alert,21.00525459249898,0.09621012955904007,0.0,-0.042731404304504395,-66.65682983398438,-0.0009946251109624882,0.0009144999960358377,0.1415509432554245,1.7453866004943848,-0.3033592700958252,9.826595306396484,0.0027031125500798225,-0.00029856956098228693,-0.0855318158864975,4728,True,None,None,Driving,vehicle.mercedes.coupe,101.80167388916016,110.72116088867188,0.1415509432554245
2025-04-13 10:29:20,2d359ce4,1,Proximity Alert,17.005129486982433,0.5739507675170898,0.0,0.0006155604496598244,-89.57085418701172,0.00032341265809066044,-0.000406019290922812,-0.007984504103660583,1.8375662565231323,0.016575098037719727,9.780401229858398,0.00037365034222602844,-0.018589094281196594,0.0009370828047394753,5380,True,None,None,Driving,vehicle.audi.a2,-45.19786071777344,-36.002132415771484,-0.007984504103660583
2025-04-13 10:29:20,d22ba8ea,1,Proximity Alert,18.535164842859675,0.29570868611335754,0.0,0.00017573311924934387,0.16132214665412903,-0.00025305819193022216,-4.3997835627145786e-05,-0.017895659431815147,-5.127962112426758,-0.0004879665793851018,9.720748901367188,4.1117444197880104e-05,0.012821883894503117,0.00040261694812215865,5868,True,None,None,Driving,vehicle.nissan.micra,-4.8978166580200195,28.17030906677246,-0.017895659431815147
2025-04-13 10:29:20,8a40c8cc,1,Proximity Alert,19.6815800136858,0.26729947328567505,0.0,0.06062863767147064,-56.84846496582031,0.0004004872349554489,-0.0008582975834519189,-0.010813369415700436,-2.4875309467315674,0.08328801393508911,9.804023742675781,-0.0035051684826612473,0.0022920421324670315,0.14674074947834015,5224,True,None,None,Driving,vehicle.audi.tt,-95.69805145263672,-44.36001968383789,-0.010868110693991184
2025-04-13 10:29:20,d2a94478,1,Proximity Alert,21.65791804952018,0.0,0.699999988079071,-0.029309023171663284,90.56720733642578,-0.0006399085242776437,-0.0009974361157613224,-0.001102027832530439,-3.9683868885040283,-0.3873133659362793,9.811527252197266,-0.00028934190049767494,0.0077322693541646,-0.038712065666913986,5064,True,None,None,Driving,vehicle.mercedes.coupe_2020,-111.0331802368164,70.93927001953125,-0.0010592269245535135
2025-04-13 10:29:20,f06780bc,1,Proximity Alert,6.87577273687681e-06,0.0,1.0,0.14997807145118713,-11.34581184387207,0.0005168540244540054,-0.0006811689200065742,0.06759917736053467,-1.0450244189996738e-05,-6.15582030150108e-06,9.8100004196167,4.5799274062119366e-07,-4.409373488556412e-08,-2.161757162166822e-10,4924,True,None,None,Driving,vehicle.bmw.grandtourer,-75.82737731933594,-57.535926818847656,0.06759917736053467
2025-04-13 10:29:20,b586c13e,1,Proximity Alert,16.201494210098343,0.31570956110954285,0.0,0.05783440172672272,-4.090699195861816,0.000551292379313395,-0.0006435103661216531,-0.029576415196061134,-0.05221310257911682,1.044944405555725,9.816628456115723,-0.03382611274719238,0.00018206585082225502,0.12698762118816376,5532,True,None,None,Driving,vehicle.harley-davidson.low_rider,-71.85981750488281,-61.35844039916992,-0.029572905972599983
2025-04-13 10:29:21,52097445,1,Proximity Alert,19.966131327682987,0.5963150262832642,0.0,-0.08959223330020905,51.059024810791016,-0.0010937317556454218,-0.0008528096304138492,-0.004471130203455687,0.006444081664085388,-0.5581774711608887,9.810688972473145,-0.0031237774528563023,0.00045058352407068014,-0.14585424959659576,5188,True,None,None,Driving,vehicle.ford.ambulance,-95.1170883178711,121.5447998046875,-0.004472160246223211
2025-04-13 10:29:21,d11af87e,1,Proximity Alert,19.737101314758664,0.4771682024002075,0.0,-0.048748426139354706,52.91868591308594,-0.001098596921892181,-0.0008887030391768146,0.002873115474358201,0.36942607164382935,-0.4230724275112152,9.814865112304688,-0.010374761186540127,-0.003042102325707674,-0.20499682426452637,4932,True,None,None,Driving,vehicle.micro.microlino,-98.92996978759766,122.29524993896484,0.002873115474358201
2025-04-13 10:29:21,a13f0ba8,1,Proximity Alert,20.56716532652265,0.22878392040729523,0.0,-0.1286052018404007,25.052011489868164,-0.0011994015463727692,-0.0007036337242472953,-0.0034108352847397327,0.014376763254404068,-0.937160074710846,9.806224822998047,-0.003114710096269846,0.0008226571953855455,-0.14324501156806946,5292,True,None,None,Driving,vehicle.carlamotors.firetruck,-78.59288787841797,133.412109375,-0.003417548956349492
2025-04-13 10:29:21,50837aa9,1,Proximity Alert,20.152628319246652,0.368426114320755,0.0,-0.03201747685670853,34.458675384521484,-0.0011879316326854905,-0.0007920283950594881,-0.001249351422302425,-0.013632334768772125,-0.47969281673431396,9.808834075927734,0.021258007735013962,0.0010508333798497915,-0.08976884186267853,5288,True,None,None,Driving,vehicle.carlamotors.carlacola,-88.40050506591797,132.08229064941406,-0.0013397597940638661
2025-04-13 10:29:21,f9e35844,1,Proximity Alert,19.716442070536633,0.6028567552566528,0.0,0.0,-0.02328491024672985,0.0005157776663224922,0.0004313425610992338,-0.003447379916906357,-0.04022044315934181,0.002428279956802726,9.810457229614258,-4.669849204219645e-06,-0.0005791057483293116,0.0007071865838952363,5504,True,None,None,Driving,vehicle.carlamotors.european_hgv,47.74185562133789,-57.41597366333008,-0.003438224783167243
2025-04-13 10:29:21,2b28acec,1,"Red Light Violation, Proximity Alert",11.904046744824516,0.0,1.0,0.0,0.1503165364265442,-0.00025139245830985146,-0.0006443084680414812,-0.005137290805578232,-6.384530544281006,-0.0007620282121933997,9.803297996520996,2.6030542699118087e-07,0.0015940716257318854,7.087038829922676e-05,5536,True,None,Red,Driving,vehicle.ford.mustang,-71.72409057617188,27.984880447387695,-0.005137290805578232
2025-04-13 10:29:21,aeb90d02,1,Proximity Alert,1.373293338888269e-07,0.0,1.0,0.0034632051829248667,90.19268035888672,7.930805428202348e-05,-0.0010211678768152633,-0.007278022821992636,-1.045024509949144e-05,-3.328736966068391e-07,9.8100004196167,1.3114818120385507e-09,-2.610889282550488e-09,-1.40603227303214e-13,5788,True,None,Red,Driving,vehicle.chevrolet.impala,-113.67588806152344,-8.828532218933105,-0.007278022821992636
2025-04-13 10:29:21,e7d42dde,1,Proximity Alert,0.0,0.0,1.0,0.0,90.68397521972656,8.101454970699251e-05,-0.00098936654802887,-0.004335365258157253,-0.007492824923247099,1.0450603440403938e-05,9.80999755859375,0.0,0.0,0.0,5228,True,None,Red,Driving,vehicle.lincoln.mkz_2020,-110.13578033447266,-9.018498420715332,-0.004335365258157253
2025-04-13 10:29:21,a44255fb,1,Proximity Alert,6.523153824110295e-07,0.0,1.0,-0.0010773526737466455,90.7647705078125,0.0001362550164571985,-0.0010201403163099835,0.03879783675074577,-1.5675366739742458e-05,-4.725734470412135e-08,9.8100004196167,-2.6822055687603097e-10,-5.8404423519675674e-09,3.3724040812525835e-13,5040,True,None,None,Driving,vehicle.citroen.c3,-113.5615005493164,-15.167839050292969,0.03879783675074577
2025-04-13 10:29:21,f80b4529,1,Proximity Alert,19.818444654503978,0.8500000238418579,0.0,-0.003611766267567873,0.6078475713729858,-0.0012658924487709555,0.0001413187572522867,-0.028371410444378853,3.7726895809173584,0.02938258834183216,9.905327796936035,-0.0009898197604343295,0.008317142724990845,-0.005052333697676659,5624,True,None,None,Driving,vehicle.dodge.charger_police,15.731532096862793,140.9185028076172,-0.028371410444378853
2025-04-13 10:29:21,a70c33c0,1,Proximity Alert,20.36370351666228,0.4162174463272095,0.0,-0.00043982735951431096,0.6601367592811584,-0.001234346690822008,0.0001309457025500889,0.0015466689364984632,0.14272870123386383,-0.006923124194145203,9.806547164916992,0.00016038588364608586,-0.002745501697063446,-0.001268549938686192,5544,True,None,None,Driving,vehicle.nissan.patrol,14.57680892944336,137.40684509277344,0.0015466689364984632
2025-04-13 10:29:21,a7402aed,1,Proximity Alert,20.207514262552476,0.47374996542930603,0.0,0.07057765126228333,-173.58253479003906,-0.0011622086947511434,-0.0005958465817716297,0.010826491750776768,-0.1731053590774536,1.5934677124023438,9.80650806427002,0.010401854291558266,0.001055348664522171,0.1839602291584015,4996,True,None,None,Driving,vehicle.jeep.wrangler_rubicon,-66.32933807373047,129.37648010253906,0.010826491750776768
2025-04-13 10:29:21,b0233fcc,1,Proximity Alert,20.07085130772825,0.37729302048683167,0.0,0.0055695693008601665,-177.1830291748047,-0.0011962169518113797,-0.0005648707693119286,0.04281085729598999,-1.6254459619522095,-0.07514220476150513,9.808403015136719,-0.00012944660556968302,-0.00023806060198694468,0.10750027745962143,4924,True,None,None,Driving,vehicle.mini.cooper_s,-62.881126403808594,133.16226196289062,0.04281085729598999
2025-04-13 10:29:21,745549c1,1,Proximity Alert,19.733116735418076,0.6066962480545044,0.0,-0.03884188458323479,-72.63325500488281,-0.0009492612582988613,0.0009301224384673733,0.14184604585170746,-1.704303503036499,-0.2838684916496277,9.799187660217285,0.0005487634334713221,0.0014336335007101297,-0.078592948615551,5016,True,None,None,Driving,vehicle.mercedes.coupe,103.54075622558594,105.67127990722656,0.14184604585170746
2025-04-13 10:29:21,2d359ce4,1,"Red Light Violation, Proximity Alert",8.501123974177757,0.0,1.0,-0.0009459785069338977,-89.61257934570312,0.00035707713850285927,-0.0004057761594019369,-0.0032112884800881147,-5.821961402893066,-1.52587890625e-05,9.677777290344238,0.00016693677753210068,0.007204931229352951,-0.0010640466352924705,5032,True,None,Red,Driving,vehicle.audi.a2,-45.17002487182617,-39.873085021972656,-0.0029549789614975452
2025-04-13 10:29:21,d22ba8ea,1,Proximity Alert,16.950906301668436,0.8500000238418579,0.0,0.0,0.16207489371299744,-0.0002531706766717434,-4.601930116977885e-06,-0.019493255764245987,0.3432537913322449,0.00029811530839651823,9.851068496704102,1.0330520439083557e-07,0.004807976074516773,-3.265753184678033e-05,5824,True,None,None,Driving,vehicle.nissan.micra,-0.7475809454917908,28.182159423828125,-0.019555052742362022
2025-04-13 10:29:22,8a40c8cc,1,Proximity Alert,19.494770023072398,0.8500000238418579,0.0,0.04573496803641319,-49.007659912109375,0.0004370187483146992,-0.0008289042676284421,-0.010940666310489178,1.5613542795181274,1.9807064533233643,9.802329063415527,0.010118070989847183,-0.0028666993603110313,0.17525510489940643,4840,True,None,None,Driving,vehicle.audi.tt,-92.45972442626953,-48.44872283935547,-0.010883178561925888
2025-04-13 10:29:22,d2a94478,1,Proximity Alert,25.426058409419593,0.0,0.699999988079071,-0.0781448483467102,89.43157196044922,-0.000684117887743696,-0.0009971998721101719,-0.0007177733932621777,7.289260387420654,-1.7778825759887695,9.754691123962402,-0.023392334580421448,-0.0022315476089715958,-0.13894779980182648,4808,True,None,None,Driving,vehicle.mercedes.coupe_2020,-111.00778198242188,76.15565490722656,-0.0007177733932621777
2025-04-13 10:29:22,f06780bc,1,Proximity Alert,1.0162818747722491e-05,0.0,1.0,0.14997807145118713,-11.34581184387207,0.0005168540244540054,-0.0006811689200065742,0.06759917736053467,-1.0450244189996738e-05,-6.15582030150108e-06,9.8100004196167,1.0472604117239825e-07,3.935805636956502e-08,1.7303101659815745e-11,5728,True,None,None,Driving,vehicle.bmw.grandtourer,-75.82737731933594,-57.535926818847656,0.06759917736053467
2025-04-13 10:29:22,b586c13e,1,Proximity Alert,0.0003555742006579636,0.0,1.0,0.03432391956448555,-3.102722644805908,0.0005515923614609619,-0.0006367439422194809,-0.02953159250319004,-0.02213684841990471,0.002939963946118951,9.810981750488281,-0.00012922313180752099,0.002661308506503701,-1.9486847122607287e-06,5608,True,None,Red,Driving,vehicle.harley-davidson.low_rider,-70.88201141357422,-61.40298080444336,-0.02953159250319004
2025-04-13 10:29:22,52097445,1,Proximity Alert,19.94398746000522,0.6009047627449036,0.0,-0.10364939272403717,44.64859390258789,-0.001124143722265103,-0.0008232729372424736,-0.004474220331758261,-0.18927383422851562,-1.879573106765747,9.805670738220215,-0.006569649558514357,0.0007418954046443105,-0.1649094820022583,4980,True,None,None,Driving,vehicle.ford.ambulance,-91.64632415771484,125.13910675048828,-0.004474220331758261
2025-04-13 10:29:22,d11af87e,1,Proximity Alert,19.809235971070876,0.47566691040992737,0.0,-0.03090798296034336,45.51731872558594,-0.0011337959237209816,-0.0008570550254608082,0.0028826522175222635,-0.13071000576019287,-0.5232487320899963,9.80606460571289,-0.0020350872073322535,0.004223204217851162,-0.127670019865036,5016,True,None,None,Driving,vehicle.micro.microlino,-95.60540008544922,126.01789855957031,0.0028588867280632257
2025-04-13 10:29:22,a13f0ba8,1,Proximity Alert,18.813662092005597,0.6020333170890808,0.0,-0.07770071178674698,18.118257522583008,-0.0012128713410390901,-0.0006631878790804944,-0.0031261062249541283,-0.11900914460420609,-0.27406150102615356,9.796615600585938,0.005607160739600658,0.0001626933371881023,-0.09085748344659805,5332,True,None,None,Driving,vehicle.carlamotors.firetruck,-73.82573699951172,135.01622009277344,-0.0031261062249541283
2025-04-13 10:29:22,50837aa9,1,Proximity Alert,20.296520245992756,0.5381813645362854,0.0,-0.03159566596150398,27.726552963256836,-0.001209592577993135,-0.0007551743169439911,-0.0019468306563794613,-0.1278822422027588,-0.4340548515319824,9.829962730407715,0.021421639248728752,-0.0007541334489360452,-0.13188384473323822,5212,True,None,None,Driving,vehicle.carlamotors.carlacola,-84.06562042236328,134.65122985839844,-0.0019468306563794613
2025-04-13 10:29:22,f9e35844,1,Proximity Alert,19.62346461888231,0.6939894556999207,0.0,-0.0003670363512355834,-0.02569580078125,0.0005157957255619294,0.00047316203938996406,-0.003457298269495368,-0.162539541721344,-0.005145522765815258,9.811372756958008,-7.436118175974116e-05,0.0003414932871237397,-0.0026514746714383364,6156,True,None,None,Driving,vehicle.carlamotors.european_hgv,52.672157287597656,-57.41811752319336,-0.003457298269495368
2025-04-13 10:29:22,2b28acec,1,Proximity Alert,0.0,0.0,1.0,0.0,0.15010468661785126,-0.0002514074505484132,-0.0006385838601361581,-0.005314597859978676,-0.0008987209293991327,-8.449217148154275e-08,9.8100004196167,0.0,0.0,0.0,5652,True,None,Red,Driving,vehicle.ford.mustang,-71.08683013916016,27.986549377441406,-0.005314597859978676
2025-04-13 10:29:22,aeb90d02,1,Proximity Alert,0.056774859761617114,0.8500000238418579,0.0,0.0034632051829248667,90.1927490234375,7.92970970735496e-05,-0.0010211678768152633,-0.007283592130988836,0.488215833902359,-0.0016421675682067871,9.807768821716309,-9.868963388726115e-06,0.00046481256140396,-2.926161869254429e-05,5016,True,None,Green,Driving,vehicle.chevrolet.impala,-113.67588806152344,-8.827312469482422,-0.007283592130988836
2025-04-13 10:29:22,e7d42dde,1,Proximity Alert,0.03624839745879334,0.8500000238418579,0.0,0.0,90.6839599609375,8.099947177697686e-05,-0.0009893666851009044,-0.004676131997257471,0.6269773840904236,-0.0025229454040527344,9.823052406311035,-6.752088665962219e-08,0.002371561247855425,-1.4444927728618495e-05,5656,True,None,Green,Driving,vehicle.lincoln.mkz_2020,-110.13579559326172,-9.016819953918457,-0.004676131997257471
2025-04-13 10:29:22,a44255fb,1,Proximity Alert,6.866479719223348e-07,0.0,1.0,-0.0010773526737466455,90.7647705078125,0.0001362550164571985,-0.0010201403163099835,0.03879783675074577,-1.5675366739742458e-05,-4.725734470412135e-08,9.8100004196167,-3.101670742466922e-08,-1.3524001474252145e-08,3.4826723211041355e-13,4992,True,None,None,Driving,vehicle.citroen.c3,-113.5615005493164,-15.167839050292969,0.03879783675074577
2025-04-13 10:29:22,f80b4529,1,Proximity Alert,20.65160862288283,0.43225112557411194,0.0,-0.001600284012965858,0.40810713171958923,-0.001266241571229898,0.000183457107929856,-0.028326110914349556,2.1647963523864746,0.13432836532592773,9.684041023254395,-0.00021020026179030538,0.010705361142754555,-0.029944995418190956,5232,True,None,None,Driving,vehicle.dodge.charger_police,20.422351837158203,140.95736694335938,-0.028326110914349556
2025-04-13 10:29:22,a70c33c0,1,Proximity Alert,20.29685773010063,0.3544533848762512,0.0,-0.0006948008667677641,0.4577164649963379,-0.0012347298071233581,0.00017405597105400625,0.0015355681534856558,0.10460614413022995,-0.011141974478960037,9.808097839355469,0.00019210010941606015,-0.0019259507535025477,-0.0012780118267983198,5388,True,None,None,Driving,vehicle.nissan.patrol,19.375822067260742,137.44949340820312,0.0015355681534856558
2025-04-13 10:29:22,a7402aed,1,Proximity Alert,20.15439287707239,0.4561586380004883,0.0,0.07689313590526581,-167.22398376464844,-0.0011543655700023692,-0.00063796312942874,0.010833625681698322,-0.10571634769439697,1.7605209350585938,9.807209014892578,0.01194803323596716,0.0005552624352276325,0.1868646889925003,5268,True,None,None,Driving,vehicle.jeep.wrangler_rubicon,-71.01773071289062,128.50338745117188,0.010833625681698322
2025-04-13 10:29:22,b0233fcc,1,Proximity Alert,20.56800568942662,0.4789822995662689,0.0,0.015011996030807495,-173.95944213867188,-0.0011924053897587328,-0.0006074756360913039,0.042516861110925674,-0.3861548602581024,0.11220365762710571,9.932558059692383,0.0017508186865597963,0.001536588417366147,-0.022389883175492287,4996,True,None,None,Driving,vehicle.mini.cooper_s,-67.34326171875,132.76986694335938,0.04279453307390213
2025-04-13 10:29:22,745549c1,1,Proximity Alert,20.311642304774455,0.6297770738601685,0.0,-0.04777626693248749,-78.06653594970703,-0.0009077590674877456,0.0009399168521436915,0.14122119545936584,1.8939627408981323,-0.4034510850906372,9.958564758300781,0.0017923952545970678,-0.003937828820198774,-0.09546175599098206,4812,True,None,None,Driving,vehicle.mercedes.coupe,104.63106536865234,101.05127716064453,0.14122119545936584
2025-04-13 10:29:23,2d359ce4,1,Proximity Alert,0.0012503019190084647,0.0,1.0,0.001072056358680129,-89.696044921875,0.0003616543849318532,-0.000405740657745048,-0.0074571226723492146,-0.010233020409941673,0.00010470859706401825,9.837983131408691,-3.1418167054653168e-06,-0.003506446722894907,1.449873252568068e-07,4908,True,None,Red,Driving,vehicle.audi.a2,-45.16684341430664,-40.25922393798828,-0.007522392086684704
2025-04-13 10:29:23,d22ba8ea,1,Proximity Alert,18.32503437380041,0.42094868421554565,0.0,0.0,0.15637457370758057,-0.00025327843242450854,3.551756367011152e-05,-0.017820090055465698,-5.453411102294922,0.0023452043533325195,9.797863960266113,2.6747344236355275e-05,0.01881237141788006,0.0003598170878831297,5796,True,None,None,Driving,vehicle.nissan.micra,3.9537971019744873,28.194826126098633,-0.017820090055465698
2025-04-13 10:29:23,8a40c8cc,1,Proximity Alert,20.834753783495344,0.5809117555618286,0.0,0.04487774148583412,-40.97641372680664,0.0004642816563062979,-0.0007992026082637623,-0.011105193756520748,2.3560550212860107,0.4175768792629242,9.814666748046875,-0.0003975267172791064,-0.002214222215116024,0.13623078167438507,5972,True,None,None,Driving,vehicle.audi.tt,-89.19351196289062,-51.49999237060547,-0.01107658352702856
2025-04-13 10:29:23,d2a94478,1,Proximity Alert,18.907909014526307,0.8500000238418579,0.0,-0.007627194281667471,87.03565216064453,-0.0007274477284937575,-0.0009951699723539272,-0.0008963394211605191,-0.18039274215698242,-1.3359284400939941,9.773366928100586,-0.017256196588277817,-0.0010649599134922028,-0.11199571937322617,5560,True,None,None,Driving,vehicle.mercedes.coupe_2020,-110.799560546875,80.71621704101562,-0.0009104919154196978
2025-04-13 10:29:23,f06780bc,1,Proximity Alert,9.926556442059523e-06,0.0,1.0,0.14997807145118713,-11.34581184387207,0.0005168540244540054,-0.0006811689200065742,0.06759917736053467,-1.0450244189996738e-05,-6.15582030150108e-06,9.8100004196167,3.6305627304500376e-07,2.087561234986879e-08,-1.432777230192528e-10,5668,True,None,None,Driving,vehicle.bmw.grandtourer,-75.82737731933594,-57.535926818847656,0.06759917736053467
2025-04-13 10:29:23,b586c13e,1,Proximity Alert,10.58119965957712,0.8500000238418579,0.0,0.019040612503886223,-2.3282783031463623,0.0005518256238019603,-0.000629710844674539,-0.03000488132238388,6.048535346984863,0.05389930307865143,9.85246467590332,-0.0004809892561752349,0.002459706738591194,0.03394483029842377,5556,True,None,Green,Driving,vehicle.harley-davidson.low_rider,-70.09909057617188,-61.42894744873047,-0.03000488132238388
2025-04-13 10:29:23,52097445,1,Proximity Alert,20.033384968567663,0.5489934086799622,0.0,-0.055313337594270706,38.74617385864258,-0.0011511135359825175,-0.0007905537741142736,-0.004453735426068306,-0.23194445669651031,-2.0928614139556885,9.80224609375,-0.007245060987770557,0.0009101980249397457,-0.17373165488243103,5064,True,None,None,Driving,vehicle.ford.ambulance,-88.2276382446289,127.97637176513672,-0.004446983337402344
2025-04-13 10:29:23,d11af87e,1,Proximity Alert,19.87715049414186,0.39560666680336,0.0,0.013895083218812943,40.32809829711914,-0.0011606549832237079,-0.0008274781016473597,0.002913627540692687,-0.5131365060806274,-0.009015101939439774,9.801970481872559,0.010686174966394901,0.006028896663337946,-0.029083717614412308,4980,True,None,None,Driving,vehicle.micro.microlino,-92.32831573486328,129.02499389648438,0.002919960068538785
2025-04-13 10:29:23,a13f0ba8,1,Proximity Alert,18.331202054041032,0.19174028933048248,0.0,-0.12473445385694504,13.075797080993652,-0.001221539776508962,-0.0006264470224653456,-0.0033504103776067495,-0.6927454471588135,-0.35521429777145386,9.808900833129883,0.005097150802612305,0.0017415719339624047,-0.15097400546073914,5560,True,None,None,Driving,vehicle.carlamotors.firetruck,-69.73576354980469,135.98118591308594,-0.0033504103776067495
2025-04-13 10:29:23,50837aa9,1,Proximity Alert,20.066685842515398,0.46848732233047485,0.0,-0.06804583966732025,22.839962005615234,-0.001227390010924978,-0.0007163586694813578,-0.0014535140944644809,0.36994582414627075,-0.35967519879341125,9.776410102844238,-0.016913676634430885,0.002248211530968547,-0.11979703605175018,5132,True,None,None,Driving,vehicle.carlamotors.carlacola,-80.00533294677734,136.53099060058594,-0.0015221786452457309
2025-04-13 10:29:23,f9e35844,1,Proximity Alert,19.623945913227736,0.6897231936454773,0.0,0.0,-0.02496337890625,0.0005158125854052287,0.0005124942428139323,-0.0034608840942382812,-0.16247868537902832,0.007450102362781763,9.811434745788574,-2.733926521614194e-05,0.00035594304790720344,-0.002657150151208043,6028,True,None,None,Driving,vehicle.carlamotors.european_hgv,57.05059814453125,-57.41999435424805,-0.0034608840942382812
2025-04-13 10:29:23,2b28acec,1,Proximity Alert,0.0,0.0,1.0,0.0,0.15010468661785126,-0.0002514074505484132,-0.0006385838601361581,-0.005314597859978676,-0.0008987209293991327,-8.449217148154275e-08,9.8100004196167,0.0,0.0,0.0,5080,True,None,Red,Driving,vehicle.ford.mustang,-71.08683013916016,27.986549377441406,-0.005314597859978676
2025-04-13 10:29:23,aeb90d02,1,Proximity Alert,4.975276321729508,0.8500000238418579,0.0,0.0008492356282658875,90.29472351074219,7.506316468663954e-05,-0.0010211845310674332,-0.007445564027875662,1.9204022884368896,0.08514893054962158,9.80994987487793,-3.484776243567467e-05,0.0002987527986988425,-0.002904989058151841,5636,True,None,Green,Driving,vehicle.chevrolet.impala,-113.67774200439453,-8.355993270874023,-0.007445564027875662
2025-04-13 10:29:23,e7d42dde,1,Proximity Alert,7.757919874390625,0.8500000238418579,0.0,-0.000870533986017108,90.7007827758789,7.462576780881136e-05,-0.0009894415949676602,-0.0058039091527462006,3.425650119781494,0.004072427749633789,9.789578437805176,-0.0006712351460009813,-0.00363742932677269,-0.014438163489103317,5264,True,None,Green,Driving,vehicle.lincoln.mkz_2020,-110.14413452148438,-8.307302474975586,-0.0058039091527462006
2025-04-13 10:29:23,a44255fb,1,Proximity Alert,3.433244498080562e-07,0.0,1.0,-0.0010773526737466455,90.7647705078125,0.0001362550164571985,-0.0010201403163099835,0.03879783675074577,-1.5675366739742458e-05,-4.725734470412135e-08,9.8100004196167,-2.012744859669624e-09,-2.9136311141542137e-09,2.855090567178281e-13,5676,True,None,None,Driving,vehicle.citroen.c3,-113.5615005493164,-15.167839050292969,0.03879783675074577
2025-04-13 10:29:23,f80b4529,1,Proximity Alert,16.266189997905204,0.8500000238418579,0.0,0.0,0.3646831810474396,-0.0012664713039640674,0.00021767359455895482,-0.029194410890340805,5.164184093475342,0.0011190411169081926,9.690791130065918,0.006455069407820702,0.05229111760854721,-7.35767898731865e-05,5428,True,None,None,Driving,vehicle.dodge.charger_police,24.231313705444336,140.98294067382812,-0.029194410890340805
2025-04-13 10:29:23,a70c33c0,1,Proximity Alert,20.362929061561758,0.4125189185142517,0.0,-0.0006155604496598244,0.38405340909957886,-0.0012350102565221732,0.00021462536952574247,0.0015478896675631404,0.09766692668199539,-0.02575208805501461,9.806975364685059,-0.00027451926143839955,-0.001898281741887331,-0.000784308067522943,5484,True,None,None,Driving,vehicle.nissan.patrol,23.609821319580078,137.47885131835938,0.0015457534464076161
2025-04-13 10:29:23,a7402aed,1,Proximity Alert,20.24950087343225,0.4503977596759796,0.0,0.11472377926111221,-161.02142333984375,-0.0011433508725531283,-0.000674148090408704,0.010804214514791965,0.0009508132934570312,1.5001351833343506,9.80958080291748,0.01841767691075802,-1.095794141292572e-05,0.19788633286952972,5004,True,None,None,Driving,vehicle.jeep.wrangler_rubicon,-75.04582214355469,127.27723693847656,0.010804214514791965
2025-04-13 10:29:23,b0233fcc,1,Proximity Alert,20.47236445138359,0.3017432987689972,0.0,0.041253410279750824,-167.88368225097656,-0.0011863392668658435,-0.0006418755079683185,0.042652204632759094,0.17796990275382996,0.4438932538032532,9.811256408691406,-0.00036616413854062557,0.0006646796828135848,0.02546244114637375,4864,True,None,None,Driving,vehicle.mini.cooper_s,-71.45325469970703,132.06268310546875,0.042652204632759094
2025-04-13 10:29:23,745549c1,1,Proximity Alert,20.704508440472903,0.22782865166664124,0.0,-0.07874584943056107,-83.30423736572266,-0.000870183099536348,0.0009453372286688413,0.1416117399930954,1.1483746767044067,-0.7026501893997192,9.819191932678223,0.00481667323037982,5.129305645823479e-05,-0.15334303677082062,5132,True,None,None,Driving,vehicle.mercedes.coupe,105.23445892333984,96.86833953857422,0.1416117399930954
2025-04-13 10:29:24,2d359ce4,1,Proximity Alert,3.1284054727159956e-06,0.0,1.0,0.0009834838565438986,-89.69603729248047,0.00036165517310848827,-0.00040574062347703945,-0.0075878906063735485,0.010951831936836243,0.0,9.8099946975708,-1.8051423467113636e-07,-1.1140421065647388e-06,2.9971991555299837e-10,5100,True,None,Red,Driving,vehicle.audi.a2,-45.166839599609375,-40.25926971435547,-0.0075878906063735485
2025-04-13 10:29:24,d22ba8ea,1,Proximity Alert,15.707511427510383,0.8500000238418579,0.0,0.0,0.1601916402578354,-0.0002533539591098588,6.271198062777968e-05,-0.01922122947871685,1.308030128479004,0.003829504130408168,9.816641807556152,3.507378278300166e-05,-0.0056387376971542835,-9.420690184924752e-05,5692,True,None,None,Driving,vehicle.nissan.micra,6.98106575012207,28.20323371887207,-0.01922122947871685
2025-04-13 10:29:24,8a40c8cc,1,Proximity Alert,20.217921555212765,0.0,0.699999988079071,0.04900746047496796,-32.7824592590332,0.0004853774878625927,-0.0007682043159904327,-0.01096775010228157,-1.716982126235962,1.586401343345642,9.821932792663574,0.008726831525564194,0.0034063488710671663,0.2233838438987732,5208,True,None,None,Driving,vehicle.audi.tt,-85.75436401367188,-53.88928985595703,-0.011025771498680115
2025-04-13 10:29:24,d2a94478,1,Proximity Alert,12.852152177487381,0.8500000238418579,0.0,-0.003932965453714132,83.51724243164062,-0.0007654237412140219,-0.0009912780860834795,-0.0018699264619499445,-18.20874786376953,-0.12018394470214844,9.775704383850098,-0.0004544481635093689,0.007327076978981495,-0.008970551192760468,4964,True,None,None,Driving,vehicle.mercedes.coupe_2020,-110.36638641357422,85.04801940917969,-0.0016602325486019254
2025-04-13 10:29:24,f06780bc,1,Proximity Alert,7.188220912497238e-06,0.0,1.0,0.14997807145118713,-11.34581184387207,0.0005168540244540054,-0.0006811689200065742,0.06759917736053467,-1.0450244189996738e-05,-6.15582030150108e-06,9.8100004196167,0.0,0.0,0.0,4780,True,None,None,Driving,vehicle.bmw.grandtourer,-75.82737731933594,-57.535926818847656,0.06759917736053467
2025-04-13 10:29:24,b586c13e,1,Proximity Alert,14.077730414084954,0.6440016627311707,0.0,0.002925200155004859,-1.575683355331421,0.0005526159125963659,-0.0006022365373315421,-0.029479026794433594,-5.667497158050537,0.011628061532974243,9.805468559265137,0.000985393300652504,-0.0039842622354626656,0.005903579760342836,4812,True,None,Green,Driving,vehicle.harley-davidson.low_rider,-67.04066467285156,-61.51692199707031,-0.029479026794433594
2025-04-13 10:29:24,52097445,1,Proximity Alert,20.006944980995524,0.5740479230880737,0.0,-0.07180479168891907,32.86505126953125,-0.0011716739299316714,-0.0007593116992279059,-0.0044564055278897285,0.042755041271448135,-0.381465345621109,9.808954238891602,0.004005247727036476,7.885036757215858e-05,-0.10799382627010345,4860,True,None,None,Driving,vehicle.ford.ambulance,-84.76435089111328,130.28672790527344,-0.0044603729620575905
2025-04-13 10:29:24,d11af87e,1,Proximity Alert,20.036715402195032,0.7857922911643982,0.0,-0.04100096598267555,35.657562255859375,-0.0011830968279014087,-0.0007976782301700897,0.0028319167904555798,0.4273265600204468,-0.6807153820991516,9.815423965454102,-0.009061534889042377,-0.0035826493985950947,-0.17902284860610962,4892,True,None,None,Driving,vehicle.micro.microlino,-89.02425384521484,131.5460662841797,0.0028407287318259478
2025-04-13 10:29:24,a13f0ba8,1,Proximity Alert,16.723350829074857,0.8500000238418579,0.0,-0.09082420915365219,7.329603672027588,-0.0012254782672442843,-0.0005921834687264622,-0.0034654615446925163,2.187554121017456,-0.2635931372642517,9.79680347442627,0.00153376255184412,-0.006842485163360834,-0.09458941966295242,5608,True,None,None,Driving,vehicle.carlamotors.firetruck,-66.1563949584961,136.4011993408203,-0.0032967757433652878
2025-04-13 10:29:24,50837aa9,1,Proximity Alert,20.09204047666285,0.43935054540634155,0.0,-0.05795757845044136,17.931182861328125,-0.0012390087848359599,-0.0006832411064854067,-0.0005892562912777066,0.15150924026966095,-0.42249614000320435,9.785643577575684,0.026645157486200333,-0.000796113396063447,-0.15747933089733124,4944,True,None,None,Driving,vehicle.carlamotors.carlacola,-76.05805206298828,137.9258270263672,-0.0005892562912777066
2025-04-13 10:29:24,f9e35844,1,Proximity Alert,19.788449560799172,0.7821546792984009,0.0,0.0038756101857870817,0.27690693736076355,0.0005156551239196006,0.0005518457733947397,-0.0034604263491928577,-0.16234096884727478,0.02864360436797142,9.811464309692383,-0.000541974208317697,0.00042796041816473007,0.003739289939403534,5888,True,None,None,Driving,vehicle.carlamotors.european_hgv,61.157615661621094,-57.40422821044922,-0.003463859437033534
2025-04-13 10:29:24,2b28acec,1,Proximity Alert,0.0,0.0,1.0,0.0,0.15010468661785126,-0.0002514074505484132,-0.0006385838601361581,-0.005314597859978676,-0.0008987209293991327,-8.449217148154275e-08,9.8100004196167,0.0,0.0,0.0,4868,True,None,Red,Driving,vehicle.ford.mustang,-71.08683013916016,27.986549377441406,-0.005314597859978676
2025-04-13 10:29:24,aeb90d02,1,Proximity Alert,11.43633972835941,0.8500000238418579,0.0,0.0037272039335221052,90.36451721191406,5.854102855096244e-05,-0.0010212939830868378,-0.007457580417394638,2.392925500869751,0.009906768798828125,9.808956146240234,-3.4437471185810864e-05,-0.00010003482748288661,0.0046834456734359264,5720,True,None,Green,Driving,vehicle.chevrolet.impala,-113.68992614746094,-6.516757488250732,-0.007457580417394638
2025-04-13 10:29:24,e7d42dde,1,Proximity Alert,15.080844250387313,0.7526169419288635,0.0,-0.0003670363512355834,90.68265533447266,4.6836344736789215e-05,-0.000989773514898766,-0.0047134398482739925,-1.9448637962341309,-0.0019093751907348633,9.772150993347168,2.658553421497345e-05,0.022513780742883682,-0.0006758536910638213,5232,True,None,Green,Driving,vehicle.lincoln.mkz_2020,-110.18108367919922,-5.2137980461120605,-0.0047134398482739925
2025-04-13 10:29:24,a44255fb,1,Proximity Alert,0.46965759325324274,0.8500000238418579,0.0,-0.0013800958404317498,90.77262878417969,0.00013608309386370365,-0.0010201420982464298,0.03875354677438736,0.038237154483795166,0.03449957072734833,9.811004638671875,7.008202373981476e-08,-0.0008229651139117777,0.002750649116933346,5888,True,None,None,Driving,vehicle.citroen.c3,-113.56169891357422,-15.148700714111328,0.03875354677438736
2025-04-13 10:29:24,f80b4529,1,Proximity Alert,19.468614063805326,0.7357990145683289,0.0,-0.0009834838565438986,0.3859792947769165,-0.0012667091239535466,0.0002573017022370113,-0.03133981674909592,-2.457944393157959,0.001954754116013646,9.905929565429688,0.0004841323825530708,-0.00726509653031826,-0.001949029858224094,5476,True,None,None,Driving,vehicle.dodge.charger_police,28.6426944732666,141.00941467285156,-0.03133981674909592
2025-04-13 10:29:24,a70c33c0,1,Proximity Alert,20.3863745693766,0.4002390205860138,0.0,-0.0006155604496598244,0.345695436000824,-0.0012352469799310484,0.0002526506939064953,0.0015210723504424095,0.11883038282394409,-0.015998506918549538,9.808686256408691,-0.00015144837379921228,-0.0020004839170724154,-0.000914649514015764,5344,True,None,None,Driving,vehicle.nissan.patrol,28.12494659423828,137.50706481933594,0.0015210723504424095
2025-04-13 10:29:25,a7402aed,1,Proximity Alert,20.228529068733145,0.4751042127609253,0.0,0.08442993462085724,-153.62506103515625,-0.001127091182240747,-0.0007110557636896202,0.010822906158864498,-0.04665935039520264,1.8546299934387207,9.805244445800781,0.010946560651063919,5.639251321554184e-05,0.22082966566085815,5088,True,None,None,Driving,vehicle.jeep.wrangler_rubicon,-79.15436553955078,125.46721649169922,0.010822906158864498
2025-04-13 10:29:25,b0233fcc,1,Proximity Alert,20.308124650636575,0.36464670300483704,0.0,0.02735287696123123,-161.24948120117188,-0.0011745274955359264,-0.0006801436211898606,0.04276729375123978,-0.21921053528785706,0.33433493971824646,9.810550689697266,-0.0005098511464893818,0.00038924108957871795,-0.014889267273247242,4948,True,None,None,Driving,vehicle.mini.cooper_s,-75.71324157714844,130.747802734375,0.04276729375123978
2025-04-13 10:29:25,745549c1,1,Proximity Alert,20.270836178528537,0.2518192231655121,0.0,-0.053227730095386505,-86.59603881835938,-0.0008272392535957351,0.0009481246570227556,0.14176639914512634,-1.1918556690216064,-0.7555961012840271,9.814108848571777,-0.005570469424128532,0.0038097305223345757,-0.06796544790267944,5152,True,None,None,Driving,vehicle.mercedes.coupe,105.53234100341797,92.3677978515625,0.14172698557376862
2025-04-13 10:29:25,2d359ce4,1,Proximity Alert,6.184072683454573e-07,0.0,1.0,0.0009834838565438986,-89.69603729248047,0.00036165517310848827,-0.00040574062347703945,-0.0075878906063735485,0.010951831936836243,0.0,9.8099946975708,-2.143053734471323e-08,1.5859585644761864e-08,2.4340992763050018e-11,5188,True,None,Red,Driving,vehicle.audi.a2,-45.166839599609375,-40.25926971435547,-0.0075878906063735485
2025-04-13 10:29:25,d22ba8ea,1,Proximity Alert,21.12324713794483,0.0,0.24858076870441437,0.0,0.15378497540950775,-0.00025345777405050285,0.00010033120340585306,-0.0191192626953125,-1.767042636871338,-0.0002812307793647051,9.812766075134277,3.521920370985754e-05,0.017971156165003777,9.327199222752824e-05,5656,True,None,None,Driving,vehicle.nissan.micra,11.168818473815918,28.21479034423828,-0.0191192626953125
2025-04-13 10:29:25,8a40c8cc,1,Proximity Alert,12.247497223698138,0.8500000238418579,0.0,0.10049526393413544,-27.389602661132812,0.0004946110713035523,-0.0007503439669905716,-0.011378783732652664,3.156818389892578,0.38198792934417725,9.834970474243164,-0.0007944679236970842,-0.001416579820215702,0.13430903851985931,4944,True,None,None,Driving,vehicle.audi.tt,-83.6864242553711,-54.98794174194336,-0.011383895762264729
2025-04-13 10:29:25,d2a94478,1,Proximity Alert,19.901975225462394,0.6735765337944031,0.0,-0.020242849364876747,80.68941497802734,-0.0007974972950535175,-0.0009862976422524796,-0.0008810424478724599,-0.2976646423339844,-0.11711788177490234,9.809736251831055,0.0003461698070168495,0.007753176614642143,-0.04604661464691162,4768,True,None,None,Driving,vehicle.mercedes.coupe_2020,-109.84117889404297,88.50569915771484,-0.0008323669317178428
2025-04-13 10:29:25,f06780bc,1,Proximity Alert,3.3044941205538905,0.8500000238418579,0.0,0.13314101099967957,-10.476821899414062,0.0005171392713663181,-0.0006784219279027842,0.066777803003788,1.353792667388916,0.16194167733192444,9.795506477355957,0.00013867337838746607,0.0009679875220172107,0.03538113087415695,4936,True,None,None,Driving,vehicle.bmw.grandtourer,-75.56987762451172,-57.56251907348633,0.06678035855293274
2025-04-13 10:29:25,b586c13e,1,Proximity Alert,15.566932560995658,0.8500000238418579,0.0,0.003713608719408512,-0.4834289848804474,0.0005529260380825463,-0.0005729157326142206,-0.029661711305379868,2.408794641494751,0.02179018221795559,9.81496810913086,0.0006924624321982265,0.007517735939472914,0.00832163356244564,5592,True,None,None,Driving,vehicle.harley-davidson.low_rider,-63.77668762207031,-61.55144500732422,-0.029661711305379868
2025-04-13 10:29:25,52097445,1,Proximity Alert,19.972681378297988,0.5972159504890442,0.0,-0.08554160594940186,26.710281372070312,-0.0011913481531422576,-0.0007217775382141302,-0.0044698333367705345,0.0970296710729599,-0.44129401445388794,9.810791969299316,0.0013838992454111576,4.221481503918767e-06,-0.1282268911600113,4952,True,None,None,Driving,vehicle.ford.ambulance,-80.60044860839844,132.5048828125,-0.004474983084946871
2025-04-13 10:29:25,d11af87e,1,Proximity Alert,19.68224716595158,0.5493555068969727,0.0,-0.050506591796875,29.494159698486328,-0.0012051955812637516,-0.00076157907628361,0.0028538512997329235,0.7882522344589233,-0.9320806264877319,9.813409805297852,-0.00868967268615961,-0.0077902874909341335,-0.1622602492570877,4980,True,None,None,Driving,vehicle.micro.microlino,-85.0230484008789,134.03109741210938,0.0028268431778997183
2025-04-13 10:29:25,a13f0ba8,1,Proximity Alert,16.38298937644345,0.04907085746526718,0.0,-0.05435498431324959,3.921361207962036,-0.0012275216000716682,-0.0005583962403068408,-0.0033676528837531805,-0.3224101960659027,-0.11625772714614868,9.804279327392578,0.00043746992014348507,-5.95031124248635e-05,-0.05821077898144722,5800,True,None,None,Driving,vehicle.carlamotors.firetruck,-62.16038513183594,136.64707946777344,-0.0033676528837531805
2025-04-13 10:29:25,50837aa9,1,Proximity Alert,18.496468730793165,0.3103483021259308,0.0,-0.12324517965316772,13.773406982421875,-0.001249674908109455,-0.0006436446967152867,0.0009903335012495518,-0.953265905380249,-0.5659006834030151,9.80545711517334,-0.010291721671819687,0.004958875477313995,-0.1983104646205902,5584,True,None,None,Driving,vehicle.carlamotors.carlacola,-71.65019989013672,139.11317443847656,0.0009903335012495518
2025-04-13 10:29:25,f9e35844,1,Proximity Alert,19.621886273142387,0.6977784037590027,0.0,0.03978629410266876,2.579357862472534,0.0005143394037361304,0.0005911147180748692,-0.0034663008991628885,-0.14540189504623413,0.2253340184688568,9.811614990234375,-0.006234637461602688,0.0003615312452893704,0.06279027462005615,5960,True,None,None,Driving,vehicle.carlamotors.european_hgv,65.8025894165039,-57.25600051879883,-0.0034663008991628885
2025-04-13 10:29:25,2b28acec,1,Proximity Alert,0.0,0.0,1.0,0.0,0.15010468661785126,-0.0002514074505484132,-0.0006385838601361581,-0.005314597859978676,-0.0008987209293991327,-8.449217148154275e-08,9.8100004196167,0.0,0.0,0.0,5504,True,None,Red,Driving,vehicle.ford.mustang,-71.08683013916016,27.986549377441406,-0.005314597859978676
2025-04-13 10:29:25,aeb90d02,1,Proximity Alert,15.055688917209705,0.6751127243041992,0.0,0.0005190677475184202,90.50849151611328,2.522960500073168e-05,-0.001021584027511459,-0.007214393466711044,-0.05269147828221321,0.005464382469654083,9.800348281860352,-8.184666512534022e-06,-0.00048212771071121097,0.0011554358061403036,5844,True,None,None,Driving,vehicle.chevrolet.impala,-113.72032928466797,-3.0186243057250977,-0.007193069439381361
2025-04-13 10:29:26,e7d42dde,1,Proximity Alert,15.334051078494298,0.8500000238418579,0.0,0.0,90.66508483886719,1.2502204256747973e-05,-0.0009901732854868603,-0.004450950305908918,1.6649315357208252,-0.004342555999755859,9.766565322875977,2.0847655832767487e-05,-0.009909925051033497,1.3669708096131217e-05,5156,True,None,None,Driving,vehicle.lincoln.mkz_2020,-110.2255859375,-1.391739010810852,-0.004450950305908918
2025-04-13 10:29:26,a44255fb,1,Proximity Alert,9.752758273929995,0.8500000238418579,0.0,-0.0005661552422679961,90.74677276611328,0.0001235820386540354,-0.0010202992513337775,0.038437116891145706,2.411216974258423,-0.006339311599731445,9.808119773864746,3.821565769612789e-06,0.00030581236933358014,-0.0008152950322255492,5024,True,None,None,Driving,vehicle.citroen.c3,-113.57919311523438,-13.757089614868164,0.038437116891145706
2025-04-13 10:29:26,f80b4529,1,Proximity Alert,13.521306697225869,0.8500000238418579,0.0,-0.004013766068965197,0.5063102841377258,-0.001266973810047034,0.0003028715913247667,-0.035327985882759094,0.8550328612327576,-0.004706081934273243,10.294371604919434,0.012870658189058304,0.05145895853638649,-0.005720517132431269,5356,True,None,None,Driving,vehicle.dodge.charger_police,33.715511322021484,141.03887939453125,-0.035327985882759094
2025-04-13 10:29:26,a70c33c0,1,Proximity Alert,20.295886388114095,0.3482101857662201,0.0,0.0,0.3355536460876465,-0.0012355462081785618,0.0003033645023601814,0.0015476607950404286,-0.1542731672525406,-0.004076477140188217,9.814436912536621,-7.4392041824467015e-06,0.0031004026532173157,6.458146344812121e-06,5504,True,None,None,Driving,vehicle.nissan.patrol,33.48797607421875,137.53871154785156,0.0015363311395049095
2025-04-13 10:29:26,a7402aed,1,Proximity Alert,20.204440892145417,0.426050066947937,0.0,0.04952501878142357,-145.1125030517578,-0.001100484815012237,-0.0007538602758869825,0.010801887139678001,0.13525915145874023,0.5597792863845825,9.80819034576416,-0.0060885874554514885,-0.0007154420018196106,0.1275007426738739,4944,True,None,None,Driving,vehicle.jeep.wrangler_rubicon,-83.6915512084961,122.67024993896484,0.01080955471843481
2025-04-13 10:29:26,b0233fcc,1,Proximity Alert,19.907133741767485,0.5675681829452515,0.0,0.11334820836782455,-154.2031707763672,-0.0011543071773161273,-0.0007258470698410565,0.0427786260843277,-0.524446964263916,1.3991514444351196,9.809786796569824,0.003131034318357706,0.00026053981855511665,0.25828295946121216,5112,True,None,None,Driving,vehicle.mini.cooper_s,-80.55680847167969,128.62576293945312,0.04277774691581726
2025-04-13 10:29:26,745549c1,1,Proximity Alert,20.12434029023672,0.6399532556533813,0.0,-0.015508831478655338,-88.5006103515625,-0.0007820840930889972,0.0009495063431287012,0.14172622561454773,0.9131070971488953,-0.27159303426742554,9.803327560424805,-0.0006954164709895849,-0.0033117863349616528,-0.030400505289435387,5236,True,None,None,Driving,vehicle.mercedes.coupe,105.69856262207031,87.06120300292969,0.14172622561454773
2025-04-13 10:29:26,2d359ce4,1,Proximity Alert,1.546039121516312e-06,0.0,1.0,0.0009834838565438986,-89.69603729248047,0.00036165517310848827,-0.00040574062347703945,-0.0075878906063735485,0.010951831936836243,0.0,9.8099946975708,-7.723200212694792e-08,5.419292392616626e-08,8.621312691525773e-11,4876,True,None,Red,Driving,vehicle.audi.a2,-45.166839599609375,-40.25926971435547,-0.0075878906063735485
2025-04-13 10:29:26,d22ba8ea,1,Proximity Alert,16.57371906517872,0.8500000238418579,0.0,-0.00017573311924934387,0.16131283342838287,-0.000253575124844474,0.00014294942614157238,-0.019347723573446274,1.5046383142471313,-0.009230279363691807,9.814983367919922,-0.00012983469059690833,-0.004522811621427536,-0.00028608765569515526,5728,True,None,None,Driving,vehicle.nissan.micra,15.913057327270508,28.227853775024414,-0.019347723573446274
2025-04-13 10:29:26,8a40c8cc,1,Proximity Alert,8.161662745619559,0.7723763585090637,0.0,0.08039634674787521,-22.484567642211914,0.000503501940400497,-0.0007289746424481359,-0.010695304721593857,3.8565986156463623,0.5485458374023438,9.719881057739258,0.0019479395123198628,-0.009093550965189934,0.07895418256521225,5948,True,None,None,Driving,vehicle.audi.tt,-81.2654037475586,-56.006874084472656,-0.010566482320427895
2025-04-13 10:29:26,d2a94478,1,Proximity Alert,18.821298976199486,0.8500000238418579,0.0,-0.031151892617344856,76.83850860595703,-0.0008450201693506187,-0.0009764494963387081,-0.0009405898745171726,-0.2873920202255249,-0.023213952779769897,9.77588176727295,0.0034212067257612944,-0.002465176163241267,-0.05167270824313164,5452,True,None,None,Driving,vehicle.mercedes.coupe_2020,-108.76074981689453,93.8125,-0.0009644317324273288
2025-04-13 10:29:26,f06780bc,1,Proximity Alert,12.132555554940298,0.2361011952161789,0.0,0.04807760566473007,-6.415502071380615,0.0005187893445253167,-0.0006608529255118703,0.06617236882448196,2.779872417449951,0.05657064914703369,9.811247825622559,-0.0016092462465167046,0.0018391533521935344,0.07601071149110794,5576,True,None,None,Driving,vehicle.bmw.grandtourer,-73.56581115722656,-57.751365661621094,0.06617236882448196
2025-04-13 10:29:26,b586c13e,1,Proximity Alert,19.615735342563205,0.6715744137763977,0.0,0.002022232161834836,0.12037180364131927,0.0005530058482889899,-0.000526260181612638,-0.029358481988310814,-1.4358094930648804,0.011038058437407017,9.803168296813965,0.0017503020353615284,-0.0013369789812713861,0.00500364787876606,5712,True,None,None,Driving,vehicle.harley-davidson.low_rider,-58.58301544189453,-61.56032943725586,-0.029358481988310814
2025-04-13 10:29:26,52097445,1,Proximity Alert,19.562431041950337,0.510307788848877,0.0,-0.10365194827318192,19.88323402404785,-0.0012083357644883108,-0.0006777246424641985,-0.0045851897448301315,-0.6560307145118713,-0.48511067032814026,9.809910774230957,-0.0029327664524316788,0.0016614310443401337,-0.15042094886302948,5264,True,None,None,Driving,vehicle.ford.ambulance,-75.70259094238281,134.43084716796875,-0.004556579515337944
2025-04-13 10:29:27,d11af87e,1,Proximity Alert,20.200226616299606,0.6366738677024841,0.0,-0.0837273895740509,23.128767013549805,-0.0012255233639706375,-0.0007187137041030097,0.0028926467057317495,-0.7799587845802307,-2.068871259689331,9.796150207519531,-0.009901252575218678,0.00912300031632185,-0.12032362818717957,5284,True,None,None,Driving,vehicle.micro.microlino,-80.26383209228516,136.32159423828125,0.002923850901424885
2025-04-13 10:29:27,a13f0ba8,1,Proximity Alert,15.365222977232868,0.8500000238418579,0.0,-0.028318388387560844,2.0551986694335938,-0.0012287230364478319,-0.0005191496041002968,-0.0035729599185287952,1.267046332359314,-0.09107886254787445,9.799015045166016,-0.001487861038185656,-0.001792520866729319,-0.026531752198934555,5772,True,None,None,Driving,vehicle.carlamotors.firetruck,-58.00711441040039,136.77645874023438,-0.003536491421982646
2025-04-13 10:29:27,50837aa9,1,Proximity Alert,17.863826157324933,0.0,0.013124972581863403,-0.035517506301403046,5.474764347076416,-0.0012557251306333228,-0.0005987662161026457,-0.0012601852649822831,-0.1600133627653122,-0.28721117973327637,9.819034576416016,0.013687697239220142,0.0019363354658707976,-0.08240305632352829,5620,True,None,None,Driving,vehicle.carlamotors.carlacola,-66.9012680053711,139.76634216308594,-0.0013157272478565574
2025-04-13 10:29:27,f9e35844,1,Proximity Alert,19.727745622933636,0.8187488317489624,0.0,0.0980759710073471,7.15175724029541,0.0005096077113648789,0.0006374883804378727,-0.003450050251558423,0.18302494287490845,0.5388379693031311,9.806619644165039,0.0008738813921809196,1.730207441141829e-05,0.14242026209831238,5792,True,None,None,Driving,vehicle.carlamotors.european_hgv,70.96488189697266,-56.729270935058594,-0.003450050251558423
2025-04-13 10:29:27,2b28acec,1,Proximity Alert,0.0,0.0,1.0,0.0,0.15010468661785126,-0.0002514074505484132,-0.0006385838601361581,-0.005314597859978676,-0.0008987209293991327,-8.449217148154275e-08,9.8100004196167,0.0,0.0,0.0,5136,True,None,Red,Driving,vehicle.ford.mustang,-71.08683013916016,27.986549377441406,-0.005314597859978676
2025-04-13 10:29:27,aeb90d02,1,Proximity Alert,18.9680216578808,0.8500000238418579,0.0,0.00031118179322220385,90.56968688964844,-1.0054950138282948e-05,-0.0010219238976205552,-0.007272033486515284,3.5681850910186768,-0.005416154861450195,9.808977127075195,-1.957040512934327e-05,-0.00027287588454782963,0.0010626263683661819,5136,True,None,None,Driving,vehicle.chevrolet.impala,-113.76004791259766,1.1193119287490845,-0.007272033486515284
2025-04-13 10:29:27,e7d42dde,1,Proximity Alert,20.577844355538375,0.29358619451522827,0.0,-0.009112472645938396,89.73628997802734,-3.486305755018293e-05,-0.0009903962331506819,-0.0041595459915697575,-0.8486853241920471,-0.11432474851608276,9.749504089355469,0.0014398181810975075,0.006586257368326187,-0.02406741864979267,5776,True,None,None,Driving,vehicle.lincoln.mkz_2020,-110.25040435791016,3.8809378147125244,-0.0041595459915697575
2025-04-13 10:29:27,a44255fb,1,Proximity Alert,17.592551843139088,0.5659512877464294,0.0,0.0002485241857357323,90.69502258300781,9.088732575435188e-05,-0.0010206997758180605,0.038470495492219925,2.753513813018799,0.00667572021484375,9.809183120727539,8.214288391172886e-05,-0.0008229308878071606,-0.00021296716295182705,5844,True,None,Green,Driving,vehicle.citroen.c3,-113.623779296875,-10.117530822753906,0.038470495492219925
2025-04-13 10:29:27,f80b4529,1,Proximity Alert,19.856918904304422,0.273517370223999,0.0,-0.0009806097950786352,0.3588244915008545,-0.0012672408263654233,0.00034752993425028983,-0.03111204132437706,-2.914396286010742,-0.0006136842421256006,9.826309204101562,-0.0017145118908956647,-0.02259431593120098,-0.0020374897867441177,5436,True,None,None,Driving,vehicle.dodge.charger_police,38.41331100463867,141.0670166015625,-0.030660055577754974
2025-04-13 10:29:27,a70c33c0,1,Proximity Alert,20.27179888530037,0.368706613779068,0.0,-0.0006155604496598244,0.3344888985157013,-0.0012358139098438414,0.00034899852402599425,0.0015575408469885588,0.09978125989437103,-0.005835782736539841,9.806218147277832,-0.0002687351079657674,-0.002045768778771162,-0.0007925367099232972,5124,True,None,None,Driving,vehicle.nissan.patrol,38.56809997558594,137.56857299804688,0.0015630340203642845
2025-04-13 10:29:27,a7402aed,1,Proximity Alert,20.177859098981703,0.424146443605423,0.0,0.029031796380877495,-137.3800048828125,-0.001072927716180061,-0.0007866627788120491,0.010820159688591957,-0.15499037504196167,0.370901882648468,9.81115436553955,-0.00605978537350893,0.0014140838757157326,0.08559904992580414,4916,True,None,None,Driving,vehicle.jeep.wrangler_rubicon,-87.5708999633789,119.4377670288086,0.010820159688591957
2025-04-13 10:29:27,b0233fcc,1,Proximity Alert,19.924414480290853,0.6290956139564514,0.0,0.0825146734714508,-147.02099609375,-0.0011323725677101493,-0.00076223016844663,0.042775191366672516,-0.005002856254577637,1.9013900756835938,9.809252738952637,0.0011474746279418468,-9.517493890598416e-05,0.2829384505748749,4960,True,None,None,Driving,vehicle.mini.cooper_s,-84.85107421875,126.05513763427734,0.042775191366672516
2025-04-13 10:29:27,745549c1,1,Proximity Alert,20.525426520070383,0.2683064639568329,0.0,-0.005276684649288654,-89.20787811279297,-0.0007364880403883944,0.0009502256286287954,0.1416754126548767,-0.18424846231937408,-0.04840688407421112,9.814778327941895,1.051946310326457e-05,0.0009491922683082521,-0.011063647456467152,5332,True,None,None,Driving,vehicle.mercedes.coupe,105.77863311767578,81.9854736328125,0.1416754126548767
2025-04-13 10:29:27,2d359ce4,1,Proximity Alert,1.443242822808611e-06,0.0,1.0,0.0009834838565438986,-89.69603729248047,0.00036165517310848827,-0.00040574062347703945,-0.0075878906063735485,0.010951831936836243,0.0,9.8099946975708,-9.871028083807687e-08,7.598588780410864e-08,1.0638234737569974e-10,5272,True,None,Red,Driving,vehicle.audi.a2,-45.166839599609375,-40.25926971435547,-0.0075878906063735485
2025-04-13 10:29:27,d22ba8ea,1,Proximity Alert,20.232389866878748,0.07859335839748383,0.0,0.0,0.1593085676431656,-0.00025369155041232716,0.00018471207094007273,-0.01859401725232601,-1.4910184144973755,-0.002123730257153511,9.840312004089355,1.5857609469094314e-05,0.01481533795595169,0.00018129797535948455,5844,True,None,None,Driving,vehicle.nissan.micra,20.562053680419922,28.240814208984375,-0.01859401725232601
2025-04-13 10:29:27,8a40c8cc,1,Proximity Alert,3.1276989551794974,0.0,0.39059844613075256,0.06017443537712097,-17.940587997436523,0.0005102048999532371,-0.0007083727842258577,-0.00999607052654028,-21.03717613220215,-0.615408182144165,9.538055419921875,0.00044363687629811466,0.0006924819317646325,0.012492367997765541,5572,True,None,None,Driving,vehicle.audi.tt,-78.872802734375,-56.79081344604492,-0.01015827152878046
2025-04-13 10:29:27,d2a94478,1,Proximity Alert,17.638723713143882,0.8500000238418579,0.0,-0.02248552441596985,72.62047576904297,-0.0008881388506551957,-0.0009643674874816236,-0.0012803649296984076,-5.68250846862793,-0.15130376815795898,9.750499725341797,0.002102444414049387,0.003937257919460535,-0.04172830283641815,5176,True,None,None,Driving,vehicle.mercedes.coupe_2020,-107.35289764404297,98.8671646118164,-0.0012803649296984076
2025-04-13 10:29:27,f06780bc,1,Proximity Alert,12.4490715820257,0.8500000238418579,0.0,0.04772081971168518,-2.8889777660369873,0.0005203833209321829,-0.0006336781890998798,0.06771579384803772,-0.7129182815551758,0.04304957389831543,9.782029151916504,-0.0023125663865357637,0.005549027118831873,0.07382067292928696,5212,True,None,Green,Driving,vehicle.bmw.grandtourer,-70.54073333740234,-57.92880630493164,0.06771579384803772
2025-04-13 10:29:28,b586c13e,1,Proximity Alert,19.660275050346556,0.77945476770401,0.0,0.0008492356282658875,0.3859995901584625,0.0005527878009417009,-0.0004834791430011529,-0.029387015849351883,-0.18079686164855957,-0.0012232965091243386,9.805315971374512,0.0011090137995779514,0.0030153754632920027,0.0021398754324764013,4984,True,None,None,Driving,vehicle.harley-davidson.low_rider,-53.82065200805664,-61.53605651855469,-0.029387015849351883
2025-04-13 10:29:28,52097445,1,Proximity Alert,18.27125620290597,0.5603046417236328,0.0,-0.15699002146720886,15.143978118896484,-0.0012189700870663955,-0.0006391876624473377,-0.004574088845402002,-0.3534085154533386,-1.4954239130020142,9.809667587280273,-0.01633322425186634,0.00013749675417784601,-0.20997504889965057,5264,True,None,None,Driving,vehicle.ford.ambulance,-71.40282440185547,135.6454620361328,-0.00457904813811183
2025-04-13 10:29:28,d11af87e,1,Proximity Alert,19.711570355418733,0.20152480900287628,0.0,-0.0008135465905070305,16.343576431274414,-0.0012385682353084349,-0.0006810349320930263,0.0028784561436623335,-0.8805844783782959,-0.21527013182640076,9.800880432128906,0.007425469812005758,0.009330824948847294,-0.11098559200763702,5364,True,None,None,Driving,vehicle.micro.microlino,-75.81246185302734,137.8767852783203,0.0028784561436623335
2025-04-13 10:29:28,a13f0ba8,1,Proximity Alert,18.887379336518414,0.8500000238418579,0.0,-0.009105728007853031,1.1022690534591675,-0.0012293187515126647,-0.0004837440347074763,-0.0034117507748305798,3.2563982009887695,-0.047380588948726654,9.791281700134277,9.382002644997556e-06,-0.0006482356693595648,-0.011360568925738335,5800,True,None,None,Driving,vehicle.carlamotors.firetruck,-53.85013961791992,136.84713745117188,-0.0034117507748305798
2025-04-13 10:29:28,50837aa9,1,Proximity Alert,16.316822810954626,0.18060269951820374,0.0,-0.0405706949532032,3.7774171829223633,-0.0012580975733982314,-0.0005643666869057167,-0.003923377953469753,-1.2098727226257324,0.04026499763131142,9.959871292114258,-0.005444989074021578,-0.004939158912748098,-0.06295087188482285,4896,True,None,None,Driving,vehicle.carlamotors.carlacola,-63.0499382019043,140.04002380371094,-0.003573951544240117
2025-04-13 10:29:28,f9e35844,1,Proximity Alert,19.594012195916253,0.719877302646637,0.0,0.0985797867178917,14.679170608520508,0.0005000274384769909,0.000677989602706539,-0.003437385428696871,-0.13349869847297668,0.47738805413246155,9.810050010681152,-0.0025886651128530502,0.0004536774358712137,0.15015901625156403,5720,True,None,None,Driving,vehicle.carlamotors.european_hgv,75.47345733642578,-55.66279983520508,-0.003437385428696871
2025-04-13 10:29:28,2b28acec,1,Proximity Alert,0.0,0.0,1.0,0.0,0.15010468661785126,-0.0002514074505484132,-0.0006385838601361581,-0.005314597859978676,-0.0008987209293991327,-8.449217148154275e-08,9.8100004196167,0.0,0.0,0.0,5052,True,None,Red,Driving,vehicle.ford.mustang,-71.08683013916016,27.986549377441406,-0.005314597859978676
2025-04-13 10:29:28,aeb90d02,1,Proximity Alert,19.417743073196302,0.8500000238418579,0.0,-0.0002485241857357323,90.60160827636719,-4.996285503011677e-05,-0.0010223338115391892,-0.007016716059297323,-0.48299381136894226,7.256865501403809e-05,9.800768852233887,-4.447804531082511e-05,-0.0007094545871950686,0.000729078077711165,5640,True,None,None,Driving,vehicle.chevrolet.impala,-113.80567932128906,5.561839580535889,-0.007016716059297323
2025-04-13 10:29:28,e7d42dde,1,Proximity Alert,23.165195662674368,0.0,0.699999988079071,-0.047255393117666245,87.3479232788086,-7.33352774773266e-05,-0.0009894041057662737,-0.005478172097355127,4.833154678344727,-0.40875911712646484,9.77737808227539,0.00280601903796196,-0.013247008435428143,-0.1611861139535904,5468,True,None,None,Driving,vehicle.lincoln.mkz_2020,-110.13996124267578,8.16364574432373,-0.005478172097355127
2025-04-13 10:29:28,a44255fb,1,Proximity Alert,15.899216846993333,0.5020034909248352,0.0,0.00017573311924934387,90.67680358886719,5.743409047909154e-05,-0.0010210986554379318,0.03889213502407074,-1.7555017471313477,0.025694727897644043,9.808646202087402,9.599444456398487e-05,0.002189128426834941,-0.00017538951942697167,5684,True,None,Green,Driving,vehicle.citroen.c3,-113.66818237304688,-6.393533706665039,0.03889213502407074
2025-04-13 10:29:28,f80b4529,1,Proximity Alert,20.445347900879817,0.0,0.615486741065979,-0.0006155604496598244,0.27750498056411743,-0.00126746658401089,0.0003864142205341089,-0.030500544235110283,-4.927021503448486,0.15550470352172852,9.725939750671387,-0.0034235897473990917,-0.0537436418235302,-0.021340683102607727,5504,True,None,None,Driving,vehicle.dodge.charger_police,43.01543426513672,141.09373474121094,-0.030500544235110283
2025-04-13 10:29:28,a70c33c0,1,Proximity Alert,20.255962493913216,0.3760927617549896,0.0,0.0002485241857357323,0.31541791558265686,-0.0012360267827205007,0.00038704636248838414,0.0015810775803402066,-0.10868319123983383,0.00537156080827117,9.810978889465332,0.00015366371371783316,0.0018015509704127908,-0.00031184518593363464,5604,True,None,None,Driving,vehicle.nissan.patrol,43.0858039855957,137.5938720703125,0.0015810775803402066
2025-04-13 10:29:28,a7402aed,1,Proximity Alert,20.22513224224359,0.41149625182151794,0.0,0.04605340585112572,-129.027587890625,-0.0010430953586251235,-0.0008137430725923932,0.010805053636431694,-0.001078486442565918,0.5849909782409668,9.810725212097168,-0.010808292776346207,0.0005257474258542061,0.13587741553783417,4808,True,None,None,Driving,vehicle.jeep.wrangler_rubicon,-90.58546447753906,116.1168441772461,0.010805053636431694
2025-04-13 10:29:28,b0233fcc,1,Proximity Alert,20.00253000626118,0.5750991106033325,0.0,0.11645910143852234,-140.8236846923828,-0.0011063118842713493,-0.000795837695429258,0.042771756649017334,0.13799738883972168,2.1551828384399414,9.809283256530762,0.0010919090127572417,-7.78835965320468e-05,0.09957947582006454,4984,True,None,None,Driving,vehicle.mini.cooper_s,-88.38335418701172,123.3377914428711,0.04277278855443001
2025-04-13 10:29:28,745549c1,1,Proximity Alert,20.076483282952434,0.5060177445411682,0.0,-0.003089185105636716,-89.42900085449219,-0.0006961322515337542,0.0009506464397741577,0.14176207780838013,-0.6143128871917725,-0.04923295974731445,9.805244445800781,-0.00047087043640203774,0.00017055252101272345,-0.0046594939194619656,5260,True,None,None,Driving,vehicle.mercedes.coupe,105.82547760009766,77.49308776855469,0.14176207780838013
2025-04-13 10:29:28,2d359ce4,1,Proximity Alert,1.5801430070100945e-06,0.0,1.0,0.0009834838565438986,-89.69603729248047,0.00036165517310848827,-0.00040574062347703945,-0.0075878906063735485,0.010951831936836243,0.0,9.8099946975708,-8.908953219588511e-08,6.73985809385158e-08,9.570701176020435e-11,5100,True,None,Red,Driving,vehicle.audi.a2,-45.166839599609375,-40.25926971435547,-0.0075878906063735485
2025-04-13 10:29:28,d22ba8ea,1,Proximity Alert,15.472159903665283,0.8500000238418579,0.0,0.002449825406074524,0.565746009349823,-0.00025396082840245526,0.00021794821837971493,-0.019292067736387253,1.4134467840194702,0.012594442814588547,9.816259384155273,2.0509907699306495e-05,-0.004981508478522301,0.004877124913036823,5504,True,None,None,Driving,vehicle.nissan.micra,24.261884689331055,28.270790100097656,-0.019292067736387253
2025-04-13 10:29:29,8a40c8cc,1,Proximity Alert,7.851241837515454,0.8500000238418579,0.0,0.0652531161904335,-14.132405281066895,0.000513939290456733,-0.0006932586048975806,-0.010928916744887829,7.236988067626953,0.6737292408943176,9.783864974975586,-0.00013700840645469725,-0.005977108608931303,0.029225381091237068,5536,True,None,None,Driving,vehicle.audi.tt,-77.29313659667969,-57.186546325683594,-0.010698509402573109
2025-04-13 10:29:29,d2a94478,1,Proximity Alert,24.046731377451803,0.0,0.699999988079071,-0.03877368941903114,69.03192138671875,-0.0009276287554627061,-0.0009502011612706693,-0.0008808135753497481,-2.4265241622924805,-0.09653162956237793,9.801885604858398,0.004091641865670681,0.02079574204981327,-0.07827188074588776,5240,True,None,None,Driving,vehicle.mercedes.coupe_2020,-105.89761352539062,102.95759582519531,-0.0008061599801294506
2025-04-13 10:29:29,f06780bc,1,Proximity Alert,13.130114277439562,0.0,0.4489326775074005,0.011450088582932949,-1.2183533906936646,0.0005208720170060133,-0.0006085232776496116,0.06706558167934418,1.0420717000961304,-0.007356741931289434,9.869065284729004,-0.0005066222511231899,0.00044184690341353416,0.02519255131483078,5568,True,None,Green,Driving,vehicle.bmw.grandtourer,-67.7405014038086,-57.98320770263672,0.06706558167934418
2025-04-13 10:29:29,b586c13e,1,Proximity Alert,21.257263461155052,0.07047317922115326,0.0,0.00031118179322220385,0.5008399486541748,0.0005524464573056775,-0.00044117785650978785,-0.029492491856217384,-0.5576479434967041,0.008500165306031704,9.842738151550293,0.0002789291611406952,-0.02289954014122486,0.0017670104280114174,5476,True,None,None,Driving,vehicle.harley-davidson.low_rider,-49.40333938598633,-61.500667572021484,-0.029555777087807655
2025-04-13 10:29:29,52097445,1,Proximity Alert,17.307803123440262,0.4929744601249695,0.0,-0.09669575095176697,8.011247634887695,-0.0012241531919130466,-0.0006041996830070731,-0.004694328177720308,-0.30901995301246643,-0.3342202603816986,9.805655479431152,0.0033111420925706625,-0.00020390133431646973,-0.12713128328323364,5140,True,None,None,Driving,vehicle.ford.ambulance,-67.49811553955078,136.24913024902344,-0.0047245025634765625
2025-04-13 10:29:29,d11af87e,1,Proximity Alert,18.132640028895334,0.37765103578567505,0.0,-0.15364880859851837,15.332986831665039,-0.0012494354432703858,-0.0006422615028169636,0.0026681136805564165,-0.661652684211731,-1.8099480867385864,9.789785385131836,-0.03775780647993088,0.006119077559560537,-0.3685913681983948,5536,True,None,None,Driving,vehicle.micro.microlino,-71.745361328125,139.0389862060547,0.002763099502772093
2025-04-13 10:29:29,a13f0ba8,1,Proximity Alert,20.512499157757464,0.3089962899684906,0.0,-0.0028615258634090424,0.5749621391296387,-0.0012297594381038834,-0.00044392186729683126,-0.003582267789170146,0.30074068903923035,-0.023386484012007713,9.808650970458984,0.00034433111432008445,0.002189858350902796,-0.011962386779487133,5564,True,None,None,Driving,vehicle.carlamotors.firetruck,-49.41715621948242,136.8961944580078,-0.003582267789170146
2025-04-13 10:29:29,50837aa9,1,Proximity Alert,15.158406972911633,0.3889199197292328,0.0,-0.00468049431219697,2.123426914215088,-0.0012592609037511693,-0.0005352269200777233,0.0007802200270816684,-0.4112735390663147,-0.03401577100157738,9.785892486572266,-0.0011471837060526013,0.002566850045695901,-0.008374095894396305,5708,True,None,None,Driving,vehicle.carlamotors.carlacola,-59.5811882019043,140.18028259277344,0.0007802200270816684
2025-04-13 10:29:29,f9e35844,1,Proximity Alert,19.609042148036835,0.7098650932312012,0.0,0.09813127666711807,22.115358352661133,0.00048500125940620364,0.0007168336926162937,-0.003446235554292798,0.21100161969661713,0.48711180686950684,9.807366371154785,-0.004047507885843515,-0.00020370293350424618,0.14402534067630768,5816,True,None,None,Driving,vehicle.carlamotors.european_hgv,79.54862976074219,-54.10345458984375,-0.003441123990342021
2025-04-13 10:29:29,2b28acec,1,Proximity Alert,0.0,0.0,1.0,0.0,0.15010468661785126,-0.0002514074505484132,-0.0006385838601361581,-0.005314597859978676,-0.0008987209293991327,-8.449217148154275e-08,9.8100004196167,0.0,0.0,0.0,5512,True,None,Red,Driving,vehicle.ford.mustang,-71.08683013916016,27.986549377441406,-0.005314597859978676
2025-04-13 10:29:29,aeb90d02,1,Proximity Alert,20.25029703417274,0.5776158571243286,0.0,0.0,90.63045501708984,-9.245615802910834e-05,-0.0010227943735745045,-0.00714885676279664,2.464919090270996,-0.0071125030517578125,9.810638427734375,-1.1619413271546364e-06,-0.0017422304954379797,1.8529253793531097e-05,5724,True,None,None,Driving,vehicle.chevrolet.impala,-113.85694885253906,10.2921724319458,-0.00714885676279664
2025-04-13 10:29:29,e7d42dde,1,Proximity Alert,19.138065245542187,0.8500000238418579,0.0,-0.16237355768680573,76.5419692993164,-0.00011201889029166523,-0.0009825721614316965,-0.004781951662153006,-0.24302923679351807,-2.244112730026245,9.805864334106445,-0.016898473724722862,0.007990524172782898,-0.3266614079475403,5260,True,None,None,Driving,vehicle.lincoln.mkz_2020,-109.37943267822266,12.46988582611084,-0.004781951662153006
2025-04-13 10:29:29,a44255fb,1,Proximity Alert,15.207537699459078,0.3464730978012085,0.0,0.0,90.65457153320312,2.42977229021335e-05,-0.0010214797156933414,0.03881854936480522,-0.8567017912864685,-0.005256474018096924,9.813172340393066,-5.859293742105365e-05,0.0009527444490231574,-0.0006793015054427087,4944,True,None,None,Driving,vehicle.citroen.c3,-113.71060180664062,-2.70481014251709,0.03881854936480522
2025-04-13 10:29:29,f80b4529,1,Proximity Alert,20.232398398313837,0.08910658955574036,0.0,0.0027938797138631344,0.20727206766605377,-0.0012677070083668696,0.0004318661762703362,-0.030633678659796715,-2.365722179412842,0.005442265421152115,9.862564086914062,-0.0018554824637249112,-0.01530832052230835,0.00499377166852355,4848,True,None,None,Driving,vehicle.dodge.charger_police,47.79628372192383,141.11911010742188,-0.030016783624887466
2025-04-13 10:29:29,a70c33c0,1,Proximity Alert,20.279068427620984,0.37030360102653503,0.0,0.0,0.3143824636936188,-0.0012362752943175792,0.000432685113139381,0.0015557479346171021,-0.03513143211603165,-0.004724261816591024,9.8119535446167,-0.00012540123134385794,0.0007691708160564303,9.553742711432278e-05,5492,True,None,None,Driving,vehicle.nissan.patrol,48.16628646850586,137.6215362548828,0.0015557479346171021
2025-04-13 10:29:29,a7402aed,1,Proximity Alert,20.16891632024387,0.42149069905281067,0.0,0.01875033788383007,-123.2298812866211,-0.0010061373113785521,-0.0008400907163492969,0.010819473303854465,-0.22860649228096008,0.23566380143165588,9.811888694763184,-0.004141977988183498,0.0019227748271077871,0.056221745908260345,4788,True,None,None,Driving,vehicle.jeep.wrangler_rubicon,-93.51847076416016,112.00269317626953,0.010819473303854465
2025-04-13 10:29:30,b0233fcc,1,Proximity Alert,20.068540729750552,0.5310118794441223,0.0,0.1313968449831009,-133.31634521484375,-0.0010764976202182197,-0.0008261754375691996,0.04277156665921211,-0.15680718421936035,3.151276111602783,9.808996200561523,0.002622876549139619,0.00018951622769236565,0.36891114711761475,4956,True,None,None,Driving,vehicle.mini.cooper_s,-91.96942901611328,119.83516693115234,0.04277156665921211
2025-04-13 10:29:30,745549c1,1,Proximity Alert,20.34938478933147,0.46181952953338623,0.0,-0.0013800958404317498,-89.537109375,-0.0006482610772167163,0.000951042783561394,0.1416846066713333,0.6207069754600525,-0.025181710720062256,9.809563636779785,-0.0002105876337736845,-0.0016214854549616575,-0.0021899675484746695,5324,True,None,None,Driving,vehicle.mercedes.coupe,105.867431640625,72.4468002319336,0.14169250428676605
2025-04-13 10:29:30,2d359ce4,1,Proximity Alert,1.9570565449298056e-06,0.0,1.0,0.0009834838565438986,-89.69603729248047,0.00036165517310848827,-0.00040574062347703945,-0.0075878906063735485,0.010951831936836243,0.0,9.8099946975708,-9.10873794168765e-08,2.322262560028321e-08,9.605153478142725e-11,5096,True,None,Red,Driving,vehicle.audi.a2,-45.166839599609375,-40.25926971435547,-0.0075878906063735485
2025-04-13 10:29:30,d22ba8ea,1,Proximity Alert,20.80099534286982,0.0,0.09701359272003174,0.10403049737215042,5.435219764709473,-0.00025584568882663916,0.00026031843497033866,-0.01874603144824505,-0.8520097136497498,1.4822747707366943,9.7511625289917,-0.0020698565058410168,0.008577706292271614,0.2571794390678406,5640,True,None,None,Driving,vehicle.nissan.micra,28.978515625,28.48061180114746,-0.01874603144824505
2025-04-13 10:29:30,8a40c8cc,1,Proximity Alert,4.069822376095804,0.0,0.5985661745071411,0.05916089192032814,-7.870890140533447,0.0005175248549988964,-0.000669090886238485,-0.009801368229091167,-25.781494140625,-1.3404000997543335,9.599987030029297,-0.0038922582753002644,0.019315218552947044,6.645969551755115e-05,5576,True,None,None,Driving,vehicle.audi.tt,-74.50198364257812,-57.60960006713867,-0.010116500779986382
2025-04-13 10:29:30,d2a94478,1,Proximity Alert,19.558600896969644,0.8500000238418579,0.0,-0.04007178917527199,65.23551940917969,-0.0009678630984524261,-0.0009327649816810114,-0.0009436416439712048,-0.23209381103515625,-0.07999615371227264,9.803306579589844,0.0023291942197829485,0.0037484692875295877,-0.0705198273062706,5200,True,None,None,Driving,vehicle.mercedes.coupe_2020,-103.9520492553711,107.49777221679688,-0.0009201430948451161
2025-04-13 10:29:30,f06780bc,1,Proximity Alert,11.962355937222739,0.6671350598335266,0.0,0.019131585955619812,0.8046445846557617,0.0005206063371332448,-0.0005801048181342185,0.06804198771715164,0.33536794781684875,-0.0039605312049388885,9.767090797424316,-0.0005026367725804448,-0.006297010462731123,0.034639399498701096,5460,True,None,Green,Driving,vehicle.bmw.grandtourer,-64.57697296142578,-57.95363235473633,0.06804198771715164
2025-04-13 10:29:30,b586c13e,1,Proximity Alert,20.17904961369729,0.48180633783340454,0.0,0.0006155604496598244,0.5589834451675415,0.0005520374343603862,-0.000397604233127856,-0.02942092902958393,0.15936830639839172,0.010063675232231617,9.810067176818848,-0.00018323844415135682,0.0014731745468452573,0.0010855167638510466,5132,True,None,None,Driving,vehicle.harley-davidson.low_rider,-44.26110076904297,-61.4525260925293,-0.02942092902958393
2025-04-13 10:29:30,52097445,1,Proximity Alert,16.05267694440467,0.5297845602035522,0.0,-0.07035043090581894,4.270232200622559,-0.0012268306199416656,-0.0005690498214942765,-0.004715156275779009,-0.3834051191806793,-1.104997158050537,9.809903144836426,-0.005946759134531021,0.00012675210018642247,-0.07877998054027557,5388,True,None,None,Driving,vehicle.ford.ambulance,-63.346336364746094,136.57015991210938,-0.004715156275779009
2025-04-13 10:29:30,d11af87e,1,Proximity Alert,17.343901274955172,0.3955080211162567,0.0,0.0013619964011013508,4.637314796447754,-0.0012542103475823296,-0.000604652431936432,0.0025815963745117188,-0.4675702452659607,-0.0009196584578603506,9.807927131652832,0.01422425452619791,0.0003413173253647983,-0.0396885983645916,5560,True,None,None,Driving,vehicle.micro.microlino,-67.30960083007812,139.61805725097656,0.0025815963745117188
2025-04-13 10:29:30,a13f0ba8,1,Proximity Alert,20.661073152915268,0.2754805088043213,0.0,-0.0017203756142407656,0.46861621737480164,-0.0012301091088744442,-0.00039772516493013485,-0.00349987018853426,-0.2467278093099594,0.006991701200604439,9.813863754272461,2.9884407922509126e-05,-0.00023705948842689395,0.001529278582893312,5684,True,None,None,Driving,vehicle.carlamotors.firetruck,-44.27456283569336,136.93511962890625,-0.00349987018853426
2025-04-13 10:29:30,50837aa9,1,Proximity Alert,18.252920957586554,0.8500000238418579,0.0,-0.004036835860460997,1.2277464866638184,-0.0012601803829426217,-0.0004994374119167725,-0.009653282351791859,1.8772119283676147,-0.03212001174688339,9.865655899047852,0.0003730402095243335,-0.016585486009716988,-0.011056051589548588,5668,True,None,None,Driving,vehicle.carlamotors.carlacola,-55.59711837768555,140.2826385498047,-0.009653282351791859
2025-04-13 10:29:30,f9e35844,1,Proximity Alert,19.61810840521429,0.6976760029792786,0.0,0.09013891220092773,30.194515228271484,0.00046487668599581866,0.0007533091092369817,-0.0034481429029256105,-0.16298837959766388,0.4536852240562439,9.810783386230469,-0.0035474738106131554,0.000462806667201221,0.1434207409620285,5632,True,None,None,Driving,vehicle.carlamotors.european_hgv,83.85798645019531,-51.74983596801758,-0.0034481429029256105
2025-04-13 10:29:30,2b28acec,1,Proximity Alert,0.0,0.0,1.0,0.0,0.15010468661785126,-0.0002514074505484132,-0.0006385838601361581,-0.005314597859978676,-0.0008987209293991327,-8.449217148154275e-08,9.8100004196167,0.0,0.0,0.0,5468,True,None,Red,Driving,vehicle.ford.mustang,-71.08683013916016,27.986549377441406,-0.005314597859978676
2025-04-13 10:29:30,aeb90d02,1,Proximity Alert,20.42611816440427,0.1340380311012268,0.0,0.0,90.6385498046875,-0.000138088097926925,-0.0010232996896290252,-0.007157325744628906,-0.9656919836997986,-0.009230315685272217,9.81664752960205,-6.438232958316803e-06,0.0014162776060402393,0.00011651571549009532,5648,True,None,None,Driving,vehicle.chevrolet.impala,-113.91320037841797,15.371896743774414,-0.007157325744628906
2025-04-13 10:29:30,e7d42dde,1,Proximity Alert,16.800841733597192,0.8500000238418579,0.0,-0.11426355689764023,61.286888122558594,-0.0001495020519399759,-0.0009656724817843671,-0.0042625428177416325,4.486333847045898,-0.733971118927002,9.81460189819336,0.012523684650659561,-0.03921956196427345,-0.2075997292995453,5252,True,None,None,Driving,vehicle.lincoln.mkz_2020,-107.4981689453125,16.642492294311523,-0.0042625428177416325
2025-04-13 10:29:30,a44255fb,1,Proximity Alert,17.765350213328638,0.8500000238418579,0.0,0.00017573311924934387,90.6459732055664,-1.0074867347498184e-05,-0.0010218679722305527,0.03845546767115593,2.985565662384033,0.011432170867919922,9.850566864013672,2.3191445507109165e-05,-0.0011709105456247926,-3.797965473495424e-05,5052,True,None,None,Driving,vehicle.citroen.c3,-113.75382232666016,1.1215291023254395,0.03845546767115593
2025-04-13 10:29:31,f80b4529,1,Proximity Alert,21.030355161332412,0.0,0.4106660783290863,0.0,0.3132977783679962,-0.0012679608657748531,0.0004789990806314382,-0.031660497188568115,-2.4969210624694824,0.013282342813909054,9.95124340057373,0.00038858994957990944,-0.012101803906261921,0.0008462971309199929,4808,True,None,None,Driving,vehicle.dodge.charger_police,53.03243637084961,141.14710998535156,-0.03126956894993782
2025-04-13 10:29:31,a70c33c0,1,Proximity Alert,20.298015847395988,0.3575023412704468,0.0,0.0,0.3180015981197357,-0.0012365277810175712,0.0004783314712882826,0.0015338897937908769,-0.05663924664258957,0.0003128635580651462,9.813713073730469,-1.0496462891751435e-05,0.001268081134185195,1.2289404367038514e-05,5576,True,None,None,Driving,vehicle.nissan.patrol,53.247615814208984,137.64964294433594,0.0015338897937908769
2025-04-13 10:29:31,a7402aed,1,Proximity Alert,20.158484452861938,0.4476620554924011,0.0,0.01388380117714405,-118.72493743896484,-0.0009670866539295275,-0.0008631857778038214,0.0108365248888731,0.12276601046323776,0.1524709165096283,9.806610107421875,-0.0013711657375097275,-0.001232324168086052,0.03625389188528061,5248,True,None,None,Driving,vehicle.jeep.wrangler_rubicon,-96.08940124511719,107.65559387207031,0.0108365248888731
2025-04-13 10:29:31,b0233fcc,1,Proximity Alert,20.051940298305976,0.5445197820663452,0.0,0.08573544025421143,-126.577880859375,-0.0010389444747431753,-0.0008553262044279472,0.042772140353918076,0.0679025650024414,0.9373918175697327,9.809569358825684,-0.0006879770662635565,1.8989841919392347e-05,0.09343297779560089,5076,True,None,None,Driving,vehicle.mini.cooper_s,-95.05709075927734,115.88469696044922,0.04277236759662628
2025-04-13 10:29:31,745549c1,1,Proximity Alert,20.243869638017824,0.43508094549179077,0.0,-0.00043982735951431096,-89.57421112060547,-0.0006027950373237445,0.0009513830648865934,0.1417393535375595,-0.28772249817848206,-0.002942502498626709,9.808442115783691,-3.3664124202914536e-05,6.096565630286932e-05,-0.0008310920093208551,5208,True,None,None,Driving,vehicle.mercedes.coupe,105.90544891357422,67.3829116821289,0.14172695577144623
2025-04-13 10:29:31,2d359ce4,1,Proximity Alert,0.0,0.0,1.0,0.0009834838565438986,-89.69603729248047,0.00036165517310848827,-0.00040574062347703945,-0.0075878906063735485,0.010951831936836243,0.0,9.8099946975708,-9.378398857506909e-08,3.905195455899957e-08,9.992531802005544e-11,4820,True,None,Red,Driving,vehicle.audi.a2,-45.166839599609375,-40.25926971435547,-0.0075878906063735485
2025-04-13 10:29:31,d22ba8ea,1,Proximity Alert,16.029072971509112,0.8500000238418579,0.0,0.13494659960269928,18.754243850708008,-0.0002652266247054058,0.000295909222949534,-0.01925083063542843,1.425183653831482,1.00568687915802,9.813748359680176,-0.004107423592358828,-0.004500722978264093,0.26868507266044617,5492,True,None,None,Driving,vehicle.nissan.micra,32.94046401977539,29.524892807006836,-0.01925083063542843
2025-04-13 10:29:31,8a40c8cc,1,Proximity Alert,12.477484703096984,0.8500000238418579,0.0,0.050228483974933624,-6.782598495483398,0.0005191463828992937,-0.0006507498941502808,-0.011165542528033257,5.475965976715088,0.06199837848544121,9.79493522644043,0.0005053490167483687,-0.006193412467837334,0.06590092927217484,5060,True,None,Green,Driving,vehicle.audi.tt,-72.44114685058594,-57.79111099243164,-0.011165542528033257
2025-04-13 10:29:31,d2a94478,1,Proximity Alert,16.52993918164004,0.8500000238418579,0.0,-0.055522672832012177,61.79944610595703,-0.001003659802890411,-0.0009146245945150346,-0.0013977050548419356,4.399293899536133,-0.36635851860046387,9.808489799499512,0.0009579425677657127,-0.01991802453994751,-0.09634200483560562,4804,True,None,None,Driving,vehicle.mercedes.coupe_2020,-101.81554412841797,111.72689819335938,-0.0013977050548419356
2025-04-13 10:29:31,f06780bc,1,Proximity Alert,11.15173487257997,0.6186211109161377,0.0,0.15362165868282318,7.279334545135498,0.000517607817855037,-0.0005557889588740315,0.06787864863872528,-0.5882881879806519,0.7513791918754578,9.777905464172363,-0.00027096562553197145,0.0012595237931236625,0.16822366416454315,5292,True,None,None,Driving,vehicle.bmw.grandtourer,-61.87014389038086,-57.61983871459961,0.06787864863872528
2025-04-13 10:29:31,b586c13e,1,Proximity Alert,20.309697600714156,0.37707677483558655,0.0,-0.00017573311924934387,0.5719228982925415,0.0005515558317625846,-0.00034914745279128294,-0.029423827305436134,-0.21544450521469116,-0.005895070731639862,9.809311866760254,0.00019252905622124672,-0.0001370138197671622,-0.0005315061425790191,5316,True,None,None,Driving,vehicle.harley-davidson.low_rider,-39.148704528808594,-61.40177917480469,-0.029424551874399185
2025-04-13 10:29:31,52097445,1,Proximity Alert,15.004857414465507,0.49426746368408203,0.0,-0.014640046283602715,2.209437370300293,-0.001228173377597841,-0.0005341772224389008,-0.004693946801126003,-0.3660929501056671,-0.022093284875154495,9.809415817260742,0.00011326557432767004,9.145016520051286e-05,-0.018442727625370026,5696,True,None,None,Driving,vehicle.ford.ambulance,-59.46433639526367,136.71963500976562,-0.004693946801126003
2025-04-13 10:29:31,d11af87e,1,Proximity Alert,16.109935212352894,0.44419726729393005,0.0,-0.0471871979534626,4.42368221282959,-0.0012572474526422184,-0.0005672718944051205,0.0025902176275849342,-0.3931681215763092,-1.444644570350647,9.810446739196777,-0.01719512604176998,0.00040724710561335087,-0.11713909357786179,5812,True,None,None,Driving,vehicle.micro.microlino,-63.14841842651367,139.95614624023438,0.0025902176275849342
2025-04-13 10:29:31,a13f0ba8,1,Proximity Alert,20.57358412501609,0.22851230204105377,0.0,-0.0007618034142069519,0.39263632893562317,-0.0012304210848128605,-0.00035159360604774897,-0.0034782791044563055,0.17265672981739044,-0.026258910074830055,9.809231758117676,6.969171408854891e-06,5.885784776182845e-05,-0.0010100356303155422,5768,True,None,None,Driving,vehicle.carlamotors.firetruck,-39.13922119140625,136.9698486328125,-0.0034782791044563055
2025-04-13 10:29:31,50837aa9,1,Proximity Alert,20.5853918966827,0.0,0.007805337198078632,-0.005028626415878534,0.9541348218917847,-0.0012608546402930187,-0.00045586916861218777,-0.004881858825683594,-1.1206575632095337,-0.1558408886194229,9.961880683898926,0.002794386353343725,0.010332778096199036,0.03031952492892742,5848,True,None,None,Driving,vehicle.carlamotors.carlacola,-50.74712371826172,140.35769653320312,-0.004881858825683594
2025-04-13 10:29:31,f9e35844,1,Proximity Alert,19.57635583843301,0.7190101146697998,0.0,0.13149063289165497,38.702659606933594,0.0004382335834662854,0.0007884523912921309,-0.0034412764944136143,-0.39404627680778503,1.8847715854644775,9.809440612792969,0.004195190966129303,0.0008001641253940761,0.17268626391887665,5712,True,None,None,Driving,vehicle.carlamotors.european_hgv,87.7701187133789,-48.783939361572266,-0.0034412764944136143
2025-04-13 10:29:32,2b28acec,1,Proximity Alert,0.0,0.0,1.0,0.0,0.15010468661785126,-0.0002514074505484132,-0.0006385838601361581,-0.005314597859978676,-0.0008987209293991327,-8.449217148154275e-08,9.8100004196167,0.0,0.0,0.0,5684,True,None,Red,Driving,vehicle.ford.mustang,-71.08683013916016,27.986549377441406,-0.005314597859978676
2025-04-13 10:29:32,aeb90d02,1,Proximity Alert,19.561467247562785,0.6705239415168762,0.0,0.0,90.64447021484375,-0.00018337690364944592,-0.0010238078156602493,-0.0070489500649273396,0.022513380274176598,-0.010266565717756748,9.803106307983398,5.041365511715412e-07,-0.0007964768446981907,3.862151061184704e-05,5752,True,None,None,Driving,vehicle.chevrolet.impala,-113.96976470947266,20.413423538208008,-0.0070489500649273396
2025-04-13 10:29:32,e7d42dde,1,Proximity Alert,20.534640474200945,0.0,0.03124689683318138,-0.16077111661434174,44.88951873779297,-0.0001853809995964184,-0.0009356162170669016,-0.003941802773624659,-2.1361618041992188,-2.071131944656372,9.731928825378418,0.0014747902750968933,0.026948532089591026,-0.33704647421836853,5260,True,None,None,Driving,vehicle.lincoln.mkz_2020,-104.1523208618164,20.636518478393555,-0.003941802773624659
2025-04-13 10:29:32,a44255fb,1,Proximity Alert,19.47749956057728,0.3321813642978668,0.0,0.0,90.64000701904297,-5.2203143226847715e-05,-0.0010223446402299005,0.03881557285785675,0.8855690956115723,0.12015354633331299,9.819686889648438,-6.063759792596102e-05,-0.0006098748999647796,-0.036370281130075455,5064,True,None,None,Driving,vehicle.citroen.c3,-113.806884765625,5.811227321624756,0.03881557285785675
2025-04-13 10:29:32,f80b4529,1,Proximity Alert,22.803329761464404,0.0,0.699999988079071,-0.000890448922291398,0.3695986866950989,-0.0012682147231828367,0.0005239576455801307,-0.028467711061239243,-0.6662759184837341,-0.008232323452830315,9.497170448303223,-0.0021926681511104107,-0.021467532962560654,-0.0012720385566353798,4984,True,None,None,Driving,vehicle.dodge.charger_police,58.01166534423828,141.17514038085938,-0.027727793902158737
2025-04-13 10:29:32,a70c33c0,1,Proximity Alert,20.29549215552591,0.356306254863739,0.0,0.0,0.31799623370170593,-0.001236780404767046,0.0005239766643248926,0.0015362548874691129,-0.07425010949373245,0.0004162414406891912,9.813729286193848,-2.44984732944431e-07,0.0017263039480894804,6.404612577171065e-06,5580,True,None,None,Driving,vehicle.nissan.patrol,58.32881546020508,137.67776489257812,0.0015362548874691129
2025-04-13 10:29:32,a7402aed,1,Proximity Alert,20.17841587167467,0.4290251135826111,0.0,0.011434722691774368,-114.40585327148438,-0.000926325474537748,-0.0008831627931576518,0.010818366892635822,-0.10582439601421356,0.1385912448167801,9.81116771697998,-0.0017223242903128266,0.0008692595874890685,0.03424458205699921,4688,True,None,None,Driving,vehicle.jeep.wrangler_rubicon,-98.313232421875,103.11808013916016,0.010818366892635822
2025-04-13 10:29:32,b0233fcc,1,Proximity Alert,20.061825473014576,0.5445080995559692,0.0,0.06407288461923599,-121.3890380859375,-0.0010031825866008148,-0.000878351975969123,0.04277198761701584,0.0857546329498291,0.582354724407196,9.8095703125,-0.0005952473729848862,3.6806450225412846e-06,0.25841668248176575,4776,True,None,None,Driving,vehicle.mini.cooper_s,-97.77769470214844,111.67377471923828,0.04277198761701584
2025-04-13 10:29:32,745549c1,1,Proximity Alert,20.222940737697805,0.49997738003730774,0.0,0.0,-89.60037994384766,-0.0005599505343667488,0.0009516847604341317,0.14172141253948212,0.20747408270835876,-0.0014500916004180908,9.807534217834473,4.746369086205959e-06,-0.001190180191770196,-3.205805114703253e-06,5376,True,None,None,Driving,vehicle.mercedes.coupe,105.9410629272461,62.33340835571289,0.14172141253948212
2025-04-13 10:29:32,2d359ce4,1,Proximity Alert,4.5082298539332095e-07,0.0,1.0,0.0009834838565438986,-89.69603729248047,0.00036165517310848827,-0.00040574062347703945,-0.0075878906063735485,0.010951831936836243,0.0,9.8099946975708,2.229047169066689e-08,-8.609646329205134e-09,-3.2592862436731096e-11,4840,True,None,Red,Driving,vehicle.audi.a2,-45.166839599609375,-40.25926971435547,-0.0075878906063735485
2025-04-13 10:29:32,d22ba8ea,1,Proximity Alert,20.400833056317264,0.08243745565414429,0.0,0.20102214813232422,41.294219970703125,-0.00028930403003357696,0.00033153815122227893,-0.018532905727624893,-0.923755407333374,2.6115386486053467,9.78055477142334,-0.010341748595237732,0.015236604027450085,0.46931853890419006,5668,True,None,None,Driving,vehicle.nissan.micra,36.90665817260742,32.205177307128906,-0.018532905727624893
2025-04-13 10:29:32,8a40c8cc,1,Proximity Alert,15.336243371077213,0.8500000238418579,0.0,0.0495123527944088,-2.888702869415283,0.0005202843892107012,-0.000626644200586715,-0.011508979834616184,4.742645263671875,0.17796508967876434,9.811318397521973,2.1938030840829015e-05,0.0011976937530562282,0.11201397329568863,5072,True,None,Green,Driving,vehicle.audi.tt,-69.7577133178711,-57.91779327392578,-0.011508979834616184
2025-04-13 10:29:32,d2a94478,1,Proximity Alert,19.626407247477,0.0,0.5171686410903931,-0.06856342405080795,56.52971649169922,-0.0010454333277749583,-0.0008893604366534133,-0.001319084083661437,-5.7006659507751465,-0.9247410297393799,9.797591209411621,0.0010359124280512333,0.018017560243606567,-0.2544907331466675,4804,True,None,None,Driving,vehicle.mercedes.coupe_2020,-99.14566040039062,116.17133331298828,-0.0011540221748873591
2025-04-13 10:29:32,f06780bc,1,Proximity Alert,11.483237424941363,0.3122415840625763,0.0,0.20151855051517487,17.51641273498535,0.0005103255233507298,-0.000531144743555631,0.06765826791524887,-0.5431820750236511,0.5800465941429138,9.815009117126465,-0.007240655366331339,0.0032572171185165644,0.22777089476585388,5208,True,None,None,Driving,vehicle.bmw.grandtourer,-59.12676239013672,-56.80917739868164,0.06765826791524887
2025-04-13 10:29:32,b586c13e,1,Proximity Alert,20.6845295721428,0.07177484035491943,0.0,0.0,0.5829981565475464,0.0005511283383583532,-0.0003071053352488084,-0.02945152297616005,-0.9078428745269775,-0.0010783596662804484,9.809468269348145,-5.472162683872739e-06,-0.005197483114898205,2.030947854336773e-08,5300,True,None,None,Driving,vehicle.harley-davidson.low_rider,-34.18680953979492,-61.35132598876953,-0.02945152297616005
2025-04-13 10:29:33,52097445,1,Proximity Alert,19.29874670720242,0.8500000238418579,0.0,-0.008506500162184238,1.2114611864089966,-0.0012290337787561612,-0.0004956762238310491,-0.0036057280376553535,2.7320775985717773,-0.0271372701972723,9.789389610290527,0.0003347962338011712,-0.0002504637814126909,-0.012927772477269173,5100,True,None,None,Driving,vehicle.ford.ambulance,-55.45051956176758,136.81069946289062,-0.0036515425890684128
2025-04-13 10:29:33,d11af87e,1,Proximity Alert,15.0559638494056,0.4043409526348114,0.0,-0.0002485241857357323,2.5456607341766357,-0.0012588847780818924,-0.000530431078008944,0.0026056671049445868,-0.282573938369751,0.01455181185156107,9.811525344848633,0.00017986063903663307,2.2706357412971556e-05,0.0022167267743498087,5840,True,None,None,Driving,vehicle.micro.microlino,-59.25572967529297,140.129150390625,0.002605781424790621
2025-04-13 10:29:33,a13f0ba8,1,Proximity Alert,20.79529809771835,0.19074633717536926,0.0,-0.0018286273116245866,0.43679505586624146,-0.0012307263442323801,-0.0003028273855936985,-0.00350017542950809,-0.6629668474197388,0.010065385140478611,9.817831039428711,1.8797336451825686e-05,0.0003319762763567269,4.464159064809792e-05,5464,True,None,None,Driving,vehicle.carlamotors.firetruck,-33.99666213989258,137.00204467773438,-0.0035047531127929688
2025-04-13 10:29:33,50837aa9,1,Proximity Alert,20.323938494356426,0.4447228014469147,0.0,-0.002816269639879465,0.6134059429168701,-0.0012613502927649733,-0.00041059012924725516,-0.001815376221202314,-0.5236298441886902,0.044796913862228394,9.858964920043945,0.0008158007985912263,-0.006400278303772211,-0.0007821095641702414,5868,True,None,None,Driving,vehicle.carlamotors.carlacola,-45.70668411254883,140.41287231445312,-0.001815376221202314
2025-04-13 10:29:33,f9e35844,1,Proximity Alert,19.60089809256181,0.7139707207679749,0.0,0.10489650070667267,47.255126953125,0.0004067043084035049,0.0008192779042662002,-0.0034384536556899548,-0.10510872304439545,0.5044476985931396,9.80927562713623,-0.0015742003452032804,0.0005788752459920943,0.16230826079845428,5620,True,None,None,Driving,vehicle.carlamotors.european_hgv,91.20159912109375,-45.27411651611328,-0.0034384536556899548
2025-04-13 10:29:33,2b28acec,1,Proximity Alert,0.0,0.0,1.0,0.0,0.15010468661785126,-0.0002514074505484132,-0.0006385838601361581,-0.005314597859978676,-0.0008987209293991327,-8.449217148154275e-08,9.8100004196167,0.0,0.0,0.0,5164,True,None,Red,Driving,vehicle.ford.mustang,-71.08683013916016,27.986549377441406,-0.005314597859978676
2025-04-13 10:29:33,aeb90d02,1,Proximity Alert,20.395380215596827,0.6154579520225525,0.0,0.00017573311924934387,90.64427185058594,-0.00022598488881442336,-0.0010242877733884208,-0.007140807807445526,1.8468866348266602,0.009231328964233398,9.806321144104004,1.6442500054836273e-05,-0.0016731166979297996,-0.00015326551510952413,5344,True,None,None,Driving,vehicle.chevrolet.impala,-114.023193359375,25.156522750854492,-0.007140807807445526
2025-04-13 10:29:33,e7d42dde,1,Proximity Alert,22.50717756177291,0.0,0.699999988079071,-0.22158193588256836,26.961162567138672,-0.0002074459304424181,-0.0009004566919756855,-0.0052098846063017845,-2.127562999725342,-3.2791922092437744,9.847527503967285,-0.011651373468339443,0.03149346262216568,-0.5401089787483215,5640,True,None,None,Driving,vehicle.lincoln.mkz_2020,-100.2383804321289,23.092775344848633,-0.0052098846063017845
2025-04-13 10:29:33,a44255fb,1,Proximity Alert,19.84483258843112,0.007013651542365551,0.0,0.0,90.63835906982422,-9.414774687854788e-05,-0.0010228188409326306,0.03908523544669151,-3.14296293258667,0.12495565414428711,9.794654846191406,7.105385884642601e-05,0.0057532815262675285,-0.03899513930082321,5808,True,None,None,Driving,vehicle.citroen.c3,-113.85967254638672,10.48047924041748,0.03908523544669151
2025-04-13 10:29:33,f80b4529,1,Proximity Alert,21.4106097825916,0.0,0.059581682085990906,-0.006236329209059477,-1.428192377090454,-0.001267641624991711,0.0005630113186303607,-0.028028735890984535,2.450279712677002,-0.030897602438926697,9.756623268127441,-0.00012644915841519833,0.001073999796062708,-0.05183946341276169,4580,True,None,None,Driving,vehicle.dodge.charger_police,62.67413330078125,141.11322021484375,-0.028028735890984535
2025-04-13 10:29:33,a70c33c0,1,Proximity Alert,20.37095501006863,0.405910462141037,0.0,-0.006031155586242676,-1.4419556856155396,-0.0012361443905319902,0.0005696102747746025,0.0015468597412109375,0.07785717397928238,-0.09329450130462646,9.80756664276123,0.002754499204456806,-0.001519136712886393,-0.01798667572438717,4640,True,None,None,Driving,vehicle.nissan.patrol,63.12660598754883,137.6146697998047,0.001539535471238196
2025-04-13 10:29:33,a7402aed,1,Proximity Alert,20.215268489660968,0.48908036947250366,0.0,0.006701143458485603,-110.35579681396484,-0.0008864340172181073,-0.0008988473977567516,0.010835151188075542,0.07880831509828568,0.0813581570982933,9.80615234375,-0.0002567016053944826,-0.000909991969820112,0.020995859056711197,5612,True,None,None,Driving,vehicle.jeep.wrangler_rubicon,-100.05923461914062,98.67738342285156,0.010835151188075542
2025-04-13 10:29:33,b0233fcc,1,Proximity Alert,20.059716198192056,0.5503705143928528,0.0,0.07083188742399216,-117.6618881225586,-0.0009658554729128355,-0.0008987633725997135,0.04277229309082031,0.04533982276916504,1.1982088088989258,9.809368133544922,5.579375283559784e-05,9.95228037936613e-06,0.0842047780752182,5284,True,None,None,Driving,vehicle.mini.cooper_s,-100.04988098144531,107.51853942871094,0.04277229309082031
2025-04-13 10:29:33,745549c1,1,Proximity Alert,19.260170775953277,0.39329010248184204,0.0,0.0,-89.60570526123047,-0.0005178082171823917,0.0009519749419307871,0.14176708459854126,-0.1239103302359581,0.0058351606130599976,9.81203842163086,-9.318755473941565e-07,7.55886358092539e-05,-1.637736886550556e-06,5484,True,None,None,Driving,vehicle.mercedes.coupe,105.9733657836914,57.642147064208984,0.14176708459854126
2025-04-13 10:29:33,2d359ce4,1,Proximity Alert,1.7231296144381292e-07,0.0,1.0,0.0009834838565438986,-89.69603729248047,0.00036165517310848827,-0.00040574062347703945,-0.0075878906063735485,0.010951831936836243,0.0,9.8099946975708,-1.1147112388698588e-07,2.127690379438718e-08,1.191360066155056e-10,4924,True,None,Red,Driving,vehicle.audi.a2,-45.166839599609375,-40.25926971435547,-0.0075878906063735485
2025-04-13 10:29:33,d22ba8ea,1,Proximity Alert,15.303372705078017,0.8500000238418579,0.0,0.22168795764446259,59.68552780151367,-0.0003150173044303983,0.0003493006650576441,-0.019081687554717064,1.220350980758667,1.5328518152236938,9.810291290283203,-0.004916551988571882,-0.004603314213454723,0.4112499952316284,5712,True,None,None,Driving,vehicle.nissan.micra,38.88397216796875,35.06756591796875,-0.019081687554717064
2025-04-13 10:29:33,8a40c8cc,1,Proximity Alert,14.16314628418315,0.0,0.699999988079071,0.016508320346474648,-1.2807310819625854,0.0005208038579382901,-0.000603335649438737,-0.011459922417998314,-2.9769163131713867,-0.7562053203582764,9.92175006866455,0.0003185171808581799,0.018951179459691048,0.11036474257707596,5232,True,None,Green,Driving,vehicle.audi.tt,-67.16301727294922,-57.97562026977539,-0.011459922417998314
2025-04-13 10:29:33,d2a94478,1,Proximity Alert,20.65474611938891,0.6505957841873169,0.0,-0.09899823367595673,53.7481575012207,-0.0010745511288092757,-0.0008682357171562215,-0.0008158874115906656,1.0737537145614624,-2.1861653327941895,9.815292358398438,-0.017438476905226707,-0.016975170001387596,-0.1779020130634308,5096,True,None,None,Driving,vehicle.mercedes.coupe_2020,-96.84159088134766,119.37613677978516,-0.0009123229538090527
2025-04-13 10:29:33,f06780bc,1,Proximity Alert,11.79645116881812,0.4618591070175171,0.0,0.22100985050201416,28.970495223999023,0.0004992549004896318,-0.0005112413358842304,0.06750686466693878,0.7760913372039795,0.8707567453384399,9.801993370056152,-0.002206196077167988,-0.003952667582780123,0.26096323132514954,5068,True,None,None,Driving,vehicle.bmw.grandtourer,-56.91112518310547,-55.57680130004883,0.06750686466693878
2025-04-13 10:29:34,b586c13e,1,Proximity Alert,20.26993422943771,0.29122358560562134,0.0,0.0,0.6001124382019043,0.0005506919352455952,-0.0002641563662612771,-0.0295798871666193,-1.226098656654358,0.03141256421804428,9.81702995300293,-0.00801285170018673,-0.0038355488795787096,-2.2052154236007482e-05,5220,True,None,None,Driving,vehicle.harley-davidson.low_rider,-29.6854248046875,-61.305686950683594,-0.029643477872014046
2025-04-13 10:29:34,52097445,1,Proximity Alert,20.58427112152467,0.3245171308517456,0.0,-0.004145547281950712,0.7231001257896423,-0.0012295479359352157,-0.00045812719050154966,-0.004279213026165962,0.2605346739292145,-0.024352295324206352,9.7850341796875,0.0004604548157658428,-0.0022825750056654215,-0.006421391386538744,5576,True,None,None,Driving,vehicle.ford.ambulance,-50.99848556518555,136.87265014648438,-0.004279213026165962
2025-04-13 10:29:34,d11af87e,1,Proximity Alert,18.364221581134696,0.8500000238418579,0.0,0.003028374630957842,1.2968744039535522,-0.001259749565562629,-0.0005004761437928495,0.0036608504597097635,2.271080493927002,0.0161618422716856,9.754066467285156,0.003456039819866419,-0.008127866312861443,0.005052330903708935,5760,True,None,None,Driving,vehicle.micro.microlino,-55.71274948120117,140.23468017578125,0.0036608504597097635
2025-04-13 10:29:34,a13f0ba8,1,Proximity Alert,20.508315342720326,0.178686261177063,0.0,-0.002467183396220207,0.4507184624671936,-0.0012309841767148555,-0.0002618563317933961,-0.0034761428833007812,0.17881037294864655,-0.0063955215737223625,9.809479713439941,-2.0728964955196716e-05,6.321863475022838e-05,0.0003935756685677916,5688,True,None,None,Driving,vehicle.carlamotors.firetruck,-29.436124801635742,137.0307159423828,-0.0034656142815947533
2025-04-13 10:29:34,50837aa9,1,Proximity Alert,20.28362743387966,0.23010402917861938,0.0,-0.0014193737879395485,0.47344690561294556,-0.0012616828295222149,-0.00037041976460142875,-0.0021578597370535135,-0.8699936270713806,-0.008396020159125328,9.89966869354248,0.0006645308458246291,-0.0031756607349961996,6.140582991065457e-05,5536,True,None,None,Driving,vehicle.carlamotors.carlacola,-41.23493957519531,140.44989013671875,-0.0021578597370535135
2025-04-13 10:29:34,f9e35844,1,Proximity Alert,19.605149769477194,0.7137699127197266,0.0,0.10425328463315964,54.51958465576172,0.00037523860049759605,0.0008426786363572584,-0.0034408951178193092,-0.11479738354682922,0.4971471428871155,9.80970573425293,-0.0014780398923903704,0.0005852530593983829,0.16055865585803986,5464,True,None,None,Driving,vehicle.carlamotors.european_hgv,93.80655670166016,-41.77136993408203,-0.0034408951178193092
2025-04-13 10:29:34,2b28acec,1,Proximity Alert,0.0,0.0,1.0,0.0,0.15010468661785126,-0.0002514074505484132,-0.0006385838601361581,-0.005314597859978676,-0.0008987209293991327,-8.449217148154275e-08,9.8100004196167,0.0,0.0,0.0,5460,True,None,Red,Driving,vehicle.ford.mustang,-71.08683013916016,27.986549377441406,-0.005314597859978676
2025-04-13 10:29:34,aeb90d02,1,Proximity Alert,20.50472686162062,0.1542513221502304,0.0,0.0,90.6448745727539,-0.000268965110251429,-0.0010247721174216904,-0.007170295342803001,-0.2702766954898834,0.0030500292778015137,9.816969871520996,6.485206540673971e-06,0.0008414821932092309,-9.083504846785218e-05,5308,True,None,None,Driving,vehicle.chevrolet.impala,-114.07711029052734,29.941059112548828,-0.007170295342803001
2025-04-13 10:29:34,e7d42dde,1,Proximity Alert,18.629195625359724,0.8500000238418579,0.0,-0.1309165358543396,8.54151439666748,-0.00021602076284921168,-0.0008631184068989531,-0.004128952044993639,-0.012392432428896427,-0.7126063704490662,9.805155754089355,0.019375598058104515,0.00012127362424507737,-0.30912405252456665,5144,True,None,None,Driving,vehicle.lincoln.mkz_2020,-96.08190155029297,24.047321319580078,-0.004128952044993639
2025-04-13 10:29:34,a44255fb,1,Proximity Alert,18.836597410603897,0.8500000238418579,0.0,0.0,90.63490295410156,-0.00012953186448783072,-0.0010232125118151976,0.03875061124563217,2.787593126296997,-0.0008232593536376953,9.811236381530762,1.08242966234684e-06,-0.0016373792896047235,1.691422403382603e-05,5788,True,None,None,Driving,vehicle.citroen.c3,-113.90349578857422,14.419421195983887,0.03875061124563217
2025-04-13 10:29:34,f80b4529,1,Proximity Alert,21.26806884518287,0.0,0.2827425003051758,-0.021002139896154404,-3.7284553050994873,-0.0012657194638592273,0.000603330920453553,-0.028703365474939346,-0.7137967348098755,0.009959920309484005,9.617034912109375,-0.004736175760626793,-0.014429920352995396,-0.1132669746875763,4528,True,None,None,Driving,vehicle.dodge.charger_police,67.16249084472656,140.8992462158203,-0.028703365474939346
2025-04-13 10:29:34,a70c33c0,1,Proximity Alert,20.351944014333338,0.4134191870689392,0.0,-0.08167480677366257,-4.340333461761475,-0.0012341708273879703,0.0006075756301403403,0.0015472030499950051,-0.023707913234829903,-1.621673822402954,9.80136775970459,-0.028247132897377014,-0.00011244778579566628,-0.1572711318731308,4624,True,None,None,Driving,vehicle.nissan.patrol,67.635009765625,137.38726806640625,0.0015472030499950051
2025-04-13 10:29:34,a7402aed,1,Proximity Alert,20.225812739890483,0.47905731201171875,0.0,0.007620143238455057,-106.43522644042969,-0.0008479612554594951,-0.0009109941731500523,0.010827750898897648,0.045418523252010345,0.09300482273101807,9.80727481842041,-0.00035924994153901935,-0.0006252134335227311,0.023830320686101913,5660,True,None,None,Driving,vehicle.jeep.wrangler_rubicon,-101.41140747070312,94.39461517333984,0.010827750898897648
2025-04-13 10:29:34,b0233fcc,1,Proximity Alert,20.034496285060957,0.5609685778617859,0.0,0.080914705991745,-114.06095886230469,-0.0009294825861587697,-0.0009155128212974281,0.04277271032333374,-0.07082009315490723,2.503598690032959,9.80927562713623,0.0017989532789215446,2.647354267537594e-05,0.08389319479465485,5344,True,None,None,Driving,vehicle.mini.cooper_s,-101.91442108154297,103.46952819824219,0.04277271032333374
2025-04-13 10:29:34,745549c1,1,Proximity Alert,18.159077726363435,0.30893734097480774,0.0,0.0,-89.60570526123047,-0.00048053349925680777,0.0009522320890671714,0.14175769686698914,-0.3386472165584564,0.002314060926437378,9.813852310180664,2.6170164346694946e-07,0.0009118751040659845,-2.7420901460573077e-06,5480,True,None,None,Driving,vehicle.mercedes.coupe,106.00199127197266,53.49274444580078,0.14175769686698914
2025-04-13 10:29:34,2d359ce4,1,Proximity Alert,1.3815097576892615e-07,0.0,1.0,0.0009834838565438986,-89.69603729248047,0.00036165517310848827,-0.00040574062347703945,-0.0075878906063735485,0.010951831936836243,0.0,9.8099946975708,1.1205733585484268e-07,1.3004665788685088e-08,-1.2629433610023e-10,5368,True,None,Red,Driving,vehicle.audi.a2,-45.166839599609375,-40.25926971435547,-0.0075878906063735485
2025-04-13 10:29:35,d22ba8ea,1,Proximity Alert,17.011691909293088,0.0,0.2748115360736847,0.08933728188276291,78.37981414794922,-0.00035062779649308595,0.00035931309180454817,-0.018344534561038017,-2.591737747192383,0.6907589435577393,9.808899879455566,-0.0054263463243842125,0.007767172064632177,0.19342544674873352,5672,True,None,None,Driving,vehicle.nissan.micra,39.99855041503906,39.031707763671875,-0.018344534561038017
2025-04-13 10:29:35,8a40c8cc,1,Proximity Alert,11.506317681030811,0.8500000238418579,0.0,0.07041393220424652,-1.582611083984375,0.0005204170749095738,-0.00058268670697267,-0.01093772891908884,3.792762041091919,-0.24279581010341644,9.79822063446045,0.0017054578056558967,-0.007980055175721645,0.04892873391509056,5332,True,None,Green,Driving,vehicle.audi.tt,-64.86438751220703,-57.93256378173828,-0.01093772891908884
2025-04-13 10:29:35,d2a94478,1,Proximity Alert,18.295149550422327,0.8500000238418579,0.0,-0.12385320663452148,47.59560012817383,-0.0011077192028352556,-0.0008397369334287169,-0.0009846496395766735,4.387714862823486,-0.6942934393882751,9.858075141906738,0.005429355427622795,-0.015005171298980713,-0.17938651144504547,5040,True,None,None,Driving,vehicle.mercedes.coupe_2020,-93.66422271728516,123.12625885009766,-0.001279754564166069
2025-04-13 10:29:35,f06780bc,1,Proximity Alert,15.931395064115149,0.8500000238418579,0.0,0.2182852178812027,43.615203857421875,0.00048134715882497403,-0.0004916866394681399,0.06622737646102905,3.0290791988372803,1.4187664985656738,9.805691719055176,-0.0008778345654718578,-0.0007766711059957743,0.36751171946525574,5600,True,None,None,Driving,vehicle.bmw.grandtourer,-54.73430633544922,-53.58332061767578,0.06622737646102905
2025-04-13 10:29:35,b586c13e,1,Proximity Alert,19.89726268693244,0.7613362073898315,0.0,-0.00017573311924934387,0.6097906231880188,0.00055024449788732,-0.00022206063641937914,-0.029470443725585938,1.6955991983413696,-0.0011025047861039639,9.808891296386719,0.00019766615878324956,0.005623782053589821,2.3678818251937628e-05,5144,True,None,None,Driving,vehicle.harley-davidson.low_rider,-24.99843978881836,-61.25590515136719,-0.02943733148276806
2025-04-13 10:29:35,52097445,1,Proximity Alert,19.668967026274622,0.7059575319290161,0.0,-0.0018778556259348989,0.5017809867858887,-0.0012299455819118066,-0.0004156915391485424,-0.004528808407485485,-0.7610084414482117,-0.0040239752270281315,9.810989379882812,0.00015796194202266634,0.0030947544146329165,-0.0030190327670425177,5400,True,None,None,Driving,vehicle.ford.ambulance,-46.27457046508789,136.9169158935547,-0.004528808407485485
2025-04-13 10:29:35,d11af87e,1,Proximity Alert,19.94791828289071,0.8500000238418579,0.0,0.001628620084375143,0.7727006077766418,-0.0012606383406250643,-0.0004560646676011367,0.002687759231775999,0.026861445978283882,-0.04545075073838234,9.817188262939453,0.0009976319270208478,0.0005902637494727969,-0.02546665444970131,5116,True,None,None,Driving,vehicle.micro.microlino,-51.04336166381836,140.32957458496094,0.0026695632841438055
2025-04-13 10:29:35,a13f0ba8,1,Proximity Alert,20.406895453813082,0.32951346039772034,0.0,-0.001010760897770524,0.3914404809474945,-0.001231258320800066,-0.0002183253720821464,-0.003442954970523715,0.7677028179168701,-0.020201442763209343,9.802364349365234,1.7120632037403993e-05,-0.0008091437630355358,0.0005136536783538759,5632,True,None,None,Driving,vehicle.carlamotors.firetruck,-24.588912963867188,137.06126403808594,-0.0034319686237722635
2025-04-13 10:29:35,50837aa9,1,Proximity Alert,20.14471226045059,0.5215124487876892,0.0,-0.001066182041540742,0.39628005027770996,-0.0012619912416056422,-0.0003276605204434006,-0.001430244417861104,-0.07654809206724167,-0.03987464681267738,9.81904125213623,-0.0006834607338532805,0.0005948925972916186,-0.001583078526891768,5548,True,None,None,Driving,vehicle.carlamotors.carlacola,-36.47500228881836,140.48422241210938,-0.001430244417861104
2025-04-13 10:29:35,f9e35844,1,Proximity Alert,19.748256347151365,0.8127304315567017,0.0,0.09684766083955765,62.26295471191406,0.0003388560159152121,0.0008629610482035538,-0.0034386825282126665,0.2637087404727936,0.502434253692627,9.806646347045898,-0.0029414885211735964,-0.0001280066790059209,0.15262457728385925,5256,True,None,None,Driving,vehicle.carlamotors.european_hgv,96.06438446044922,-37.72127914428711,-0.0034386825282126665
2025-04-13 10:29:35,2b28acec,1,Proximity Alert,0.0,0.0,1.0,0.0,0.15010468661785126,-0.0002514074505484132,-0.0006385838601361581,-0.005314597859978676,-0.0008987209293991327,-8.449217148154275e-08,9.8100004196167,0.0,0.0,0.0,5132,True,None,Red,Driving,vehicle.ford.mustang,-71.08683013916016,27.986549377441406,-0.005314597859978676
2025-04-13 10:29:35,aeb90d02,1,Proximity Alert,19.983063123611256,0.5657114386558533,0.0,0.0,90.63932037353516,-0.0003118824327117409,-0.0010252522807579134,-0.007076759357005358,-1.0183614492416382,-0.003646254539489746,9.806777954101562,3.869645297527313e-07,0.0004438924079295248,7.545627795479959e-06,5648,True,None,None,Driving,vehicle.chevrolet.impala,-114.13056182861328,34.71859359741211,-0.007076759357005358
2025-04-13 10:29:35,e7d42dde,1,Proximity Alert,18.551995405483133,0.8500000238418579,0.0,-0.02106752246618271,1.9143704175949097,-0.00021845274626741684,-0.0008179149284929394,-0.004010124132037163,1.4081995487213135,-0.12849928438663483,9.8038330078125,0.005110394675284624,-0.013171441853046417,-0.046658955514431,5460,True,None,None,Driving,vehicle.lincoln.mkz_2020,-91.04987335205078,24.31804847717285,-0.004010124132037163
2025-04-13 10:29:35,a44255fb,1,Proximity Alert,19.107302937978453,0.3795768916606903,0.0,-0.0002485241857357323,90.62227630615234,-0.00017224857347741818,-0.0010236876720221679,0.038954999297857285,-0.6092790365219116,0.1516508162021637,9.80750560760498,-6.967142689973116e-05,0.0009602950303815305,-0.039387986063957214,5652,True,None,None,Driving,vehicle.citroen.c3,-113.95639038085938,19.174623489379883,0.038954999297857285
2025-04-13 10:29:35,f80b4529,1,Proximity Alert,19.749420160853482,0.5325722098350525,0.0,-0.040627192705869675,-9.67469596862793,-0.0012590688658207227,0.0006506683362898604,-0.03096986748278141,-1.5472337007522583,-0.44699376821517944,9.891458511352539,-0.005323551129549742,-0.004648622591048479,-0.02549590729176998,5156,True,None,None,Driving,vehicle.dodge.charger_police,72.16455078125,140.20953369140625,-0.03071306087076664
2025-04-13 10:29:35,a70c33c0,1,Proximity Alert,20.34035108847209,0.4143681526184082,0.0,-0.0904717966914177,-11.23759651184082,-0.0012271656240017137,0.0006526386097111761,0.0015632628928869963,-0.09271561354398727,-1.7986475229263306,9.80018138885498,-0.03145410120487213,0.0007164719281718135,-0.1745980829000473,4420,True,None,None,Driving,vehicle.nissan.patrol,72.65139770507812,136.60745239257812,0.0015632628928869963
2025-04-13 10:29:36,a7402aed,1,Proximity Alert,20.25453365130927,0.4699377119541168,0.0,0.005743836984038353,-102.37513732910156,-0.0008038265962397872,-0.0009215807261127057,0.010812110267579556,0.006676182150840759,0.053503476083278656,9.811429023742676,-0.0002054840442724526,9.680470975581557e-05,0.014407018199563026,5692,True,None,None,Driving,vehicle.jeep.wrangler_rubicon,-102.58989715576172,89.4815673828125,0.010812110267579556
2025-04-13 10:29:36,b0233fcc,1,Proximity Alert,20.046808964193538,0.5541079640388489,0.0,0.08132556825876236,-110.00027465820312,-0.000887355963740788,-0.000931475887734249,0.04277229309082031,-0.05457186698913574,2.5208730697631836,9.809298515319824,0.0018510024528950453,3.36221419274807e-05,0.08392492681741714,5420,True,None,None,Driving,vehicle.mini.cooper_s,-103.69142150878906,98.78001403808594,0.04277229309082031
2025-04-13 10:29:36,745549c1,1,Proximity Alert,16.89157237767622,0.28799211978912354,0.0,0.0,-89.60989379882812,-0.00044078850339701603,0.000952502600726902,0.14160339534282684,-0.9245633482933044,0.006275355815887451,9.810311317443848,-3.573833964765072e-06,0.0010477518662810326,1.7636681150179356e-05,5536,True,None,Green,Driving,vehicle.mercedes.coupe,106.0321044921875,49.06835174560547,0.14160339534282684
2025-04-13 10:29:36,2d359ce4,1,Proximity Alert,2.0696593311954663e-07,0.0,1.0,0.0009834838565438986,-89.69603729248047,0.00036165517310848827,-0.00040574062347703945,-0.0075878906063735485,0.010951831936836243,0.0,9.8099946975708,1.1235289321120945e-07,4.399535669108445e-08,-1.2723641584777567e-10,4876,True,None,Red,Driving,vehicle.audi.a2,-45.166839599609375,-40.25926971435547,-0.0075878906063735485
2025-04-13 10:29:36,d22ba8ea,1,Proximity Alert,12.795829989999433,0.8500000238418579,0.0,0.03796839714050293,86.03641510009766,-0.0003789876577116047,0.0003614938736025707,-0.019208526238799095,1.2764955759048462,0.10358965396881104,9.818607330322266,0.00016106758266687393,-0.0056737735867500305,0.06482230126857758,5780,True,None,None,Driving,vehicle.nissan.micra,40.24131393432617,42.18871307373047,-0.019208526238799095
2025-04-13 10:29:36,8a40c8cc,1,Proximity Alert,17.57689009225463,0.8500000238418579,0.0,0.07999185472726822,6.092275619506836,0.0005180666322104344,-0.0005579004507587053,-0.011616859585046768,6.546355247497559,0.7308330535888672,9.78821849822998,0.000898210157174617,-0.0021895954851061106,0.12572833895683289,5472,True,None,None,Driving,vehicle.audi.tt,-62.105194091796875,-57.67091369628906,-0.011616859585046768
2025-04-13 10:29:36,d2a94478,1,Proximity Alert,18.172753570272132,0.7596337199211121,0.0,-0.06942502409219742,40.07725143432617,-0.0011396023636223163,-0.0008049240635122962,-0.0011927032610401511,-6.446768283843994,-0.36291229724884033,9.740711212158203,0.004846172872930765,0.0069867996498942375,-0.12648828327655792,4992,True,None,None,Driving,vehicle.mercedes.coupe_2020,-89.6037368774414,126.85995483398438,-0.0011927032610401511
2025-04-13 10:29:36,f06780bc,1,Proximity Alert,17.97514310185594,0.09040314704179764,0.0,0.3312082588672638,73.87744140625,0.000438749728218113,-0.0004711288841729042,0.06955123692750931,-7.442996501922607,3.289165496826172,9.473492622375488,0.03977559879422188,0.019478492438793182,0.6069028973579407,4944,True,None,None,Driving,vehicle.bmw.grandtourer,-52.493377685546875,-49.08671188354492,0.06971447169780731
2025-04-13 10:29:36,b586c13e,1,Proximity Alert,20.120643819715813,0.5007925033569336,0.0,0.0,0.6032068133354187,0.0005497309575019926,-0.000173320373981828,-0.029419517144560814,0.04135434329509735,0.00176223402377218,9.80933952331543,-3.430076489507883e-08,0.0015007524052634835,-7.73814079479962e-08,5260,True,None,None,Driving,vehicle.harley-davidson.low_rider,-19.573524475097656,-61.19872283935547,-0.029411811381578445
2025-04-13 10:29:36,52097445,1,Proximity Alert,20.081286230149388,0.5037350654602051,0.0,-0.0007618034142069519,0.4075258672237396,-0.0012302951156186737,-0.0003683124876818103,-0.00440711947157979,-0.29084885120391846,0.0018839137628674507,9.803618431091309,0.00010315002873539925,0.0008479690877720714,-0.0006607271498069167,5452,True,None,None,Driving,vehicle.ford.ambulance,-41.00035858154297,136.95582580566406,-0.00440711947157979
2025-04-13 10:29:36,d11af87e,1,Proximity Alert,19.813806632861525,0.48094677925109863,0.0,0.0006155604496598244,0.5563496351242065,-0.0012612163733933812,-0.00041118087544716575,0.0028780363500118256,-0.04453262686729431,-0.026107123121619225,9.806146621704102,0.00012546253856271505,0.001747982343658805,-0.021624445915222168,5576,True,None,None,Driving,vehicle.micro.microlino,-45.77244567871094,140.39796447753906,0.0028780363500118256
2025-04-13 10:29:36,a13f0ba8,1,Proximity Alert,20.505344357382537,0.1603976935148239,0.0,0.0010249688057228923,0.3064090609550476,-0.0012315402779705664,-0.0001721410918685602,-0.003482246305793524,-0.10336936265230179,-0.004475438501685858,9.812201499938965,6.362566637108102e-05,0.00046879638102836907,0.004755542613565922,5652,True,None,None,Driving,vehicle.carlamotors.firetruck,-19.16265869140625,137.0944366455078,-0.003482246305793524
2025-04-13 10:29:36,50837aa9,1,Proximity Alert,20.022014053982147,0.42018774151802063,0.0,0.0,0.36621513962745667,-0.001262305273641573,-0.00027993967985909154,-0.0012695693876594305,-0.1819949746131897,-0.003894391003996134,9.82213306427002,0.00035292786196805537,0.0016709365881979465,-0.0003112209669779986,5496,True,None,None,Driving,vehicle.carlamotors.carlacola,-31.162742614746094,140.51918029785156,-0.0012695693876594305
2025-04-13 10:29:36,f9e35844,1,Proximity Alert,19.596144069610858,0.691876232624054,0.0,0.16583707928657532,70.7211685180664,0.0002954084302615456,0.0008796770513248944,-0.003451881231740117,-0.3695329427719116,1.8278096914291382,9.81026554107666,0.004545110277831554,0.0008614163380116224,0.17401912808418274,5404,True,None,None,Driving,vehicle.carlamotors.european_hgv,97.92520141601562,-32.88471603393555,-0.003451881231740117
2025-04-13 10:29:36,2b28acec,1,Proximity Alert,0.0,0.0,1.0,0.0,0.15010468661785126,-0.0002514074505484132,-0.0006385838601361581,-0.005314597859978676,-0.0008987209293991327,-8.449217148154275e-08,9.8100004196167,0.0,0.0,0.0,5496,True,None,Red,Driving,vehicle.ford.mustang,-71.08683013916016,27.986549377441406,-0.005314597859978676
2025-04-13 10:29:36,aeb90d02,1,Proximity Alert,20.37852261574427,0.37522703409194946,0.0,0.0,90.64570617675781,-0.00035951664376909775,-0.0010257863819396413,-0.007154121063649654,1.0782049894332886,-0.0021437406539916992,9.812033653259277,-3.501772880554199e-07,-0.0005368703859858215,4.86311582790222e-05,5308,True,None,None,Driving,vehicle.chevrolet.impala,-114.19001770019531,40.021209716796875,-0.007154121063649654
2025-04-13 10:29:37,e7d42dde,1,Proximity Alert,17.856996906091492,0.8500000238418579,0.0,-0.0050434027798473835,0.6965034604072571,-0.00021922442755339944,-0.0007704958862601944,-0.0037080764304846525,0.17449304461479187,0.006280496250838041,9.741329193115234,0.000700013421010226,-0.00869434978812933,-0.008648768067359924,4900,True,None,None,Driving,vehicle.lincoln.mkz_2020,-85.77120971679688,24.40395164489746,-0.0037080764304846525
2025-04-13 10:29:37,a44255fb,1,Proximity Alert,19.44457260353419,0.5626229047775269,0.0,0.0,90.64846801757812,-0.0002193011022200153,-0.0010242100535449614,0.039241790771484375,-0.4838220477104187,0.1754319965839386,9.770927429199219,0.0001849138643592596,-0.0005805415567010641,-0.03521222621202469,5000,True,None,None,Driving,vehicle.citroen.c3,-114.01454162597656,24.412487030029297,0.039241790771484375
2025-04-13 10:29:37,f80b4529,1,Proximity Alert,19.479624966738513,0.8500000238418579,0.0,-0.05473751574754715,-16.526321411132812,-0.001247827999520723,0.0006943568945725696,-0.03026149608194828,1.1036416292190552,-0.591864287853241,9.85617733001709,-0.006556362379342318,0.014706733636558056,-0.07213129848241806,4776,True,None,None,Driving,vehicle.dodge.charger_police,77.29545593261719,138.90757751464844,-0.03026149608194828
2025-04-13 10:29:37,a70c33c0,1,Proximity Alert,20.27242230350018,0.36190396547317505,0.0,-0.09604374319314957,-18.837894439697266,-0.0012138064464721765,0.0006988614243004104,0.0015537261497229338,-0.2808744013309479,-1.817497968673706,9.80583667755127,-0.022878313437104225,0.004450768232345581,-0.17727167904376984,4812,True,None,None,Driving,vehicle.nissan.patrol,77.7968978881836,135.1203155517578,0.0015537261497229338
2025-04-13 10:29:37,a7402aed,1,Proximity Alert,20.20823387352758,0.5006738305091858,0.0,0.07875370979309082,-97.679443359375,-0.0007565014483645882,-0.000929131064979154,0.011837043799459934,0.38628721237182617,2.1302452087402344,9.756909370422363,0.013262879103422165,-0.008055564016103745,0.08836701512336731,4612,True,None,None,Driving,vehicle.jeep.wrangler_rubicon,-103.4303970336914,84.2133560180664,0.011837043799459934
2025-04-13 10:29:37,b0233fcc,1,Proximity Alert,20.0709417921926,0.5378867387771606,0.0,0.059619199484586716,-104.92623138427734,-0.0008417451757765093,-0.0009448910591971297,0.04277190938591957,0.0865556001663208,0.5225383639335632,9.809778213500977,-0.000584179419092834,1.2005853932350874e-05,0.2474941909313202,4676,True,None,None,Driving,vehicle.mini.cooper_s,-105.1847915649414,93.70264434814453,0.04277190938591957
2025-04-13 10:29:37,745549c1,1,Proximity Alert,15.734673199730036,0.3123510777950287,0.0,0.0,-89.61309814453125,-0.0004021056102061493,0.000952763928560333,0.14160476624965668,-0.21898452937602997,0.011463358998298645,9.809560775756836,5.045672878623009e-06,-0.0002852181496564299,-0.004244157113134861,5060,True,None,None,Driving,vehicle.mercedes.coupe,106.06119537353516,44.76219177246094,0.14160476624965668
2025-04-13 10:29:37,2d359ce4,1,Proximity Alert,1.305262763629131e-06,0.0,1.0,0.0009834838565438986,-89.69603729248047,0.00036165517310848827,-0.00040574062347703945,-0.0075878906063735485,0.010951831936836243,0.0,9.8099946975708,6.160454546488836e-08,-1.7904021376580204e-08,-7.169394938832951e-11,5068,True,None,Red,Driving,vehicle.audi.a2,-45.166839599609375,-40.25926971435547,-0.0075878906063735485
2025-04-13 10:29:37,d22ba8ea,1,Proximity Alert,12.902646877435064,0.8500000238418579,0.0,0.007373380940407515,88.29216003417969,-0.000412996805749799,0.0003625960012945206,-0.01888267509639263,0.6990307569503784,0.03364008665084839,9.808794021606445,0.00032490771263837814,-0.007058269344270229,0.012305203825235367,5744,True,None,None,Driving,vehicle.nissan.micra,40.3640022277832,45.97459411621094,-0.01888267509639263
2025-04-13 10:29:37,8a40c8cc,1,Proximity Alert,5.306471480680683,0.8500000238418579,0.0,0.18752872943878174,26.428571701049805,0.0005055098058335261,-0.0005198640235431726,-0.010205039754509926,3.047978401184082,0.5799280405044556,9.794655799865723,-0.002279146807268262,-0.020766155794262886,0.16841837763786316,5496,True,None,None,Driving,vehicle.audi.tt,-57.930580139160156,-56.311405181884766,-0.009920196607708931
2025-04-13 10:29:37,d2a94478,1,Proximity Alert,21.67213384718525,0.0,0.699999988079071,-0.08711450546979904,33.135520935058594,-0.0011673870020558752,-0.0007659102784240533,-0.0010518264025449753,-4.19175386428833,-0.485639750957489,9.809244155883789,0.004169343970716,0.011478429660201073,-0.17314967513084412,4960,True,None,None,Driving,vehicle.mercedes.coupe_2020,-85.2607421875,129.9529266357422,-0.0010518264025449753
2025-04-13 10:29:37,f06780bc,1,Proximity Alert,18.935207494196543,0.8500000238418579,0.0,0.03508637845516205,88.5605239868164,0.0003956961904094669,-0.0004686087120179053,0.06718078255653381,2.330552339553833,0.26021385192871094,9.800701141357422,-0.0015462907031178474,-0.009679934941232204,0.08081148564815521,4984,True,None,None,Driving,vehicle.bmw.grandtourer,-52.167747497558594,-44.31547927856445,0.06740646064281464
2025-04-13 10:29:37,b586c13e,1,Proximity Alert,20.35494466840874,0.35040000081062317,0.0,0.0,0.5922403931617737,0.0005492242364653066,-0.00012480062617948917,-0.029424170032143593,-0.21471266448497772,0.0019918077159672976,9.809314727783203,-0.00016369686636608094,-0.0001306443737121299,-6.5242011260124855e-06,5536,True,None,None,Driving,vehicle.harley-davidson.low_rider,-14.17515754699707,-61.14228820800781,-0.029424970969557762
2025-04-13 10:29:37,52097445,1,Proximity Alert,19.98843023836705,0.5916233658790588,0.0,0.0002485241857357323,0.37324950098991394,-0.0012306244997262183,-0.0003184596972117052,-0.0044594574719667435,0.12557800114154816,0.019104376435279846,9.812055587768555,9.926652273861691e-05,-0.0004448607505764812,8.631724631413817e-05,5540,True,None,None,Driving,vehicle.ford.ambulance,-35.72858428955078,136.99069213867188,-0.004469642415642738
2025-04-13 10:29:38,d11af87e,1,Proximity Alert,20.203984562319445,0.6600339412689209,0.0,0.0006155604496598244,0.44486233592033386,-0.0012616787173556077,-0.0003612142809205665,0.002882728585973382,0.242960587143898,0.022556617856025696,9.811312675476074,0.0004208195605315268,-0.0032797695603221655,0.012884669005870819,5068,True,None,None,Driving,vehicle.micro.microlino,-40.4871711730957,140.447265625,0.002909240545704961
2025-04-13 10:29:38,a13f0ba8,1,Proximity Alert,20.44792114321529,0.23638759553432465,0.0,0.001072056358680129,0.3077806234359741,-0.001231830185332683,-0.0001233944898494218,-0.003456458915024996,0.017001070082187653,-0.04506959766149521,9.80838394165039,-9.577127457305323e-06,-9.043504542205483e-05,0.00248999847099185,5848,True,None,None,Driving,vehicle.carlamotors.firetruck,-13.736211776733398,137.126708984375,-0.003456458915024996
2025-04-13 10:29:38,50837aa9,1,Proximity Alert,20.26910572190705,0.4632411599159241,0.0,0.0,0.35533925890922546,-0.0012626220471076977,-0.00022968598795660905,-0.0012053298996761441,-0.20211216807365417,0.0012997228186577559,9.82214641571045,0.00014715752331539989,0.0018672479782253504,-0.00018248273408971727,5752,True,None,None,Driving,vehicle.carlamotors.carlacola,-25.84807014465332,140.5526885986328,-0.0011815261095762253
2025-04-13 10:29:38,f9e35844,1,Proximity Alert,19.757494154009283,0.8097097277641296,0.0,0.10808449238538742,79.91425323486328,0.0002499051067985647,0.0008893200689393061,-0.003446235554292798,0.17863500118255615,0.5426123142242432,9.807263374328613,-0.0016912755090743303,-7.33367633074522e-05,0.16622406244277954,5204,True,None,None,Driving,vehicle.carlamotors.european_hgv,98.9986572265625,-27.81930923461914,-0.003446235554292798
2025-04-13 10:29:38,2b28acec,1,Proximity Alert,0.0,0.0,1.0,0.0,0.15010468661785126,-0.0002514074505484132,-0.0006385838601361581,-0.005314597859978676,-0.0008987209293991327,-8.449217148154275e-08,9.8100004196167,0.0,0.0,0.0,4804,True,None,Red,Driving,vehicle.ford.mustang,-71.08683013916016,27.986549377441406,-0.005314597859978676
2025-04-13 10:29:38,aeb90d02,1,Proximity Alert,20.087113549380362,0.5409865379333496,0.0,0.0,90.6419906616211,-0.0004075349649497184,-0.0010263254862506218,-0.007094421423971653,-0.6417554616928101,-0.0028148293495178223,9.80760669708252,7.649359758943319e-07,0.00024631372070871294,3.963406470575137e-06,5380,True,None,None,Driving,vehicle.chevrolet.impala,-114.25003051757812,45.36658477783203,-0.007094421423971653
2025-04-13 10:29:38,e7d42dde,1,Proximity Alert,14.274703464898751,0.7947662472724915,0.0,-0.0026006586849689484,0.34914907813072205,-0.00021959659525805364,-0.0007217630771145094,-0.0027898787520825863,-22.983339309692383,0.12465589493513107,9.800605773925781,0.0021834459621459246,0.10847830027341843,-0.040733836591243744,5356,True,None,None,Driving,vehicle.lincoln.mkz_2020,-80.34629821777344,24.44538116455078,-0.0027898787520825863
2025-04-13 10:29:38,a44255fb,1,Proximity Alert,20.321297223847417,0.0,0.4362669587135315,0.0,90.65838623046875,-0.00026241700781781674,-0.0010246943290422139,0.03879573568701744,-1.177168369293213,-0.12143373489379883,9.83514404296875,4.3307431042194366e-05,0.004633831325918436,0.040543437004089355,5644,True,None,None,Driving,vehicle.citroen.c3,-114.06845092773438,29.212127685546875,0.03879573568701744
2025-04-13 10:29:38,f80b4529,1,Proximity Alert,21.67241130436778,0.0,0.25706717371940613,-0.063751719892025,-23.861547470092773,-0.0012291576918812552,0.0007412521160261607,-0.028316764160990715,2.3231210708618164,-0.3791283369064331,9.664847373962402,-0.01190343126654625,-0.0028092090506106615,-0.19571752846240997,4616,True,None,None,Driving,vehicle.dodge.charger_police,82.24583435058594,136.9582977294922,-0.027917517349123955
2025-04-13 10:29:38,a70c33c0,1,Proximity Alert,20.33738858188284,0.4269458055496216,0.0,-0.08548785746097565,-27.16203498840332,-0.0011928600576851522,0.000744962655995203,0.0015765380812808871,-0.05317271873354912,-0.7220746278762817,9.803448677062988,0.0025729164481163025,0.002676350763067603,-0.17144760489463806,4612,True,None,None,Driving,vehicle.nissan.patrol,82.68179321289062,132.92408752441406,0.0015765761490911245
2025-04-13 10:29:38,a7402aed,1,Proximity Alert,20.233979797865036,0.412148118019104,0.0,0.032810475677251816,-92.67559814453125,-0.0007086563177125527,-0.0009327268756554704,0.010806960985064507,-0.22079132497310638,0.20851898193359375,9.81190299987793,-0.0037791633512824774,0.0021067499183118343,0.18958823382854462,5696,True,None,None,Driving,vehicle.jeep.wrangler_rubicon,-103.83068084716797,78.88726043701172,0.010806960985064507
2025-04-13 10:29:38,b0233fcc,1,Proximity Alert,20.08669569221539,0.5319835543632507,0.0,0.048905614763498306,-100.54158020019531,-0.000795251301241251,-0.0009548376228315431,0.042771872133016586,0.06528741121292114,0.5535508394241333,9.809900283813477,-0.0008854168700054288,-1.5104888007044792e-06,0.04121284559369087,5520,True,None,None,Driving,vehicle.mini.cooper_s,-106.29203796386719,88.52696990966797,0.042771872133016586
2025-04-13 10:29:38,745549c1,1,Proximity Alert,18.83407552276465,0.8500000238418579,0.0,0.0,-89.61074829101562,-0.00036419004624121953,0.0009530201847284943,0.14138564467430115,4.8409953117370605,-0.0028200149536132812,9.888293266296387,-5.960464477539062e-07,-0.006792635656893253,6.359122835419839e-06,5484,True,None,None,Driving,vehicle.mercedes.coupe,106.0897216796875,40.54145050048828,0.14138564467430115
2025-04-13 10:29:38,2d359ce4,1,Proximity Alert,1.9231169915831476e-06,0.0,1.0,0.0009834838565438986,-89.69603729248047,0.00036165517310848827,-0.00040574062347703945,-0.0075878906063735485,0.010951831936836243,0.0,9.8099946975708,7.144105751422103e-08,-6.80326550650534e-08,-8.261911987883508e-11,5152,True,None,Red,Driving,vehicle.audi.a2,-45.166839599609375,-40.25926971435547,-0.0075878906063735485
2025-04-13 10:29:38,d22ba8ea,1,Proximity Alert,11.52608023530306,0.13405071198940277,0.0,0.005258974619209766,88.7770004272461,-0.00044041823755947007,0.0003632287258049417,-0.019042015075683594,-1.0716068744659424,0.010047435760498047,9.829435348510742,-0.0001966729760169983,0.005620095878839493,0.007799240294843912,5624,True,None,None,Driving,vehicle.nissan.micra,40.43743896484375,49.188377380371094,-0.01894718036055565
2025-04-13 10:29:39,8a40c8cc,1,Proximity Alert,19.902416072868007,0.8500000238418579,0.0,0.19064366817474365,40.33433532714844,0.00048546548812566925,-0.000495227484258694,-0.01156536117196083,13.716209411621094,4.5469183921813965,9.664752960205078,0.018995892256498337,-0.00986913125962019,0.5986922979354858,4932,True,None,None,Driving,vehicle.audi.tt,-55.33381271362305,-54.25667190551758,-0.01134799886494875
2025-04-13 10:29:39,d2a94478,1,Proximity Alert,24.519629034927362,0.459916889667511,0.0,-0.08572431653738022,26.163766860961914,-0.0011905712288609038,-0.000722632456492184,-0.0007194518693722785,11.33476448059082,-1.5507484674453735,9.760058403015137,-0.0030503366142511368,-0.020308446139097214,-0.2327609807252884,5076,True,None,None,Driving,vehicle.mercedes.coupe_2020,-80.76143646240234,132.38900756835938,-0.0007490539574064314
2025-04-13 10:29:39,f06780bc,1,Proximity Alert,20.42147231528148,0.426468163728714,0.0,0.001162917586043477,90.3642349243164,0.00034783464538179487,-0.0004687242637428371,0.06741252541542053,1.0917761325836182,0.05986380577087402,9.820582389831543,-0.0003335326910018921,-0.004455625079572201,-0.00813762005418539,5116,True,None,None,Driving,vehicle.bmw.grandtourer,-52.17625045776367,-39.00531005859375,0.06746627390384674
2025-04-13 10:29:39,b586c13e,1,Proximity Alert,19.680984673135285,0.7554748058319092,0.0,0.0006155604496598244,0.6084722876548767,0.0005487346151511474,-7.826843144179241e-05,-0.02941390872001648,0.5310081243515015,0.01108191255480051,9.808564186096191,-0.0004642250423785299,0.004875211510807276,0.0010904676746577024,5072,True,None,None,Driving,vehicle.harley-davidson.low_rider,-8.987311363220215,-61.08781433105469,-0.029391136020421982
2025-04-13 10:29:39,52097445,1,Proximity Alert,19.980572586782863,0.5802150964736938,0.0,-0.000870533986017108,0.3649291396141052,-0.0012309287996288276,-0.00027106169553622834,-0.004463233985006809,-0.013205633498728275,-0.010050255805253983,9.810396194458008,-9.103001502808183e-05,8.680909377289936e-05,-0.0010278756963089108,5436,True,None,None,Driving,vehicle.ford.ambulance,-30.45193862915039,137.02468872070312,-0.004460792522877455
2025-04-13 10:29:39,d11af87e,1,Proximity Alert,19.828806305798523,0.45673906803131104,0.0,0.0,0.390108197927475,-0.0012620415470365742,-0.0003138375254104092,0.0028897093143314123,0.6129142642021179,0.020687459036707878,9.813400268554688,0.000300701183732599,-0.006871997844427824,0.014053701423108578,5564,True,None,None,Driving,vehicle.micro.microlino,-35.21505355834961,140.48782348632812,0.002869911026209593
2025-04-13 10:29:39,a13f0ba8,1,Proximity Alert,20.67403230140104,0.2776804268360138,0.0,0.0003670363512355834,0.335173636674881,-0.0012321443544465183,-7.205851999895934e-05,-0.003462562570348382,0.7874459624290466,-0.019828790798783302,9.803740501403809,5.538931509363465e-05,-0.0009678920614533126,0.00546785444021225,5972,True,None,None,Driving,vehicle.carlamotors.firetruck,-8.308976173400879,137.15997314453125,-0.0034419631119817495
2025-04-13 10:29:39,50837aa9,1,Proximity Alert,20.241942309892828,0.5087605714797974,0.0,0.0,0.35010576248168945,-0.0012629146959000082,-0.0001818778153524339,-0.0014015579363331199,-0.00036938863922841847,2.3315838916460052e-05,9.809969902038574,-6.864143506390974e-05,-0.0013662687269970775,3.3743566746125e-05,5876,True,None,None,Driving,vehicle.carlamotors.carlacola,-20.52687644958496,140.58531188964844,-0.001425895607098937
2025-04-13 10:29:39,f9e35844,1,Proximity Alert,7.739653474314371,0.8500000238418579,0.0,0.042479269206523895,86.750244140625,0.00020730131944901586,0.0008925575047818928,-0.0005165481707081199,6.09072208404541,0.28896236419677734,9.695518493652344,-0.001027792226523161,0.0049786861054599285,0.02708272822201252,5416,True,None,None,Driving,vehicle.carlamotors.european_hgv,99.35488891601562,-23.19223976135254,-0.0007753372192382812
2025-04-13 10:29:39,2b28acec,1,Proximity Alert,0.0,0.0,1.0,0.0,0.15010468661785126,-0.0002514074505484132,-0.0006385838601361581,-0.005314597859978676,-0.0008987209293991327,-8.449217148154275e-08,9.8100004196167,0.0,0.0,0.0,5652,True,None,Red,Driving,vehicle.ford.mustang,-71.08683013916016,27.986549377441406,-0.005314597859978676
2025-04-13 10:29:39,aeb90d02,1,Proximity Alert,20.261026066845734,0.39220136404037476,0.0,0.0,90.6401138305664,-0.0004577951334994168,-0.0010268880298794712,-0.007149696350097656,0.678260326385498,0.012429416179656982,9.810891151428223,2.9180897399783134e-05,-0.0005466705188155174,0.00044652377255260944,5300,True,None,None,Driving,vehicle.chevrolet.impala,-114.3094711303711,50.67813491821289,-0.007138938643038273
2025-04-13 10:29:39,e7d42dde,1,Proximity Alert,18.049117776671356,0.35255399346351624,0.0,-0.00043982735951431096,0.23449715971946716,-0.00021978016899026898,-0.0006814699301939408,-0.004336509387940168,0.19412952661514282,-0.011743946932256222,9.807453155517578,-6.468434003181756e-05,-0.00011632234964054078,-0.0007241629064083099,5000,True,None,None,Driving,vehicle.lincoln.mkz_2020,-75.86088562011719,24.465816497802734,-0.004336509387940168
2025-04-13 10:29:39,a44255fb,1,Proximity Alert,22.72197098135089,0.0,0.699999988079071,0.0,90.64436340332031,-0.0003090679669099927,-0.0010252209597980714,0.03852027654647827,-1.5322911739349365,0.007333517074584961,9.872004508972168,3.7010759115219116e-06,0.00894439872354269,-0.0008329207776114345,5188,True,None,None,Driving,vehicle.citroen.c3,-114.1270751953125,34.40528869628906,0.03852027654647827
2025-04-13 10:29:39,f80b4529,1,Proximity Alert,20.09828265169519,0.31689855456352234,0.0,-0.07208351790904999,-31.200056076049805,-0.001205827483346411,0.0007829592980527743,-0.030663833022117615,-2.0179522037506104,-0.2554973363876343,9.842691421508789,-0.014108476229012012,-0.01185428723692894,-0.20318426191806793,4700,True,None,None,Driving,vehicle.dodge.charger_police,86.92694091796875,134.3824005126953,-0.030199430882930756
2025-04-13 10:29:39,a70c33c0,1,Proximity Alert,20.25901667273279,0.37315914034843445,0.0,-0.08716405183076859,-35.07437515258789,-0.0011684419084332376,0.0007834711250289251,0.0015750884776934981,-0.16992861032485962,-0.9048265814781189,9.803950309753418,-0.010756556876003742,0.00398895051330328,-0.18036414682865143,4720,True,None,None,Driving,vehicle.nissan.patrol,87.21560668945312,130.0703582763672,0.0015750884776934981
2025-04-13 10:29:39,a7402aed,1,Proximity Alert,20.205599807046802,0.4684427082538605,0.0,0.006929730996489525,-90.56719970703125,-0.0006607778785649998,-0.0009337719813811432,0.010827140882611275,0.11658799648284912,0.30005478858947754,9.80749225616455,-0.002480653114616871,-0.0009653316810727119,-0.06629841029644012,4780,True,None,None,Driving,vehicle.jeep.wrangler_rubicon,-103.947021484375,73.55745697021484,0.010827140882611275
2025-04-13 10:29:40,b0233fcc,1,Proximity Alert,20.096866832178872,0.5157060623168945,0.0,0.036077696830034256,-95.84906768798828,-0.00074813189847589,-0.0009611569862937807,0.04277152940630913,0.02947254478931427,0.1804344207048416,9.809972763061523,-0.0005836519994772971,3.255100455135107e-05,0.190994992852211,4832,True,None,None,Driving,vehicle.mini.cooper_s,-106.9955062866211,83.28166198730469,0.04277152940630913
2025-04-13 10:29:40,745549c1,1,Proximity Alert,20.773655184732362,0.2622096538543701,0.0,0.0,-89.60840606689453,-0.00031651903134388704,0.0009533449769138155,0.14158718287944794,1.8804923295974731,-0.0028301477432250977,9.81969165802002,-1.299974974244833e-05,-0.0016371197998523712,3.640960812845151e-06,4928,True,None,None,Driving,vehicle.mercedes.coupe,106.1258773803711,35.234737396240234,0.14158718287944794
2025-04-13 10:29:40,2d359ce4,1,Proximity Alert,0.0,0.0,1.0,0.0009834838565438986,-89.69603729248047,0.00036165517310848827,-0.00040574062347703945,-0.0075878906063735485,0.010951831936836243,0.0,9.8099946975708,4.1498523728478176e-08,1.2460811049663789e-08,-4.4897637690999304e-11,4916,True,None,Red,Driving,vehicle.audi.a2,-45.166839599609375,-40.25926971435547,-0.0075878906063735485
2025-04-13 10:29:40,d22ba8ea,1,Proximity Alert,9.859511317463994,0.8453189730644226,0.0,0.0010773526737466455,88.95335388183594,-0.00046674634856458397,0.00036370515392822946,-0.018808402121067047,0.3440553843975067,0.005146682262420654,9.795852661132812,4.767347127199173e-05,-0.005118644330650568,0.0013629315653815866,5548,True,None,None,Driving,vehicle.nissan.micra,40.48747253417969,51.95796585083008,-0.018808402121067047
2025-04-13 10:29:40,8a40c8cc,1,Proximity Alert,10.708874843430557,0.8500000238418579,0.0,0.18795987963676453,67.2013168334961,0.0004540145154550146,-0.00047602962061594697,-0.01083297748118639,6.659684658050537,0.6018610000610352,9.805427551269531,0.0026254751719534397,-0.010670383460819721,0.23242083191871643,5432,True,None,None,Driving,vehicle.audi.tt,-52.99137496948242,-50.54066467285156,-0.01083297748118639
2025-04-13 10:29:40,d2a94478,1,Proximity Alert,19.085822744064824,0.8500000238418579,0.0,-0.08774714171886444,18.791749954223633,-0.001207896585697199,-0.000677949303528449,-0.0009020614670589566,2.0782270431518555,-0.2506324052810669,9.810457229614258,0.007483239751309156,-0.006209033075720072,-0.15442609786987305,4784,True,None,None,Driving,vehicle.mercedes.coupe_2020,-75.72681427001953,134.3837890625,-0.0008985137683339417
2025-04-13 10:29:40,f06780bc,1,Proximity Alert,20.223767201596058,0.4223860204219818,0.0,0.0,90.43706512451172,0.0003000360849370054,-0.0004690770871591767,0.06774604320526123,-0.1703256070613861,-0.05869816243648529,9.81478214263916,-1.660361886024475e-05,0.002205129247158766,0.01669330894947052,5056,True,None,None,Driving,vehicle.bmw.grandtourer,-52.21522521972656,-33.6802864074707,0.06769580394029617
2025-04-13 10:29:40,b586c13e,1,Proximity Alert,20.015082312435133,0.561119556427002,0.0,0.0008176579140126705,0.7577112913131714,0.0005481752584302058,-3.2823631294106705e-05,-0.0294348131865263,-0.17973920702934265,0.008396520279347897,9.809697151184082,-0.00015375847578980029,3.7139277992537245e-05,0.0020864515099674463,5048,True,None,None,Driving,vehicle.harley-davidson.low_rider,-3.653909921646118,-61.02259063720703,-0.0294348131865263
2025-04-13 10:29:40,52097445,1,Proximity Alert,19.99637885255354,0.572955310344696,0.0,0.0,0.35365140438079834,-0.0012312203518263232,-0.00022367003344233877,-0.0044569396413862705,-0.004871290177106857,4.7903929953463376e-05,9.809741020202637,-1.3567503629019484e-05,4.4400943011169147e-07,6.5767800094818085e-09,5324,True,None,None,Driving,vehicle.ford.ambulance,-25.176532745361328,137.05711364746094,-0.004456481896340847
2025-04-13 10:29:40,d11af87e,1,Proximity Alert,20.183127187863473,0.6751090884208679,0.0,0.001066182041540742,0.3697150647640228,-0.0012623462581728973,-0.0002688830040867292,0.002896804828196764,0.2609526216983795,0.03358015790581703,9.812394142150879,0.00039615793502889574,-0.003307673614472151,0.015659259632229805,5204,True,None,None,Driving,vehicle.micro.microlino,-29.93191909790039,140.52374267578125,0.002896804828196764
2025-04-13 10:29:40,a13f0ba8,1,Proximity Alert,20.403631661097748,0.2965454161167145,0.0,0.0012761218240484595,0.37650924921035767,-0.0012324476948322172,-2.587256279470328e-05,-0.003444251837208867,0.040067628026008606,0.0050066192634403706,9.807315826416016,-8.830142905935645e-05,0.0012634252198040485,0.005930796731263399,5672,True,None,None,Driving,vehicle.carlamotors.firetruck,-2.8801205158233643,137.19544982910156,-0.003444251837208867
2025-04-13 10:29:40,50837aa9,1,Proximity Alert,20.09972883549663,0.5499832630157471,0.0,0.0,0.3513715863227844,-0.0012631918555712218,-0.0001366104956464356,-0.001509437570348382,-0.056628789752721786,-0.00949834380298853,9.817154884338379,-0.00020173969096504152,0.002126469509676099,0.0001129251322709024,5444,True,None,None,Driving,vehicle.carlamotors.carlacola,-15.20741081237793,140.6178741455078,-0.001509437570348382
2025-04-13 10:29:40,f9e35844,1,Proximity Alert,11.837177364486806,0.0708002820611,0.0,0.02593892067670822,88.57162475585938,0.0001793703908816724,0.0008930931137559982,-0.0036978530697524548,-0.3503957688808441,0.028805166482925415,9.806795120239258,-0.0006246482953429222,0.006567862816154957,0.022196592763066292,5564,True,None,None,Driving,vehicle.carlamotors.european_hgv,99.416748046875,-20.131155014038086,-0.003880729665979743
2025-04-13 10:29:40,2b28acec,1,Proximity Alert,0.0,0.0,1.0,0.0,0.15010468661785126,-0.0002514074505484132,-0.0006385838601361581,-0.005314597859978676,-0.0008987209293991327,-8.449217148154275e-08,9.8100004196167,0.0,0.0,0.0,4920,True,None,Red,Driving,vehicle.ford.mustang,-71.08683013916016,27.986549377441406,-0.005314597859978676
2025-04-13 10:29:40,aeb90d02,1,Proximity Alert,20.14480203503585,0.5419079661369324,0.0,-0.0006155604496598244,90.64668273925781,-0.0005031931856507299,-0.0010273999939276563,-0.007103309500962496,-0.30286523699760437,-0.006596237421035767,9.807902336120605,-3.159348125336692e-05,-1.5752775652799755e-05,-0.0003887234488502145,5188,True,None,None,Driving,vehicle.chevrolet.impala,-114.36964416503906,56.01520919799805,-0.007103309500962496
2025-04-13 10:29:40,e7d42dde,1,"Red Light Violation, Proximity Alert",9.831733750604606,0.0,1.0,-0.0032452107407152653,0.09147938340902328,-0.00021988888423152275,-0.000643755382383,-0.0027716446202248335,-5.287028789520264,0.021006913855671883,9.743019104003906,0.0012294984189793468,0.011486909352242947,-0.018596230074763298,5304,True,None,Red,Driving,vehicle.lincoln.mkz_2020,-71.66252136230469,24.47791862487793,-0.0027716446202248335
2025-04-13 10:29:41,a44255fb,1,Proximity Alert,17.305112725855725,0.8500000238418579,0.0,0.0008176579140126705,90.61326599121094,-0.00034803281725714896,-0.0010256545871786427,0.038504790514707565,2.9361236095428467,0.0036475658416748047,9.816488265991211,2.3638829588890076e-05,-0.002538236789405346,0.0015776354121044278,4932,True,None,None,Driving,vehicle.citroen.c3,-114.17534637451172,38.742835998535156,0.038504790514707565
2025-04-13 10:29:41,f80b4529,1,Proximity Alert,19.117474699169854,0.8500000238418579,0.0,-0.10125990957021713,-37.885108947753906,-0.001180693406851674,0.0008177624358547584,-0.03120126575231552,-1.241336703300476,-2.3192312717437744,9.943037986755371,0.015464205294847488,0.005898397881537676,-0.14188319444656372,4640,True,None,None,Driving,vehicle.dodge.charger_police,91.03289794921875,131.43418884277344,-0.03120126575231552
2025-04-13 10:29:41,a70c33c0,1,Proximity Alert,20.269020393255335,0.37402912974357605,0.0,-0.08569559454917908,-42.88395690917969,-0.001139120692513984,0.0008183711727591735,0.0015677642077207565,-0.09439480304718018,-0.8910684585571289,9.803451538085938,-0.005748196505010128,0.0029993769712746143,-0.18240316212177277,4564,True,None,None,Driving,vehicle.nissan.patrol,91.10066223144531,126.80633544921875,0.0015677642077207565
2025-04-13 10:29:41,a7402aed,1,Proximity Alert,6.538433832312251,0.8500000238418579,0.0,0.015711234882473946,-90.41159057617188,-0.0006263466857348021,-0.000933881090720462,0.011741829104721546,5.037132263183594,-0.0754861831665039,9.762077331542969,0.001172669231891632,-0.09522607177495956,0.010323064401745796,4648,True,None,None,Driving,vehicle.jeep.wrangler_rubicon,-103.9592056274414,69.82282257080078,0.013001746498048306
2025-04-13 10:29:41,b0233fcc,1,Proximity Alert,20.087229997495864,0.5156120657920837,0.0,0.020954564213752747,-92.41075897216797,-0.000703176520460147,-0.0009640400909276503,0.04277179762721062,-0.03682796284556389,0.04428740590810776,9.810074806213379,-0.0002882832195609808,5.436662468127906e-05,0.1498991996049881,4704,True,None,None,Driving,vehicle.mini.cooper_s,-107.31645202636719,78.27725219726562,0.04277179762721062
2025-04-13 10:29:41,745549c1,1,Proximity Alert,19.906568224696443,0.4153386056423187,0.0,0.0,-89.61016845703125,-0.0002708890361589056,0.0009536552394634988,0.1418021321296692,-1.7688266038894653,0.002008676528930664,9.807408332824707,-5.795154720544815e-07,0.0037905096542090178,-9.079877600015607e-06,4708,True,None,None,Driving,vehicle.mercedes.coupe,106.16041564941406,30.155229568481445,0.1418021321296692
2025-04-13 10:29:41,2d359ce4,1,Proximity Alert,3.435304455369886e-07,0.0,1.0,0.0009834838565438986,-89.69603729248047,0.00036165517310848827,-0.00040574062347703945,-0.0075878906063735485,0.010951831936836243,0.0,9.8099946975708,2.261879572529324e-11,1.3188904413041769e-09,5.060951657753776e-13,5144,True,None,Red,Driving,vehicle.audi.a2,-45.166839599609375,-40.25926971435547,-0.0075878906063735485
2025-04-13 10:29:41,d22ba8ea,1,Proximity Alert,5.95966018661119,0.0,1.0,0.05632813274860382,90.86074829101562,-0.00048712351144786226,0.00036355766441930113,-0.01787288673222065,-4.834918022155762,-0.07603979110717773,9.777543067932129,-0.003826814703643322,0.01339334063231945,0.045002471655607224,5812,True,None,None,Driving,vehicle.nissan.micra,40.47105407714844,54.226341247558594,-0.01787288673222065
2025-04-13 10:29:41,8a40c8cc,1,Proximity Alert,22.61075579437498,0.0,0.699999988079071,0.12232349812984467,84.9930419921875,0.0004115584060997435,-0.0004697499737756536,-0.011009902693331242,-3.8265466690063477,1.31707763671875,9.807657241821289,-0.003509298898279667,0.009195290505886078,0.2861538529396057,5396,True,None,None,Driving,vehicle.audi.tt,-52.30501937866211,-46.11975860595703,-0.011175536550581455
2025-04-13 10:29:41,d2a94478,1,Proximity Alert,14.016912116528522,0.8500000238418579,0.0,-0.15615101158618927,15.35036563873291,-0.0012184005527586805,-0.000640709299100324,-0.0011919020907953382,4.9288225173950195,-3.248638153076172,9.794479370117188,-0.01692187413573265,-0.01754198595881462,-0.22292745113372803,4880,True,None,None,Driving,vehicle.mercedes.coupe_2020,-71.52188873291016,135.5897674560547,-0.0012787246378138661
2025-04-13 10:29:41,f06780bc,1,Proximity Alert,20.091295502667162,0.5076173543930054,0.0,0.0,90.44265747070312,0.00025487605837781757,-0.00046942189186150867,0.06779579073190689,-0.13110508024692535,-0.0627443939447403,9.808469772338867,-3.161898348480463e-05,0.0005833167815580964,0.01628771238029003,5248,True,None,None,Driving,vehicle.bmw.grandtourer,-52.25360870361328,-28.65157127380371,0.06778740137815475
2025-04-13 10:29:41,b586c13e,1,Proximity Alert,20.65941575550282,0.16214032471179962,0.0,0.00017573311924934387,0.626684844493866,0.0005476389641216883,1.2899938032502015e-05,-0.029423408210277557,-0.4261142909526825,0.012569557875394821,9.802935600280762,-0.0009737719083204865,-0.0010347145143896341,0.0004742217424791306,5144,True,None,None,Driving,vehicle.harley-davidson.low_rider,1.4360145330429077,-60.962890625,-0.029423408210277557
2025-04-13 10:29:41,52097445,1,Proximity Alert,19.989776498902014,0.5781750082969666,0.0,0.0,0.35365140438079834,-0.001231481337001128,-0.00018127041490035342,-0.004459877032786608,0.0031856074929237366,-2.314628363819793e-05,9.810137748718262,6.856116385733912e-08,-1.340860762866214e-05,3.713674701089076e-09,5424,True,None,None,Driving,vehicle.ford.ambulance,-20.178930282592773,137.08787536621094,-0.004459877032786608
2025-04-13 10:29:41,d11af87e,1,Proximity Alert,20.13897077212404,0.7097113132476807,0.0,0.000870533986017108,0.3552103042602539,-0.0012626539848952234,-0.0002214952828138263,0.002848777687177062,0.32960227131843567,0.02815033681690693,9.814741134643555,0.00033161265309900045,-0.0038179615512490273,0.015387872233986855,5324,True,None,None,Driving,vehicle.micro.microlino,-24.93307876586914,140.55628967285156,0.002866287250071764
2025-04-13 10:29:42,a13f0ba8,1,Proximity Alert,20.65625534362221,0.3300980031490326,0.0,0.003731553675606847,0.6084286570549011,-0.0012328619265389307,2.026892310141809e-05,-0.0034777449909597635,0.4083996117115021,0.002358978847041726,9.806079864501953,-0.0005465962458401918,2.6287361833965406e-05,0.010297485627233982,5724,True,None,None,Driving,vehicle.carlamotors.firetruck,2.256326198577881,137.24156188964844,-0.0034777449909597635
2025-04-13 10:29:42,50837aa9,1,Proximity Alert,20.245288919216726,0.48410046100616455,0.0,0.0,0.363925039768219,-0.0012634695634972104,-9.140286224438156e-05,-0.0012152481358498335,0.2657843232154846,-0.006561418995261192,9.788919448852539,0.00022782001178711653,-0.003616300178691745,2.741979551501572e-05,5580,True,None,None,Driving,vehicle.carlamotors.carlacola,-10.174920082092285,140.64878845214844,-0.0012152481358498335
2025-04-13 10:29:42,f9e35844,1,Proximity Alert,0.0043627987505792665,0.0,1.0,0.015034397132694721,89.34423828125,0.00016016663315099322,0.0008932254568051342,-0.0008188247447833419,0.04742077365517616,-0.015906576067209244,9.7194242477417,-0.0003786352463066578,0.005313918460160494,-3.633320375229232e-06,5368,True,None,None,Driving,vehicle.carlamotors.european_hgv,99.43338775634766,-17.82942008972168,-0.0010485458187758923
2025-04-13 10:29:42,2b28acec,1,Proximity Alert,0.0,0.0,1.0,0.0,0.15010468661785126,-0.0002514074505484132,-0.0006385838601361581,-0.005314597859978676,-0.0008987209293991327,-8.449217148154275e-08,9.8100004196167,0.0,0.0,0.0,4952,True,None,Red,Driving,vehicle.ford.mustang,-71.08683013916016,27.986549377441406,-0.005314597859978676
2025-04-13 10:29:42,aeb90d02,1,Proximity Alert,20.250649010562206,0.569804847240448,0.0,0.0,90.64120483398438,-0.0005484465582838993,-0.0010279078458148118,-0.007118873298168182,0.572478175163269,-0.006406843662261963,9.807696342468262,-4.3638283386826515e-07,-0.000718193594366312,-3.678912980831228e-05,5012,True,None,None,Driving,vehicle.chevrolet.impala,-114.42617797851562,61.052791595458984,-0.007118873298168182
2025-04-13 10:29:42,e7d42dde,1,Proximity Alert,0.004400924512950413,0.0,1.0,-0.0010773526737466455,0.005306663922965527,-0.00021989318489090692,-0.0006405842894050242,-0.004201278556138277,-0.03364800661802292,0.0006582271307706833,9.81753158569336,-1.2998762031202205e-05,-0.006585530936717987,4.1791079752329097e-07,5384,True,None,Red,Driving,vehicle.lincoln.mkz_2020,-71.30951690673828,24.478397369384766,-0.004201278556138277
2025-04-13 10:29:42,a44255fb,1,Proximity Alert,19.684412516358496,0.8500000238418579,0.0,-0.0008640846936032176,90.63542175292969,-0.0003906457370277394,-0.001026131940538162,0.03884490951895714,1.4835994243621826,0.1035618782043457,9.80343246459961,-0.00019599165534600616,-0.0010822308249771595,-0.0377190075814724,5192,True,None,None,Driving,vehicle.citroen.c3,-114.22848510742188,43.48648452758789,0.03884490951895714
2025-04-13 10:29:42,f80b4529,1,Proximity Alert,20.351096484945213,0.657096266746521,0.0,-0.03437367454171181,-44.72208023071289,-0.001148182250531704,0.0008525277417752702,-0.029067382216453552,2.7753515243530273,-0.06527495384216309,9.808483123779297,0.00132923130877316,0.014675424434244633,-0.12198808044195175,4892,True,None,None,Driving,vehicle.dodge.charger_police,94.70246887207031,128.019775390625,-0.029588602483272552
2025-04-13 10:29:42,a70c33c0,1,Proximity Alert,20.282971728089507,0.3626875579357147,0.0,-0.07954627275466919,-49.801490783691406,-0.0011055091219134283,0.0008491969598773114,0.0015446090837940574,-0.17725706100463867,-1.4651148319244385,9.807854652404785,-0.017994942143559456,0.0029610521160066128,-0.1519767791032791,4828,True,None,None,Driving,vehicle.nissan.patrol,94.53217315673828,123.06471252441406,0.0015446090837940574
2025-04-13 10:29:42,a7402aed,1,Proximity Alert,11.957673224851991,0.2428656965494156,0.0,0.0031466844957321882,-89.85748291015625,-0.0006042501255194566,-0.000933824137290202,0.010915984399616718,1.3386428356170654,0.01923692226409912,9.782064437866211,5.2570365369319916e-05,-0.010697044432163239,0.005399263929575682,5884,True,None,None,Driving,vehicle.jeep.wrangler_rubicon,-103.95282745361328,67.26481628417969,0.010915984399616718
2025-04-13 10:29:42,b0233fcc,1,Proximity Alert,20.067750484667812,0.5282927751541138,0.0,0.009116386994719505,-90.81546020507812,-0.0006606410806710983,-0.0009650207042611756,0.04277229309082031,-0.04755134880542755,0.1797541230916977,9.809992790222168,-0.0002516712120268494,3.470582305453718e-05,-0.06562121212482452,5724,True,None,None,Driving,vehicle.mini.cooper_s,-107.42561340332031,73.54222869873047,0.04277229309082031
2025-04-13 10:29:42,745549c1,1,Proximity Alert,19.938104122018373,0.7561982870101929,0.0,0.0,-89.60968017578125,-0.00022827416313475624,0.000953946174856343,0.14175693690776825,0.8714152574539185,0.004047811031341553,9.799603462219238,1.0710209608078003e-07,-0.0040210639126598835,3.5317900710651884e-06,5528,True,None,None,Driving,vehicle.mercedes.coupe,106.19280242919922,25.41136360168457,0.14175693690776825
2025-04-13 10:29:42,2d359ce4,1,Proximity Alert,3.4432826638751066e-07,0.0,1.0,0.0009834838565438986,-89.69603729248047,0.00036165517310848827,-0.00040574062347703945,-0.0075878906063735485,0.010951831936836243,0.0,9.8099946975708,-1.948671268792168e-08,-5.2439590447761475e-09,2.143595370651674e-11,5160,True,None,Red,Driving,vehicle.audi.a2,-45.166839599609375,-40.25926971435547,-0.0075878906063735485
2025-04-13 10:29:42,d22ba8ea,1,Proximity Alert,0.0003539115233770754,0.0,1.0,0.043395474553108215,91.25437927246094,-0.0004895940292612977,0.0003634326889920099,-0.018960723653435707,-0.005826075095683336,-0.0012683537788689137,9.815707206726074,0.00011435977648943663,-0.0009592348942533135,-6.277812190091936e-07,5676,True,None,None,Driving,vehicle.nissan.micra,40.4571418762207,54.50135803222656,-0.018960723653435707
2025-04-13 10:29:42,8a40c8cc,1,"Lane Violation, Proximity Alert",17.870379371286216,0.8500000238418579,0.0,-0.07142061740159988,80.07665252685547,0.0003761036621057201,-0.00046496023141240144,-0.011357879266142845,7.87596321105957,-0.7489528656005859,9.78878116607666,-0.0002530328929424286,-0.008577543310821056,-0.08186166733503342,4988,True,None,None,Driving,vehicle.audi.tt,-51.81325149536133,-42.12120056152344,-0.01119262631982565
2025-04-13 10:29:42,d2a94478,1,Proximity Alert,17.41090328459109,0.36658045649528503,0.0,-0.08461876958608627,7.1309356689453125,-0.0012239160572846686,-0.0006035166530600566,-0.0012614058796316385,-0.27869147062301636,-0.007305679842829704,9.810718536376953,0.006749124266207218,-0.000267094059381634,-0.12076695263385773,5396,True,None,None,Driving,vehicle.mercedes.coupe_2020,-67.42369842529297,136.22396850585938,-0.001277503906749189
2025-04-13 10:29:42,f06780bc,1,Proximity Alert,20.096649852154876,0.5146517157554626,0.0,-0.00043982735951431096,90.43302154541016,0.0002147192638517481,-0.0004697265344577849,0.06777385622262955,-0.027449481189250946,0.04889068007469177,9.808837890625,-0.00012807486928068101,-5.591538501903415e-05,-0.01626066118478775,5260,True,None,None,Driving,vehicle.bmw.grandtourer,-52.28971862792969,-23.90243911743164,0.06777385622262955
2025-04-13 10:29:42,b586c13e,1,Proximity Alert,20.65518916744009,0.20507921278476715,0.0,-0.001185351051390171,0.2818504273891449,0.0005473342187087837,5.612346765915263e-05,-0.029457395896315575,0.10700234025716782,-0.0030449579935520887,9.811380386352539,-0.0009158520260825753,-0.0006173563888296485,-0.0030698394402861595,5648,True,None,None,Driving,vehicle.harley-davidson.low_rider,6.247635841369629,-60.9289665222168,-0.029457395896315575
2025-04-13 10:29:43,52097445,1,Proximity Alert,19.992555750850514,0.5756083130836487,0.0,0.0,0.35365140438079834,-0.0012317423221617219,-0.00013886788357763875,-0.004458236508071423,-0.0036374861374497414,0.005018959287554026,9.809908866882324,2.0969046943264402e-08,4.945470664097229e-06,-4.714755807988524e-10,5752,True,None,None,Driving,vehicle.ford.ambulance,-15.458702087402344,137.11692810058594,-0.004458236508071423
2025-04-13 10:29:43,d11af87e,1,Proximity Alert,19.836677583438636,0.4519389569759369,0.0,-0.00017573311924934387,0.3324059247970581,-0.0012629166149054072,-0.00017908642904352864,0.0028937149327248335,0.6057671904563904,0.04166189208626747,9.813183784484863,0.0003749560855794698,-0.006801397539675236,0.015573891811072826,5204,True,None,None,Driving,vehicle.micro.microlino,-20.214725494384766,140.58547973632812,0.002873916644603014
2025-04-13 10:29:43,a13f0ba8,1,Proximity Alert,20.639361205776687,0.31979256868362427,0.0,0.0,0.9034695029258728,-0.0012334432490206382,6.389558479362962e-05,-0.0034737014211714268,0.2265569418668747,0.021888568997383118,9.80813217163086,-1.084046402866079e-06,0.00017632156959734857,0.008113343268632889,5564,True,None,None,Driving,vehicle.carlamotors.firetruck,7.112823963165283,137.3062744140625,-0.0034737014211714268
2025-04-13 10:29:43,50837aa9,1,Proximity Alert,20.022598677467883,0.4188480079174042,0.0,0.0,0.35806789994239807,-0.0012637379505378021,-4.869933358480339e-05,-0.0012211990542709827,-0.1900123804807663,0.00617213873192668,9.821206092834473,-1.4782532161916606e-05,0.0021671713329851627,-1.2673745914071333e-05,5808,True,None,None,Driving,vehicle.carlamotors.carlacola,-5.42118501663208,140.6786651611328,-0.0012211990542709827
2025-04-13 10:29:43,f9e35844,1,Proximity Alert,0.000645174279071955,0.0,1.0,0.015044498257339,89.34426879882812,0.00016013282775872995,0.0008932244287648768,-0.004347572103142738,0.005785730667412281,0.002816649153828621,9.817569732666016,-0.00012454227544367313,0.003262850921601057,7.545881999249104e-07,5292,True,None,None,Driving,vehicle.carlamotors.european_hgv,99.43328857421875,-17.82582664489746,-0.004421500954777002
2025-04-13 10:29:43,2b28acec,1,Proximity Alert,0.0,0.0,1.0,0.0,0.15010468661785126,-0.0002514074505484132,-0.0006385838601361581,-0.005314597859978676,-0.0008987209293991327,-8.449217148154275e-08,9.8100004196167,0.0,0.0,0.0,5536,True,None,Red,Driving,vehicle.ford.mustang,-71.08683013916016,27.986549377441406,-0.005314597859978676
2025-04-13 10:29:43,aeb90d02,1,Proximity Alert,20.279997268089666,0.3092273771762848,0.0,-0.00017573311924934387,90.64083099365234,-0.000593836968675987,-0.0010284148067337443,-0.00713500939309597,-0.03968757018446922,0.00045300647616386414,9.81078052520752,-8.995732969196979e-06,6.85807799527538e-06,0.00015970641106832772,5032,True,None,None,Driving,vehicle.chevrolet.impala,-114.47943878173828,65.82305145263672,-0.00714046461507678
2025-04-13 10:29:43,e7d42dde,1,Proximity Alert,0.00018036240333185524,0.0,1.0,-0.0011148579651489854,0.005309384781867266,-0.00021989318489090692,-0.0006405797660278916,-0.004487419035285711,0.0018990987446159124,-2.3166559515175322e-07,9.810198783874512,1.0865289112871324e-07,-0.0002683618513401598,8.482967217560144e-09,5044,True,None,Red,Driving,vehicle.lincoln.mkz_2020,-71.30901336669922,24.478397369384766,-0.004487419035285711
2025-04-13 10:29:43,a44255fb,1,"Lane Violation, Proximity Alert",16.398385286125098,0.8500000238418579,0.0,-0.030231069773435593,78.92739868164062,-0.0004325217232690193,-0.001020899969524185,0.03915470093488693,-0.36217039823532104,-0.18386325240135193,9.798785209655762,0.0006044376641511917,-0.004244646988809109,-0.055874187499284744,5468,True,None,None,Driving,vehicle.citroen.c3,-113.64606475830078,48.14809799194336,0.03915470093488693
2025-04-13 10:29:43,f80b4529,1,Proximity Alert,21.440743993163306,0.0,0.147246852517128,-0.04660413786768913,-50.87040328979492,-0.0011177076419812693,0.0008786619643747376,-0.028178997337818146,2.2022314071655273,-0.12230181694030762,9.695717811584473,-0.006985620129853487,0.0003311650361865759,-0.17050231993198395,5168,True,None,None,Driving,vehicle.dodge.charger_police,97.81220245361328,124.42264556884766,-0.028178997337818146
2025-04-13 10:29:43,a70c33c0,1,Proximity Alert,20.359592724240926,0.3984931409358978,0.0,-0.10052063316106796,-55.74583435058594,-0.001070729971701212,0.0008746270434364771,0.0015396499074995518,-0.01883143186569214,-1.4441940784454346,9.806129455566406,-0.032263875007629395,0.00012606661766767502,-0.13800758123397827,5360,True,None,None,Driving,vehicle.nissan.patrol,97.363037109375,119.193115234375,0.0015396499074995518
2025-04-13 10:29:43,a7402aed,1,Proximity Alert,0.009377427028110655,0.0,1.0,0.003034596797078848,-89.66741180419922,-0.0005818154771191075,-0.0009337065980207726,0.014129295013844967,-0.5915265679359436,-0.0002307295799255371,9.503904342651367,-8.69163777679205e-05,-0.002729202387854457,-2.592798409750685e-06,4804,True,None,None,Driving,vehicle.jeep.wrangler_rubicon,-103.93973541259766,64.76710510253906,0.013930587098002434
2025-04-13 10:29:43,b0233fcc,1,Proximity Alert,12.54707737917208,0.0,0.699999988079071,0.007511414587497711,-90.15813446044922,-0.0006171714264269212,-0.0009652220630795916,0.04263816773891449,-18.166034698486328,-0.29018211364746094,9.813028335571289,-0.00022652838379144669,0.0076642511412501335,-0.007105322554707527,5788,True,None,None,Driving,vehicle.mini.cooper_s,-107.44802856445312,68.70320892333984,0.04263816773891449
2025-04-13 10:29:43,745549c1,1,Proximity Alert,20.79571977717656,0.12480887025594711,0.0,0.0,-89.60736083984375,-0.00018260794669799907,0.0009542580822704381,0.14162281155586243,0.11060972511768341,0.004254505038261414,9.8212308883667,-4.1639432311058044e-06,0.001401275978423655,4.077172434335807e-06,5608,True,None,None,Driving,vehicle.mercedes.coupe,106.22752380371094,20.327823638916016,0.14162281155586243
2025-04-13 10:29:43,2d359ce4,1,Proximity Alert,0.5221664957403217,0.8500000238418579,0.0,0.0004400774778332561,-89.70254516601562,0.00036173275590556386,-0.0004057403150649622,-0.007751273922622204,0.0074296146631240845,-0.08871661871671677,9.830232620239258,-0.0005188952782191336,0.0004682790022343397,0.025398047640919685,4968,True,None,Green,Driving,vehicle.audi.a2,-45.16669845581055,-40.27216720581055,-0.00783134438097477
2025-04-13 10:29:43,d22ba8ea,1,Proximity Alert,1.379806665746116e-06,0.0,1.0,0.04339369386434555,91.25437927246094,-0.0004895943719276374,0.0003634326204559927,-0.018992003053426743,-2.6125610020244494e-05,-3.2884536267374642e-06,9.8100004196167,-1.1603992788877804e-07,-1.8365841469858424e-06,-9.065507233785297e-10,5828,True,None,None,Driving,vehicle.nissan.micra,40.45713424682617,54.50139617919922,-0.018992003053426743
2025-04-13 10:29:43,8a40c8cc,1,"Lane Violation, Proximity Alert",21.090998655001723,0.41227948665618896,0.0,-0.002050373936071992,77.44918823242188,0.0003342527600551648,-0.00045580172917130237,-0.011140632443130016,2.174107313156128,0.21655917167663574,9.82266902923584,-8.998776320368052e-05,-0.0010303303133696318,-0.07338883727788925,5280,True,None,None,Driving,vehicle.audi.tt,-50.73961639404297,-37.20884704589844,-0.011140632443130016
2025-04-13 10:29:44,d2a94478,1,Proximity Alert,16.307164335435655,0.32084375619888306,0.0,-0.06281556189060211,4.016723155975342,-0.0012265918404636977,-0.0005678801172894069,-0.0012100982712581754,-0.34783416986465454,-1.2507553100585938,9.808841705322266,-0.01084499154239893,0.00011321758211124688,-0.09562783688306808,5052,True,None,None,Driving,vehicle.mercedes.coupe_2020,-63.21612548828125,136.5435791015625,-0.0012100982712581754
2025-04-13 10:29:44,f06780bc,1,Proximity Alert,19.46740869274882,0.42343762516975403,0.0,0.0,90.40253448486328,0.00016987393755130142,-0.0004700443017013472,0.0680503100156784,-0.6622267365455627,0.05314761400222778,9.805212020874023,-0.00012948428047820926,0.0009226338006556034,-0.018925724551081657,5192,True,None,None,Driving,vehicle.bmw.grandtourer,-52.32317352294922,-19.179649353027344,0.06802425533533096
2025-04-13 10:29:44,b586c13e,1,Proximity Alert,18.256648238034447,0.8500000238418579,0.0,-0.0005661552422679961,0.11747606098651886,0.0005472008133580175,9.883928568330779e-05,-0.02928279899060726,-2.252462148666382,0.0008786101825535297,9.797367095947266,-0.0007026202511042356,-0.0008468680316582322,-0.001345137832686305,4936,True,None,None,Driving,vehicle.harley-davidson.low_rider,11.002738952636719,-60.91411590576172,-0.02928279899060726
2025-04-13 10:29:44,52097445,1,Proximity Alert,19.990964420764765,0.57695472240448,0.0,0.0,0.35365140438079834,-0.001232003307308105,-9.646673154226942e-05,-0.00445911381393671,0.000675699207931757,-0.005007854197174311,9.810046195983887,-9.927310173907244e-08,-1.397258643009991e-06,-1.4067853548738185e-09,5464,True,None,None,Driving,vehicle.ford.ambulance,-10.738627433776855,137.14598083496094,-0.00445911381393671
2025-04-13 10:29:44,d11af87e,1,Proximity Alert,20.108073692148885,0.7467923760414124,0.0,0.0006155604496598244,0.34187760949134827,-0.001263161562633286,-0.0001392044296899029,0.0028640746604651213,0.5043250322341919,0.007290406618267298,9.815332412719727,0.00024369210586883128,-0.005579300690442324,0.015371854417026043,5292,True,None,None,Driving,vehicle.micro.microlino,-15.496166229248047,140.614501953125,0.0028640746604651213
2025-04-13 10:29:44,a13f0ba8,1,Proximity Alert,20.577837559079722,0.24044407904148102,0.0,-0.003249973524361849,0.790931761264801,-0.0012340407460271763,0.00010494094448703664,-0.0025231551844626665,-0.03859506919980049,0.07973036170005798,9.580527305603027,0.0037036386784166098,0.0011087256716564298,-0.005706564523279667,5996,True,None,None,Driving,vehicle.carlamotors.firetruck,11.68197250366211,137.37278747558594,-0.0025231551844626665
2025-04-13 10:29:44,50837aa9,1,Proximity Alert,20.054173488423285,0.39509981870651245,0.0,-0.0002485241857357323,0.4113353192806244,-0.0012640171662781086,-8.457899230932601e-06,-0.0014171218499541283,-0.2573941648006439,-0.01291448250412941,9.828736305236816,-0.00037124715163372457,0.0031540696509182453,0.0005214626435190439,5780,True,None,None,Driving,vehicle.carlamotors.carlacola,-0.9415290355682373,140.70974731445312,-0.0014171218499541283
2025-04-13 10:29:44,f9e35844,1,Proximity Alert,0.0004897299076275708,0.0,1.0,0.015050926245748997,89.34428405761719,0.00016014100067707204,0.0008932246343729283,-0.0034886549692600965,-0.000298455823212862,-2.543965820223093e-05,9.808566093444824,4.197459202259779e-05,-0.0014872768661007285,-2.879278326872736e-07,5516,True,None,None,Driving,vehicle.carlamotors.european_hgv,99.43331146240234,-17.826814651489258,-0.0034886549692600965
2025-04-13 10:29:44,2b28acec,1,Proximity Alert,0.0,0.0,1.0,0.0,0.15010468661785126,-0.0002514074505484132,-0.0006385838601361581,-0.005314597859978676,-0.0008987209293991327,-8.449217148154275e-08,9.8100004196167,0.0,0.0,0.0,5536,True,None,Red,Driving,vehicle.ford.mustang,-71.08683013916016,27.986549377441406,-0.005314597859978676
2025-04-13 10:29:44,aeb90d02,1,Proximity Alert,20.087504870960686,0.4011269509792328,0.0,0.0,90.64020538330078,-0.0006315811925787784,-0.0010288371256714842,-0.007116241380572319,-0.4026738405227661,-0.010501742362976074,9.811417579650879,-1.7386628314852715e-07,0.0005422183312475681,5.065026471129386e-06,5468,True,None,None,Driving,vehicle.chevrolet.impala,-114.52962493896484,70.30729675292969,-0.007116241380572319
2025-04-13 10:29:44,e7d42dde,1,Proximity Alert,1.0577111022064013e-05,0.0,1.0,-0.0010773526737466455,0.0053094495087862015,-0.00021989316775261614,-0.0006405794918838229,-0.004499587696045637,-5.225122004048899e-05,0.0,9.8100004196167,8.97851109016301e-08,-1.4546126294590067e-05,3.7165695521146347e-10,5164,True,None,Red,Driving,vehicle.lincoln.mkz_2020,-71.3089828491211,24.478395462036133,-0.004499587696045637
2025-04-13 10:29:44,a44255fb,1,"Lane Violation, Proximity Alert",19.951258165517324,0.7198534607887268,0.0,-0.0015308067668229342,77.70013427734375,-0.00046911488477974217,-0.0010129712433069964,0.03894813358783722,0.04437211900949478,-0.1490902304649353,9.801530838012695,6.886209303047508e-05,-0.0002796642656903714,0.02921714261174202,5228,True,None,None,Driving,vehicle.citroen.c3,-112.76344299316406,52.22163009643555,0.03894813358783722
2025-04-13 10:29:44,f80b4529,1,Proximity Alert,20.97310932561112,0.0,0.10030712932348251,-0.07657980918884277,-55.75419616699219,-0.0010827052014548144,0.000903569323731024,-0.02919355407357216,-1.2342073917388916,-0.993782639503479,9.725675582885742,-0.012292690575122833,-0.016582444310188293,-0.0988306850194931,4928,True,None,None,Driving,vehicle.dodge.charger_police,100.42973327636719,120.77059173583984,-0.028747806325554848
2025-04-13 10:29:44,a70c33c0,1,Proximity Alert,20.392635168061705,0.39706170558929443,0.0,-0.0320545956492424,-61.21381759643555,-0.0010358188896901765,0.0008952208144087303,0.0015194701263681054,0.1393785923719406,-0.42972105741500854,9.807581901550293,0.010655201971530914,-0.0016658897511661053,-0.0881064236164093,5320,True,None,None,Driving,vehicle.nissan.patrol,99.65552520751953,115.30683135986328,0.0015194701263681054
2025-04-13 10:29:44,a7402aed,1,Proximity Alert,0.0009538678276989371,0.0,1.0,0.0030599632300436497,-89.66748046875,-0.0005817689411742322,-0.0009337060497326353,0.01060234010219574,-0.0004097381606698036,1.973204780369997e-05,9.806506156921387,-9.561888873577118e-06,0.0033760012593120337,1.9569228015825502e-07,5832,True,None,None,Driving,vehicle.jeep.wrangler_rubicon,-103.93968200683594,64.76213836669922,0.01055141445249319
2025-04-13 10:29:44,b0233fcc,1,Proximity Alert,11.5636872167416,0.07904469966888428,0.0,0.0024115736596286297,-89.90325164794922,-0.0005973334706510514,-0.0009651747732277512,0.04260753467679024,-2.3896429538726807,0.009045600891113281,9.809246063232422,-1.6440870240330696e-05,0.002036098390817642,-0.014790521003305912,5680,True,None,None,Driving,vehicle.mini.cooper_s,-107.44276428222656,66.49485778808594,0.04260753467679024
2025-04-13 10:29:44,745549c1,1,Proximity Alert,20.05320648605285,0.45063143968582153,0.0,0.0,-89.613037109375,-0.00014218654317232904,0.0009545314039068722,0.14178141951560974,-1.3013137578964233,-0.001232147216796875,9.80468463897705,1.2526288628578186e-07,0.0016400915337726474,-4.344496574049117e-06,5488,True,None,None,Driving,vehicle.mercedes.coupe,106.25794982910156,15.828133583068848,0.14178141951560974
2025-04-13 10:29:44,2d359ce4,1,Proximity Alert,9.903053788544314,0.8500000238418579,0.0,-0.0002485241857357323,-89.68462371826172,0.0003709481772915524,-0.0004056821279863934,-0.009322700090706348,3.6364428997039795,0.2308788299560547,10.312843322753906,0.05152104049921036,-0.023679163306951523,-0.0016202115220949054,4976,True,None,Green,Driving,vehicle.audi.a2,-45.16139221191406,-41.42783737182617,-0.009535522200167179
2025-04-13 10:29:44,d22ba8ea,1,Proximity Alert,8.938383197478507e-07,0.0,1.0,0.04339369386434555,91.25437927246094,-0.0004895943719276374,0.0003634326204559927,-0.018992003053426743,-2.6125610020244494e-05,-3.2884536267374642e-06,9.8100004196167,-1.0274293060774653e-07,1.0156605156907972e-07,5.908078887228996e-11,5476,True,None,None,Driving,vehicle.nissan.micra,40.45713424682617,54.50139617919922,-0.018992003053426743
2025-04-13 10:29:45,8a40c8cc,1,"Lane Violation, Proximity Alert",20.845045698595456,0.031782589852809906,0.0,0.000304378685541451,77.35584259033203,0.0002922977175359165,-0.00044644286188403606,-0.01100925449281931,-1.2831714153289795,1.2179114818572998,9.818368911743164,0.012968749739229679,0.0031917691230773926,0.17428846657276154,5104,True,None,None,Driving,vehicle.audi.tt,-49.75729751586914,-32.819358825683594,-0.011067352257668972
2025-04-13 10:29:45,d2a94478,1,Proximity Alert,15.314316147015816,0.3153379261493683,0.0,-0.008138292469084263,2.2112910747528076,-0.0012279140373010478,-0.0005344687061198823,-0.0012094497215002775,-0.34297695755958557,-0.013101505115628242,9.80982780456543,0.00021118385484442115,1.2423428415786475e-05,-0.007258325815200806,5588,True,None,None,Driving,vehicle.mercedes.coupe_2020,-59.70884704589844,136.68341064453125,-0.0012094115372747183
2025-04-13 10:29:45,f06780bc,1,Proximity Alert,18.19529169066592,0.4469528794288635,0.0,-0.001578650320880115,90.07637023925781,0.00013237415592470825,-0.000470160504518442,0.06799621134996414,-0.5132107138633728,0.05284556746482849,9.80806827545166,0.0001774173870217055,0.00043680821545422077,-0.022093068808317184,5528,True,None,None,Driving,vehicle.bmw.grandtourer,-52.33802795410156,-14.735823631286621,0.06799621134996414
2025-04-13 10:29:45,b586c13e,1,Proximity Alert,20.547602107468094,0.242632195353508,0.0,0.00017573311924934387,0.04265402629971504,0.0005471505079128747,0.00014069666439152755,-0.029451141133904457,-0.042780812829732895,0.015703491866588593,9.812551498413086,-0.0009353320929221809,-0.001310272142291069,0.00047215379890985787,4912,True,None,None,Driving,vehicle.harley-davidson.low_rider,15.662281036376953,-60.90851593017578,-0.029451141133904457
2025-04-13 10:29:45,52097445,1,Proximity Alert,19.991687128546694,0.5763661861419678,0.0,0.0,0.35365140438079834,-0.001232264292454488,-5.406500123425532e-05,-0.004458694253116846,-0.0005434118211269379,-2.3410393623635173e-07,9.809985160827637,-2.0260282340700542e-08,5.02103716826241e-07,6.208601188717466e-09,5916,True,None,None,Driving,vehicle.ford.ambulance,-6.01848840713501,137.17503356933594,-0.004458694253116846
2025-04-13 10:29:45,d11af87e,1,Proximity Alert,19.734767659643612,0.5212480425834656,0.0,0.00031118179322220385,0.33337268233299255,-0.0012634199434273796,-9.685777235517794e-05,0.002840194618329406,-0.11992453783750534,-0.018969399854540825,9.80891227722168,-0.00011481552064651623,0.0029992617201060057,-0.014728682115674019,5920,True,None,None,Driving,vehicle.micro.microlino,-10.782157897949219,140.6432647705078,0.002840194618329406
2025-04-13 10:29:45,a13f0ba8,1,Proximity Alert,20.450596938366022,0.19152525067329407,0.0,-0.00479075638577342,0.6758065223693848,-0.0012345379062992379,0.00015107640992240062,-0.0021438216790556908,0.016481658443808556,0.04658534750342369,9.568384170532227,-0.0016368316719308496,0.0012415162054821849,0.0034997339826077223,6048,True,None,None,Driving,vehicle.carlamotors.firetruck,16.8177490234375,137.42813110351562,-0.0021438216790556908
2025-04-13 10:29:45,50837aa9,1,Proximity Alert,20.225947738487587,0.5175830721855164,0.0,0.00026409426936879754,0.7518120408058167,-0.0012645457160402884,3.931124853672155e-05,-0.0014334487495943904,0.09585262089967728,0.0032297878060489893,9.805440902709961,-0.00020768320246133953,-0.002685889368876815,0.0019206642173230648,5884,True,None,None,Driving,vehicle.carlamotors.carlacola,4.095792770385742,140.76498413085938,-0.0014076613588258624
2025-04-13 10:29:45,f9e35844,1,Proximity Alert,3.059078816245733e-06,0.0,1.0,0.015044498257339,89.34428405761719,0.0001601398527100173,0.0008932246343729283,-0.0036098097916692495,0.0006436695111915469,6.902613677084446e-06,9.80969524383545,2.5177860152325593e-07,5.964897354715504e-06,1.323763987315374e-09,5264,True,None,None,Driving,vehicle.carlamotors.european_hgv,99.43331146240234,-17.82668685913086,-0.0036098097916692495
2025-04-13 10:29:45,2b28acec,1,Proximity Alert,0.0,0.0,1.0,0.0,0.15010468661785126,-0.0002514074505484132,-0.0006385838601361581,-0.005314597859978676,-0.0008987209293991327,-8.449217148154275e-08,9.8100004196167,0.0,0.0,0.0,5632,True,None,Red,Driving,vehicle.ford.mustang,-71.08683013916016,27.986549377441406,-0.005314597859978676
2025-04-13 10:29:45,aeb90d02,1,Proximity Alert,20.12400793467319,0.4249802529811859,0.0,-0.002338433638215065,89.5498275756836,-0.000676851630672104,-0.001028803131806973,-0.0071215820498764515,0.032994285225868225,-0.054960090667009354,9.811097145080566,7.001957419561222e-05,0.00016199747915379703,-0.009217086248099804,5220,True,None,None,Driving,vehicle.chevrolet.impala,-114.52584075927734,75.3467788696289,-0.0071215820498764515
2025-04-13 10:29:45,e7d42dde,1,Proximity Alert,1.78847876081603e-06,0.0,1.0,-0.0011636738199740648,0.005309456028044224,-0.00021989316775261614,-0.0006405794233478058,-0.004500198177993298,-2.0900488379993476e-05,-8.432108344891276e-09,9.8100004196167,-1.0820862428317923e-07,-5.35486833541654e-07,-9.848850034133161e-12,5048,True,None,Red,Driving,vehicle.lincoln.mkz_2020,-71.30897521972656,24.478395462036133,-0.004500198177993298
2025-04-13 10:29:45,a44255fb,1,"Lane Violation, Proximity Alert",20.203434525444223,0.5968714952468872,0.0,0.12530875205993652,79.68283081054688,-0.0005129103249714717,-0.0010037981771622508,0.03892410174012184,0.35231614112854004,1.518543004989624,9.806294441223145,0.0003347713500261307,-0.0005069499602541327,0.3025258183479309,4920,True,None,None,Driving,vehicle.citroen.c3,-111.74230194091797,57.09691619873047,0.03892410174012184
2025-04-13 10:29:45,f80b4529,1,Proximity Alert,19.546083161039345,0.6558452844619751,0.0,-0.1006612777709961,-61.3842658996582,-0.001043480119832907,0.0009260279597302008,-0.030853156000375748,-1.3219126462936401,-1.8231327533721924,9.915998458862305,0.010048670694231987,0.00044480152428150177,-0.08872012048959732,4620,True,None,None,Driving,vehicle.dodge.charger_police,102.96305084228516,116.4006576538086,-0.0308497603982687
2025-04-13 10:29:45,a70c33c0,1,Proximity Alert,20.392235581566354,0.39257168769836426,0.0,-0.03144337981939316,-67.08428192138672,-0.000992133346997548,0.0009154486030493492,0.0015327834989875555,0.07472345232963562,-0.41512832045555115,9.80785083770752,0.010598436929285526,-0.0008222381584346294,-0.08660604059696198,4680,True,None,None,Driving,vehicle.nissan.patrol,101.79998016357422,110.70504760742188,0.0015197371831163764
2025-04-13 10:29:46,a7402aed,1,Proximity Alert,5.052662397683434e-06,0.0,1.0,0.003015305148437619,-89.66748046875,-0.0005817698321237685,-0.0009337060497326353,0.010659484192728996,4.4438835175242275e-05,0.0,9.8100004196167,1.1474548955447972e-07,2.1385341824498028e-05,1.049682119003137e-09,5644,True,None,None,Driving,vehicle.jeep.wrangler_rubicon,-103.93968200683594,64.76232147216797,0.010659484192728996
2025-04-13 10:29:46,b0233fcc,1,Proximity Alert,0.00037082214818738845,0.0,1.0,-0.002532500773668289,-89.44412231445312,-0.0005756656717608166,-0.0009650595641829052,0.042781371623277664,-22.040605545043945,0.048656463623046875,9.797758102416992,-5.005020648241043e-05,0.004204101394861937,5.12480755787692e-06,5528,True,None,None,Driving,vehicle.mini.cooper_s,-107.42993927001953,64.08280944824219,0.042781371623277664
2025-04-13 10:29:46,745549c1,1,Proximity Alert,20.25829498807318,0.5784216523170471,0.0,0.0,-89.613037109375,-9.699715747046866e-05,0.00095483673186332,0.14169993996620178,1.1498608589172363,0.017230510711669922,9.805753707885742,9.110663086175919e-07,-0.003313393099233508,5.557868917094311e-06,5404,True,None,None,Driving,vehicle.mercedes.coupe,106.29193878173828,10.797674179077148,0.14169993996620178
2025-04-13 10:29:46,2d359ce4,1,Proximity Alert,15.755034387981535,0.8500000238418579,0.0,-0.0006155604496598244,-89.61785125732422,0.0004008798092485222,-0.00040552130822212745,-0.008097381331026554,2.0880424976348877,0.011194229125976562,9.77393627166748,-0.00045919883996248245,-0.014649638906121254,6.530230166390538e-05,5084,True,None,Green,Driving,vehicle.audi.a2,-45.14100646972656,-44.84237289428711,-0.008513488806784153
2025-04-13 10:29:46,d22ba8ea,1,Proximity Alert,2.7529932233390246,0.8500000238418579,0.0,0.04102931544184685,91.39482879638672,-0.0004906272782392307,0.00036337950504269375,-0.019841384142637253,2.6313209533691406,0.0648198127746582,9.83078670501709,0.0002855672501027584,-0.003699458437040448,0.015726739540696144,5636,True,None,None,Driving,vehicle.nissan.micra,40.45122146606445,54.61637878417969,-0.019841384142637253
2025-04-13 10:29:46,8a40c8cc,1,"Lane Violation, Proximity Alert",19.532689861574458,0.6521646976470947,0.0,0.014813886024057865,84.65994262695312,0.0002476145131566909,-0.0004415483622185548,-0.010857162065804005,-0.5647858381271362,1.1980987787246704,9.804444313049316,0.009128710255026817,-0.000315716490149498,0.19009234011173248,5048,True,None,None,Driving,vehicle.audi.tt,-49.17338943481445,-27.834035873413086,-0.010853271000087261
2025-04-13 10:29:46,d2a94478,1,Proximity Alert,19.85137494661713,0.6723430752754211,0.0,-0.004655234981328249,1.2217692136764526,-0.0012288570929115394,-0.0004959436171019988,-0.0009087371872738004,0.03855856880545616,-0.01177226472645998,9.812227249145508,4.321482629165985e-05,0.0023236339911818504,-0.010568827390670776,5504,True,None,None,Driving,vehicle.mercedes.coupe_2020,-55.48340606689453,136.7904510498047,-0.0008719253237359226
2025-04-13 10:29:46,f06780bc,1,Proximity Alert,14.774687824241164,0.8500000238418579,0.0,-0.0029689467046409845,89.99878692626953,9.235553859809897e-05,-0.00047011085017400957,0.06804633885622025,1.0378068685531616,-0.023808836936950684,9.75166130065918,-0.00010504759848117828,-0.020216017961502075,-0.0024201984051615,5348,True,None,Green,Driving,vehicle.bmw.grandtourer,-52.332820892333984,-10.489289283752441,0.06850230693817139
2025-04-13 10:29:46,b586c13e,1,Proximity Alert,20.229356270294886,0.3967716097831726,0.0,-0.0006155604496598244,-0.0036926267202943563,0.0005471384798454437,0.00018875163519349586,-0.02942066080868244,-0.4431442320346832,-0.009428002871572971,9.807905197143555,0.00016116356709972024,-0.0007730802753940225,-0.0010728787165135145,5644,True,None,None,Driving,vehicle.harley-davidson.low_rider,20.73134994506836,-60.9071159362793,-0.02942630648612976
2025-04-13 10:29:46,52097445,1,Proximity Alert,19.991441938564694,0.5765939950942993,0.0,-0.00017573311924934387,0.3997660279273987,-0.0012325711967378084,-9.169502271853247e-06,-0.004458694253116846,-0.00021839076362084597,-0.014986957423388958,9.809954643249512,-9.532071271678433e-05,-8.876139645508374e-07,-8.708408859092742e-05,5684,True,None,None,Driving,vehicle.ford.ambulance,-1.0207443237304688,137.20919799804688,-0.004458694253116846
2025-04-13 10:29:46,d11af87e,1,Proximity Alert,19.775092072305842,0.4948483109474182,0.0,0.0005661552422679961,0.33111312985420227,-0.0012637116327027798,-4.948540315011891e-05,0.0028936767484992743,-0.13838458061218262,-0.00890863873064518,9.807002067565918,-5.772292934125289e-05,0.0029855314642190933,-0.014519346877932549,5716,True,None,None,Driving,vehicle.micro.microlino,-5.786972999572754,140.6739501953125,0.002866020193323493
2025-04-13 10:29:46,a13f0ba8,1,Proximity Alert,20.666907494294797,0.10822316259145737,0.0,-0.0022567694541066885,0.47046127915382385,-0.0012349080007965085,0.00019736883997106526,-0.003554191440343857,-0.037046488374471664,-0.06418299674987793,9.811166763305664,-0.0006279501249082386,0.000524274364579469,0.005434574093669653,5820,True,None,None,Driving,vehicle.carlamotors.firetruck,21.970998764038086,137.46932983398438,-0.003554191440343857
2025-04-13 10:29:46,50837aa9,1,Proximity Alert,20.03158308947263,0.4131869375705719,0.0,-0.0006155604496598244,0.8858829140663147,-0.0012651666523595395,8.201033520568753e-05,-0.0012386703165248036,-0.19684447348117828,-0.007251162081956863,9.822795867919922,-0.0003188950358889997,0.0017205901676788926,0.00017752421263139695,5688,True,None,None,Driving,vehicle.carlamotors.carlacola,9.129348754882812,140.83770751953125,-0.0012386703165248036
2025-04-13 10:29:46,f9e35844,1,Proximity Alert,2.060036731929352e-06,0.0,1.0,0.015044498257339,89.34428405761719,0.0001601398527100173,0.0008932246343729283,-0.0036098097916692495,1.8711087250267155e-05,-2.4994369596242905e-07,9.8100004196167,7.587993877677945e-08,-5.937044278425674e-08,-3.665909936723111e-11,5492,True,None,None,Driving,vehicle.carlamotors.european_hgv,99.43331146240234,-17.82668685913086,-0.0036098097916692495
2025-04-13 10:29:46,2b28acec,1,Proximity Alert,0.0,0.0,1.0,0.0,0.15010468661785126,-0.0002514074505484132,-0.0006385838601361581,-0.005314597859978676,-0.0008987209293991327,-8.449217148154275e-08,9.8100004196167,0.0,0.0,0.0,5452,True,None,Red,Driving,vehicle.ford.mustang,-71.08683013916016,27.986549377441406,-0.005314597859978676
2025-04-13 10:29:47,aeb90d02,1,Proximity Alert,20.177297041485023,0.3700951337814331,0.0,-0.006019736174494028,86.80401611328125,-0.0007246687986253164,-0.001026953070559756,-0.007125701755285263,0.05880507826805115,-0.10732845216989517,9.809627532958984,8.048297604545951e-05,-0.000167202262673527,-0.019822176545858383,5000,True,None,None,Driving,vehicle.chevrolet.impala,-114.33556365966797,80.38882446289062,-0.007127723656594753
2025-04-13 10:29:47,e7d42dde,1,Proximity Alert,2.34003655996504e-06,0.0,1.0,-0.0011636738199740648,0.005309456028044224,-0.00021989316775261614,-0.0006405794233478058,-0.004500198177993298,-2.0900488379993476e-05,-8.432108344891276e-09,9.8100004196167,1.5296160427169525e-07,-1.088517862513072e-07,-1.278926825554194e-10,5232,True,None,Red,Driving,vehicle.lincoln.mkz_2020,-71.30897521972656,24.478395462036133,-0.004500198177993298
2025-04-13 10:29:47,a44255fb,1,"Lane Violation, Proximity Alert",20.015331046914127,0.6661502122879028,0.0,0.04406255856156349,86.48391723632812,-0.0005575033873412849,-0.000999749069268438,0.03896823897957802,-0.05569332838058472,0.33810365200042725,9.805389404296875,-0.0017527112504467368,-0.000598045764490962,0.14753444492816925,4872,True,None,None,Driving,vehicle.citroen.c3,-111.29155731201172,62.06099319458008,0.03896823897957802
2025-04-13 10:29:47,f80b4529,1,Proximity Alert,19.84248349075162,0.8418837785720825,0.0,-0.02783695049583912,-66.85973358154297,-0.0010023495313191688,0.0009446805850884314,-0.029648570343852043,1.3276293277740479,-0.0070716142654418945,9.872673988342285,0.0011462122201919556,0.014755694195628166,-0.11391488462686539,4916,True,None,None,Driving,vehicle.dodge.charger_police,105.054931640625,111.83926391601562,-0.03017030656337738
2025-04-13 10:29:47,a70c33c0,1,Proximity Alert,20.378448304729485,0.4018990397453308,0.0,-0.03607163205742836,-72.78471374511719,-0.0009514257627927236,0.0009295116454824435,0.0015356445219367743,0.09246163070201874,-0.45584845542907715,9.806380271911621,0.009884273633360863,-0.0009498693980276585,-0.09716297686100006,5068,True,None,None,Driving,vehicle.nissan.patrol,103.47276306152344,105.9122314453125,0.0015356445219367743
2025-04-13 10:29:47,a7402aed,1,Proximity Alert,7.930384109365477,0.8500000238418579,0.0,0.0032305747736245394,-89.67254638671875,-0.0005754756899136737,-0.0009336568408723144,0.009485854767262936,3.69093918800354,0.014212369918823242,9.796236038208008,-2.5237328372895718e-05,0.0013412757543846965,-0.002619982697069645,5520,True,None,None,Driving,vehicle.jeep.wrangler_rubicon,-103.9342041015625,64.06166076660156,0.009485854767262936
2025-04-13 10:29:47,b0233fcc,1,Proximity Alert,5.498924332181758,0.8500000238418579,0.0,-0.0020389885175973177,-89.47998809814453,-0.0005723856065174004,-0.000965032081240024,0.04255371168255806,3.4761345386505127,0.003468036651611328,9.80994987487793,-1.8301812815479934e-05,-0.0001512278540758416,-0.017478827387094498,5388,True,None,None,Driving,vehicle.mini.cooper_s,-107.4268798828125,63.717674255371094,0.04255371168255806
2025-04-13 10:29:47,745549c1,1,Proximity Alert,20.411665915695327,0.31647753715515137,0.0,0.0,-89.613037109375,-4.8863340268212596e-05,0.0009551611813685554,0.14173026382923126,-0.7712516784667969,0.00019812583923339844,9.812559127807617,-5.031470209360123e-07,0.0025026649236679077,-4.336101028457051e-06,5296,True,None,None,Driving,vehicle.mercedes.coupe,106.3261489868164,5.721219539642334,0.1417001634836197
2025-04-13 10:29:47,2d359ce4,1,Proximity Alert,20.154889941504372,0.0,0.2692534625530243,-0.0060197338461875916,-92.7900390625,0.0004496198146881625,-0.00040712892330864095,-0.005866584833711386,-3.2506890296936035,-0.2274034023284912,9.65483570098877,0.00044042058289051056,0.021075792610645294,0.02891658991575241,5380,True,None,None,Driving,vehicle.audi.a2,-45.32138442993164,-50.051448822021484,-0.005866584833711386
2025-04-13 10:29:47,d22ba8ea,1,Proximity Alert,8.620157315731534,0.8500000238418579,0.0,0.04681184142827988,94.07024383544922,-0.0005055620645464387,0.000362055354923154,-0.019589576870203018,1.6196458339691162,0.10718321800231934,9.806853294372559,0.0003697100037243217,-9.425575262866914e-05,0.051747262477874756,5732,True,None,None,Driving,vehicle.nissan.micra,40.31584167480469,56.15739059448242,-0.019588088616728783
2025-04-13 10:29:47,8a40c8cc,1,Proximity Alert,20.831926341354475,0.5124221444129944,0.0,0.03095792420208454,88.23307800292969,0.00019984422381469358,-0.0004397475098316587,-0.011092490516602993,1.669015884399414,0.7087159156799316,9.817407608032227,0.00035704520996659994,-0.0006990375695750117,-0.018986858427524567,5164,True,None,None,Driving,vehicle.audi.tt,-48.958290100097656,-22.5380802154541,-0.011065139435231686
2025-04-13 10:29:47,d2a94478,1,Proximity Alert,19.07289864545153,0.8500000238418579,0.0,-0.001883181743323803,0.6996702551841736,-0.0012295839858893487,-0.000447311555901539,-0.0009022140293382108,0.02184164896607399,-0.0007337866118177772,9.746118545532227,0.00011350723070790991,0.0027016554959118366,-0.003933602478355169,5148,True,None,None,Driving,vehicle.mercedes.coupe_2020,-50.057777404785156,136.87368774414062,-0.0009537124424241483
2025-04-13 10:29:47,f06780bc,1,Proximity Alert,15.910150093262871,0.1742762327194214,0.0,0.0002485241857357323,89.86976623535156,5.5702947776126166e-05,-0.0004700302518178294,0.06763946264982224,-1.5252695083618164,0.0015823841094970703,9.854938507080078,0.00016553234308958054,0.009355584159493446,-0.000554271275177598,5124,True,None,Green,Driving,vehicle.bmw.grandtourer,-52.32352828979492,-6.200823783874512,0.06763946264982224
2025-04-13 10:29:47,b586c13e,1,Proximity Alert,20.112707182885575,0.5009725093841553,0.0,0.0,-0.008819581009447575,0.0005471450250382759,0.0002341890098920724,-0.02942718379199505,-0.16151078045368195,-2.6883264581556432e-05,9.80831527709961,-7.180275133578107e-06,0.0004212344065308571,3.3486864481346856e-07,4904,True,None,None,Driving,vehicle.harley-davidson.low_rider,25.790374755859375,-60.90785598754883,-0.029423445463180542
2025-04-13 10:29:47,52097445,1,Proximity Alert,19.991425498451925,0.5766220688819885,0.0,0.0018589046085253358,0.6824299097061157,-0.0012330946748448923,3.8218386057591445e-05,-0.004458808805793524,-0.00038717573625035584,0.00020189683709759265,9.810030937194824,-0.00011003181134583429,-2.1406779069366166e-06,0.002817724831402302,5440,True,None,None,Driving,vehicle.ford.ambulance,3.9768142700195312,137.26394653320312,-0.00445899972692132
2025-04-13 10:29:47,d11af87e,1,Proximity Alert,19.89846820393545,0.41331610083580017,0.0,0.0,0.42674192786216736,-0.001264019633580915,-7.054988912610445e-06,0.002908096183091402,-0.1964932680130005,-0.022926436737179756,9.804033279418945,-0.00040433465619571507,0.0034515580628067255,-0.015743594616651535,5704,True,None,None,Driving,vehicle.micro.microlino,-0.7853577733039856,140.71002197265625,0.002908096183091402
2025-04-13 10:29:48,a13f0ba8,1,Proximity Alert,20.66104802365327,0.3024449050426483,0.0,-0.00017573311924934387,0.30986860394477844,-0.0012352201138128294,0.0002460419885138125,-0.003490257076919079,0.015372930094599724,0.009845460765063763,9.8114652633667,-6.548763394675916e-06,-0.00014089661999605596,-0.007108964957296848,5784,True,None,None,Driving,vehicle.carlamotors.firetruck,27.103246688842773,137.50242614746094,-0.0034859846346080303
2025-04-13 10:29:48,50837aa9,1,Proximity Alert,20.243471438067072,0.5055540204048157,0.0,-0.0008006644784472883,0.6768209338188171,-0.0012657434514693477,0.00012727768917969437,-0.001383552560582757,0.15246540307998657,-0.006433501373976469,9.800103187561035,-6.672074960079044e-05,-0.001579820062033832,-0.0025533046573400497,5372,True,None,None,Driving,vehicle.carlamotors.carlacola,14.168487548828125,140.90191650390625,-0.001383552560582757
2025-04-13 10:29:48,f9e35844,1,Proximity Alert,0.0,0.0,1.0,0.015044498257339,89.34428405761719,0.0001601398527100173,0.0008932246343729283,-0.0036098097916692495,1.8711087250267155e-05,-2.4994369596242905e-07,9.8100004196167,0.0,0.0,0.0,5380,True,None,None,Driving,vehicle.carlamotors.european_hgv,99.43331146240234,-17.82668685913086,-0.0036098097916692495
2025-04-13 10:29:48,2b28acec,1,Proximity Alert,0.0,0.0,1.0,0.0,0.15010468661785126,-0.0002514074505484132,-0.0006385838601361581,-0.005314597859978676,-0.0008987209293991327,-8.449217148154275e-08,9.8100004196167,0.0,0.0,0.0,5452,True,None,Red,Driving,vehicle.ford.mustang,-71.08683013916016,27.986549377441406,-0.005314597859978676
2025-04-13 10:29:48,aeb90d02,1,Proximity Alert,20.01024995091756,0.45298999547958374,0.0,-0.00860018003731966,83.34918212890625,-0.0007672820953246173,-0.0010229568039351736,-0.007105560041964054,-0.3742862939834595,-0.1601465344429016,9.810452461242676,0.00024737889179959893,0.0004098283243365586,-0.0327603816986084,5504,True,None,None,Driving,vehicle.chevrolet.impala,-113.87503051757812,85.4134521484375,-0.007105560041964054
2025-04-13 10:29:48,e7d42dde,1,Proximity Alert,2.403500863521483e-06,0.0,1.0,-0.0011636738199740648,0.005309456028044224,-0.00021989316775261614,-0.0006405794233478058,-0.004500198177993298,-2.0900488379993476e-05,-8.432108344891276e-09,9.8100004196167,4.9346493113944234e-08,3.0126813044262235e-08,1.1757420395348134e-13,5220,True,None,Red,Driving,vehicle.lincoln.mkz_2020,-71.30897521972656,24.478395462036133,-0.004500198177993298
2025-04-13 10:29:48,a44255fb,1,Proximity Alert,20.054597864733182,0.6906092762947083,0.0,0.017232561483979225,88.94820404052734,-0.0006022565498255972,-0.0009984268724253873,0.03895507752895355,0.3792555332183838,0.04932403564453125,9.805272102355957,-0.000720720854587853,-0.0014330630656331778,0.07849137485027313,5032,True,None,None,Driving,vehicle.citroen.c3,-111.14437103271484,67.04289245605469,0.03895507752895355
2025-04-13 10:29:48,f80b4529,1,Proximity Alert,21.354858934368547,0.0,0.12650130689144135,-0.0367397665977478,-72.37252807617188,-0.0009594130872869755,0.000959399585741764,-0.02855745330452919,-0.15198937058448792,-0.4159027338027954,9.652499198913574,-0.008879541419446468,-0.012512514367699623,-0.023093177005648613,4868,True,None,None,Driving,vehicle.dodge.charger_police,106.71501922607422,107.08473205566406,-0.028297366574406624
2025-04-13 10:29:48,a70c33c0,1,Proximity Alert,19.78906248897377,0.7768715023994446,0.0,-0.04583219811320305,-78.281494140625,-0.0009047747351615953,0.0009405715081796037,0.0010086059337481856,0.5545569658279419,-0.45255258679389954,9.822507858276367,0.0147241884842515,-0.011154201813042164,-0.10445572435855865,4944,True,None,None,Driving,vehicle.nissan.patrol,104.65225219726562,100.99161529541016,0.0010959624778479338
2025-04-13 10:29:48,a7402aed,1,Proximity Alert,12.466421531446212,0.8500000238418579,0.0,0.00043982735951431096,-89.5391616821289,-0.0005457638186783242,-0.000933421488189387,0.011885490268468857,-1.467117428779602,0.011418938636779785,9.728876113891602,5.989568307995796e-07,0.0009781597182154655,0.0006796346860937774,5696,True,None,None,Driving,vehicle.jeep.wrangler_rubicon,-103.90800476074219,60.754150390625,0.011885490268468857
2025-04-13 10:29:48,b0233fcc,1,Proximity Alert,15.275174985198571,0.0,0.699999988079071,0.0,-89.54080200195312,-0.0005462385334311648,-0.0009648270900126985,0.04258838668465614,-3.498687744140625,0.003061532974243164,9.81402587890625,1.9548460841178894e-06,0.0034592340234667063,1.842349774960894e-05,5500,True,None,None,Driving,vehicle.mini.cooper_s,-107.40406036376953,60.8069953918457,0.04258838668465614
2025-04-13 10:29:48,745549c1,1,Proximity Alert,20.018930065175454,0.60715651512146,0.0,0.0,-89.613037109375,-6.089329275482669e-06,0.0009554491697126617,0.14175941050052643,-0.0016268775798380375,0.004994264803826809,9.80359935760498,1.935637556016445e-06,-0.0015107872895896435,7.804658253007801e-07,5456,True,None,None,Driving,vehicle.mercedes.coupe,106.36011505126953,0.6778610348701477,0.14175941050052643
2025-04-13 10:29:48,2d359ce4,1,Proximity Alert,20.24566223942327,0.11559677124023438,0.0,-0.1762429028749466,-101.25968170166016,0.0004905973279960563,-0.0004125995367343691,-0.007580871228128672,-2.1483917236328125,-3.270066022872925,9.841896057128906,-0.0436803475022316,0.03259655088186264,-0.4017661511898041,5472,True,None,None,Driving,vehicle.audi.a2,-45.93037033081055,-54.61304473876953,-0.007580871228128672
2025-04-13 10:29:48,d22ba8ea,1,Proximity Alert,13.977618060865018,0.8500000238418579,0.0,0.1227155327796936,102.80864715576172,-0.0005293311434826364,0.00035670358295118124,-0.019669722765684128,1.6904869079589844,1.9110007286071777,9.81161880493164,0.027974212542176247,0.0022243261337280273,0.30827680230140686,5644,True,None,None,Driving,vehicle.nissan.micra,39.76703643798828,58.73766326904297,-0.01967945136129856
2025-04-13 10:29:48,8a40c8cc,1,Proximity Alert,19.575121051157616,0.037209320813417435,0.0,0.0025326742324978113,89.23395538330078,0.00015793210197045937,-0.0004391433991084019,-0.010920371860265732,-0.9628163576126099,0.27228933572769165,9.816173553466797,8.465559221804142e-05,0.001891927677206695,-0.06583241373300552,5312,True,None,None,Driving,vehicle.audi.tt,-48.88821792602539,-17.85004425048828,-0.010966949164867401
2025-04-13 10:29:48,d2a94478,1,Proximity Alert,9.048038593286485,0.8500000238418579,0.0,-0.00015061433077789843,0.48815813660621643,-0.0012299875259600412,-0.0004052071733874746,-0.0019676971714943647,-6.690463066101074,-0.0040579913184046745,9.872751235961914,5.042871998739429e-05,-0.018738724291324615,-0.0005134480306878686,5520,True,None,None,Driving,vehicle.mercedes.coupe_2020,-45.23493957519531,136.92051696777344,-0.0019424057099968195
2025-04-13 10:29:49,f06780bc,1,Proximity Alert,14.94932481886604,0.3673041760921478,0.0,0.0,89.84978485107422,2.1543952172464742e-05,-0.0004699412920675557,0.06765849888324738,-0.4745573401451111,0.02002367377281189,9.834992408752441,6.041023880243301e-06,0.0021546215284615755,-0.004816681146621704,5532,True,None,None,Driving,vehicle.bmw.grandtourer,-52.31414794921875,-2.604787588119507,0.06764549016952515
2025-04-13 10:29:49,b586c13e,1,Proximity Alert,20.22856879524719,0.46259215474128723,0.0,0.00017573311924934387,-0.015258788131177425,0.0005471537291015238,0.00027715076084680406,-0.029438704252243042,0.16087031364440918,0.002806972013786435,9.810317993164062,-0.00018654479936230928,0.000854897138196975,0.0005224196356721222,5776,True,None,None,Driving,vehicle.harley-davidson.low_rider,30.85228157043457,-60.90887451171875,-0.029438704252243042
2025-04-13 10:29:49,52097445,1,Proximity Alert,19.991470222054474,0.5765255093574524,0.0,0.0009834838565438986,0.8417043089866638,-0.0012337049195423333,8.061646682269178e-05,-0.004458808805793524,-0.0010948962299153209,0.0051706209778785706,9.810015678405762,-6.389891495928168e-05,5.527967346097284e-07,0.0015932616079226136,5720,True,None,None,Driving,vehicle.ford.ambulance,8.974184036254883,137.3354034423828,-0.004458808805793524
2025-04-13 10:29:49,d11af87e,1,Proximity Alert,19.764605100709147,0.45304664969444275,0.0,-0.001390856341458857,0.7961292862892151,-0.0012645805323359127,4.039064368847972e-05,0.002867278875783086,-0.6169598698616028,-0.024780742824077606,9.80568790435791,-0.0011696316068992019,0.008094889111816883,-0.01875801756978035,5820,True,None,None,Driving,vehicle.micro.microlino,4.218851089477539,140.768798828125,0.0028788375202566385
2025-04-13 10:29:49,a13f0ba8,1,Proximity Alert,20.554275629450416,0.31991851329803467,0.0,0.0010773526737466455,0.26819729804992676,-0.0012354646503212052,0.00028968036129795624,-0.0034281539265066385,-0.06306874752044678,0.00031867771758697927,9.808226585388184,5.0827085942728445e-05,7.69866892369464e-06,-0.0017752208514139056,5636,True,None,None,Driving,vehicle.carlamotors.firetruck,32.2470703125,137.5312957763672,-0.0034281539265066385
2025-04-13 10:29:49,50837aa9,1,Proximity Alert,20.02546082841685,0.41647225618362427,0.0,-0.0006155604496598244,0.44829118251800537,-0.001266160150464657,0.000172497821837878,-0.0012687301496043801,-0.20029181241989136,-0.023172449320554733,9.823963165283203,-0.0006356735248118639,0.0015634222654625773,-0.0015707656275480986,5736,True,None,None,Driving,vehicle.carlamotors.carlacola,19.202369689941406,140.94830322265625,-0.0012687301496043801
2025-04-13 10:29:49,f9e35844,1,Proximity Alert,4.806524400194266e-07,0.0,1.0,0.015044498257339,89.34428405761719,0.0001601398527100173,0.0008932246343729283,-0.0036098097916692495,1.8711087250267155e-05,-2.4994369596242905e-07,9.8100004196167,4.173660972384141e-09,1.0398792937849066e-11,4.1734934193467244e-13,5540,True,None,None,Driving,vehicle.carlamotors.european_hgv,99.43331146240234,-17.82668685913086,-0.0036098097916692495
2025-04-13 10:29:49,2b28acec,1,Proximity Alert,0.0,0.0,1.0,0.0,0.15010468661785126,-0.0002514074505484132,-0.0006385838601361581,-0.005314597859978676,-0.0008987209293991327,-8.449217148154275e-08,9.8100004196167,0.0,0.0,0.0,5544,True,None,Red,Driving,vehicle.ford.mustang,-71.08683013916016,27.986549377441406,-0.005314597859978676
2025-04-13 10:29:49,aeb90d02,1,Proximity Alert,20.094133635858462,0.4469160735607147,0.0,-0.011699267663061619,79.65982818603516,-0.0008120421456965232,-0.0010160940183928744,-0.007117347326129675,0.06563363969326019,-0.20751982927322388,9.810697555541992,0.00031555714667774737,9.915465489029884e-05,-0.04144277796149254,4980,True,None,None,Driving,vehicle.chevrolet.impala,-113.11106872558594,90.3961181640625,-0.007117347326129675
2025-04-13 10:29:49,e7d42dde,1,Proximity Alert,2.4053434001517165e-07,0.0,1.0,-0.0011636738199740648,0.005309456028044224,-0.00021989316775261614,-0.0006405794233478058,-0.004500198177993298,-2.0900488379993476e-05,-8.432108344891276e-09,9.8100004196167,1.8412139368706448e-08,2.4292543532311583e-09,-6.218227972462631e-13,5164,True,None,Red,Driving,vehicle.lincoln.mkz_2020,-71.30897521972656,24.478395462036133,-0.004500198177993298
2025-04-13 10:29:49,a44255fb,1,Proximity Alert,20.135204451156024,0.6218150854110718,0.0,-0.00566523801535368,89.44430541992188,-0.0006495792989795746,-0.0009980109958732605,0.03895057737827301,-0.35074853897094727,0.08047601580619812,9.815473556518555,0.0002642807085067034,0.0014671087265014648,-0.04908014461398125,5512,True,None,None,Driving,vehicle.citroen.c3,-111.10134887695312,72.03327941894531,0.03893863409757614
2025-04-13 10:29:49,f80b4529,1,Proximity Alert,20.476650887118083,0.11108922213315964,0.0,-0.03740770369768143,-78.0263671875,-0.0009177387340173482,0.0009694414829760469,-0.02976488135755062,-1.7321913242340088,-0.5059856176376343,9.769100189208984,-0.011577876284718513,-0.018236782401800156,-0.04026593267917633,5352,True,None,None,Driving,vehicle.dodge.charger_police,107.91773223876953,102.1622085571289,-0.02976488135755062
2025-04-13 10:29:49,a70c33c0,1,Proximity Alert,20.44375589631588,0.4124901294708252,0.0,-0.044453516602516174,-84.96650695800781,-0.0008619341730167207,0.0009460632306986172,0.001412620535120368,0.9921021461486816,-0.5628660917282104,9.807066917419434,0.014045193791389465,-0.015062370337545872,-0.11006497591733932,5212,True,None,None,Driving,vehicle.nissan.patrol,105.31527709960938,95.9500732421875,0.001412620535120368
2025-04-13 10:29:49,a7402aed,1,Proximity Alert,15.602534488003485,0.3453965187072754,0.0,-0.000304378685541451,-89.44161987304688,-0.0005096631227274884,-0.0009330764093429864,0.010830841027200222,1.1141561269760132,0.001531839370727539,9.806188583374023,-2.7369707822799683e-05,-0.014215481467545033,-6.1515142988355365e-06,5568,True,None,None,Driving,vehicle.jeep.wrangler_rubicon,-103.87171936035156,56.953773498535156,0.011048812419176102
2025-04-13 10:29:49,b0233fcc,1,Proximity Alert,15.645004297461389,0.4666173458099365,0.0,0.0006155604496598244,-89.47271728515625,-0.0005151567985421934,-0.0009645407465330041,0.04258880391716957,2.956763982772827,0.02780890464782715,9.808377265930176,3.114261198788881e-05,-0.0009697169298306108,0.0010829375823959708,5448,True,None,None,Driving,vehicle.mini.cooper_s,-107.37218475341797,57.34699249267578,0.04258880391716957
2025-04-13 10:29:49,745549c1,1,Proximity Alert,20.492520264020282,0.34021079540252686,0.0,0.0,-89.613037109375,3.93717743918387e-05,0.0009557555942453841,0.14167194068431854,0.3318724036216736,0.002760559320449829,9.813580513000488,-3.5332050174474716e-07,-0.0003393006045371294,2.6970428734784946e-06,5452,True,None,None,Driving,vehicle.mercedes.coupe,106.39422607421875,-4.382845878601074,0.14167194068431854
2025-04-13 10:29:50,2d359ce4,1,Proximity Alert,19.971841450885808,0.8500000238418579,0.0,-0.06615445762872696,-113.36680603027344,0.0005312048839130057,-0.0004272337926024834,-0.008249854668974876,1.9651696681976318,-0.5371546745300293,9.637178421020508,-0.0043074339628219604,-0.029639102518558502,-0.21027719974517822,5088,True,None,None,Driving,vehicle.audi.a2,-47.5594482421875,-59.13345718383789,-0.008249854668974876
2025-04-13 10:29:50,d22ba8ea,1,Proximity Alert,20.89543476464904,0.0,0.3766147196292877,0.2933325171470642,126.75144958496094,-0.0005662141094973094,0.0003350648775932981,-0.018643073737621307,-2.365588665008545,3.1891822814941406,9.743948936462402,-0.009362367913126945,0.020019840449094772,0.5924913287162781,6052,True,None,None,Driving,vehicle.nissan.micra,37.49266052246094,62.82080841064453,-0.018973158672451973
2025-04-13 10:29:50,8a40c8cc,1,Proximity Alert,17.273980439689073,0.5984618663787842,0.0,0.00016760150901973248,89.72412872314453,0.0001147311517684102,-0.0004388822768830223,-0.010843810625374317,-0.5541317462921143,0.22195357084274292,9.805414199829102,-0.00013025576481595635,-0.0006407021428458393,-0.07316188514232635,5496,True,None,None,Driving,vehicle.audi.tt,-48.8570442199707,-13.011045455932617,-0.010834235697984695
2025-04-13 10:29:50,d2a94478,1,Proximity Alert,20.890470852003524,0.5977904200553894,0.0,-0.0003670363512355834,0.4248993992805481,-0.0012302836015578578,-0.0003668151127788987,-0.0008007812430150807,11.878119468688965,0.021875794976949692,9.82264518737793,0.00016095617320388556,-0.025428185239434242,0.0007268785848282278,5376,True,None,None,Driving,vehicle.mercedes.coupe_2020,-41.14381790161133,136.95223999023438,-0.0008860015659593046
2025-04-13 10:29:50,f06780bc,1,Proximity Alert,18.675453323659546,0.8500000238418579,0.0,0.0,89.829345703125,-1.7452600388878636e-05,-0.0004698351640449835,0.06739795207977295,-1.4540715217590332,0.18318092823028564,9.865761756896973,-0.00018182210624217987,0.023284493014216423,-0.047458961606025696,5104,True,None,None,Driving,vehicle.bmw.grandtourer,-52.30267333984375,1.6809582710266113,0.06715968996286392
2025-04-13 10:29:50,b586c13e,1,Proximity Alert,20.343444002564308,0.3781368136405945,0.0,0.0,-0.024932861328125,0.0005471723023759978,0.00032522080957254754,-0.029445266351103783,0.03653242066502571,0.0026965911965817213,9.810836791992188,-0.0001825086073949933,-0.0002466111909598112,-3.551920235622674e-05,4900,True,None,None,Driving,vehicle.harley-davidson.low_rider,36.20341491699219,-60.91094207763672,-0.029445266351103783
2025-04-13 10:29:50,52097445,1,Proximity Alert,19.991512079912255,0.5765427350997925,0.0,-0.0009459785069338977,0.6897086501121521,-0.0012343333948336976,0.00013049744272985392,-0.004458808805793524,-0.0011084569850936532,0.004955613054335117,9.80993938446045,0.00010137113713426515,-1.1050170769522083e-06,-0.0009414894157089293,5844,True,None,None,Driving,vehicle.ford.ambulance,14.249265670776367,137.402099609375,-0.004458732437342405
2025-04-13 10:29:50,d11af87e,1,Proximity Alert,20.238766385773555,0.6761153936386108,0.0,0.0,0.8523608446121216,-0.0012652368332197739,8.527076488203152e-05,0.0028899002354592085,0.6238635182380676,0.006636975798755884,9.813334465026855,8.039853855734691e-05,-0.006970101501792669,0.014302046969532967,5148,True,None,None,Driving,vehicle.micro.microlino,9.492298126220703,140.84552001953125,0.0028899002354592085
2025-04-13 10:29:50,a13f0ba8,1,Proximity Alert,20.543212903118775,0.23925605416297913,0.0,-0.00043982735951431096,0.3420654833316803,-0.0012357493489361104,0.0003408962646133565,-0.0034707258455455303,0.11397650837898254,0.004333849065005779,9.809388160705566,-3.807235771091655e-05,-0.00047315561096183956,0.001810304936952889,5520,True,None,None,Driving,vehicle.carlamotors.firetruck,37.66249465942383,137.56137084960938,-0.003463554196059704
2025-04-13 10:29:50,50837aa9,1,Proximity Alert,20.26624260908349,0.4308497905731201,0.0,-0.000870533986017108,0.3789547383785248,-0.0012665083134208999,0.00022281485815422062,-0.0012921523302793503,-0.3893508017063141,-0.023223701864480972,9.833327293395996,-0.0007395943976007402,0.004574979189783335,-0.0012535409769043326,5636,True,None,None,Driving,vehicle.carlamotors.carlacola,24.52427864074707,140.98532104492188,-0.0013737869448959827
2025-04-13 10:29:50,f9e35844,1,Proximity Alert,1.441959270077339e-06,0.0,1.0,0.015044498257339,89.34428405761719,0.0001601398527100173,0.0008932246343729283,-0.0036098097916692495,1.8711087250267155e-05,-2.4994369596242905e-07,9.8100004196167,1.1155582235744532e-08,-9.445173532185436e-10,-1.3643731110180024e-11,5292,True,None,None,Driving,vehicle.carlamotors.european_hgv,99.43331146240234,-17.82668685913086,-0.0036098097916692495
2025-04-13 10:29:50,2b28acec,1,Proximity Alert,0.0,0.0,1.0,0.0,0.15010468661785126,-0.0002514074505484132,-0.0006385838601361581,-0.005314597859978676,-0.0008987209293991327,-8.449217148154275e-08,9.8100004196167,0.0,0.0,0.0,4812,True,None,Red,Driving,vehicle.ford.mustang,-71.08683013916016,27.986549377441406,-0.005314597859978676
2025-04-13 10:29:50,aeb90d02,1,Proximity Alert,20.268901832152466,0.48139694333076477,0.0,-0.015937235206365585,75.79015350341797,-0.0008612498408950842,-0.0010052455893086528,-0.007110213860869408,-0.1229638159275055,-0.2386232316493988,9.809300422668457,0.00017350161215290427,-3.5479381040204316e-05,-0.05373227968811989,5112,True,None,None,Driving,vehicle.chevrolet.impala,-111.97249603271484,95.6028823852539,-0.007118721026927233
2025-04-13 10:29:50,e7d42dde,1,Proximity Alert,9.269880337084926e-07,0.0,1.0,-0.0011636738199740648,0.005309456028044224,-0.00021989316775261614,-0.0006405794233478058,-0.004500198177993298,-2.0900488379993476e-05,-8.432108344891276e-09,9.8100004196167,9.240455511871914e-09,-4.373067685747856e-09,-6.806697133016071e-13,5404,True,None,Red,Driving,vehicle.lincoln.mkz_2020,-71.30897521972656,24.478395462036133,-0.004500198177993298
2025-04-13 10:29:50,a44255fb,1,Proximity Alert,19.719740887070227,0.6043348908424377,0.0,-0.02812422439455986,87.8967056274414,-0.0006943411312789749,-0.0009970571115864276,0.0389842614531517,-0.2404237687587738,-0.14773929119110107,9.810876846313477,0.0013955766335129738,0.0008638011058792472,-0.10787443816661835,5364,True,None,None,Driving,vehicle.citroen.c3,-110.99188995361328,77.293701171875,0.0389842614531517
2025-04-13 10:29:50,f80b4529,1,Proximity Alert,19.5358813904277,0.8500000238418579,0.0,-0.05913229659199715,-83.79754638671875,-0.0008705497671996909,0.0009762660254207708,-0.030064353719353676,0.29775887727737427,-0.13916197419166565,9.792489051818848,0.05042305588722229,0.02635611966252327,-0.14192618429660797,4924,True,None,None,Driving,vehicle.dodge.charger_police,108.67743682861328,96.9091567993164,-0.030064353719353676
2025-04-13 10:29:51,a70c33c0,1,Proximity Alert,20.494559825599865,0.26723363995552063,0.0,-0.013301514089107513,-87.92481231689453,-0.0008137157952461394,0.0009485833000495903,0.001343040494248271,-0.17113201320171356,-0.1605178415775299,9.827404022216797,0.006245929282158613,0.005203395616263151,-0.04291403293609619,5132,True,None,None,Driving,vehicle.nissan.patrol,105.59580993652344,90.58242797851562,0.001343040494248271
2025-04-13 10:29:51,a7402aed,1,Proximity Alert,11.511180260819982,0.8500000238418579,0.0,-0.00017573311924934387,-89.40875244140625,-0.00047979940995901416,-0.0009327732060030706,0.01105243619531393,2.053870916366577,-0.008905649185180664,9.777629852294922,-6.815232336521149e-05,-0.022369010373950005,-1.840681397879962e-05,4868,True,None,None,Driving,vehicle.jeep.wrangler_rubicon,-103.8358383178711,53.41102600097656,0.01105243619531393
2025-04-13 10:29:51,b0233fcc,1,Proximity Alert,14.657237681016909,0.8500000238418579,0.0,0.0006155604496598244,-89.42961883544922,-0.0004803511591831011,-0.0009641999169196674,0.04262847825884819,-0.7583449482917786,0.017540276050567627,9.806645393371582,2.3228822101373225e-05,2.2490166884381324e-05,-0.0047675445675849915,4916,True,None,None,Driving,vehicle.mini.cooper_s,-107.33424377441406,53.47244644165039,0.04262847825884819
2025-04-13 10:29:51,745549c1,1,Proximity Alert,19.97251558109288,0.5359720587730408,0.0,-0.005401523783802986,-89.70549774169922,8.72865890499952e-05,0.0009560169906148323,0.1417613923549652,-0.30681028962135315,-0.10390698909759521,9.807636260986328,-0.0008648846996948123,0.0004377405857667327,-0.00620238995179534,5036,True,None,None,Driving,vehicle.mercedes.coupe,106.42332458496094,-9.71669864654541,0.1417613923549652
2025-04-13 10:29:51,2d359ce4,1,Proximity Alert,20.301735499261838,0.6336090564727783,0.0,-0.13778401911258698,-130.25660705566406,0.0005675062533043729,-0.00045147289152345116,-0.00762798311188817,2.090162992477417,-2.147094249725342,9.801490783691406,-0.013218283653259277,-0.01379583589732647,-0.3999815583229065,4756,True,None,None,Driving,vehicle.audi.a2,-50.44734573364258,-63.37992477416992,-0.008080367930233479
2025-04-13 10:29:51,d22ba8ea,1,Proximity Alert,16.23144674710494,0.8500000238418579,0.0,0.30203771591186523,154.952880859375,-0.0005862411218799934,0.00030387262839140565,-0.019063454121351242,1.241567850112915,2.4139907360076904,9.794453620910645,-0.0049400366842746735,-0.0015392182394862175,0.5799321532249451,6000,True,None,None,Driving,vehicle.nissan.micra,33.82694625854492,65.26006317138672,-0.019063454121351242
2025-04-13 10:29:51,8a40c8cc,1,Proximity Alert,16.32587635398041,0.5624880194664001,0.0,-0.00017573311924934387,89.72883605957031,7.65156399324951e-05,-0.00043870970319181344,-0.01090396847575903,-0.038253068923950195,0.23856815695762634,9.809828758239746,-8.143525337800384e-05,-0.0006754622445441782,-0.07467082142829895,5352,True,None,Green,Driving,vehicle.audi.tt,-48.83694076538086,-8.517682075500488,-0.01090396847575903
2025-04-13 10:29:51,d2a94478,1,Proximity Alert,19.079142604545396,0.8500000238418579,0.0,-0.00017573311924934387,0.34983059763908386,-0.0012305754279253733,-0.0003241254669462965,-0.0009135436848737299,0.040261443704366684,-0.005334867630153894,9.744927406311035,6.228708662092686e-05,0.003770730923861265,5.145919567439705e-05,5380,True,None,None,Driving,vehicle.mercedes.coupe_2020,-36.08148193359375,136.98703002929688,-0.0009135436848737299
2025-04-13 10:29:51,f06780bc,1,Proximity Alert,19.37042305913486,0.8500000238418579,0.0,0.0011279109166935086,89.80825805664062,-6.04227320195605e-05,-0.00046971717929144256,0.06790363043546677,0.7073179483413696,-0.13650494813919067,9.816617012023926,0.0003008977510035038,-0.004964163992553949,0.0413145013153553,5132,True,None,None,Driving,vehicle.bmw.grandtourer,-52.28867721557617,6.726227760314941,0.06790363043546677
2025-04-13 10:29:51,b586c13e,1,Proximity Alert,20.274398431204776,0.4038207232952118,0.0,0.0,-0.02493285946547985,0.0005471931715987921,0.0003732736728919882,-0.02943466044962406,-0.14625582098960876,-0.002550695789977908,9.809477806091309,-8.097617865132634e-08,-0.00032573260250501335,-6.642314698268592e-09,5512,True,None,None,Driving,vehicle.harley-davidson.low_rider,41.27121353149414,-60.913143157958984,-0.029436683282256126
2025-04-13 10:29:51,52097445,1,Proximity Alert,19.991488025039207,0.5765461921691895,0.0,-0.0011315717129036784,0.497155100107193,-0.001234736660748581,0.00017539226918258761,-0.004458694253116846,-0.0012117726728320122,-0.005152374040335417,9.809985160827637,7.137871580198407e-05,-5.592452225755551e-07,-0.0018649158300831914,5300,True,None,None,Driving,vehicle.ford.ambulance,19.246929168701172,137.447998046875,-0.004458732437342405
2025-04-13 10:29:51,d11af87e,1,Proximity Alert,20.29926245002929,0.5973243713378906,0.0,0.0009459785069338977,0.6253120303153992,-0.0012657952647003867,0.0001327771734026512,0.0029044721741229296,-0.7385878562927246,-0.03115818463265896,9.803459167480469,8.774799789534882e-05,0.008984733372926712,-0.012931842356920242,5684,True,None,None,Driving,vehicle.micro.microlino,14.502616882324219,140.90457153320312,0.0029366302769631147
2025-04-13 10:29:51,a13f0ba8,1,Proximity Alert,20.74139118352715,0.21799039840698242,0.0,-0.0009825967717915773,0.35400712490081787,-0.0012360012873244841,0.0003845436327497525,-0.0034656906500458717,0.6893491148948669,0.010861169546842575,9.8058443069458,7.974676918820478e-07,-0.0009725182317197323,-0.00678414897993207,5776,True,None,None,Driving,vehicle.carlamotors.firetruck,42.80720138549805,137.59103393554688,-0.0034656906500458717
2025-04-13 10:29:51,50837aa9,1,Proximity Alert,20.08247034450879,0.5521860122680664,0.0,0.00017573311924934387,0.3384324610233307,-0.0012667830057750962,0.0002680610516329293,-0.0014207839267328382,0.14369474351406097,0.014033014886081219,9.80162239074707,0.00032260295120067894,-0.0013920525088906288,-0.0002556057879701257,5308,True,None,None,Driving,vehicle.carlamotors.carlacola,29.560522079467773,141.01596069335938,-0.001423912006430328
2025-04-13 10:29:52,f9e35844,1,Proximity Alert,1.7509825176430111e-06,0.0,1.0,0.015044498257339,89.34428405761719,0.0001601398527100173,0.0008932246343729283,-0.0036098097916692495,1.8711087250267155e-05,-2.4994369596242905e-07,9.8100004196167,1.4936057723957674e-08,-6.922018513932926e-10,2.546831018648832e-13,5520,True,None,None,Driving,vehicle.carlamotors.european_hgv,99.43331146240234,-17.82668685913086,-0.0036098097916692495
2025-04-13 10:29:52,2b28acec,1,Proximity Alert,0.0,0.0,1.0,0.0,0.15010468661785126,-0.0002514074505484132,-0.0006385838601361581,-0.005314597859978676,-0.0008987209293991327,-8.449217148154275e-08,9.8100004196167,0.0,0.0,0.0,4892,True,None,Red,Driving,vehicle.ford.mustang,-71.08683013916016,27.986549377441406,-0.005314597859978676
2025-04-13 10:29:52,aeb90d02,1,Proximity Alert,20.106014475444514,0.6070887446403503,0.0,-0.01860179752111435,71.90467834472656,-0.0009023030522286035,-0.0009931965462758221,-0.007098769769072533,0.06997795403003693,-0.2729113698005676,9.806868553161621,0.00018173828721046448,-0.0004181817639619112,-0.059867095202207565,4920,True,None,None,Driving,vehicle.chevrolet.impala,-110.5621337890625,100.44391632080078,-0.007098769769072533
2025-04-13 10:29:52,e7d42dde,1,Proximity Alert,1.4076351440442489e-06,0.0,1.0,-0.0011636738199740648,0.005309456028044224,-0.00021989316775261614,-0.0006405794233478058,-0.004500198177993298,-2.0900488379993476e-05,-8.432108344891276e-09,9.8100004196167,-6.814539155186594e-09,-5.830251836869138e-09,2.143007342761405e-12,5476,True,None,Red,Driving,vehicle.lincoln.mkz_2020,-71.30897521972656,24.478395462036133,-0.004500198177993298
2025-04-13 10:29:52,a44255fb,1,Proximity Alert,19.87123267199457,0.5243913531303406,0.0,-0.04607285186648369,85.28438568115234,-0.000741567792900355,-0.0009940117136639233,0.0389445498585701,0.3487154543399811,-0.5169827342033386,9.806593894958496,0.0020718504674732685,-0.0011703711934387684,-0.0689036175608635,5020,True,None,None,Driving,vehicle.citroen.c3,-110.680908203125,82.2743911743164,0.03895263746380806
2025-04-13 10:29:52,f80b4529,1,Proximity Alert,20.244596783661294,0.45736443996429443,0.0,-0.03499774634838104,-86.6973876953125,-0.0008227237581195368,0.0009793895544028377,-0.029953498393297195,-0.65272057056427,-0.36642974615097046,9.780956268310547,-0.005140902940183878,-0.004459916613996029,-0.0753849670290947,5140,True,None,None,Driving,vehicle.dodge.charger_police,109.01353454589844,91.8631820678711,-0.02969755046069622
2025-04-13 10:29:52,a70c33c0,1,Proximity Alert,20.306613438449574,0.3749847710132599,0.0,-0.0055421143770217896,-88.92526245117188,-0.0007655662961241205,0.0009497597207841417,0.0016080093337222934,-0.21689194440841675,-0.06795373558998108,9.80992317199707,0.0025960258208215237,0.004036453552544117,-0.021711457520723343,5268,True,None,None,Driving,vehicle.nissan.patrol,105.72196960449219,85.5040512084961,0.0015689086867496371
2025-04-13 10:29:52,a7402aed,1,Proximity Alert,11.547954138023783,0.6083464622497559,0.0,0.0,-89.39147186279297,-0.0004535616637184603,-0.0009324948127013667,0.010776328854262829,0.5772778987884521,0.001331627368927002,9.78686237335205,-3.277894575148821e-05,-0.001752000069245696,2.729708285187371e-05,5056,True,None,Green,Driving,vehicle.jeep.wrangler_rubicon,-103.80484771728516,50.49025344848633,0.010776328854262829
2025-04-13 10:29:52,b0233fcc,1,Proximity Alert,15.958811699604698,0.29240331053733826,0.0,0.00043982735951431096,-89.3951644897461,-0.00044350684744642876,-0.000963816800583743,0.042618561536073685,-1.8429476022720337,0.004460930824279785,9.811163902282715,-5.103996954858303e-06,0.0009059353615157306,0.0008385608089156449,5124,True,None,Green,Driving,vehicle.mini.cooper_s,-107.29159545898438,49.37095642089844,0.042618561536073685
2025-04-13 10:29:52,745549c1,1,Proximity Alert,20.361017364420782,0.4382469654083252,0.0,-0.000870533986017108,-89.86287689208984,0.00013015782963066158,0.0009561315142995067,0.14169292151927948,0.19684121012687683,0.10996957868337631,9.814327239990234,0.0009900000877678394,0.000649615132715553,0.0060932692140340805,5476,True,None,None,Driving,vehicle.mercedes.coupe,106.43607330322266,-14.489103317260742,0.14169292151927948
2025-04-13 10:29:52,2d359ce4,1,Proximity Alert,17.90944081712298,0.8500000238418579,0.0,-0.12223048508167267,-145.49209594726562,0.00059597172851511,-0.00048544338525295845,-0.008224334567785263,2.6015563011169434,-1.1759709119796753,9.849995613098145,0.007849426940083504,-0.02345898374915123,-0.2672455310821533,4844,True,None,None,Driving,vehicle.audi.a2,-54.039310455322266,-66.34326934814453,-0.008224334567785263
2025-04-13 10:29:52,d22ba8ea,1,Proximity Alert,20.519473639421985,0.02856144867837429,0.0,0.08375789225101471,175.27207946777344,-0.0005933254843597524,0.0002607675857587967,-0.018266448751091957,-5.102631568908691,0.6188857555389404,9.911214828491211,-0.011513045988976955,0.02144121192395687,0.17678868770599365,6108,True,None,None,Driving,vehicle.nissan.micra,29.304189682006836,66.0353012084961,-0.01862175017595291
2025-04-13 10:29:52,8a40c8cc,1,Proximity Alert,15.332596653449839,0.5016768574714661,0.0,-0.0009199392516165972,89.80825805664062,4.267659399204149e-05,-0.000438577565750729,-0.010906066745519638,-0.16778239607810974,0.25057655572891235,9.810059547424316,6.036367267370224e-06,-0.0003051681269425899,-0.07478883117437363,5508,True,None,None,Driving,vehicle.audi.tt,-48.82223129272461,-4.750736713409424,-0.010906066745519638
2025-04-13 10:29:52,d2a94478,1,Proximity Alert,13.265697672259554,0.8500000238418579,0.0,0.0006155604496598244,0.35713016986846924,-0.0012308623196872759,-0.00027831388559402636,-0.0017458724323660135,-1.800516963005066,-0.009034858085215092,9.8444242477417,-0.00011839572835015133,-0.017471330240368843,-0.00014152545190881938,5444,True,None,None,Driving,vehicle.mercedes.coupe_2020,-30.981760025024414,137.0189666748047,-0.0017458724323660135
2025-04-13 10:29:52,f06780bc,1,Proximity Alert,20.129949546604564,0.4257269501686096,0.0,0.0,89.85357666015625,-0.00010559389568243205,-0.0004695690044223426,0.06752082705497742,0.9583591222763062,-0.1362256407737732,9.830690383911133,6.409172783605754e-05,-0.0003284010454080999,0.040413998067379,5360,True,None,None,Driving,vehicle.bmw.grandtourer,-52.27218246459961,11.754658699035645,0.06752082705497742
2025-04-13 10:29:52,b586c13e,1,Proximity Alert,20.228887562521415,0.43745070695877075,0.0,0.0,-0.02493285946547985,0.0005472129099644008,0.00041876513964210824,-0.029434584081172943,-0.045007962733507156,0.002493304433301091,9.809619903564453,-1.141356520406589e-07,0.00016134518955368549,-1.975403591814029e-07,5552,True,None,None,Driving,vehicle.harley-davidson.low_rider,46.33576965332031,-60.915340423583984,-0.02943393588066101
2025-04-13 10:29:53,52097445,1,Proximity Alert,19.99147254805706,0.576542854309082,0.0,-0.00031118179322220385,0.39494842290878296,-0.0012350497332676014,0.00022028733551138135,-0.0044587706215679646,-0.0009618016774766147,0.030008817091584206,9.810046195983887,0.00010925704555120319,-3.2095073265736573e-08,8.373831951757893e-05,5412,True,None,None,Driving,vehicle.ford.ambulance,24.244625091552734,137.48321533203125,-0.004458808805793524
2025-04-13 10:29:53,d11af87e,1,Proximity Alert,20.20452462855936,0.6780821681022644,0.0,0.0011148579651489854,0.44310295581817627,-0.0012661723498581523,0.0001776598004443304,0.002874298021197319,-0.42880645394325256,-0.07138188928365707,9.806314468383789,-0.0003513759875204414,0.006329627707600594,-0.014956091530621052,5432,True,None,None,Driving,vehicle.micro.microlino,19.499725341796875,140.947509765625,0.0028896331787109375
2025-04-13 10:29:53,a13f0ba8,1,Proximity Alert,20.549614929481383,0.09552600979804993,0.0,0.0,0.31346747279167175,-0.0012362663846232635,0.0004308000985234124,-0.003514518728479743,-0.7504684329032898,-0.03589451685547829,9.81926155090332,-9.954613233276177e-06,0.0007135735941119492,0.002742270939052105,6024,True,None,None,Driving,vehicle.carlamotors.firetruck,47.95644760131836,137.62054443359375,-0.003514518728479743
2025-04-13 10:29:53,50837aa9,1,Proximity Alert,20.26674706212935,0.4304918050765991,0.0,0.0,0.33247438073158264,-0.0012670327510164725,0.00031083561359079273,-0.0014165878528729081,-0.002662471728399396,0.005047804210335016,9.8109769821167,-8.618196261522826e-06,-0.0017567280447110534,-2.3742431949358433e-05,5612,True,None,None,Driving,vehicle.carlamotors.carlacola,34.6020622253418,141.04544067382812,-0.0014165878528729081
2025-04-13 10:29:53,f9e35844,1,Proximity Alert,2.0599373004072214e-06,0.0,1.0,0.015044498257339,89.34428405761719,0.0001601398527100173,0.0008932246343729283,-0.0036098097916692495,1.8711087250267155e-05,-2.4994369596242905e-07,9.8100004196167,1.5003376319100425e-08,-6.940856778214766e-10,2.4533701459272805e-11,5576,True,None,None,Driving,vehicle.carlamotors.european_hgv,99.43331146240234,-17.82668685913086,-0.0036098097916692495
2025-04-13 10:29:53,2b28acec,1,Proximity Alert,0.0,0.0,1.0,0.0,0.15010468661785126,-0.0002514074505484132,-0.0006385838601361581,-0.005314597859978676,-0.0008987209293991327,-8.449217148154275e-08,9.8100004196167,0.0,0.0,0.0,5716,True,None,Red,Driving,vehicle.ford.mustang,-71.08683013916016,27.986549377441406,-0.005314597859978676
2025-04-13 10:29:53,aeb90d02,1,Proximity Alert,20.249833361164264,0.35326239466667175,0.0,-0.02445673570036888,68.238037109375,-0.0009425058687071441,-0.0009785872717859628,-0.007136039435863495,0.11526162922382355,-0.2895430624485016,9.812480926513672,0.0006137948366813362,0.0002261610352434218,-0.07216944545507431,5156,True,None,None,Driving,vehicle.chevrolet.impala,-108.93583679199219,104.91927337646484,-0.007136039435863495
2025-04-13 10:29:53,e7d42dde,1,Proximity Alert,1.4076713354582924e-06,0.0,1.0,-0.0011636738199740648,0.005309456028044224,-0.00021989316775261614,-0.0006405794233478058,-0.004500198177993298,-2.0900488379993476e-05,-8.432108344891276e-09,9.8100004196167,2.073663907253831e-08,-5.8309730377459346e-09,-6.427476281246902e-13,5032,True,None,Red,Driving,vehicle.lincoln.mkz_2020,-71.30897521972656,24.478395462036133,-0.004500198177993298
2025-04-13 10:29:53,a44255fb,1,Proximity Alert,20.042162199206164,0.6547486186027527,0.0,-0.057921454310417175,82.17222595214844,-0.0007811246573936614,-0.000989270186388743,0.03896304965019226,-0.04087018966674805,-0.8311173915863037,9.805581092834473,0.0010427066590636969,-0.0005382524104788899,-0.09871616214513779,5048,True,None,None,Driving,vehicle.citroen.c3,-110.12505340576172,86.95439910888672,0.03896304965019226
2025-04-13 10:29:53,f80b4529,1,Proximity Alert,19.633478382125233,0.7684346437454224,0.0,-0.017242014408111572,-88.28475189208984,-0.0007801297885663416,0.0009807826174876317,-0.029882850125432014,1.8835099935531616,-0.15065467357635498,9.882346153259277,0.00041306205093860626,0.018138183280825615,-0.03523094579577446,5136,True,None,None,Driving,vehicle.dodge.charger_police,109.17411804199219,87.120849609375,-0.030305994674563408
2025-04-13 10:29:53,a70c33c0,1,Proximity Alert,20.278532426589337,0.4076027274131775,0.0,-0.0024943423923105,-89.31243896484375,-0.0007250109989485054,0.0009503315853113247,0.0016014098655432463,-0.05753147602081299,-0.037736259400844574,9.806573867797852,0.0011156864929944277,0.0006079060840420425,-0.0006748823216184974,5448,True,None,None,Driving,vehicle.nissan.patrol,105.7904281616211,80.70785522460938,0.0016014098655432463
2025-04-13 10:29:53,a7402aed,1,Proximity Alert,11.54488433151111,0.49861079454421997,0.0,-0.00017573311924934387,-89.37377166748047,-0.00042882554161849384,-0.0009322251920098593,0.010725440457463264,0.15143150091171265,-0.0066805630922317505,9.798744201660156,-7.41845287848264e-05,0.00020158787083346397,-0.00011189495853614062,5732,True,None,Green,Driving,vehicle.jeep.wrangler_rubicon,-103.77483367919922,47.73664093017578,0.010725440457463264
2025-04-13 10:29:53,b0233fcc,1,Proximity Alert,15.137037303852782,0.24029934406280518,0.0,-0.0002485241857357323,-89.3738021850586,-0.0004105418456248344,-0.0009634567123495844,0.042620621621608734,-1.4181959629058838,-0.009432196617126465,9.810384750366211,-7.094116881489754e-06,0.0007000129553489387,0.006147587206214666,5548,True,None,None,Driving,vehicle.mini.cooper_s,-107.25377655029297,45.90913772583008,0.0426151268184185
2025-04-13 10:29:53,745549c1,1,Proximity Alert,20.200503776962112,0.3872644901275635,0.0,0.0003670363512355834,-89.6923828125,0.00017310080170318543,0.000956344935456943,0.1417233943939209,-0.2402985394001007,0.006340578198432922,9.80782413482666,1.265430182684213e-05,-0.00017251439567189664,0.0008755006128922105,5592,True,None,None,Driving,vehicle.mercedes.coupe,106.45983123779297,-19.269493103027344,0.1417233943939209
2025-04-13 10:29:53,2d359ce4,1,Proximity Alert,19.360471808253276,0.5010390877723694,0.0,-0.10737478733062744,-165.92568969726562,0.0006108365738271004,-0.0005254966218454585,-0.0054320525377988815,-2.2864396572113037,-1.544646978378296,9.677130699157715,0.026863321661949158,0.010436302050948143,-0.23053187131881714,4816,True,None,None,Driving,vehicle.audi.a2,-58.498016357421875,-67.99801635742188,-0.0054320525377988815
2025-04-13 10:29:53,d22ba8ea,1,Proximity Alert,15.614232526431701,0.8500000238418579,0.0,0.018766621127724648,178.5558624267578,-0.0005943377613419898,0.00022760165346873493,-0.01936698891222477,1.5307189226150513,0.1035897433757782,9.81500244140625,-0.0006208280683495104,-0.004294538404792547,0.03498728573322296,5724,True,None,None,Driving,vehicle.nissan.micra,25.555782318115234,66.15800476074219,-0.01927722804248333
2025-04-13 10:29:53,8a40c8cc,1,Proximity Alert,14.380970895212307,0.8500000238418579,0.0,0.0014068541349843144,89.78794860839844,1.101503799816328e-05,-0.0004384748302610061,-0.010908088646829128,-0.2998605966567993,0.27890661358833313,9.809310913085938,0.00011346246174070984,-0.00018599779286887497,-0.0750219076871872,5304,True,None,None,Driving,vehicle.audi.tt,-48.810794830322266,-1.2261884212493896,-0.010908088646829128
2025-04-13 10:29:53,d2a94478,1,Proximity Alert,24.710771057621365,0.0,0.699999988079071,0.0,0.3714713752269745,-0.0012311271428586679,-0.00023692388825482922,-0.0007374572451226413,4.23457145690918,0.012189935892820358,9.765780448913574,0.0003394398663658649,0.008773480542004108,0.019145380705595016,5452,True,None,None,Driving,vehicle.mercedes.coupe_2020,-26.72151756286621,137.04617309570312,-0.0007287216139957309
2025-04-13 10:29:54,f06780bc,1,Proximity Alert,20.67347215711316,0.4176832437515259,0.0,-0.0002485241857357323,89.84248352050781,-0.00014836992259859016,-0.00046944522837535165,0.06740795075893402,0.8703690767288208,0.14751356840133667,9.820414543151855,-0.0002134484238922596,-0.006196947768330574,-0.04236374795436859,5440,True,None,None,Driving,vehicle.bmw.grandtourer,-52.25840377807617,16.516464233398438,0.06740795075893402
2025-04-13 10:29:54,b586c13e,1,Proximity Alert,20.23947101214538,0.43797439336776733,0.0,0.00017573311924934387,-0.028106683865189552,0.000547231072005161,0.0004592116701690809,-0.02943618781864643,-0.012650787830352783,0.0052698347717523575,9.809794425964355,-0.00018966145580634475,0.00020855630282312632,0.000526362971868366,5196,True,None,None,Driving,vehicle.harley-davidson.low_rider,51.11920928955078,-60.917484283447266,-0.02943618781864643
2025-04-13 10:29:54,52097445,1,Proximity Alert,19.991483699164466,0.5765358209609985,0.0,0.0,0.35203447937965393,-0.0012353114037892965,0.0002626881362996627,-0.004458732437342405,-0.001824110746383667,-0.004924298729747534,9.810015678405762,3.542062404449098e-05,-1.355979861727974e-07,2.781830517051276e-07,5480,True,None,None,Driving,vehicle.ford.ambulance,28.96466064453125,137.5125274658203,-0.004458732437342405
2025-04-13 10:29:54,d11af87e,1,Proximity Alert,19.751198749921848,0.4696541428565979,0.0,-0.00017573311924934387,0.3612426221370697,-0.0012664489612319585,0.00021759578904547393,0.002863731235265732,-0.5322153568267822,-0.026622390374541283,9.806779861450195,-0.0002066944434773177,0.007224815431982279,-0.015901414677500725,5580,True,None,None,Driving,vehicle.micro.microlino,24.222652435302734,140.98045349121094,0.002863731235265732
2025-04-13 10:29:54,a13f0ba8,1,Proximity Alert,20.558717873606835,0.2558465301990509,0.0,0.0015236068284139037,0.24997930228710175,-0.0012365253137005539,0.00047691609972990296,-0.0034530258271843195,0.42491763830184937,-0.03189782798290253,9.806121826171875,1.2225072168803308e-05,-8.349477866431698e-05,0.011243069544434547,5884,True,None,None,Driving,vehicle.carlamotors.firetruck,52.80600357055664,137.64784240722656,-0.0034627914428710938
2025-04-13 10:29:54,50837aa9,1,Proximity Alert,20.021544523750865,0.41966870427131653,0.0,-0.0006155604496598244,0.3266160190105438,-0.0012672776987585621,0.00035352985133654466,-0.0013012313283979893,-0.1917475312948227,-0.029092885553836823,9.82308578491211,-0.0005826695705763996,0.002048932248726487,-0.0004735218535643071,5156,True,None,None,Driving,vehicle.carlamotors.carlacola,39.35476303100586,141.0727081298828,-0.0013012313283979893
2025-04-13 10:29:54,f9e35844,1,Proximity Alert,2.4719247527551193e-06,0.0,1.0,0.015044498257339,89.34428405761719,0.0001601398527100173,0.0008932246343729283,-0.0036098097916692495,1.8711087250267155e-05,-2.4994369596242905e-07,9.8100004196167,1.582091435636812e-08,-2.0592771932115284e-10,2.3513205271719073e-11,5388,True,None,None,Driving,vehicle.carlamotors.european_hgv,99.43331146240234,-17.82668685913086,-0.0036098097916692495
2025-04-13 10:29:54,2b28acec,1,Proximity Alert,0.0,0.0,1.0,0.0,0.15010468661785126,-0.0002514074505484132,-0.0006385838601361581,-0.005314597859978676,-0.0008987209293991327,-8.449217148154275e-08,9.8100004196167,0.0,0.0,0.0,5668,True,None,Red,Driving,vehicle.ford.mustang,-71.08683013916016,27.986549377441406,-0.005314597859978676
2025-04-13 10:29:54,aeb90d02,1,Proximity Alert,20.069293962142165,0.41848668456077576,0.0,-0.03769875690340996,64.75019073486328,-0.000984095442902344,-0.0009605335141456762,-0.0071125030517578125,-0.3438948690891266,-0.3634966313838959,9.810917854309082,0.0008975602104328573,0.00048303918447345495,-0.094346784055233,5064,True,None,None,Driving,vehicle.chevrolet.impala,-106.92610168457031,109.54900360107422,-0.0071125030517578125
2025-04-13 10:29:54,e7d42dde,1,Proximity Alert,1.8883369646490399e-06,0.0,1.0,-0.0011636738199740648,0.005309456028044224,-0.00021989316775261614,-0.0006405794233478058,-0.004500198177993298,-2.0900488379993476e-05,-8.432108344891276e-09,9.8100004196167,-2.7542945701952704e-08,1.459036447215567e-09,-8.378070372877522e-13,5096,True,None,Red,Driving,vehicle.lincoln.mkz_2020,-71.30897521972656,24.478395462036133,-0.004500198177993298
2025-04-13 10:29:54,a44255fb,1,Proximity Alert,20.061874530576766,0.7335583567619324,0.0,-0.06970680505037308,78.78468322753906,-0.0008251407492849694,-0.0009812908805908903,0.03895111009478569,0.7582311630249023,-1.1326837539672852,9.802233695983887,-0.0015340873505920172,-0.002031229203566909,-0.11405156552791595,4920,True,None,None,Driving,vehicle.citroen.c3,-109.23680114746094,91.854248046875,0.03895111009478569
2025-04-13 10:29:54,f80b4529,1,Proximity Alert,20.75081065631005,0.33539533615112305,0.0,-0.0065752118825912476,-89.08251190185547,-0.0007378453962161302,0.0009815470682230344,-0.02880319580435753,0.39619356393814087,-0.19106647372245789,9.738186836242676,-0.0020546624436974525,0.010908180847764015,-0.017123809084296227,5372,True,None,None,Driving,vehicle.dodge.charger_police,109.26531982421875,82.1365737915039,-0.02880319580435753
2025-04-13 10:29:54,a70c33c0,1,Proximity Alert,20.307648483538344,0.4013083279132843,0.0,-0.0007340727024711668,-89.49394989013672,-0.0006768416243971842,0.0009508008514208192,0.0015539550222456455,0.06496622413396835,-0.001509055495262146,9.808917045593262,0.00021535111591219902,-0.0012675854377448559,-0.008608868345618248,5320,True,None,None,Driving,vehicle.nissan.patrol,105.84024810791016,75.62783813476562,0.0015679168282076716
2025-04-13 10:29:54,a7402aed,1,Proximity Alert,15.259642795836262,0.0,0.13180507719516754,0.0235905721783638,-88.45585632324219,-0.0003996547279569995,-0.0009316975332137444,0.009936904534697533,-1.7837986946105957,0.11463725566864014,9.872163772583008,-0.003415025770664215,0.021746432408690453,0.053568512201309204,5500,True,None,None,Driving,vehicle.jeep.wrangler_rubicon,-103.71609497070312,44.48936080932617,0.009936904534697533
2025-04-13 10:29:54,b0233fcc,1,Proximity Alert,18.445004559585673,0.8500000238418579,0.0,-0.00017573311924934387,-89.36730194091797,-0.0003725104558043313,-0.0009630383685008398,0.042829398065805435,3.793250322341919,-0.011847257614135742,9.878538131713867,-2.728088657022454e-05,-4.710226130555384e-05,-0.00021083983301650733,5376,True,None,None,Driving,vehicle.mini.cooper_s,-107.20787048339844,41.73269271850586,0.042731206864118576
2025-04-13 10:29:54,745549c1,1,Proximity Alert,20.25434636546323,0.49550861120224,0.0,-0.036008842289447784,-92.83763885498047,0.0002209386504290478,0.0009548895045965332,0.14171470701694489,0.3588670492172241,-0.29914507269859314,9.807794570922852,0.0004641202976927161,-0.0013605726417154074,-0.07376419007778168,5296,True,None,None,Driving,vehicle.mercedes.coupe,106.29781341552734,-24.594778060913086,0.14171470701694489
2025-04-13 10:29:55,2d359ce4,1,Proximity Alert,19.484871272341675,0.8483601212501526,0.0,-0.04290070757269859,-176.91636657714844,0.0006149669654433865,-0.0005697225025027019,-0.006627464201301336,-0.3872542381286621,-0.20676149427890778,9.74081802368164,0.005746219307184219,-0.0041954233311116695,-0.18380238115787506,5788,True,None,None,Driving,vehicle.audi.a2,-63.42121887207031,-68.45780944824219,-0.006627464201301336
2025-04-13 10:29:55,d22ba8ea,1,Proximity Alert,20.678523437661415,0.046949535608291626,0.0,0.00657221395522356,179.487548828125,-0.0005948920121170431,0.00018172133049125332,-0.018377913162112236,-4.474452018737793,0.0280277281999588,9.913918495178223,-0.0015817639650776982,0.020523689687252045,0.01263315137475729,5820,True,None,None,Driving,vehicle.nissan.micra,20.50748062133789,66.22126007080078,-0.018700523301959038
2025-04-13 10:29:55,8a40c8cc,1,Proximity Alert,18.966499483650374,0.8500000238418579,0.0,0.00031118179322220385,89.83406066894531,-3.48511023133824e-05,-0.0004383460510847625,-0.01102680154144764,-0.043395042419433594,0.19953662157058716,9.885506629943848,-0.0012895549880340695,-0.0016981989610940218,-0.07411587238311768,5392,True,None,None,Driving,vehicle.audi.tt,-48.797019958496094,3.6160593032836914,-0.010897407308220863
2025-04-13 10:29:55,d2a94478,1,Proximity Alert,19.49400043073225,0.8500000238418579,0.0,0.0,0.35672497749328613,-0.0012314262340282767,-0.00018911088386144428,-0.0009441756992600858,0.13580255210399628,0.004187199752777815,9.803544998168945,-1.6326542890965356e-06,0.0007198755629360676,0.0001548655127407983,5296,True,None,None,Driving,vehicle.mercedes.coupe_2020,-21.322834014892578,137.08004760742188,-0.0009248733404092491
2025-04-13 10:29:55,f06780bc,1,Proximity Alert,19.93988607999047,0.35456565022468567,0.0,0.0007912935689091682,89.87325286865234,-0.0001986021970026286,-0.0004693084990211175,0.06785754859447479,-0.9300663471221924,-0.1594821810722351,9.830535888671875,0.00013034511357545853,0.010054964572191238,0.045892346650362015,5188,True,None,None,Driving,vehicle.bmw.grandtourer,-52.24372100830078,21.829486846923828,0.06780700385570526
2025-04-13 10:29:55,b586c13e,1,Proximity Alert,20.278590400904125,0.41543516516685486,0.0,0.0,-0.02490234188735485,0.0005472533804748991,0.0005072502779969523,-0.029439657926559448,0.009543698281049728,-0.002477389294654131,9.810075759887695,-3.492217729217373e-06,3.432323501328938e-05,-6.435625810041756e-09,5416,True,None,None,Driving,vehicle.harley-davidson.low_rider,56.46684265136719,-60.91996765136719,-0.029439657926559448
2025-04-13 10:29:55,52097445,1,Proximity Alert,19.991475631134854,0.5765368938446045,0.0,-0.000870533986017108,0.3328382074832916,-0.001235589522934788,0.0003100772282929088,-0.004458885174244642,-0.0028984479140490294,0.0249624140560627,9.809893608093262,6.2350976804737e-05,2.373366037033975e-08,8.699019235791638e-05,5188,True,None,None,Driving,vehicle.ford.ambulance,34.239990234375,137.54359436035156,-0.004458732437342405
2025-04-13 10:29:55,d11af87e,1,Proximity Alert,20.158919260672896,0.7413314580917358,0.0,0.0008176579140126705,0.3361903727054596,-0.0012667570991595767,0.000267408108997446,0.0028781890869140625,-0.041956137865781784,-0.02938990667462349,9.806549072265625,-0.00023604919260833412,0.002041422761976719,-0.014703943394124508,5320,True,None,None,Driving,vehicle.micro.microlino,29.49043846130371,141.01309204101562,0.002861366141587496
2025-04-13 10:29:55,a13f0ba8,1,Proximity Alert,20.65497470390059,0.2660464346408844,0.0,0.002294710138812661,0.2167808711528778,-0.0012367937007553564,0.0005256876317252834,-0.0032517623621970415,0.005700970068573952,0.04202437028288841,9.890863418579102,0.0004626603040378541,-1.8753249605651945e-05,0.0039736428298056126,5148,True,None,None,Driving,vehicle.carlamotors.firetruck,58.233699798583984,137.67762756347656,-0.003450584365054965
2025-04-13 10:29:55,50837aa9,1,Proximity Alert,20.291657815380372,0.44227850437164307,0.0,0.00017573311924934387,0.31290656328201294,-0.001267556366201461,0.00040382785177412107,-0.001287498394958675,-0.40657761693000793,0.032335784286260605,9.835736274719238,0.0007551801973022521,0.003925955388695002,0.0002893851196859032,4836,True,None,None,Driving,vehicle.carlamotors.carlacola,44.67451477050781,141.10214233398438,-0.001339988666586578
2025-04-13 10:29:55,f9e35844,1,Proximity Alert,3.8109134942209624e-06,0.0,1.0,0.015044498257339,89.34428405761719,0.0001601398527100173,0.0008932246343729283,-0.0036098097916692495,1.8711087250267155e-05,-2.4994369596242905e-07,9.8100004196167,2.6416411280649754e-09,6.586509115891204e-12,4.092682139369974e-13,5548,True,None,None,Driving,vehicle.carlamotors.european_hgv,99.43331146240234,-17.82668685913086,-0.0036098097916692495
2025-04-13 10:29:55,2b28acec,1,Proximity Alert,0.0,0.0,1.0,0.0,0.15010468661785126,-0.0002514074505484132,-0.0006385838601361581,-0.005314597859978676,-0.0008987209293991327,-8.449217148154275e-08,9.8100004196167,0.0,0.0,0.0,5052,True,None,Red,Driving,vehicle.ford.mustang,-71.08683013916016,27.986549377441406,-0.005314597859978676
2025-04-13 10:29:55,aeb90d02,1,Proximity Alert,20.366954316284637,0.4639655351638794,0.0,-0.03243040293455124,60.3990592956543,-0.001026472290348579,-0.0009384350349166752,-0.007131805177778006,-0.1704450100660324,-0.3273928761482239,9.812337875366211,0.0006981858750805259,0.0004352501127868891,-0.0786789283156395,5184,True,None,None,Driving,vehicle.chevrolet.impala,-104.46611022949219,114.26637268066406,-0.007131805177778006
2025-04-13 10:29:55,e7d42dde,1,Proximity Alert,2.5406168497535153e-06,0.0,1.0,-0.0011636738199740648,0.005309456028044224,-0.00021989316775261614,-0.0006405794233478058,-0.004500198177993298,-2.0900488379993476e-05,-8.432108344891276e-09,9.8100004196167,-2.0608323936244233e-08,-3.885610944109885e-09,2.089441250227586e-12,5544,True,None,Red,Driving,vehicle.lincoln.mkz_2020,-71.30897521972656,24.478395462036133,-0.004500198177993298
2025-04-13 10:29:55,a44255fb,1,Proximity Alert,19.790224627484886,0.4723009467124939,0.0,-0.06265094131231308,74.44702911376953,-0.0008710594695600093,-0.0009696460629872695,0.038979072123765945,-1.0720564126968384,-0.5868461728096008,9.814144134521484,0.0010581256356090307,0.0027440006379038095,-0.1792176216840744,5320,True,None,None,Driving,vehicle.citroen.c3,-107.94050598144531,96.96589660644531,0.038979072123765945
2025-04-13 10:29:55,f80b4529,1,Proximity Alert,18.871097880089895,0.8500000238418579,0.0,-0.0029159807600080967,-89.41905212402344,-0.0006958086244708284,0.0009820371007457284,-0.026610353961586952,-0.4545820951461792,-0.0558532178401947,9.4763765335083,-0.0049114469438791275,-0.02945977821946144,-0.002627980662509799,5220,True,None,None,Driving,vehicle.dodge.charger_police,109.31986999511719,77.45706176757812,-0.026610353961586952
2025-04-13 10:29:56,a70c33c0,1,Proximity Alert,20.33578073524521,0.38105183839797974,0.0,0.00017573311924934387,-89.56426239013672,-0.0006311925933744078,0.0009511649147439732,0.0015351104084402323,0.010751182213425636,-0.010146960616111755,9.81096076965332,0.00020935336942784488,6.269564619287848e-05,0.00611557113006711,5416,True,None,None,Driving,vehicle.nissan.patrol,105.88319396972656,70.2640380859375,0.0015351104084402323
2025-04-13 10:29:56,a7402aed,1,Proximity Alert,10.961849178503215,0.8500000238418579,0.0,0.11946773529052734,-84.0084457397461,-0.0003658838111135765,-0.0009291243484494723,0.011841239407658577,-0.5156832933425903,0.39775827527046204,9.75378131866455,-0.001559896394610405,-0.01613067090511322,0.19824159145355225,5056,True,None,None,Driving,vehicle.jeep.wrangler_rubicon,-103.42964935302734,40.72999954223633,0.011841239407658577
2025-04-13 10:29:56,b0233fcc,1,Proximity Alert,19.054952022453403,0.3748927712440491,0.0,-0.0002485241857357323,-89.38381958007812,-0.00033001596628423613,-0.0009625699933595684,0.04278179258108139,-0.3930515646934509,0.0642414391040802,9.808215141296387,-2.3644970497116446e-05,-8.704345236765221e-05,-0.05909453704953194,5208,True,None,None,Driving,vehicle.mini.cooper_s,-107.15280151367188,36.73720932006836,0.04278179258108139
2025-04-13 10:29:56,745549c1,1,Proximity Alert,20.17259808525264,0.41739070415496826,0.0,0.013754351995885372,-91.30484008789062,0.0002713929472406562,0.0009529190255671661,0.14172862470149994,-0.0819455087184906,0.08007057011127472,9.807660102844238,-0.00011046807048842311,-0.0005392663879320025,0.02536623924970627,5268,True,None,None,Driving,vehicle.mercedes.coupe,106.08319091796875,-29.93086051940918,0.14172686636447906
2025-04-13 10:29:56,2d359ce4,1,Proximity Alert,20.390587485350014,0.4358364939689636,0.0,-0.0698266252875328,179.06494140625,0.0006157505377188954,-0.0006198655772734882,-0.007823982276022434,0.3816593289375305,-0.691396176815033,9.837409019470215,0.006249354686588049,0.001275569200515747,-0.24442975223064423,5672,True,None,None,Driving,vehicle.audi.a2,-69.00312042236328,-68.54503631591797,-0.007823982276022434
2025-04-13 10:29:56,d22ba8ea,1,Proximity Alert,16.823443868402823,0.8500000238418579,0.0,0.0035104190465062857,179.77890014648438,-0.0005950686979616648,0.0001455015189465635,-0.01946636103093624,1.4947543144226074,0.02377457171678543,9.822348594665527,-0.0003348609316162765,0.000636880926322192,0.006809629965573549,5960,True,None,None,Driving,vehicle.nissan.micra,16.197154998779297,66.24274444580078,-0.01946636103093624
2025-04-13 10:29:56,8a40c8cc,1,Proximity Alert,21.162822203916804,0.6104193925857544,0.0,0.0,89.80764770507812,-8.258806812477815e-05,-0.00043820356470508686,-0.011173705570399761,3.6215603351593018,0.2195758819580078,9.806844711303711,-3.180326893925667e-05,-0.0037669772282242775,-0.06307072937488556,5468,True,None,None,Driving,vehicle.audi.tt,-48.7817268371582,8.895724296569824,-0.011119307950139046
2025-04-13 10:29:56,d2a94478,1,Proximity Alert,18.531128249596584,0.8500000238418579,0.0,0.0008492356282658875,0.30809280276298523,-0.001231725051070498,-0.00014015206006516993,-0.0009594344883225858,3.9280295372009277,-0.0015470229554921389,9.783429145812988,3.862690937239677e-05,-0.010525006800889969,0.0020259630400687456,5512,True,None,None,Driving,vehicle.mercedes.coupe_2020,-15.865052223205566,137.1134796142578,-0.0011722564231604338
2025-04-13 10:29:56,f06780bc,1,Proximity Alert,20.104596118334356,0.6896294355392456,0.0,-0.0006155604496598244,89.844970703125,-0.00024368215638048696,-0.0004691869503946842,0.0678689181804657,0.13469165563583374,0.1578456163406372,9.784704208374023,2.322578802704811e-05,-0.00615043006837368,-0.04451243579387665,5404,True,None,None,Driving,vehicle.bmw.grandtourer,-52.229652404785156,27.12657356262207,0.0678689181804657
2025-04-13 10:29:56,b586c13e,1,Proximity Alert,20.270241924534673,0.4148217439651489,0.0,0.0013129584258422256,0.41502639651298523,0.0005470258066395672,0.0005578225595752029,-0.029437217861413956,-0.057631149888038635,0.012844657525420189,9.8098726272583,0.000624419073574245,-9.678879723651335e-05,0.003028708975762129,5472,True,None,None,Driving,vehicle.harley-davidson.low_rider,61.81504440307617,-60.89679718017578,-0.029437826946377754
2025-04-13 10:29:56,52097445,1,Proximity Alert,19.99147853064838,0.5765369534492493,0.0,0.00017573311924934387,0.3161952793598175,-0.0012358396793956672,0.0003549734254659857,-0.004458846990019083,0.0007341630407609046,0.004951786249876022,9.809969902038574,5.2808602049481124e-05,1.5181658596929992e-08,6.114887219155207e-05,5060,True,None,None,Driving,vehicle.ford.ambulance,39.51546096801758,137.5730438232422,-0.004458846990019083
2025-04-13 10:29:56,d11af87e,1,Proximity Alert,19.797157622075183,0.4417385458946228,0.0,-0.0002485241857357323,0.31939199566841125,-0.0012670320656553713,0.00031487279621761956,0.002884521381929517,0.33000603318214417,0.008514381013810635,9.813607215881348,9.164700168184936e-05,-0.0037314346991479397,0.015321328304708004,5140,True,None,None,Driving,vehicle.micro.microlino,34.77353286743164,141.04376220703125,0.002889175433665514
2025-04-13 10:29:56,a13f0ba8,1,Proximity Alert,20.496141062368796,0.19748230278491974,0.0,-0.014131693169474602,-1.0679930448532104,-0.0012359978605047672,0.0005743925467119842,-0.0034675979986786842,-0.14440444111824036,-0.0266537144780159,9.810768127441406,0.0014210352674126625,0.00015920020814519376,-0.02157415822148323,5892,True,None,None,Driving,vehicle.carlamotors.firetruck,63.655887603759766,137.5980987548828,-0.0034771347418427467
2025-04-13 10:29:56,50837aa9,1,Proximity Alert,20.232917078794184,0.5146792531013489,0.0,0.0,0.3154299557209015,-0.001267805426095947,0.00044910713101511376,-0.0014543533325195312,0.16151292622089386,-0.0008756219176575541,9.800820350646973,9.273229807149619e-06,-0.0010583093389868736,2.3701988993707346e-07,4816,True,None,None,Driving,vehicle.carlamotors.carlacola,49.99437713623047,141.13145446777344,-0.0014543533325195312
2025-04-13 10:29:57,f9e35844,1,Proximity Alert,9.956456105977769e-07,0.0,1.0,0.015044498257339,89.34428405761719,0.0001601398527100173,0.0008932246343729283,-0.0036098097916692495,1.8711087250267155e-05,-2.4994369596242905e-07,9.8100004196167,-1.1006457079076881e-08,8.724174271890206e-09,1.741098584751022e-11,5552,True,None,None,Driving,vehicle.carlamotors.european_hgv,99.43331146240234,-17.82668685913086,-0.0036098097916692495
2025-04-13 10:29:57,2b28acec,1,Proximity Alert,0.0,0.0,1.0,0.0,0.15010468661785126,-0.0002514074505484132,-0.0006385838601361581,-0.005314597859978676,-0.0008987209293991327,-8.449217148154275e-08,9.8100004196167,0.0,0.0,0.0,5536,True,None,Red,Driving,vehicle.ford.mustang,-71.08683013916016,27.986549377441406,-0.005314597859978676
2025-04-13 10:29:57,aeb90d02,1,Proximity Alert,20.063035255983124,0.44404247403144836,0.0,-0.05295323207974434,55.809051513671875,-0.0010691759860748107,-0.0009117992657436308,-0.007115020416676998,0.24723276495933533,-0.49427977204322815,9.808103561401367,0.0003687027492560446,-0.00038759608287364244,-0.1219642236828804,4880,True,None,None,Driving,vehicle.chevrolet.impala,-101.66117858886719,118.79033660888672,-0.007111243903636932
2025-04-13 10:29:57,e7d42dde,1,Proximity Alert,4.807426747391915e-07,0.0,1.0,-0.0011636738199740648,0.005309456028044224,-0.00021989316775261614,-0.0006405794233478058,-0.004500198177993298,-2.0900488379993476e-05,-8.432108344891276e-09,9.8100004196167,1.5995645696875727e-08,9.717732174507887e-10,4.882797183074217e-13,5076,True,None,Red,Driving,vehicle.lincoln.mkz_2020,-71.30897521972656,24.478395462036133,-0.004500198177993298
2025-04-13 10:29:57,a44255fb,1,Proximity Alert,20.098572530654312,0.7891697883605957,0.0,-0.06306833773851395,70.4712142944336,-0.0009158060868799112,-0.0009548783332257361,0.038935013115406036,1.4622457027435303,-0.9067743420600891,9.801051139831543,0.0007697567343711853,-0.0032666835468262434,-0.11999595165252686,4668,True,None,None,Driving,vehicle.citroen.c3,-106.29656982421875,101.94706726074219,0.038935013115406036
2025-04-13 10:29:57,f80b4529,1,Proximity Alert,21.281567077605565,0.0,0.008270190097391605,-0.001263840589672327,-89.50965881347656,-0.0006480348398270053,0.0009824625723402576,-0.02846788428723812,1.2231405973434448,-0.05691123008728027,9.69478988647461,-0.0015459296992048621,4.959211219102144e-05,0.0013909601839259267,5348,True,None,None,Driving,vehicle.dodge.charger_police,109.36723327636719,72.13890838623047,-0.02846788428723812
2025-04-13 10:29:57,a70c33c0,1,Proximity Alert,20.32586559136721,0.3838016986846924,0.0,-0.00043982735951431096,-89.58551025390625,-0.0005830124586623242,0.0009515208908171021,0.0015463638119399548,-0.01237529143691063,-0.02523108944296837,9.810335159301758,-0.0001103463873732835,0.00030455805244855583,0.005444436799734831,5216,True,None,None,Driving,vehicle.nissan.patrol,105.92282104492188,64.90065002441406,0.0015463638119399548
2025-04-13 10:29:57,a7402aed,1,Proximity Alert,11.466151295022076,0.6415218710899353,0.0,0.13259024918079376,-75.81710815429688,-0.00033887366394935725,-0.0009232408055203551,0.010796432383358479,0.22957971692085266,0.5886811017990112,9.788893699645996,0.0012024641036987305,8.318119216710329e-05,0.18684205412864685,5324,True,None,None,Driving,vehicle.jeep.wrangler_rubicon,-102.77469635009766,37.723243713378906,0.010796432383358479
2025-04-13 10:29:57,b0233fcc,1,Proximity Alert,17.950982050034764,0.8500000238418579,0.0,0.00017573311924934387,-89.36126708984375,-0.0002858692104723559,-0.0009620764654999992,0.04275478422641754,0.2036745548248291,0.06273508071899414,9.855351448059082,1.5648663975298405e-05,0.0004699802666436881,-0.05743760988116264,5260,True,None,None,Driving,vehicle.mini.cooper_s,-107.09786224365234,31.82281494140625,0.04275478422641754
2025-04-13 10:29:57,745549c1,1,"Lane Violation, Proximity Alert",20.269009066965708,0.4689222276210785,0.0,0.0013840501196682453,-90.73262786865234,0.0003167834775723577,0.0009523009677644172,0.1417136788368225,0.19513992965221405,0.007660135626792908,9.808549880981445,1.5829456970095634e-05,-0.000960914243478328,0.00288098631426692,4976,True,None,None,Driving,vehicle.mercedes.coupe,106.00965881347656,-35.26417541503906,0.1417136788368225
2025-04-13 10:29:57,2d359ce4,1,Proximity Alert,20.05936818219788,0.4845588505268097,0.0,-0.05454878881573677,174.83847045898438,0.0006127007534928453,-0.0006674856356445635,-0.007320899982005358,-0.2449941635131836,-1.0360511541366577,9.800350189208984,0.005649598315358162,0.002512107603251934,-0.0690978392958641,4796,True,None,None,Driving,vehicle.audi.a2,-74.30416107177734,-68.20553588867188,-0.007320899982005358
2025-04-13 10:29:57,d22ba8ea,1,Proximity Alert,17.26957125066461,0.8500000238418579,0.0,0.0016379806911572814,179.94046020507812,-0.0005951470346445831,9.684191483420755e-05,-0.01762901246547699,-4.129155158996582,0.017027990892529488,9.769499778747559,-0.0001580764801474288,0.0044060745276510715,0.0032516701612621546,6036,True,None,None,Driving,vehicle.nissan.micra,11.01417350769043,66.25138854980469,-0.017656173557043076
2025-04-13 10:29:57,8a40c8cc,1,Proximity Alert,20.539622579340772,0.0,0.04161323979496956,-0.0007912935689091682,89.85845947265625,-0.00013059865328557407,-0.0004380701936156935,-0.010927162133157253,-2.398890495300293,0.22986793518066406,9.8137788772583,5.555502139031887e-05,0.003756956197321415,-0.06940814852714539,5524,True,None,None,Driving,vehicle.audi.tt,-48.76626205444336,14.256875991821289,-0.011006202548742294
2025-04-13 10:29:57,d2a94478,1,Proximity Alert,13.282446357348503,0.8500000238418579,0.0,0.0,0.3452918529510498,-0.0012320008400195093,-9.43444195338865e-05,-0.0017461776733398438,-1.7916659116744995,0.010634285397827625,9.84455394744873,7.551722228527069e-05,-0.017510876059532166,0.0007130338926799595,5592,True,None,None,Driving,vehicle.mercedes.coupe_2020,-10.502372741699219,137.1457061767578,-0.0017461776733398438
2025-04-13 10:29:57,f06780bc,1,Proximity Alert,19.875048149499822,0.4807177186012268,0.0,0.0007912935689091682,89.86726379394531,-0.00029377089920501476,-0.0004690455263232746,0.0677039697766304,0.7432894706726074,0.1495574712753296,9.787262916564941,-0.00017324090003967285,-0.008555879816412926,-0.04254881665110588,5120,True,None,None,Driving,vehicle.bmw.grandtourer,-52.21451187133789,32.4229736328125,0.06778465211391449
2025-04-13 10:29:58,b586c13e,1,Proximity Alert,20.242809781308733,0.43143248558044434,0.0,0.009440897032618523,3.93361759185791,0.0005447870091046525,0.0006032621102923243,-0.0294342041015625,-0.050639986991882324,0.0815766453742981,9.809956550598145,0.006596105173230171,3.5223126815253636e-06,0.02388809062540531,5540,True,None,None,Driving,vehicle.harley-davidson.low_rider,67.15483093261719,-60.64541244506836,-0.0294342041015625
2025-04-13 10:29:58,52097445,1,Proximity Alert,19.991475232774047,0.5765407681465149,0.0,0.0,0.3162890076637268,-0.0012361154683304676,0.00040485880481225034,-0.004458808805793524,-0.0017933936323970556,4.442398676474113e-06,9.8100004196167,2.652759803822846e-06,-1.9131292106067121e-07,1.2810562388665403e-08,5024,True,None,None,Driving,vehicle.ford.ambulance,44.791015625,137.60223388671875,-0.004458808805793524
2025-04-13 10:29:58,d11af87e,1,Proximity Alert,20.23933052628457,0.6715804934501648,0.0,0.0,0.32421138882637024,-0.001267288527444066,0.000359765360981787,0.00289401994086802,0.5830806493759155,0.007039567455649376,9.813087463378906,9.687185229267925e-05,-0.006499896291643381,0.014883569441735744,5448,True,None,None,Driving,vehicle.micro.microlino,40.04889678955078,141.07391357421875,0.00289401994086802
2025-04-13 10:29:58,a13f0ba8,1,Proximity Alert,20.628713623695056,0.31439408659935,0.0,-0.07782087475061417,-4.696199417114258,-0.0012326952469265962,0.0006203728808725066,-0.0034392166417092085,0.555154025554657,-0.3687675893306732,9.803990364074707,0.0014147075125947595,-0.0005214657867327332,-0.10128869116306305,5740,True,None,None,Driving,vehicle.carlamotors.firetruck,69.0595932006836,137.22300720214844,-0.0034392166417092085
2025-04-13 10:29:58,50837aa9,1,Proximity Alert,20.076754830460658,0.5615272521972656,0.0,0.0,0.32022103667259216,-0.0012680713458337323,0.0004968227628621187,-0.0013232040219008923,0.19566166400909424,0.029255151748657227,9.798454284667969,0.000894419732503593,-0.0026245536282658577,0.0006708953296765685,4944,True,None,None,Driving,vehicle.carlamotors.carlacola,55.30605697631836,141.1610565185547,-0.0013232040219008923
2025-04-13 10:29:58,f9e35844,1,Proximity Alert,1.7166149047828332e-06,0.0,1.0,0.015044498257339,89.34428405761719,0.0001601398527100173,0.0008932246343729283,-0.0036098097916692495,1.8711087250267155e-05,-2.4994369596242905e-07,9.8100004196167,1.3961142464324894e-08,-6.945644059896949e-10,3.2917513658435593e-13,5484,True,None,None,Driving,vehicle.carlamotors.european_hgv,99.43331146240234,-17.82668685913086,-0.0036098097916692495
2025-04-13 10:29:58,2b28acec,1,Proximity Alert,0.0,0.0,1.0,0.0,0.15010468661785126,-0.0002514074505484132,-0.0006385838601361581,-0.005314597859978676,-0.0008987209293991327,-8.449217148154275e-08,9.8100004196167,0.0,0.0,0.0,5024,True,None,Red,Driving,vehicle.ford.mustang,-71.08683013916016,27.986549377441406,-0.005314597859978676
2025-04-13 10:29:58,aeb90d02,1,Proximity Alert,20.327650553722474,0.4679088294506073,0.0,-0.03327453136444092,51.20022964477539,-0.0011054172151006014,-0.0008845684668696034,-0.007126426324248314,0.09396395087242126,-0.3662298023700714,9.80965805053711,0.0002793378662317991,-0.00016502552898600698,-0.08712652325630188,4840,True,None,None,Driving,vehicle.chevrolet.impala,-98.46971130371094,123.05448150634766,-0.007126426324248314
2025-04-13 10:29:58,e7d42dde,1,Proximity Alert,1.2017051095675088e-06,0.0,1.0,-0.0011636738199740648,0.005309456028044224,-0.00021989316775261614,-0.0006405794233478058,-0.004500198177993298,-2.0900488379993476e-05,-8.432108344891276e-09,9.8100004196167,2.5336165165867897e-08,-9.717993076918674e-10,-7.019407841438174e-13,5280,True,None,Red,Driving,vehicle.lincoln.mkz_2020,-71.30897521972656,24.478395462036133,-0.004500198177993298
2025-04-13 10:29:58,a44255fb,1,Proximity Alert,16.592469863923707,0.8500000238418579,0.0,-0.05310084670782089,66.09843444824219,-0.0009593662086615495,-0.0009368536348567253,0.039025723934173584,0.3603701889514923,-0.4282684922218323,9.798579216003418,0.0019006957300007343,-0.005066637881100178,-0.10684231668710709,5368,True,None,None,Driving,vehicle.citroen.c3,-104.29006958007812,106.79615783691406,0.039025723934173584
2025-04-13 10:29:58,f80b4529,1,Proximity Alert,19.04594288654452,0.8500000238418579,0.0,-0.00043982735951431096,-89.57012939453125,-0.0006001962200912203,0.000982829788320201,-0.031160257756710052,-1.990584135055542,-0.002975940704345703,9.887003898620605,0.000741142313927412,-0.006462776102125645,-0.0007975253975018859,5516,True,None,None,Driving,vehicle.dodge.charger_police,109.40811157226562,66.81353759765625,-0.031160257756710052
2025-04-13 10:29:58,a70c33c0,1,Proximity Alert,20.040010263857585,0.24388545751571655,0.0,0.00017573311924934387,-89.60948181152344,-0.0005349012369038064,0.000951855826332963,0.0016723250737413764,-0.5451859831809998,0.008556723594665527,9.81436538696289,0.00010835379362106323,0.004654604941606522,-0.006848106160759926,5588,True,None,None,Driving,vehicle.nissan.patrol,105.9601058959961,59.5449333190918,0.0016723250737413764
2025-04-13 10:29:58,a7402aed,1,Proximity Alert,8.908518313462405,0.0,1.0,0.22222600877285004,-64.84553527832031,-0.00031398234200707975,-0.0009128101034607236,0.011382751166820526,-5.1993184089660645,0.7585530281066895,9.819490432739258,0.004425795748829842,0.021235674619674683,0.2293049842119217,5376,True,None,None,Driving,vehicle.jeep.wrangler_rubicon,-101.61355590820312,34.952354431152344,0.011382751166820526
2025-04-13 10:29:58,b0233fcc,1,Proximity Alert,22.172851315153395,0.7042322754859924,0.0,-0.0008640846936032176,-89.35778045654297,-0.0002385714769701508,-0.0009615449686869234,0.04268817976117134,11.108329772949219,0.06052207946777344,9.792877197265625,-4.3915119022130966e-05,-0.0054795145988464355,-0.005829817149788141,5592,True,None,None,Driving,vehicle.mini.cooper_s,-107.04228973388672,26.87503433227539,0.04271823912858963
2025-04-13 10:29:58,745549c1,1,"Lane Violation, Proximity Alert",20.05163475467044,0.5164328217506409,0.0,-0.16840046644210815,-101.67008209228516,0.0003641727751784174,0.0009468105474297299,0.1417660117149353,-0.10232460498809814,-1.4124934673309326,9.802989959716797,0.009654215537011623,0.0009153634309768677,-0.310263067483902,4828,True,None,None,Driving,vehicle.mercedes.coupe,105.39846801757812,-40.539527893066406,0.1417660117149353
2025-04-13 10:29:59,2d359ce4,1,Proximity Alert,20.0597421452139,0.5636791586875916,0.0,-0.07610037922859192,167.92044067382812,0.0006049399405156919,-0.0007144164272910607,-0.007362060248851776,0.14534662663936615,-0.7324409484863281,9.79448127746582,0.0014176242984831333,-0.00100467330776155,-0.25527969002723694,6096,True,None,None,Driving,vehicle.audi.a2,-79.52847290039062,-67.34160614013672,-0.007362060248851776
2025-04-13 10:29:59,d22ba8ea,1,Proximity Alert,17.464710279026257,0.8500000238418579,0.0,-0.00017573311924934387,179.99237060546875,-0.0005951520377607267,5.897506714263402e-05,-0.019549941644072533,4.821775913238525,0.03553204983472824,9.735791206359863,0.0006610664422623813,-0.015723370015621185,0.0019427393563091755,5868,True,None,None,Driving,vehicle.nissan.micra,6.815473556518555,66.2520751953125,-0.01940746232867241
2025-04-13 10:29:59,8a40c8cc,1,Proximity Alert,19.39389792085982,0.8500000238418579,0.0,0.0006155604496598244,89.8213882446289,-0.00017777406712582433,-0.0004379357259500256,-0.010899352841079235,0.7317686676979065,-0.23322558403015137,9.803338050842285,-8.481880649924278e-05,-0.002268217271193862,0.06868505477905273,5272,True,None,None,Driving,vehicle.audi.tt,-48.751800537109375,19.518877029418945,-0.010859260335564613
2025-04-13 10:29:59,d2a94478,1,Proximity Alert,23.585602139440482,0.0,0.699999988079071,-0.000870533986017108,0.31371763348579407,-0.0012322752582178964,-5.006804924950142e-05,-0.0008517456008121371,-3.0493481159210205,0.03999442234635353,9.813034057617188,0.0005199087900109589,0.015997478738427162,0.017425285652279854,5624,True,None,None,Driving,vehicle.mercedes.coupe_2020,-5.573549747467041,137.17625427246094,-0.0008517456008121371
2025-04-13 10:29:59,f06780bc,1,Proximity Alert,20.42148360559921,0.5295215845108032,0.0,-0.0006155604496598244,89.84513854980469,-0.000338971567643398,-0.0004689184948154685,0.0676218792796135,0.446325421333313,0.1511872112751007,9.803322792053223,-0.00012357207015156746,-0.005497507750988007,-0.04391177371144295,5528,True,None,None,Driving,vehicle.bmw.grandtourer,-52.19976806640625,37.7341423034668,0.0676218792796135
2025-04-13 10:29:59,b586c13e,1,Proximity Alert,20.272253545708992,0.42075592279434204,0.0,0.02984566055238247,9.885552406311035,0.0005385827175956592,0.0006508627729705434,-0.029444197192788124,0.01491873525083065,0.22056911885738373,9.81298542022705,0.02341250516474247,-0.00046358603867702186,0.07555362582206726,5416,True,None,None,Driving,vehicle.harley-davidson.low_rider,72.4537124633789,-59.95475387573242,-0.029444197192788124
2025-04-13 10:29:59,52097445,1,Proximity Alert,19.991477448717916,0.5765388011932373,0.0,-0.00017573311924934387,0.3184259831905365,-0.0012363753569246683,0.00045224998715401977,-0.004458617884665728,0.0007065671379677951,3.485409979475662e-05,9.810015678405762,-1.861368764366489e-05,7.438573845774954e-08,-1.2299229638301767e-05,4916,True,None,None,Driving,vehicle.ford.ambulance,50.06657791137695,137.631103515625,-0.004458617884665728
2025-04-13 10:29:59,d11af87e,1,Proximity Alert,19.756247890267378,0.46319878101348877,0.0,0.0,0.3116535246372223,-0.001267569525097656,0.00040969388375085384,0.0028623961843550205,0.3400035798549652,0.0333784818649292,9.815390586853027,0.0002464610442984849,-0.0036886881571263075,0.015089438296854496,4856,True,None,None,Driving,vehicle.micro.microlino,45.32950210571289,141.1035919189453,0.0028693389613181353
2025-04-13 10:29:59,a13f0ba8,1,Proximity Alert,20.523094535359732,0.3006811738014221,0.0,-0.0957755371928215,-11.58769416809082,-0.0012236275206447544,0.0006681428275131107,-0.0034346389584243298,-0.760861873626709,-0.42936640977859497,9.814800262451172,0.0023406455293297768,0.00018234553863294423,-0.13366790115833282,4872,True,None,None,Driving,vehicle.carlamotors.firetruck,74.3773193359375,136.21359252929688,-0.0034346389584243298
2025-04-13 10:29:59,50837aa9,1,Proximity Alert,19.982887881756973,0.44662442803382874,0.0,-0.033569496124982834,-0.2469787746667862,-0.0012681359067556741,0.0005445501143680579,-0.0011109542101621628,-0.2525275945663452,-0.061896249651908875,9.820738792419434,0.0072050876915454865,0.0030711640138179064,-0.06725775450468063,4800,True,None,None,Driving,vehicle.carlamotors.carlacola,60.619041442871094,141.16824340820312,-0.0011109542101621628
2025-04-13 10:29:59,f9e35844,1,Proximity Alert,2.6779184853263515e-06,0.0,1.0,0.015044498257339,89.34428405761719,0.0001601398527100173,0.0008932246343729283,-0.0036098097916692495,1.8711087250267155e-05,-2.4994369596242905e-07,9.8100004196167,1.7532160612176995e-08,-1.9949197849200573e-10,-1.4088791765176634e-11,5448,True,None,None,Driving,vehicle.carlamotors.european_hgv,99.43331146240234,-17.82668685913086,-0.0036098097916692495
2025-04-13 10:29:59,2b28acec,1,Proximity Alert,0.0,0.0,1.0,0.0,0.15010468661785126,-0.0002514074505484132,-0.0006385838601361581,-0.005314597859978676,-0.0008987209293991327,-8.449217148154275e-08,9.8100004196167,0.0,0.0,0.0,5644,True,None,Red,Driving,vehicle.ford.mustang,-71.08683013916016,27.986549377441406,-0.005314597859978676
2025-04-13 10:29:59,aeb90d02,1,Proximity Alert,20.05215008079998,0.4667334258556366,0.0,-0.036861568689346313,44.43184280395508,-0.001140481200962995,-0.0008521157717761214,-0.007110977079719305,0.41292279958724976,-0.4311160445213318,9.808131217956543,0.0002668443485163152,-0.0005447338335216045,-0.09172951430082321,5008,True,None,None,Driving,vehicle.chevrolet.impala,-94.85709381103516,126.9577865600586,-0.007110977079719305
2025-04-13 10:29:59,e7d42dde,1,Proximity Alert,2.0599845978186862e-06,0.0,1.0,-0.0011636738199740648,0.005309456028044224,-0.00021989316775261614,-0.0006405794233478058,-0.004500198177993298,-2.0900488379993476e-05,-8.432108344891276e-09,9.8100004196167,-2.5245295631748377e-08,-2.4281578969720385e-09,-7.762840934302795e-13,5160,True,None,Red,Driving,vehicle.lincoln.mkz_2020,-71.30897521972656,24.478395462036133,-0.004500198177993298
2025-04-13 10:29:59,a44255fb,1,Proximity Alert,19.426711998281363,0.7635439038276672,0.0,-0.05759663134813309,62.19142532348633,-0.001000204765205126,-0.000916519409781457,0.03904426470398903,-0.5064694285392761,-0.7656755447387695,9.804121971130371,0.0018082527676597238,0.0007459911284968257,-0.1045820489525795,4976,True,None,None,Driving,vehicle.citroen.c3,-102.02647399902344,111.34228515625,0.03904426470398903
2025-04-13 10:29:59,f80b4529,1,Proximity Alert,20.736060705367635,0.46122151613235474,0.0,-0.000890448922291398,-89.584716796875,-0.0005528218976138533,0.000983169932573366,-0.028853492811322212,3.4116833209991455,-0.006348133087158203,9.811893463134766,0.002180466428399086,0.02156922034919262,-0.0056481375358998775,5524,True,None,None,Driving,vehicle.dodge.charger_police,109.44597625732422,61.539852142333984,-0.028853492811322212
2025-04-13 10:30:00,a70c33c0,1,Proximity Alert,18.487979150017573,0.3031877875328064,0.0,0.0,-89.60601043701172,-0.0004894734401261758,0.0009521665686347665,0.001744346576742828,-0.5434145331382751,-0.0013210773468017578,9.811279296875,-6.825197488069534e-06,0.0028031261172145605,0.006886180955916643,5500,True,None,None,Driving,vehicle.nissan.patrol,105.99469757080078,54.48793411254883,0.001744346576742828
2025-04-13 10:30:00,a7402aed,1,Proximity Alert,0.0950751505168102,0.8500000238418579,0.0,0.1672075241804123,-63.93791580200195,-0.0003128658560171971,-0.0009121888930011855,0.010543250478804111,0.21985283493995667,0.014432288706302643,9.806214332580566,-0.0010435180738568306,0.006547773256897926,-0.003374096006155014,5468,True,None,None,Driving,vehicle.jeep.wrangler_rubicon,-101.54440307617188,34.828067779541016,0.010543250478804111
2025-04-13 10:30:00,b0233fcc,1,Proximity Alert,12.465284711286044,0.8500000238418579,0.0,0.0,-89.32131958007812,-0.00019954405321698232,-0.0009611417712979711,0.04259338229894638,2.9974095821380615,-0.00047326087951660156,9.80989933013916,-3.5096658393740654e-05,-0.003300091717392206,0.0035248370841145515,5492,True,None,None,Driving,vehicle.mini.cooper_s,-106.99381256103516,22.21314239501953,0.04259338229894638
2025-04-13 10:30:00,745549c1,1,"Lane Violation, Proximity Alert",20.33448604108824,0.4235222637653351,0.0,-0.11346735060214996,-115.43912506103516,0.0004086308901207758,0.0009291996009963139,0.14171592891216278,0.14576029777526855,-0.9742465019226074,9.807973861694336,0.0006537508452311158,-0.00018418446416035295,-0.22785839438438416,5472,True,None,None,Driving,vehicle.mercedes.coupe,103.43802642822266,-45.488582611083984,0.14171592891216278
2025-04-13 10:30:00,2d359ce4,1,Proximity Alert,20.07585949582234,0.46208456158638,0.0,-0.13216647505760193,160.9302520751953,0.0005913557592407415,-0.0007600971905205766,-0.00738460524007678,-0.48259401321411133,-3.1712117195129395,9.810867309570312,-0.04939254745841026,0.005313284695148468,-0.18754975497722626,4972,True,None,None,Driving,vehicle.audi.a2,-84.61363220214844,-65.82942199707031,-0.00738460524007678
2025-04-13 10:30:00,d22ba8ea,1,Proximity Alert,15.430131993824588,0.8500000238418579,0.0,0.0006155604496598244,-179.95999145507812,-0.0005951267479673561,1.3096037782476327e-05,-0.01783187873661518,-1.9283303022384644,0.00669636158272624,9.784031867980957,6.338662933558226e-05,-0.008628454059362411,0.0012883886229246855,5788,True,None,None,Driving,vehicle.nissan.micra,1.6697033643722534,66.2494125366211,-0.017705725505948067
2025-04-13 10:30:00,8a40c8cc,1,Proximity Alert,20.834733333032197,0.17721527814865112,0.0,-0.0011190581135451794,89.86286926269531,-0.00022581961421508367,-0.000437802046448555,-0.01103233266621828,-0.3288552165031433,0.21141411364078522,9.81790542602539,-0.00013059761840850115,0.0016892588464543223,-0.07128304988145828,5280,True,None,None,Driving,vehicle.audi.tt,-48.73646545410156,24.84953498840332,-0.011061439290642738
2025-04-13 10:30:00,d2a94478,1,Proximity Alert,19.522379790005278,0.8500000238418579,0.0,0.0006948008667677641,0.4194551408290863,-0.001232617390016344,-9.348468686834602e-07,-0.0008696746663190424,10.498339653015137,0.017502227798104286,9.837424278259277,-5.6834769566194154e-06,-0.03420491889119148,0.001907892758026719,5460,True,None,None,Driving,vehicle.mercedes.coupe_2020,-0.40007269382476807,137.21209716796875,-0.0009683990501798689
2025-04-13 10:30:00,f06780bc,1,Proximity Alert,19.929211472619123,0.40621599555015564,0.0,0.00017573311924934387,89.87276458740234,-0.0003891388013528285,-0.0004687790582885565,0.06778350472450256,-0.4667782187461853,-0.15855485200881958,9.824533462524414,6.722984835505486e-05,0.0068066976964473724,0.04416584223508835,5676,True,None,None,Driving,vehicle.bmw.grandtourer,-52.18482208251953,43.03932189941406,0.06779960542917252
2025-04-13 10:30:00,b586c13e,1,Proximity Alert,20.274666912687632,0.41627320647239685,0.0,0.07764580845832825,18.346792221069336,0.000525207776789216,0.0006995929092115591,-0.02942989207804203,-0.0429990291595459,0.7594925165176392,9.817590713500977,-0.011192703619599342,-0.0022374398540705442,0.17424380779266357,5408,True,None,None,Driving,vehicle.harley-davidson.low_rider,77.61334991455078,-58.561317443847656,-0.029429549351334572
2025-04-13 10:30:00,52097445,1,Proximity Alert,19.9914860349821,0.5765337944030762,0.0,0.0,0.32537123560905457,-0.001236629625523733,0.0004971468696872682,-0.004458846990019083,-0.0005434126360341907,3.1350733479484916e-05,9.8100004196167,-1.211774542753119e-05,1.2564814078075415e-08,-2.5358747279824456e-06,5684,True,None,None,Driving,vehicle.ford.ambulance,55.34213638305664,137.66098022460938,-0.004458846990019083
2025-04-13 10:30:00,d11af87e,1,Proximity Alert,20.246387790201865,0.6709414720535278,0.0,0.000870533986017108,0.31898802518844604,-0.0012678232454419458,0.0004545857288868411,0.002894439734518528,0.6182452440261841,0.03183143958449364,9.812923431396484,0.00031104517984203994,-0.006988838315010071,0.015255204401910305,5556,True,None,None,Driving,vehicle.micro.microlino,50.604251861572266,141.13343811035156,0.002894439734518528
2025-04-13 10:30:00,a13f0ba8,1,"Lane Violation, Proximity Alert",20.689152114339507,0.22335284948349,0.0,-0.10232149064540863,-19.33212661743164,-0.0012071446085286652,0.0007166311001495688,-0.0034648512955754995,-0.1852760761976242,-0.4348418116569519,9.812090873718262,0.0031682990957051516,0.00025637479848228395,-0.1192241907119751,5384,True,None,None,Driving,vehicle.carlamotors.firetruck,79.51052856445312,134.4873504638672,-0.0034537124447524548
2025-04-13 10:30:01,50837aa9,1,Proximity Alert,19.888011652700907,0.45187175273895264,0.0,-0.0404207780957222,-2.791534662246704,-0.0012663612351246911,0.0005949064046882289,-0.0009838485857471824,0.15515947341918945,-0.3619697093963623,9.782722473144531,0.01946604996919632,0.0024693019222468138,-0.07964205741882324,5480,True,None,None,Driving,vehicle.carlamotors.carlacola,65.94717407226562,140.98899841308594,-0.0012465285835787654
2025-04-13 10:30:01,f9e35844,1,Proximity Alert,1.0299770995165496e-07,0.0,1.0,0.015044498257339,89.34428405761719,0.0001601398527100173,0.0008932246343729283,-0.0036098097916692495,1.8711087250267155e-05,-2.4994369596242905e-07,9.8100004196167,-7.26569782116826e-09,5.816346071441103e-09,1.1131899438701631e-12,5704,True,None,None,Driving,vehicle.carlamotors.european_hgv,99.43331146240234,-17.82668685913086,-0.0036098097916692495
2025-04-13 10:30:01,2b28acec,1,Proximity Alert,0.0,0.0,1.0,0.0,0.15010468661785126,-0.0002514074505484132,-0.0006385838601361581,-0.005314597859978676,-0.0008987209293991327,-8.449217148154275e-08,9.8100004196167,0.0,0.0,0.0,5048,True,None,Red,Driving,vehicle.ford.mustang,-71.08683013916016,27.986549377441406,-0.005314597859978676
2025-04-13 10:30:01,aeb90d02,1,Proximity Alert,20.34774404058606,0.45501232147216797,0.0,-0.041884154081344604,37.84101104736328,-0.0011716300668780377,-0.0008158058011008576,-0.007128371857106686,0.089057058095932,-0.4834190011024475,9.809874534606934,0.00035667282645590603,-0.00012763139966409653,-0.11066446453332901,4908,True,None,None,Driving,vehicle.chevrolet.impala,-90.8150863647461,130.42526245117188,-0.007128371857106686
2025-04-13 10:30:01,e7d42dde,1,Proximity Alert,2.6436273578528504e-06,0.0,1.0,-0.0011636738199740648,0.005309456028044224,-0.00021989316775261614,-0.0006405794233478058,-0.004500198177993298,-2.0900488379993476e-05,-8.432108344891276e-09,9.8100004196167,-2.5247555157648094e-08,-7.7730311076607e-09,-6.970566701972047e-13,5428,True,None,Red,Driving,vehicle.lincoln.mkz_2020,-71.30897521972656,24.478395462036133,-0.004500198177993298
2025-04-13 10:30:01,a44255fb,1,Proximity Alert,22.52501477171735,0.0,0.014329880475997925,-0.07526915520429611,57.443336486816406,-0.0010409723869742038,-0.0008923414107197873,0.03860221803188324,8.533682823181152,-1.111490249633789,9.754496574401855,0.00048135314136743546,-0.009587766602635384,-0.2165430188179016,5044,True,None,None,Driving,vehicle.citroen.c3,-99.33499145507812,115.8805160522461,0.03860221803188324
2025-04-13 10:30:01,f80b4529,1,Proximity Alert,18.811848527829845,0.21242590248584747,0.0,0.0007912935689091682,-89.591796875,-0.0005073756646396532,0.0009834791670827918,-0.02975490503013134,-0.5235292911529541,-0.20665928721427917,9.79358959197998,-0.0023162500001490116,-0.005466662347316742,0.05711454153060913,5204,True,None,None,Driving,vehicle.dodge.charger_police,109.48040008544922,56.48080062866211,-0.02975490503013134
2025-04-13 10:30:01,a70c33c0,1,"Red Light Violation, Proximity Alert",13.325864147263857,0.0,1.0,-0.0066964286379516125,-89.32244110107422,-0.0004488274355338717,0.0009524427687839212,0.002715797396376729,-6.477359294891357,0.007809162139892578,9.845170021057129,-0.0003053322434425354,0.04562697559595108,-0.010417340323328972,5304,True,None,Red,Driving,vehicle.nissan.patrol,106.02544403076172,49.96324157714844,0.002715797396376729
2025-04-13 10:30:01,a7402aed,1,Proximity Alert,11.071994897376618,0.8500000238418579,0.0,0.1611654907464981,-58.71701431274414,-0.00030235188270921753,-0.0009053378271178205,0.009392241947352886,4.843784809112549,0.6543318033218384,9.779136657714844,-2.6679830625653267e-05,-0.003772723488509655,0.23254714906215668,5236,True,None,None,Driving,vehicle.jeep.wrangler_rubicon,-100.87516021728516,33.788448333740234,0.009444351308047771
2025-04-13 10:30:01,b0233fcc,1,Proximity Alert,13.73133166780031,0.8500000238418579,0.0,-0.0011148579651489854,-89.29598999023438,-0.00016338731195730816,-0.0009607294586187366,0.0426039882004261,-0.9981805086135864,-0.01276463270187378,9.80815601348877,-4.042382352054119e-05,-0.001350155915133655,0.0056724827736616135,5308,True,None,None,Driving,vehicle.mini.cooper_s,-106.94791412353516,18.18819236755371,0.0426039882004261
2025-04-13 10:30:01,745549c1,1,Proximity Alert,20.12800137040798,0.5267910361289978,0.0,-0.100521519780159,-124.28905487060547,0.0004471050226158013,0.0009051902005368579,0.14175009727478027,-0.14555644989013672,-1.1049690246582031,9.802483558654785,-0.0017031703609973192,-0.00041460362263023853,-0.19605258107185364,5156,True,None,None,Driving,vehicle.mercedes.coupe,100.76531219482422,-49.77150344848633,0.14175009727478027
2025-04-13 10:30:01,2d359ce4,1,Proximity Alert,20.107419273700923,0.5070644617080688,0.0,-0.02950785495340824,153.98524475097656,0.0005741034275104084,-0.0007990370937823209,-0.007416305597871542,0.01254848949611187,-0.06157629191875458,9.809269905090332,0.007641224190592766,5.894433706998825e-05,-0.1527426689863205,6320,True,None,None,Driving,vehicle.audi.a2,-88.94840240478516,-63.90890121459961,-0.007416305597871542
2025-04-13 10:30:01,d22ba8ea,1,Proximity Alert,19.006101954944835,0.8500000238418579,0.0,0.0,-179.94577026367188,-0.0005950939192160831,-2.0949376522539515e-05,-0.019689902663230896,4.599244594573975,0.003173818811774254,9.77335262298584,-3.180524072377011e-05,-0.011127783916890621,-0.0002892164920922369,5800,True,None,None,Driving,vehicle.nissan.micra,-2.332073926925659,66.24555206298828,-0.019689902663230896
2025-04-13 10:30:01,8a40c8cc,1,Proximity Alert,19.794383036151533,0.5595924258232117,0.0,-0.00017573311924934387,89.86036682128906,-0.00027102007703661,-0.0004376752205488004,-0.010868797078728676,-1.1177332401275635,0.2302612066268921,9.804476737976074,-2.310186391696334e-05,0.0005817682249471545,-0.07129082083702087,5248,True,None,None,Driving,vehicle.audi.tt,-48.72223663330078,29.89640998840332,-0.010888176038861275
2025-04-13 10:30:01,d2a94478,1,Proximity Alert,19.089747941101677,0.8500000238418579,0.0,0.00017573311924934387,0.7775113582611084,-0.0012331843199575587,4.525580993861647e-05,-0.0008862304384820163,1.7123692035675049,-0.002963491715490818,9.72903823852539,-0.000105227307358291,0.0010744140017777681,0.000152691311086528,5448,True,None,None,Driving,vehicle.mercedes.coupe_2020,4.7722954750061035,137.2738494873047,-0.000983657781034708
2025-04-13 10:30:01,f06780bc,1,Proximity Alert,19.802357305637134,0.4759480059146881,0.0,0.00017573311924934387,89.86864471435547,-0.00043172581452211034,-0.00046865627601381436,0.06784477084875107,-0.5440120697021484,-0.1537553071975708,9.825569152832031,3.3993273973464966e-05,0.0064260512590408325,0.044272612780332565,5172,True,None,None,Driving,vehicle.bmw.grandtourer,-52.17057800292969,48.05949783325195,0.06784477084875107
2025-04-13 10:30:01,b586c13e,1,Proximity Alert,20.262691684008306,0.41989216208457947,0.0,0.06955240666866302,26.15116310119629,0.000508273486460098,0.0007390693124156319,-0.029428405687212944,-0.04791075736284256,0.7681264281272888,9.81753921508789,-0.011592737399041653,-0.0022772494703531265,0.17654944956302643,5292,True,None,None,Driving,vehicle.harley-davidson.low_rider,82.27281951904297,-56.580745697021484,-0.029428405687212944
2025-04-13 10:30:02,52097445,1,Proximity Alert,19.987534952840907,0.581800639629364,0.0,-0.03315620869398117,-0.1359252780675888,-0.0012367046039400975,0.0005445344196201282,-0.004458617884665728,0.02762293629348278,-0.14554928243160248,9.81021499633789,-0.002411050023511052,-4.1329334635520354e-05,-0.04988474026322365,4824,True,None,None,Driving,vehicle.ford.ambulance,60.33966827392578,137.67405700683594,-0.004460296593606472
2025-04-13 10:30:02,d11af87e,1,Proximity Alert,20.17004222085458,0.7229881286621094,0.0,0.0006155604496598244,0.312020480632782,-0.0012680891651939419,0.0005019370918026406,0.0028865814674645662,0.6573350429534912,0.02169807069003582,9.814743995666504,0.0002529586781747639,-0.00693093053996563,0.015343130566179752,5372,True,None,None,Driving,vehicle.micro.microlino,55.5981330871582,141.1615447998047,0.0028807830531150103
2025-04-13 10:30:02,a13f0ba8,1,Proximity Alert,20.44269065989234,0.28978559374809265,0.0,-0.10686331242322922,-27.138010025024414,-0.001187527681409506,0.0007554417444829494,-0.0034340284764766693,-0.36553022265434265,-0.40795809030532837,9.811792373657227,0.002625830704346299,0.0003967111115343869,-0.14602570235729218,5148,True,None,None,Driving,vehicle.carlamotors.firetruck,84.09539031982422,132.19497680664062,-0.0034340284764766693
2025-04-13 10:30:02,50837aa9,1,Proximity Alert,19.97931557673188,0.6458906531333923,0.0,-0.0734008252620697,-8.181558609008789,-0.001261623203205886,0.0006373031961195064,-0.0010718917474150658,-0.017508579418063164,-0.39009806513786316,9.79010009765625,-0.019245443865656853,0.004607873503118753,-0.1551959216594696,5088,True,None,None,Driving,vehicle.carlamotors.carlacola,70.94426727294922,140.44325256347656,-0.0010718917474150658
2025-04-13 10:30:02,f9e35844,1,Proximity Alert,6.17981470802032e-07,0.0,1.0,0.015044498257339,89.34428405761719,0.0001601398527100173,0.0008932246343729283,-0.0036098097916692495,1.8711087250267155e-05,-2.4994369596242905e-07,9.8100004196167,4.730775771122353e-09,1.1800782573345714e-11,4.2071028735421456e-13,5388,True,None,None,Driving,vehicle.carlamotors.european_hgv,99.43331146240234,-17.82668685913086,-0.0036098097916692495
2025-04-13 10:30:02,2b28acec,1,Proximity Alert,0.0,0.0,1.0,0.0,0.15010468661785126,-0.0002514074505484132,-0.0006385838601361581,-0.005314597859978676,-0.0008987209293991327,-8.449217148154275e-08,9.8100004196167,0.0,0.0,0.0,5556,True,None,Red,Driving,vehicle.ford.mustang,-71.08683013916016,27.986549377441406,-0.005314597859978676
2025-04-13 10:30:02,aeb90d02,1,Proximity Alert,20.053685267158087,0.44217830896377563,0.0,-0.06148038059473038,32.05656051635742,-0.0011958264335731883,-0.0007805734222234005,-0.007111511193215847,-0.21214550733566284,-0.6203334927558899,9.810303688049316,0.001006603124551475,0.0003913064720109105,-0.12978264689445496,4956,True,None,None,Driving,vehicle.chevrolet.impala,-86.89303588867188,133.11878967285156,-0.007111511193215847
2025-04-13 10:30:02,e7d42dde,1,Proximity Alert,0.0,0.0,1.0,-0.0011636738199740648,0.005309456028044224,-0.00021989316775261614,-0.0006405794233478058,-0.004500198177993298,-2.0900488379993476e-05,-8.432108344891276e-09,9.8100004196167,0.0,0.0,0.0,5096,True,None,Red,Driving,vehicle.lincoln.mkz_2020,-71.30897521972656,24.478395462036133,-0.004500198177993298
2025-04-13 10:30:02,a44255fb,1,Proximity Alert,16.92652208528342,0.8500000238418579,0.0,-0.05617174878716469,53.24399185180664,-0.0010745590104619396,-0.0008682470255990529,0.03886096924543381,2.213989019393921,-0.3824484348297119,9.813056945800781,0.001954291481524706,-0.005235609132796526,-0.10675326734781265,5012,True,None,None,Driving,vehicle.citroen.c3,-96.65281677246094,119.6193618774414,0.03886096924543381
2025-04-13 10:30:02,f80b4529,1,Proximity Alert,17.29686128377716,0.4009014666080475,0.0,-0.0005661552422679961,-89.5765380859375,-0.00046895122076762163,0.0009837461834056472,-0.030539359897375107,-0.8292041420936584,0.0007231831550598145,9.829639434814453,-0.000245387083850801,-0.0011402179952710867,-0.0010972857708111405,5792,True,None,None,Driving,vehicle.dodge.charger_police,109.51012420654297,52.20341110229492,-0.030539359897375107
2025-04-13 10:30:02,a70c33c0,1,Proximity Alert,0.002676465517761576,0.0,1.0,-0.002632195595651865,-89.51138305664062,-0.0004438935276596112,0.0009524932112925511,0.0008592986850999296,-0.05822795256972313,-0.004495583474636078,9.852553367614746,0.00017863977700471878,0.003409242955967784,8.998679277283372e-07,5612,True,None,Red,Driving,vehicle.nissan.patrol,106.03105926513672,49.41400146484375,0.0008592986850999296
2025-04-13 10:30:02,a7402aed,1,Proximity Alert,11.389631275946675,0.4800291657447815,0.0,0.12799379229545593,-47.17838668823242,-0.00028449249320772196,-0.0008898241513455178,0.010714530944824219,-0.9691152572631836,0.3488646149635315,9.81714916229248,-0.0069555556401610374,0.005276476964354515,0.19796469807624817,5424,True,None,None,Driving,vehicle.jeep.wrangler_rubicon,-99.05477142333984,31.669559478759766,0.010714530944824219
2025-04-13 10:30:02,b0233fcc,1,Proximity Alert,20.483355186108714,0.6937985420227051,0.0,-0.0003670363512355834,-89.31352996826172,-0.00012554946783893683,-0.0009602886349563635,0.04276515915989876,2.1835265159606934,-0.08116841316223145,9.810065269470215,4.340149462223053e-05,-0.00124623894225806,0.04949769377708435,5388,True,None,None,Driving,vehicle.mini.cooper_s,-106.89884185791016,13.976102828979492,0.04276515915989876
2025-04-13 10:30:02,745549c1,1,Proximity Alert,20.286992641297033,0.38818812370300293,0.0,-0.04274206608533859,-130.95742797851562,0.00048023666975893775,0.0008780026478896585,0.14170250296592712,0.1748567819595337,-0.2989201843738556,9.813209533691406,0.0027238966431468725,0.000556091545149684,-0.08324846625328064,4768,True,None,None,Driving,vehicle.mercedes.coupe,97.73880767822266,-53.45970153808594,0.14170250296592712
