Event_ID,Timestamp,Vehicle_ID,Violation_Type,Details,Speed_KPH,Throttle,Brake,Steer,Heading,Latitude,Longitude,Altitude,Accel_X,Accel_Y,Accel_Z,Gyro_X,Gyro_Y,Gyro_Z,LiDAR_Points,Proximity_Alert,Collision_Partner,Traffic_Light_State,Lane_Type
445251fd,2025-04-05 13:14:26,d50f0bc2,Wrong Way Driving,Vehicle moving opposite to lane direction,23.50336079512823,0.0,0.699999988079071,-0.07639571279287338,-53.13319396972656,-0.00014068825159085918,-0.00043513226016809586,-0.010722541250288486,5.174517631530762,-0.7407225370407104,9.998031616210938,0.02269117720425129,-0.009658236987888813,-0.2686009705066681,5200,True,None,None,Driving
243af0ed,2025-04-05 13:14:30,1e364834,Wrong Way Driving,Vehicle moving opposite to lane direction,17.29447447378706,0.8500000238418579,0.0,-0.11397074908018112,127.16046905517578,-0.0002152550441820722,-0.0009625025539186829,-0.0014995955862104893,0.4070846438407898,-1.1133840084075928,9.858739852905273,0.004256465472280979,-0.012704972177743912,-0.21106316149234772,5124,True,None,None,Driving
ee90905a,2025-04-05 13:15:16,d50f0bc2,Wrong Way Driving,Vehicle moving opposite to lane direction,21.518204944620194,0.4768630862236023,0.0,-0.12393129616975784,-110.98056030273438,0.0004952348518685312,-0.0004211887102809201,-0.009207190945744514,7.971588134765625,-1.946706771850586,9.294954299926758,-0.01648564264178276,-0.036594003438949585,-0.3535230755805969,5576,True,None,None,Driving
8e870789,2025-04-05 13:15:18,63e3963f,Red Light Violation,Approaching red light at 16.88 km/h,16.877395640900822,0.2852921187877655,0.0,0.0,-90.16046142578125,-0.0004531617903182905,-0.000405718383539471,0.010770415887236595,-0.5734803676605225,-0.0028583407402038574,9.812253952026367,5.132518708705902e-06,0.0008807028061710298,-3.2647792977513745e-05,5716,True,None,Red,Driving
c9f6d1d6,2025-04-05 13:15:32,c172f149,Red Light Violation,Approaching red light at 16.27 km/h,16.2742448056716,0.0,1.0,0.0046902927570044994,90.2198715209961,0.00010819590841038007,0.0008932702793603568,-0.003922996576875448,-5.788456916809082,-0.04300117492675781,9.86745834350586,0.0001935386098921299,0.007391728460788727,0.0402463860809803,5640,True,None,Red,Driving
af522b52,2025-04-05 13:15:35,b6093298,Red Light Violation,Approaching red light at 14.03 km/h,13.13772830002307,0.0,1.0,0.0,0.162699356675148,-0.00022365019225389915,0.0006866918949494126,-0.018422087654471397,-4.8194732666015625,-0.0013502603396773338,9.818805694580078,3.30231232510414e-05,0.021731335669755936,0.00026800433988682926,5348,True,None,Red,Driving
81ec2865,2025-04-05 13:15:45,b3dac1b7,Red Light Violation,Approaching red light at 11.70 km/h,11.699616937224757,0.0,1.0,0.0,-89.41045379638672,-0.0004607970110583892,-0.0009640034926944868,0.04269450902938843,-5.960284233093262,-0.008728504180908203,9.805724143981934,3.141234628856182e-06,0.0014509715838357806,-0.0009016369585879147,5444,True,None,Red,Driving
b763b17b,2025-04-05 13:16:08,d50f0bc2,Red Light Violation,Approaching red light at 16.28 km/h,16.28040783870081,0.8500000238418579,0.0,-0.002892118413001299,91.0019302368164,9.01509490773833e-05,-0.0010204429713617622,-0.0066375732421875,1.129652738571167,-0.03103482723236084,9.707655906677246,0.0004596170037984848,-0.02204853855073452,-0.005962881725281477,5124,True,None,Red,Driving
504e6f6b,2025-04-05 13:16:12,358d2439,Red Light Violation,Approaching red light at 15.26 km/h,15.255399264785384,0.0,1.0,0.0,-89.60678100585938,-0.00045428595234398017,0.0009838476852470613,-0.031080054119229317,-4.802534580230713,-0.003402233123779297,9.722158432006836,-0.002642180770635605,-0.022674275562167168,5.634633998852223e-05,5692,True,None,Red,Driving
5615fca3,2025-04-05 13:16:46,0f1e11a9,Red Light Violation,Approaching red light at 11.73 km/h,11.72588425003857,0.0,1.0,-0.0010773526737466455,-89.5635986328125,-0.00044474070136857335,0.0009524721707352829,-0.002867851173505187,-2.58791446685791,-0.0002982616424560547,9.803417205810547,-1.602455449756235e-05,-0.00013068877160549164,-0.0007076667970977724,5672,True,None,Red,Driving
6af503c5,2025-04-05 13:16:47,6bae3944,Red Light Violation,Approaching red light at 13.50 km/h,13.502022057141872,0.0,1.0,-0.0008176579140126705,89.89678955078125,8.372633143949315e-05,-0.00047008720524808936,0.0679003894329071,-4.721882343292236,-0.014841556549072266,9.910745620727539,-8.853152394294739e-05,0.026525229215621948,0.007128727622330189,5212,True,None,Red,Driving
d7379321,2025-04-05 13:16:55,91dc3726,Red Light Violation,Approaching red light at 17.47 km/h,17.469948346911412,0.0,0.032767608761787415,0.00017573311924934387,-89.6065902709961,-0.0004608757932089702,0.000983805672668542,-0.0013737105764448643,-0.7447929382324219,0.015073239803314209,9.860602378845215,0.00028326455503702164,0.0080186752602458,6.84055412421003e-05,5548,True,None,Red,Driving
c9ffd76f,2025-04-05 13:17:26,c172f149,Red Light Violation,Approaching red light at 16.43 km/h,16.434399805277224,0.0,1.0,-0.0006155604496598244,-179.63919067382812,-0.0011687012487300308,-0.00016234028720864193,-0.0034614179749041796,-5.736219882965088,-0.023905187845230103,9.83041000366211,-6.808385660406202e-05,0.006481863558292389,-0.00035076207132078707,6048,True,None,Red,Driving
d7711dc6,2025-04-05 13:17:48,b3dac1b7,Red Light Violation,Approaching red light at 15.42 km/h,15.418273306322767,0.0,1.0,0.015740469098091125,-5.455996513366699,0.0005507265459527844,-0.0006488190974748493,0.04262783005833626,-2.691390037536621,0.03442757576704025,9.812503814697266,-3.155378362862393e-05,0.0014169582864269614,0.03297144174575806,5600,True,None,Red,Driving
b9a4570b,2025-04-05 13:17:57,358d2439,Red Light Violation,Approaching red light at 12.63 km/h,12.630780191558827,0.0,1.0,0.0015981531469151378,-179.47291564941406,0.0006128582492692658,-0.00019714923343808034,-0.03297407180070877,-6.4218645095825195,-0.006224095821380615,9.895303726196289,-0.00033590488601475954,-0.020309608429670334,0.002190270693972707,5168,True,None,Red,Driving
081636d7,2025-04-05 13:18:24,6bae3944,Red Light Violation,Approaching red light at 15.24 km/h,15.235996028265168,0.0,1.0,0.00017573311924934387,-179.79449462890625,-0.00011643836681685116,-0.0007293043692266926,0.06708221137523651,-5.0638251304626465,0.008815666660666466,9.900835990905762,0.00017005778499878943,0.032728709280490875,-0.00011262285261182114,5392,True,None,Red,Driving
eb4c8ef3,2025-04-05 13:18:37,7d69e2ca,Wrong Way Driving,Vehicle moving opposite to lane direction,20.693965507873163,0.2083876132965088,0.0,-0.10917854309082031,-120.58195495605469,-0.00021876273467569263,0.0009225054825922456,-0.005228614900261164,1.3387442827224731,-1.1683237552642822,9.81125545501709,0.0018289722502231598,-0.00017395894974470139,-0.260485976934433,5188,True,None,None,Driving
9e87da9e,2025-04-05 13:19:07,0f1e11a9,Red Light Violation,Approaching red light at 17.35 km/h,17.345679445284883,0.0,1.0,0.07226259261369705,174.84671020507812,-0.00014651684577415836,-0.00017987192033619938,-0.003509635804221034,-0.7116509079933167,0.17650535702705383,9.81179141998291,0.003995394334197044,0.00044970615999773145,0.08259429782629013,5740,True,None,Red,Driving
6ec19b9c,2025-04-05 13:19:46,740f5fcd,Red Light Violation,Approaching red light at 14.14 km/h,14.139826123266916,0.0,1.0,0.0,-179.40379333496094,0.0005813808902246365,-0.0001935363230254825,-0.0050600431859493256,-4.5469770431518555,0.0022031888365745544,9.77980899810791,1.896852336358279e-05,0.00941815972328186,4.649871243600501e-07,5348,True,None,Red,Driving
79d81c6c,2025-04-05 13:19:57,0f1e11a9,Wrong Way Driving,Vehicle moving opposite to lane direction,20.650328412077496,0.29595625400543213,0.0,-0.23242191970348358,129.8089599609375,-0.000214211017905086,-0.00040445776630783863,-0.0033448408357799053,-0.26584458351135254,-1.7519875764846802,9.803317070007324,0.0018671035068109632,0.0018621254712343216,-0.3535434603691101,5336,True,None,None,Driving
4619121f,2025-04-05 13:19:57,31d93c4f,Wrong Way Driving,Vehicle moving opposite to lane direction,21.861214237723935,0.0,0.699999988079071,-0.13116608560085297,-118.10005950927734,-0.00022661684231195522,0.0009261847701374628,-0.0053009032271802425,-1.8468527793884277,-2.4114980697631836,9.890240669250488,-0.020743271335959435,0.027074668556451797,-0.24110333621501923,5084,True,None,None,Driving
e3a0765a,2025-04-05 13:20:19,9a8cbf4f,Red Light Violation,Approaching red light at 14.46 km/h,14.455605969193197,0.0,1.0,0.0,90.83635711669922,8.972097126047629e-05,-0.0009890599178880963,0.0022108459379523993,-6.1551899909973145,-0.011845111846923828,9.803216934204102,0.0009555816650390625,0.05629454925656319,0.00013653963105753064,5272,True,None,Red,Driving
73df09cb,2025-04-05 13:20:31,0f1e11a9,Red Light Violation,Approaching red light at 16.52 km/h,16.522059873445013,0.0,1.0,0.000870533986017108,89.64661407470703,-0.000939950708882975,-0.0004358172091235929,-0.003395728999748826,-2.40828800201416,0.09873056411743164,9.821124076843262,-0.00012187613174319267,0.002278644125908613,-0.027991803362965584,5620,True,None,Red,Driving
1609bab0,2025-04-05 13:20:42,7d69e2ca,Red Light Violation,Approaching red light at 17.47 km/h,17.467819845745154,0.2542603015899658,0.0,-0.0023988443426787853,89.82136535644531,-0.0009487052255678918,-0.000467281100829499,-0.005386047065258026,-1.190793752670288,0.023627042770385742,9.811089515686035,9.132068953476846e-05,0.00048523032455705106,-0.0018387343734502792,5520,True,None,Red,Driving
c7ce30c7,2025-04-05 13:20:54,31d93c4f,Red Light Violation,Approaching red light at 9.66 km/h,9.664151236535371,0.0,1.0,0.0008492356282658875,-179.88995361328125,-0.0001493438194160035,-0.00019156228012322309,-0.0037117765750736,4.649753093719482,-0.004530845209956169,9.865751266479492,-2.1853804355487227e-05,-0.05352611094713211,0.001041154726408422,5992,True,None,Red,Driving
393a06db,2025-04-05 13:21:00,63e3963f,Red Light Violation,Approaching red light at 17.26 km/h,17.262545061381243,0.3941091299057007,0.0,-0.0006155604496598244,-89.58910369873047,-0.0004569660875546333,0.00095238053808034,0.010759086348116398,-1.0072377920150757,0.0073773860931396484,9.818107604980469,-6.841798312962055e-05,0.0018000573618337512,3.356548768351786e-05,5420,True,None,Red,Driving
6baa3207,2025-04-05 13:24:27,8e83d4a2,Collision,Collision with vehicle.toyota.prius,3.5280002832412722,0.8500000238418579,0.0,-0.01999397948384285,90.6422348022461,-0.0006293579527039128,-0.0010293678000523542,0.5461000204086304,8.385955461807713e-36,1.3376683754032372e-35,9.8100004196167,0.0,0.0,0.0,5668,True,vehicle.toyota.prius,None,Driving
572ec30d,2025-04-05 13:24:29,c859fa7b,Lane Violation,Crossed lane markings,7.226926380278492,0.8500000238418579,0.0,-0.03220432996749878,90.35799407958984,-0.0006589193873907107,-0.0009981637626555102,0.03567874804139137,3.6988494396209717,-0.07343053817749023,8.261298179626465,-0.020943323150277138,-0.0032332725822925568,-0.012804053723812103,5832,True,None,None,Driving
0c59bbb9,2025-04-05 13:24:32,8e83d4a2,Collision,Collision with vehicle.toyota.prius,0.061773055374438286,0.8500000238418579,0.0,-0.008877558633685112,90.28758239746094,-0.0006300865591128968,-0.0010294597068513658,0.20738215744495392,-1.6121201515197754,-0.13726121187210083,9.65472412109375,-0.011468082666397095,-0.005918031558394432,0.003919529262930155,5520,True,vehicle.toyota.prius,None,Driving
eabcb479,2025-04-05 13:24:34,c859fa7b,Lane Violation,Crossed lane markings,20.04442993415858,0.7164598703384399,0.0,-0.10580339282751083,86.90491485595703,-0.0007345110504246577,-0.0009950192616521923,-0.00394657114520669,1.0396941900253296,-1.2976804971694946,9.812631607055664,-0.009239464066922665,-0.0008190721273422241,-0.05717813968658447,5228,True,None,None,Driving
d2d9c6ee,2025-04-05 13:24:37,8e83d4a2,Collision,Collision with vehicle.toyota.prius,0.004471355614785246,0.8500000238418579,0.0,-0.007238287478685379,90.23633575439453,-0.0006300808020966997,-0.0010294429155271614,0.20752093195915222,-1.614993691444397,-0.016920924186706543,9.668233871459961,0.007076239213347435,-0.0009470991790294647,-0.00536737684160471,5644,True,vehicle.toyota.prius,None,Driving
7e0c982c,2025-04-05 13:24:38,3712532d,Wrong Way Driving,Vehicle moving opposite to lane direction,22.084956742001093,0.8500000238418579,0.0,-0.16562284529209137,-50.39857482910156,-0.00014540741899793375,-0.0004380916796570732,-0.009943962097167969,8.832167625427246,-3.022386312484741,9.512035369873047,-0.06468973308801651,-0.03893958032131195,-0.3687734305858612,5500,True,None,None,Driving
06a7911a,2025-04-05 13:24:41,e7b4dcac,Red Light Violation,Approaching red light at 17.31 km/h,17.30672253477794,0.4693611264228821,0.0,0.00017573311924934387,-179.63124084472656,-0.0011686529993539807,-0.00017068540399808616,0.01082080788910389,-0.6857499480247498,0.00430360296741128,9.803197860717773,-0.00011608855857048184,0.00220294576138258,-0.0009809057228267193,5576,True,None,Red,Driving
ce9d0240,2025-04-05 13:24:42,8e83d4a2,Collision,Collision with vehicle.toyota.prius,0.006419959954897852,0.8500000238418579,0.0,-0.0055970922112464905,90.18740844726562,-0.0006300756618884407,-0.0010294277690673691,0.2073698788881302,-1.6219854354858398,-0.037478744983673096,9.679350852966309,0.005839408840984106,0.00039973994717001915,-0.004171885550022125,5568,True,vehicle.toyota.prius,None,Driving
bde7e4fb,2025-04-05 13:24:44,3a24781b,Red Light Violation,Approaching red light at 16.97 km/h,16.97306202801999,0.0,1.0,-0.00043982735951431096,-179.63775634765625,-0.001200036326977738,-0.00018041136732726572,0.04256652668118477,2.1642279624938965,-0.0036995355039834976,9.809565544128418,2.3705179046373814e-06,-0.0014930315082892776,-0.00214520120061934,5260,True,None,Red,Driving
220a4b5c,2025-04-05 13:24:47,8e83d4a2,Collision,Collision with vehicle.toyota.prius,0.009725717256007283,0.8500000238418579,0.0,-0.004273907281458378,90.13519287109375,-0.0006300710699775891,-0.0010294120057834223,0.20726695656776428,-1.6133062839508057,-0.13429099321365356,9.671964645385742,-0.008804695680737495,-0.0011383965611457825,0.004534059204161167,5392,True,vehicle.toyota.prius,None,Driving
15680525,2025-04-05 13:24:49,32e309a8,Lane Violation,Crossed lane markings,18.790238374775655,0.8500000238418579,0.0,0.010422793217003345,84.4322738647461,-0.0008047116703693291,-0.0009874476080844073,-0.0050096893683075905,0.11363476514816284,0.053029172122478485,9.850824356079102,-0.0028705343138426542,-0.005813409574329853,0.016648495569825172,4972,True,None,None,Driving
5ce33824,2025-04-05 13:24:49,d84868f1,Lane Violation,Crossed lane markings,16.46010850411129,0.14621344208717346,0.0,0.07805703580379486,-80.81584167480469,5.330414006721185e-05,-0.0009540732406321576,-0.010479927062988281,-11.338414192199707,0.7046031951904297,9.855426788330078,-0.005117031279951334,0.009258633479475975,0.27205243706703186,5296,True,None,None,Driving
e495aa95,2025-04-05 13:24:52,8e83d4a2,Collision,Collision with vehicle.toyota.prius,0.00504184724507358,0.8500000238418579,0.0,-0.0026328747626394033,90.08953857421875,-0.0006300665465772681,-0.0010293965851795614,0.20719310641288757,-1.6107046604156494,-0.14656537771224976,9.673222541809082,-0.008735674433410168,-0.0012056846171617508,0.004454601556062698,5488,True,vehicle.toyota.prius,None,Driving
6791cd04,2025-04-05 13:24:55,32e309a8,Lane Violation,Crossed lane markings,19.979861480251714,0.8208090662956238,0.0,0.0006155604496598244,84.84927368164062,-0.0009035112736910378,-0.0009784791904869014,-0.003848457243293524,2.359886407852173,-0.009125232696533203,9.779170989990234,-7.05900602042675e-05,-0.007072886917740107,-7.288511551450938e-05,5196,True,None,None,Driving
e4458653,2025-04-05 13:24:55,d84868f1,Lane Violation,Crossed lane markings,25.112329878448467,0.0,0.699999988079071,0.002625991590321064,-78.85292053222656,0.00014187525255238143,-0.0009365906621588825,-0.011612319387495518,2.2980117797851562,-0.20347118377685547,9.878532409667969,0.0006155348382890224,0.005024689249694347,0.07197181135416031,5740,True,None,None,Driving
e9eba39d,2025-04-05 13:24:56,c859fa7b,Lane Violation,Crossed lane markings,20.533112240941573,0.2556167542934418,0.0,-0.05909297242760658,52.653568267822266,-0.001087798181416133,-0.0008582764743586336,-0.003485832130536437,-0.4064306914806366,-0.14949408173561096,9.814531326293945,0.0047020940110087395,0.0006761024706065655,-0.07791435718536377,5276,True,None,None,Driving
724cd714,2025-04-05 13:24:57,8e83d4a2,Collision,Collision with vehicle.toyota.prius,0.003724888183092258,0.8500000238418579,0.0,-0.001185351051390171,90.03573608398438,-0.0006300631198001838,-0.0010293828779761294,0.20714545249938965,-1.602815866470337,-0.08913904428482056,9.673818588256836,0.00978341605514288,0.00040197931230068207,-0.004582549910992384,5616,True,vehicle.toyota.prius,None,Driving
a5148656,2025-04-05 13:25:02,8e83d4a2,Collision,Collision with vehicle.toyota.prius,0.007707623395790221,0.8500000238418579,0.0,0.0006155604496598244,89.9811782836914,-0.0006300588020309306,-0.0010293662922599765,0.20712287724018097,-1.618009090423584,-0.1544187068939209,9.674300193786621,-0.008071500808000565,0.0002099587582051754,0.003802948398515582,5352,True,vehicle.toyota.prius,None,Driving
31f31b9c,2025-04-05 13:25:07,8e83d4a2,Collision,Collision with vehicle.toyota.prius,0.009844852428230464,0.8500000238418579,0.0,0.0019309907220304012,89.93396759033203,-0.0006300548954669694,-0.0010293521738404417,0.20706920325756073,-1.619184970855713,-0.025134742259979248,9.683971405029297,0.005129008553922176,0.00031641731038689613,-0.004005566239356995,5524,True,vehicle.toyota.prius,None,Driving
ec83d99c,2025-04-05 13:25:13,8e83d4a2,Collision,Collision with vehicle.toyota.prius,0.016644937415697735,0.8500000238418579,0.0,0.003261847887188196,89.8788833618164,-0.0006300510574561713,-0.0010293362734844606,0.20700949430465698,-1.5942020416259766,-0.10590028762817383,9.673202514648438,-0.00394508708268404,-0.0016090283170342445,0.004539723042398691,5452,True,vehicle.toyota.prius,None,Driving
c7f7ae00,2025-04-05 13:25:18,8e83d4a2,Collision,Collision with vehicle.toyota.prius,0.0029629121002549184,0.8500000238418579,0.0,0.005087958183139563,89.83277893066406,-0.0006300474250480192,-0.0010293220179928913,0.20698833465576172,-1.6001633405685425,0.03341919183731079,9.678093910217285,0.01108983438462019,0.0012537632137537003,-0.00587724894285202,5604,True,vehicle.toyota.prius,None,Driving
02402daf,2025-04-05 13:25:23,8e83d4a2,Collision,Collision with vehicle.toyota.prius,0.004617380691233544,0.8500000238418579,0.0,0.006328020244836807,89.7845458984375,-0.0006300431758035074,-0.0010293063232449616,0.20693808794021606,-1.619278907775879,-0.13027793169021606,9.67449951171875,-0.007514771539717913,0.00018819468095898628,0.00382783985696733,5768,True,vehicle.toyota.prius,None,Driving
60adcf9e,2025-04-05 13:25:28,8e83d4a2,Collision,Collision with vehicle.toyota.prius,0.005179777203169915,0.8500000238418579,0.0,0.007778876926749945,89.73711395263672,-0.0006300389951263696,-0.0010292911767851693,0.20689071714878082,-1.6109064817428589,-0.14867746829986572,9.673127174377441,-0.008724617771804333,-0.001256277784705162,0.004464895464479923,5348,True,vehicle.toyota.prius,None,Driving
5204e65b,2025-04-05 13:25:33,8e83d4a2,Collision,Collision with vehicle.toyota.prius,0.010481620763213859,0.8500000238418579,0.0,0.009228029288351536,89.68089294433594,-0.0006300355683066527,-0.001029277332509703,0.20687086880207062,-1.6353074312210083,-0.11118632555007935,9.683072090148926,-0.005694674793630838,0.00027671409770846367,0.0036578779108822346,5380,True,vehicle.toyota.prius,None,Driving
9cef22bc,2025-04-05 13:25:38,8e83d4a2,Collision,Collision with vehicle.toyota.prius,0.005317633876894603,0.8500000238418579,0.0,0.010807694867253304,89.63578796386719,-0.0006300313190905626,-0.0010292629399460994,0.20682772994041443,-1.6130874156951904,-0.011507153511047363,9.670469284057617,0.006138276774436235,-0.0007901638746261597,-0.005167682189494371,5684,True,vehicle.toyota.prius,None,Driving
81e29811,2025-04-05 13:25:43,8e83d4a2,Collision,Collision with vehicle.toyota.prius,0.019210802438486257,0.8500000238418579,0.0,0.012642371468245983,89.57136535644531,-0.0006300261788680928,-0.0010292450520456207,0.2067687213420868,-1.6032392978668213,-0.08352351188659668,9.676671981811523,0.0,0.0,0.0,5528,True,vehicle.toyota.prius,None,Driving
8024f776,2025-04-05 13:25:48,8e83d4a2,Collision,Collision with vehicle.toyota.prius,0.010487442232464395,0.8500000238418579,0.0,0.014485287480056286,89.51127624511719,-0.0006300213813403843,-0.0010292274382892104,0.20673060417175293,-1.6099222898483276,-0.011093974113464355,9.669778823852539,0.0077580660581588745,-0.0007019327022135258,-0.005386992357671261,5396,True,vehicle.toyota.prius,None,Driving
33ea6b81,2025-04-05 13:25:50,35754321,Red Light Violation,Approaching red light at 12.72 km/h,12.72473509702555,0.8500000238418579,0.0,0.0,0.16327254474163055,-0.00025505152771643225,0.0006772951272446567,-0.017825163900852203,-1.8725417852401733,0.00030773403705097735,9.77177619934082,-9.253152711607981e-06,-0.007232098374515772,9.590834088157862e-05,4828,True,None,Red,Driving
1ef86fc4,2025-04-05 13:25:52,7b779c5b,Wrong Way Driving,Vehicle moving opposite to lane direction,22.041638175466893,0.07715461403131485,0.0,-0.17897967994213104,-124.27689361572266,-0.0001754385481405052,0.0009220205217348214,0.14136455953121185,3.1726646423339844,-1.698296070098877,9.820116996765137,0.0004592155455611646,0.00027188670355826616,-0.3609200716018677,5344,True,None,None,Driving
c0e7dae9,2025-04-05 13:25:53,8e83d4a2,Collision,Collision with vehicle.toyota.prius,0.00929624687526149,0.8500000238418579,0.0,0.01596412993967533,89.46338653564453,-0.0006300169950463896,-0.0010292116750052636,0.20667316019535065,-1.6065340042114258,-0.1539962887763977,9.673380851745605,-0.008824823424220085,-0.001261395402252674,0.004454526584595442,5360,True,vehicle.toyota.prius,None,Driving
3853d475,2025-04-05 13:25:59,8e83d4a2,Collision,Collision with vehicle.toyota.prius,0.01234661714821905,0.8500000238418579,0.0,0.017539385706186295,89.40955352783203,-0.000630012814355041,-0.0010291971453696258,0.2066400796175003,-1.6137558221817017,-0.026908516883850098,9.681347846984863,0.006432986818253994,0.0003214259631931782,-0.004166995175182819,5464,True,vehicle.toyota.prius,None,Driving
b4825d73,2025-04-05 13:26:04,8e83d4a2,Collision,Collision with vehicle.toyota.prius,0.004385712961159797,0.8500000238418579,0.0,0.01882767304778099,89.3660659790039,-0.0006300089763300321,-0.0010291836437742452,0.2066068947315216,-1.6141433715820312,-0.017224490642547607,9.669071197509766,0.007027081213891506,-0.0008203387260437012,-0.005282294936478138,5440,True,vehicle.toyota.prius,None,Driving
7c29d1cb,2025-04-05 13:26:09,8e83d4a2,Collision,Collision with vehicle.toyota.prius,0.009789602784888031,0.8500000238418579,0.0,0.020387563854455948,89.31511688232422,-0.0006300044529581328,-0.0010291678804902984,0.20654910802841187,-1.6137046813964844,-0.02593076229095459,9.683952331542969,0.005184940528124571,0.00036433571949601173,-0.004021467175334692,5640,True,vehicle.toyota.prius,None,Driving
87bcd4d7,2025-04-05 13:26:14,8e83d4a2,Collision,Collision with vehicle.toyota.prius,0.008983684492328031,0.8500000238418579,0.0,0.022304724901914597,89.25161743164062,-0.0006299999295862335,-0.0010291499925898196,0.20651710033416748,-1.611039400100708,-0.022890448570251465,9.669198989868164,0.007004962302744389,-0.0007865787483751774,-0.005230071488767862,5544,True,vehicle.toyota.prius,None,Driving
a55c6870,2025-04-05 13:26:19,8e83d4a2,Collision,Collision with vehicle.toyota.prius,0.006474729160962488,0.8500000238418579,0.0,0.023684171959757805,89.20926666259766,-0.0006299960230364832,-0.001029136833674525,0.206466943025589,-1.6176440715789795,-0.038538336753845215,9.681084632873535,0.0057960739359259605,0.0003776908852159977,-0.0041367970407009125,5332,True,vehicle.toyota.prius,None,Driving
98825d60,2025-04-05 13:26:21,c859fa7b,Lane Violation,Crossed lane markings,20.45922041882011,0.14806650578975677,0.0,-0.10034021735191345,-11.251604080200195,-0.0012238355960079161,0.0006675541031257063,-0.0034621048253029585,-0.7160925269126892,-0.34054043889045715,9.815079689025879,-0.005355149041861296,0.0011050713947042823,-0.14044488966464996,5412,True,None,None,Driving
6eb58df3,2025-04-05 13:26:22,d84868f1,Red Light Violation,Approaching red light at 18.89 km/h,18.89325231494763,0.0,0.699999988079071,-0.004741368815302849,90.0812759399414,8.660690879480626e-05,-0.0004700687690594733,-0.011213530786335468,-1.2886472940444946,0.0030916929244995117,9.816974639892578,-0.00013541057705879211,0.004874300677329302,-0.009153488092124462,5480,True,None,Red,Driving
51cf7259,2025-04-05 13:26:24,8e83d4a2,Collision,Collision with vehicle.toyota.prius,0.004902459533569107,0.8500000238418579,0.0,0.024911101907491684,89.16417694091797,-0.000629992116472522,-0.0010291234691511787,0.20643386244773865,-1.615893840789795,-0.013934135437011719,9.66981029510498,0.0064661563374102116,-0.0007866653613746166,-0.005231435876339674,5564,True,vehicle.toyota.prius,None,Driving
74abe6bc,2025-04-05 13:26:28,3712532d,Wrong Way Driving,Vehicle moving opposite to lane direction,7.711706704241799,0.8500000238418579,0.0,-0.1331477016210556,-105.51480865478516,0.0005056324853143224,-0.00041721584870619795,-0.005428123287856579,0.22153055667877197,-0.3952937126159668,9.7367525100708,-0.003877658396959305,-0.029727552086114883,-0.1187681332230568,4948,True,None,None,Driving
7575fb8c,2025-04-05 13:26:29,8e83d4a2,Collision,Collision with vehicle.toyota.prius,0.006926146100889715,0.8500000238418579,0.0,0.02636299468576908,89.1199951171875,-0.0006299884155396285,-0.0010291101731638498,0.20638778805732727,-1.617678165435791,-0.014614403247833252,9.682075500488281,0.00524149602279067,0.0003920840099453926,-0.0038922440726310015,5352,True,vehicle.toyota.prius,None,Driving
c6a5ce0c,2025-04-05 13:26:34,8e83d4a2,Collision,Collision with vehicle.toyota.prius,0.009163163999150606,0.8500000238418579,0.0,0.027699923142790794,89.07184600830078,-0.0006299841662951167,-0.0010290957806002462,0.20634013414382935,-1.6124916076660156,-0.026815414428710938,9.683894157409668,0.005020692944526672,0.0003739171661436558,-0.003985455725342035,5524,True,vehicle.toyota.prius,None,Driving
7dd8d159,2025-04-05 13:26:39,74fa0457,Red Light Violation,Approaching red light at 17.48 km/h,17.48122651851949,0.1403232365846634,0.0,-0.0002485241857357323,-89.6219482421875,-0.00046002402757494565,0.0009837981337066546,-0.029876727610826492,0.2441810667514801,-0.01576189696788788,9.784951210021973,0.0006427897606045008,0.001801627455279231,-9.328282612841576e-05,5616,True,None,Red,Driving
a0a8ddca,2025-04-05 13:26:39,8e83d4a2,Collision,Collision with vehicle.toyota.prius,0.00860046199118942,0.8500000238418579,0.0,0.028948498889803886,89.02662658691406,-0.0006299802597453663,-0.0010290827587569858,0.20630328357219696,-1.60772705078125,-0.022239089012145996,9.671327590942383,0.00604492612183094,-0.0008467966690659523,-0.005130866542458534,5708,True,vehicle.toyota.prius,None,Driving
cb4be5c4,2025-04-05 13:26:44,8e83d4a2,Collision,Collision with vehicle.toyota.prius,0.01654382630183263,0.8500000238418579,0.0,0.03039729781448841,88.97815704345703,-0.0006299768329398603,-0.001029069599841691,0.20626036822795868,-1.6319060325622559,-0.045282721519470215,9.683391571044922,0.008327120915055275,0.0004775905981659889,-0.004297957289963961,5544,True,vehicle.toyota.prius,None,Driving
77ba53f6,2025-04-05 13:26:45,3712532d,Lane Violation,Crossed lane markings,16.2534949942542,0.8500000238418579,0.0,-0.33112621307373047,168.3406219482422,0.0006123325779867628,-0.0006270222452573695,-0.009069900028407574,2.857760429382324,-2.850123167037964,9.809325218200684,0.012654031626880169,-0.0021703727543354034,-0.6251511573791504,5868,True,None,None,Driving
76092afc,2025-04-05 13:26:46,3a24781b,Red Light Violation,Approaching red light at 7.65 km/h,7.650778194310067,0.0,1.0,0.0006155604496598244,-89.38997650146484,-0.0004527357018986322,-0.0009639176856010025,0.04270530492067337,-4.806655406951904,0.031107425689697266,9.807079315185547,3.6283789086155593e-05,-5.23164271726273e-05,-0.012315657921135426,5216,True,None,Red,Driving
91a00daf,2025-04-05 13:26:48,32e309a8,Lane Violation,Crossed lane markings,19.41522648195123,0.8355888724327087,0.0,-0.4440579414367676,-40.994789123535156,-0.0011813231157731252,0.0008158555582493158,-0.004552154336124659,-1.3884013891220093,-6.21732234954834,9.743575096130371,-0.03645198792219162,0.007272627670317888,-0.6261162757873535,4880,True,None,None,Driving
75cae249,2025-04-05 13:26:50,8e83d4a2,Collision,Collision with vehicle.toyota.prius,0.010496395382112665,0.8500000238418579,0.0,0.03181832656264305,88.93192291259766,-0.0006299728578511576,-0.0010290556870302075,0.20622023940086365,-1.6050524711608887,-0.15533703565597534,9.672109603881836,-0.007365068886429071,-0.0010830028913915157,0.004477739799767733,5340,True,vehicle.toyota.prius,None,Driving
04a81167,2025-04-05 13:26:55,32e309a8,Lane Violation,Crossed lane markings,19.930340999888468,0.6110109686851501,0.0,0.009644945152103901,-61.83686065673828,-0.0010886723583212188,0.0008692226358033255,-0.004460792522877455,-0.004449814558029175,0.31232333183288574,9.810142517089844,0.002767664846032858,-3.7273974157869816e-05,0.014327304437756538,4964,True,None,None,Driving
18a414c8,2025-04-05 13:26:55,8e83d4a2,Collision,Collision with vehicle.toyota.prius,0.008777281339595606,0.8500000238418579,0.0,0.03312201425433159,88.88726806640625,-0.0006299686086066458,-0.0010290416371466896,0.2061750292778015,-1.6047141551971436,-0.15691381692886353,9.67232894897461,-0.00868749525398016,-0.0012688357383012772,0.0044527817517519,5344,True,vehicle.toyota.prius,None,Driving
e7a1ac9d,2025-04-05 13:26:56,c859fa7b,Lane Violation,Crossed lane markings,20.512480098830718,0.2522556185722351,0.0,-0.009225405752658844,-89.12755584716797,-0.000734059740764792,0.0009503294606947927,-0.0034519576001912355,-0.06108233332633972,-0.05920693278312683,9.809662818908691,-0.000378057942725718,-5.246471846476197e-05,-0.017451414838433266,5688,True,None,None,Driving
77af080b,2025-04-05 13:26:57,9842940f,Red Light Violation,Approaching red light at 10.62 km/h,10.615077776897065,0.8500000238418579,0.0,0.0,-89.61459350585938,-0.0004597331607101296,0.0009523668994129252,0.00535659771412611,2.7088961601257324,0.010578632354736328,9.548565864562988,4.3198466300964355e-05,-0.07532402127981186,-7.846677908673882e-05,5404,True,None,Red,Driving
7e88be11,2025-04-05 13:26:58,7b779c5b,Red Light Violation,Approaching red light at 16.13 km/h,16.132473569944548,0.0,1.0,0.0,-179.84359741210938,-0.000117906117026223,-0.0001906610314975691,0.14171047508716583,-0.9817954897880554,0.0007778611034154892,9.793819427490234,-1.2615772675417247e-06,-0.0005254847346805036,-8.361265827261377e-06,5520,True,None,Red,Driving
93ff9605,2025-04-05 13:27:00,8e83d4a2,Collision,Collision with vehicle.toyota.prius,0.01992217947949723,0.8500000238418579,0.0,0.03456154093146324,88.83940124511719,-0.000629964427929508,-0.001029028478231395,0.20614027976989746,-1.595670461654663,0.0130842924118042,9.691658020019531,0.011124507524073124,-0.0012924931943416595,-0.004779120907187462,5400,True,vehicle.toyota.prius,None,Driving
93996356,2025-04-05 13:27:04,e7b4dcac,Red Light Violation,Approaching red light at 16.59 km/h,16.586480252633464,0.8500000238418579,0.0,0.0016180525999516249,-89.44352722167969,-0.0004719563880257738,-0.0009326850001489857,0.009119758382439613,5.071407794952393,0.012568473815917969,9.788537979125977,0.00019362196326255798,-0.002585157984867692,0.004189002327620983,5392,True,None,Red,Driving
059fe977,2025-04-05 13:27:05,8e83d4a2,Collision,Collision with vehicle.toyota.prius,0.010315135367913722,0.8500000238418579,0.0,0.03592138737440109,88.79293060302734,-0.0006299605213797577,-0.0010290146339559287,0.20610927045345306,-1.632153034210205,-0.11709654331207275,9.683609008789062,-0.005695112980902195,0.00028840498998761177,0.003771684831008315,5272,True,vehicle.toyota.prius,None,Driving
04ec1c92,2025-04-05 13:27:10,8e83d4a2,Collision,Collision with vehicle.toyota.prius,0.00590603286567792,0.8500000238418579,0.0,0.03731933981180191,88.75270080566406,-0.0006299562721352459,-0.0010290012008965653,0.20607177913188934,-1.6146667003631592,-0.14720946550369263,9.675413131713867,-0.008117226883769035,0.00014975294470787048,0.0039365580305457115,5360,True,vehicle.toyota.prius,None,Driving
bd091191,2025-04-05 13:27:15,8e83d4a2,Collision,Collision with vehicle.toyota.prius,0.005390768511384251,0.8500000238418579,0.0,0.03883605822920799,88.69841766357422,-0.0006299512690191023,-0.0010289859859007558,0.20601612329483032,-1.6034454107284546,-0.027289867401123047,9.671233177185059,0.006126104388386011,-0.0008716010488569736,-0.005109493155032396,5572,True,vehicle.toyota.prius,None,Driving
e699954d,2025-04-05 13:27:20,8e83d4a2,Collision,Collision with vehicle.toyota.prius,0.00858555612064161,0.8500000238418579,0.0,0.040549471974372864,88.6425552368164,-0.0006299462658887478,-0.001028969331648586,0.20595203340053558,-1.595424771308899,-0.1539556384086609,9.672645568847656,-0.008851037360727787,-0.0013049161061644554,0.004560958128422499,5360,True,vehicle.toyota.prius,None,Driving
9bd248da,2025-04-05 13:27:24,3712532d,Red Light Violation,Approaching red light at 17.00 km/h,16.995665796472522,0.09481348097324371,0.0,-0.004108429420739412,91.0653076171875,9.352798421957687e-05,-0.0009889333318644016,-0.0074639893136918545,-2.4716336727142334,-0.021767854690551758,9.891915321350098,0.0015574973076581955,0.023057764396071434,-0.00883395690470934,5104,True,None,Red,Driving
22a3c560,2025-04-05 13:27:25,8e83d4a2,Collision,Collision with vehicle.toyota.prius,0.006087555204285205,0.8500000238418579,0.0,0.04197213798761368,88.59456634521484,-0.0006299421537221406,-0.001028956104197274,0.20591716468334198,-1.6120858192443848,-0.03214466571807861,9.68157958984375,0.006354262121021748,0.0004599709063768387,-0.004086470231413841,5656,True,vehicle.toyota.prius,None,Driving
4be33e24,2025-04-05 13:27:30,8e83d4a2,Collision,Collision with vehicle.toyota.prius,0.008996203637596607,0.8500000238418579,0.0,0.04332677274942398,88.5485610961914,-0.0006299380415555333,-0.0010289424655298592,0.2058698534965515,-1.600281000137329,-0.14343106746673584,9.674027442932129,-0.008480776101350784,-0.0012315260246396065,0.00456642871722579,5344,True,vehicle.toyota.prius,None,Driving
3d9c002c,2025-04-05 13:27:35,8e83d4a2,Collision,Collision with vehicle.toyota.prius,0.00885625601427046,0.8500000238418579,0.0,0.04461733624339104,88.5054702758789,-0.000629933723800491,-0.0010289289639344786,0.20582064986228943,-1.604766607284546,-0.16078585386276245,9.675027847290039,-0.008834588341414928,-0.001284872181713581,0.004532816354185343,5564,True,vehicle.toyota.prius,None,Driving
7bae1941,2025-04-05 13:27:40,8e83d4a2,Collision,Collision with vehicle.toyota.prius,0.012008435882788585,0.8500000238418579,0.0,0.045983731746673584,88.45726013183594,-0.000629929885775482,-0.0010289167645234241,0.20579497516155243,-1.6293106079101562,-0.0035512447357177734,9.678264617919922,0.008752786554396152,-0.0007020100019872189,-0.005427615717053413,5716,True,vehicle.toyota.prius,None,Driving
d958842c,2025-04-05 13:27:45,8e83d4a2,Collision,Collision with vehicle.toyota.prius,0.0032382238162857544,0.8500000238418579,0.0,0.04757865518331528,88.40682220458984,-0.0006299250197230322,-0.0010289014124555804,0.20574675500392914,-1.6263474225997925,-0.013840794563293457,9.678824424743652,0.008757022209465504,-0.0006736442446708679,-0.005459657870233059,5628,True,vehicle.toyota.prius,None,Driving
bb0735a5,2025-04-05 13:27:51,8e83d4a2,Collision,Collision with vehicle.toyota.prius,0.00744439926067354,0.8500000238418579,0.0,0.04896312206983566,88.36361694335938,-0.0006299204277979698,-0.0010288872940360453,0.20569346845149994,-1.6095954179763794,-0.14225918054580688,9.676590919494629,-0.008703062310814857,0.00011709146201610565,0.0040517752058804035,5680,True,vehicle.toyota.prius,None,Driving
066ac1d2,2025-04-05 13:27:56,8e83d4a2,Collision,Collision with vehicle.toyota.prius,0.019721997636866183,0.8500000238418579,0.0,0.05018019303679466,88.31578063964844,-0.000629916452723478,-0.0010288750946249908,0.20565302670001984,-1.5884130001068115,0.009955525398254395,9.693338394165039,0.011139330454170704,-0.0012975651770830154,-0.004736882634460926,5532,True,vehicle.toyota.prius,None,Driving
5435e516,2025-04-05 13:28:01,8e83d4a2,Collision,Collision with vehicle.toyota.prius,0.018148392279891186,0.8500000238418579,0.0,0.05139292776584625,88.27507781982422,-0.0006299126832374213,-0.0010288630322859709,0.20560389757156372,-1.5947246551513672,-0.09988141059875488,9.675820350646973,0.009770257398486137,0.0006535928696393967,-0.004501713439822197,5716,True,vehicle.toyota.prius,None,Driving
7b931cd4,2025-04-05 13:28:05,7b779c5b,Red Light Violation,Approaching red light at 15.17 km/h,15.170581493906951,0.8500000238418579,0.0,0.0,-179.84291076660156,-0.00011643127334082237,-0.0007208083018594535,0.14162872731685638,3.935121536254883,0.0007529333233833313,9.805769920349121,7.04683770891279e-07,-0.013560505583882332,8.775685273576528e-06,5456,True,None,Red,Driving
0a533be8,2025-04-05 13:28:06,8e83d4a2,Collision,Collision with vehicle.toyota.prius,0.014446402451706631,0.8500000238418579,0.0,0.05252838134765625,88.23358917236328,-0.0006299084340071204,-0.0010288509014109335,0.20559059083461761,-1.593843698501587,-0.12176638841629028,9.690072059631348,-0.0032908425200730562,-6.153830327093601e-05,0.003997244406491518,5376,True,vehicle.toyota.prius,None,Driving
c3e1dce8,2025-04-05 13:28:11,8e83d4a2,Collision,Collision with vehicle.toyota.prius,0.003791122411210468,0.8500000238418579,0.0,0.05386121943593025,88.1943588256836,-0.0006299045959821115,-0.0010288392502880161,0.20553652942180634,-1.6230764389038086,-0.05054396390914917,9.68789005279541,0.00836642924696207,0.0004887627437710762,-0.004276188090443611,5728,True,vehicle.toyota.prius,None,Driving
8d89de1a,2025-04-05 13:28:16,8e83d4a2,Collision,Collision with vehicle.toyota.prius,0.006908637525325149,0.8500000238418579,0.0,0.05517065152525902,88.15240478515625,-0.0006298998669933553,-0.0010288254060125499,0.20550845563411713,-1.6125389337539673,-0.15680968761444092,9.675760269165039,-0.008519988507032394,0.00016018934547901154,0.004059562459588051,5512,True,vehicle.toyota.prius,None,Driving
c2494527,2025-04-05 13:28:22,8e83d4a2,Collision,Collision with vehicle.toyota.prius,0.021599034549711706,0.8500000238418579,0.0,0.05651622638106346,88.10379028320312,-0.0006298954121604083,-0.0010288136178175985,0.20545879006385803,-1.5904786586761475,0.022905349731445312,9.678329467773438,0.011034761555492878,0.0012429701164364815,-0.005696127191185951,5532,True,vehicle.toyota.prius,None,Driving
28fb5710,2025-04-05 13:28:27,8e83d4a2,Collision,Collision with vehicle.toyota.prius,0.01959442386307379,0.8500000238418579,0.0,0.05770081654191017,88.0636215209961,-0.0006298915741353994,-0.0010288016240145954,0.20541293919086456,-1.5894880294799805,0.003300189971923828,9.692962646484375,0.011165252886712551,-0.001359197311103344,-0.004705974366515875,5760,True,vehicle.toyota.prius,None,Driving
9e27160e,2025-04-05 13:28:32,8e83d4a2,Collision,Collision with vehicle.toyota.prius,0.010113581866237483,0.8500000238418579,0.0,0.05900972709059715,88.020263671875,-0.0006298875990609076,-0.0010287887392433693,0.20538432896137238,-1.6241252422332764,-0.12734192609786987,9.684504508972168,-0.005665651522576809,0.0003189952112734318,0.0036972714588046074,5296,True,vehicle.toyota.prius,None,Driving
7550b777,2025-04-05 13:28:37,8e83d4a2,Collision,Collision with vehicle.toyota.prius,0.007105144672405567,0.8500000238418579,0.0,0.06027008593082428,87.97867584228516,-0.0006298829385968929,-0.0010287764027602805,0.2053394317626953,-1.6024868488311768,-0.022035539150238037,9.672004699707031,0.00608822051435709,-0.00082775903865695,-0.005014284513890743,5508,True,vehicle.toyota.prius,None,Driving
7ba42ce3,2025-04-05 13:28:36,c859fa7b,Lane Violation,Crossed lane markings,16.764451010519235,0.0,0.699999988079071,-0.03912893682718277,-93.02690124511719,0.000230906151799104,0.0009541216270602726,-0.003936729393899441,1.043790578842163,-0.3374429941177368,9.81339168548584,0.0016832309775054455,0.005489717237651348,-0.05971262976527214,5448,True,None,None,Driving
ae020210,2025-04-05 13:28:46,e7b4dcac,Red Light Violation,Approaching red light at 14.86 km/h,14.942509815228503,0.0,1.0,-0.000304378685541451,0.055494461208581924,-0.0002515019274653696,-0.0006499672128343136,0.011255988851189613,4.539616107940674,-0.012689882889389992,9.771984100341797,-0.00015890164650045335,-0.04537028446793556,0.0017999185947701335,5036,True,None,Red,Driving
1a5e727a,2025-04-05 13:29:00,32e309a8,Lane Violation,Crossed lane markings,10.956520273076045,0.0,0.699999988079071,-0.05645415931940079,-112.58760070800781,0.00036080399004845276,0.0009208509546019861,-0.00461795786395669,-3.561767816543579,-0.11151885986328125,9.786497116088867,0.0024906396865844727,0.014191944152116776,-0.053989820182323456,4996,True,None,None,Driving
407082b3,2025-04-05 13:29:06,32e309a8,Lane Violation,Crossed lane markings,14.546429150075754,0.8500000238418579,0.0,-0.053997017443180084,-123.01604461669922,0.00042058699831670765,0.0008863109265698792,-0.0038447570987045765,2.6323318481445312,-0.11490106582641602,9.799958229064941,0.0008624564507044852,0.000771244871430099,-0.06737063080072403,5160,True,None,None,Driving
01fbdbcd,2025-04-05 13:29:19,c859fa7b,Lane Violation,Crossed lane markings,20.526712925035028,0.2401144802570343,0.0,-0.03507830575108528,-177.14337158203125,0.0005775391723119583,0.0005649309096669864,-0.003458824008703232,-0.5175943374633789,-0.18883927166461945,9.816572189331055,0.002320368541404605,-0.000363235070835799,-0.042481157928705215,5720,True,None,None,Driving
e9cbef07,2025-04-05 13:29:24,3a24781b,Red Light Violation,Approaching red light at 15.32 km/h,15.316955613492679,0.49523746967315674,0.0,0.012192324735224247,-5.800570487976074,0.0005502273981505823,-0.0006501850888328653,0.04264022782444954,-2.406172037124634,-0.0029878420755267143,9.808005332946777,-2.6807707399711944e-05,0.0006861401489004493,0.02277328446507454,5388,True,None,Red,Driving
1c0bf919,2025-04-05 13:29:39,74fa0457,Red Light Violation,Approaching red light at 15.55 km/h,15.550789916056841,0.8500000238418579,0.0,0.0,-179.40016174316406,0.0006127934141915148,-0.00019013637115220504,-0.03068605437874794,4.483921051025391,-0.0056620389223098755,9.949995040893555,0.0078689344227314,0.04396955668926239,-7.600232493132353e-05,5276,True,None,Red,Driving
ac384182,2025-04-05 13:29:45,35754321,Red Light Violation,Approaching red light at 12.49 km/h,12.492474436892595,0.0,1.0,0.0,-89.4132308959961,-0.0004688464291859873,-0.0009640840225146498,-0.018707159906625748,-1.0971485376358032,0.0111311674118042,9.860135078430176,-1.3615121133625507e-05,0.0012572734849527478,6.772462802473456e-05,5440,True,None,Red,Driving
58669ead,2025-04-05 13:29:49,9842940f,Red Light Violation,Approaching red light at 10.12 km/h,10.118078814605061,0.8500000238418579,0.0,0.0,-179.4066925048828,0.000581326815293437,-0.000188434604712118,0.004898109473288059,6.7405829429626465,-0.0014346390962600708,9.301718711853027,0.00011895027273567393,0.0031910380348563194,-0.00035365362418815494,5296,True,None,Red,Driving
4a8c04d6,2025-04-05 13:30:07,ab65c994,Lane Violation,Crossed lane markings,18.534590337730382,0.8500000238418579,0.0,-0.10744829475879669,171.34129333496094,-0.00012124618555731104,4.08191180172608e-05,0.06671459227800369,0.05158264935016632,-0.6737262606620789,9.88487434387207,0.01693863421678543,0.023540180176496506,-0.36013367772102356,6076,True,None,None,Driving
70ec06a3,2025-04-05 13:30:13,ab65c994,Lane Violation,Crossed lane markings,21.277819017155743,0.0,0.699999988079071,0.06554004549980164,175.77218627929688,-0.00014550785853373327,-8.368682898944682e-05,0.06796058267354965,-3.983185291290283,0.9712018966674805,9.854011535644531,0.020494431257247925,0.030986063182353973,-0.002051961375400424,5608,True,None,None,Driving
fe45ec56,2025-04-05 13:31:49,13883c7d,Collision,Collision with vehicle.ford.crown,8.120534451653143,0.8500000238418579,0.0,0.007867883890867233,0.1602625846862793,-0.00025120269920364535,-0.000604158081644657,0.394199937582016,0.0,0.0,0.010039329528808594,0.0,0.0,0.0,4868,True,vehicle.ford.crown,None,Driving
1ab81577,2025-04-05 13:31:53,baeb7bf7,Lane Violation,Crossed lane markings,8.139678168020957,0.8500000238418579,0.0,-0.031910207122564316,90.35125732421875,-0.0006609342092076531,-0.000998136279712629,0.025591926649212837,4.245800018310547,-0.09811687469482422,9.004995346069336,-0.011070402339100838,-0.001426667906343937,-0.01664343848824501,5768,True,None,None,Driving
282593cb,2025-04-05 13:32:01,c48bce71,Wrong Way Driving,Vehicle moving opposite to lane direction,22.5865391514921,0.0,0.21654574573040009,-0.11329185217618942,-51.08473205566406,-0.00014642718353741202,-0.00043900749218637363,-0.010397452861070633,7.990691184997559,-2.2593398094177246,9.683547019958496,-0.016132120043039322,-0.036729201674461365,-0.3108452260494232,5560,True,None,None,Driving
52e1a0ba,2025-04-05 13:32:05,44750abd,Lane Violation,Crossed lane markings,20.212885704324933,0.0,0.05576179176568985,0.059689056128263474,-61.4117431640625,0.0002736340921245528,-0.0009387152101548252,-0.029721755534410477,5.774834632873535,0.8985910415649414,9.886112213134766,-0.0028245276771485806,-0.004792595747858286,0.2714988589286804,5556,True,None,None,Driving
21787bb4,2025-04-05 13:32:12,a80f7fdc,Wrong Way Driving,Vehicle moving opposite to lane direction,21.466783676025756,0.14165502786636353,0.0,-0.2731768786907196,53.14236068725586,-0.00020057870720791016,-0.0009624993327258764,-0.005283164791762829,3.1125717163085938,-2.324598550796509,9.811097145080566,-0.0007083019008859992,-0.0007846095249988139,-0.4187861382961273,5376,True,None,None,Driving
ec6e66ce,2025-04-05 13:32:17,854a717d,Lane Violation,Crossed lane markings,19.235935683701868,0.8500000238418579,0.0,-0.061419837176799774,80.94043731689453,-0.00042307204576275126,-0.0010223753443655882,-0.0008470916654914618,1.6033798456192017,-0.9728372097015381,9.724358558654785,-0.0014815586619079113,0.004025464411824942,-0.24383074045181274,5300,True,None,None,Driving
0dfb759d,2025-04-05 13:32:19,baeb7bf7,Lane Violation,Crossed lane markings,20.71070701137407,0.26469340920448303,0.0,-0.07170087844133377,49.7183723449707,-0.0011016116156810085,-0.0008460704153104895,-0.0034550856798887253,0.527187168598175,-0.31739094853401184,9.805113792419434,0.006007302552461624,0.00015886675100773573,-0.09808749705553055,5328,True,None,None,Driving
822ab083,2025-04-05 13:32:23,854a717d,Lane Violation,Crossed lane markings,17.73156923831306,0.8500000238418579,0.0,0.04066738858819008,83.74494171142578,-0.0005338057572146226,-0.0010013375285381552,-0.0014608001802116632,2.2610902786254883,0.3024587631225586,9.843525886535645,-0.00341118685901165,-0.01743134669959545,0.08033841103315353,4860,True,None,None,Driving
7363def1,2025-04-05 13:32:24,37cd8307,Red Light Violation,Approaching red light at 14.16 km/h,14.159318778387547,0.0,1.0,0.1005912572145462,-4.829530715942383,0.0005202456320745341,-0.0006455927644670425,0.06895370036363602,-5.785880088806152,1.1687486171722412,9.821746826171875,0.008997377008199692,0.02269737236201763,0.10566654056310654,5452,True,None,Red,Driving
14706383,2025-04-05 13:32:49,2c195a12,Lane Violation,Crossed lane markings,19.43895222908014,0.8500000238418579,0.0,-0.19728650152683258,68.20833587646484,-0.000846521313732751,-0.0010070397251658672,-0.007048377767205238,1.5376194715499878,-1.8868656158447266,9.80319595336914,0.004274134058505297,-0.0013848892413079739,-0.4609284996986389,5272,True,None,None,Driving
94bb495f,2025-04-05 13:32:50,854a717d,Lane Violation,Crossed lane markings,24.768179211274788,0.0,0.699999988079071,0.0,67.91390228271484,-0.0010200756867959626,-0.0009129155118551157,-0.0007597350631840527,9.974615097045898,0.006852626800537109,9.765331268310547,2.573058009147644e-05,-0.016040336340665817,0.002110413508489728,5120,True,None,None,Driving
ce23e7b2,2025-04-05 13:32:52,6c078bf6,Lane Violation,Crossed lane markings,21.296923436707885,0.0,0.23728829622268677,0.33335620164871216,-144.34249877929688,-0.0011543066290329307,-0.000721371804992543,0.04277953878045082,-4.803397178649902,6.1092071533203125,9.799623489379883,-0.00034087616950273514,0.005502524320036173,0.9408267140388489,5124,True,None,None,Driving
24e53837,2025-04-05 13:32:55,2c195a12,Lane Violation,Crossed lane markings,20.972726996836347,0.3922627568244934,0.0,0.018239792436361313,59.60842514038086,-0.0009532052319372042,-0.0009461898852583289,-0.007177696097642183,2.050476551055908,-0.18350034952163696,9.810382843017578,1.635513035580516e-05,-0.0013905686791986227,0.04250885173678398,4764,True,None,None,Driving
07eb32c5,2025-04-05 13:32:56,854a717d,Lane Violation,Crossed lane markings,20.628139029688874,0.0,0.0800037831068039,-0.1353243589401245,51.16123962402344,-0.001129664983821499,-0.0008579376322897945,-0.0008732223068363965,-0.6819029450416565,-2.7869980335235596,9.799147605895996,-0.004398111719638109,0.01549698319286108,-0.34165844321250916,4828,True,None,None,Driving
ba08272f,2025-04-05 13:33:08,55a2a0bc,Red Light Violation,Approaching red light at 17.06 km/h,17.063101295578267,0.0,1.0,0.000870533986017108,-90.18069458007812,-0.00044901436751842994,-0.0003742951336917408,0.010732993483543396,-0.4927632510662079,0.029772460460662842,9.818366050720215,0.0002861930988729,0.0007556319469586015,0.0015662489458918571,5892,True,None,Red,Driving
07d1a5d2,2025-04-05 13:33:41,baeb7bf7,Lane Violation,Crossed lane markings,20.53135936117195,0.31444400548934937,0.0,-0.1419517695903778,-12.999622344970703,-0.001221343626426119,0.0006765847514267934,-0.0034156416077166796,-0.03155207261443138,-1.921071171760559,9.804121971130371,-0.005166356451809406,0.0003166607639286667,-0.15788111090660095,5508,True,None,None,Driving
c868e3c3,2025-04-05 13:33:45,2c195a12,Lane Violation,Crossed lane markings,20.690415960088078,0.3231293261051178,0.0,-0.07431507855653763,-8.914347648620605,-0.001259541901433181,-0.0002219592887840038,-0.0072007752023637295,2.4305551052093506,-0.9146799445152283,9.81234073638916,0.0017711824038997293,-0.001202028477564454,-0.22161458432674408,5728,True,None,None,Driving
8ff13db6,2025-04-05 13:33:51,ec0a0a0b,Lane Violation,Crossed lane markings,19.86418779017615,0.5103936791419983,0.0,0.0941162109375,176.1370086669922,-0.0005961115420092256,0.0007782320948051806,-0.003578453091904521,-0.29000672698020935,0.3835795223712921,9.819231033325195,-0.0036337529309093952,-0.0011005873093381524,0.17418983578681946,5328,True,None,None,Driving
55eb1134,2025-04-05 13:33:51,2c195a12,Lane Violation,Crossed lane markings,21.050445166463994,0.0,0.23305270075798035,0.03809195011854172,-5.695437908172607,-0.0012360562532194308,-9.838389811728819e-05,-0.0072344206273555756,-0.742717444896698,0.44579577445983887,9.82378101348877,-0.0010811042739078403,0.001924260868690908,0.12429460138082504,5852,True,None,None,Driving
b0f03735,2025-04-05 13:34:02,5738d44d,Wrong Way Driving,Vehicle moving opposite to lane direction,20.152815008557994,0.8500000238418579,0.0,-0.08160950243473053,-120.36651611328125,-0.00021929748695015405,0.0009218362969206953,0.0007993316394276917,4.175689697265625,-0.8062820434570312,9.689661026000977,0.008608855307102203,-0.015510492026805878,-0.22265514731407166,5448,True,None,None,Driving
3e310af1,2025-04-05 13:34:11,baeb7bf7,Collision,Collision with vehicle.mitsubishi.fusorosa,17.445782518162066,0.8500000238418579,0.0,-0.05645032599568367,-86.14014434814453,-0.0008266295571957016,0.0009484043525087855,-0.004099464509636164,2.219116687774658,-0.5941479206085205,9.805902481079102,-0.003720457199960947,-0.0009060311131179333,-0.058170996606349945,5700,True,vehicle.mitsubishi.fusorosa,None,Driving
7ea215e8,2025-04-05 13:34:14,5738d44d,Lane Violation,Crossed lane markings,9.826510248693705,0.8500000238418579,0.0,0.04797095060348511,-170.33413696289062,-0.0001483052760136161,0.0007415712882580748,0.006549262907356024,-25.80937957763672,-0.26583385467529297,9.440625190734863,-0.05241967737674713,0.2285791039466858,0.05667862668633461,5200,True,None,None,Driving
5f37c8f0,2025-04-05 13:34:14,44750abd,Red Light Violation,Approaching red light at 5.55 km/h,5.54908351057635,0.0,1.0,-0.00043982735951431096,89.88014221191406,7.436613626055077e-05,-0.00047005828304884785,-0.028638610616326332,-10.850113868713379,-0.009153366088867188,9.86645793914795,0.0002086833119392395,-0.04718021675944328,-0.0011692120460793376,5152,True,None,Red,Driving
30ee2f74,2025-04-05 13:34:16,baeb7bf7,Lane Violation,Crossed lane markings,20.595680210705762,0.2589583396911621,0.0,-0.006766157690435648,-89.11937713623047,-0.0007419960059280584,0.0009502823079149867,-0.0033368300646543503,0.24615377187728882,0.0020151287317276,9.800880432128906,-0.0006213996093720198,0.0007253492949530482,-0.012815641239285469,5660,True,vehicle.mitsubishi.fusorosa,None,Driving
e8d6430a,2025-04-05 13:34:19,5738d44d,Lane Violation,Crossed lane markings,15.000900907549699,0.8500000238418579,0.0,0.03264769911766052,-169.69189453125,-0.00013136133922841964,0.0006600166490304841,0.004160499665886164,2.9570212364196777,-0.0611875057220459,9.683656692504883,0.0021410658955574036,-0.10134916007518768,0.06703672558069229,5200,True,None,None,Driving
ec1a8ba8,2025-04-05 13:34:23,c48bce71,Wrong Way Driving,Vehicle moving opposite to lane direction,22.97999528864944,0.0,0.699999988079071,-0.1357593983411789,-106.20352935791016,0.0005084084681357126,-0.0004176940587659318,-0.010167502798140049,2.0257749557495117,-3.1373953819274902,10.046734809875488,-0.029742922633886337,0.008568532764911652,-0.3659503161907196,5016,True,None,None,Driving
85bd8a78,2025-04-05 13:34:28,ec0a0a0b,Lane Violation,Crossed lane markings,16.032137346075388,0.8500000238418579,0.0,0.11182012408971786,-95.1524429321289,-0.0004701139342841998,0.0003953138622383946,-0.003011360066011548,3.5077741146087646,0.3202328681945801,9.778521537780762,0.0009192759171128273,-0.008955643512308598,0.12158319354057312,6000,True,None,None,Driving
b0e77ddf,2025-04-05 13:34:29,baeb7bf7,Red Light Violation,Approaching red light at 18.00 km/h,17.99826936072275,0.011653636582195759,0.0,0.0006155604496598244,-89.60662078857422,-0.0004713573832475504,0.0009522810237834237,-0.0035157394595444202,-2.199739933013916,0.00017309188842773438,9.814952850341797,2.512289211153984e-05,0.0016660699620842934,0.0005036932416260242,5728,True,vehicle.mitsubishi.fusorosa,Red,Driving
241c5668,2025-04-05 13:34:47,13883c7d,Red Light Violation,Approaching red light at 17.03 km/h,17.028951464606163,0.0,1.0,0.009864258579909801,-91.2998046875,-0.00044165990458111537,-0.0003735180037931636,-0.018952101469039917,-3.4330856800079346,0.022231578826904297,9.81830883026123,-0.0012266244739294052,0.02148076333105564,0.024887848645448685,5672,True,vehicle.ford.crown,Red,Driving
21e67977,2025-04-05 13:34:48,ec0a0a0b,Lane Violation,Crossed lane markings,19.769120840996436,0.8142706751823425,0.0,0.09229274094104767,-3.7628183364868164,-0.00025451602157033903,0.0005123321894013574,-0.0034856796264648438,-0.39046233892440796,0.7830305695533752,9.813191413879395,-0.0017084514256566763,0.0011308655375614762,0.17574737966060638,5912,True,None,None,Driving
9841f49a,2025-04-05 13:34:48,5738d44d,Lane Violation,Crossed lane markings,20.656399046106273,0.13767530024051666,0.0,-0.057409174740314484,170.7557373046875,-0.00012210976507276428,0.00010760268635248162,0.0011417007772251964,0.1369980275630951,-0.8028292059898376,9.837556838989258,0.03759853169322014,0.0023270221427083015,-0.1714579313993454,5756,True,None,None,Driving
3b8ef957,2025-04-05 13:34:55,5738d44d,Lane Violation,Crossed lane markings,20.45975162098377,0.10266576707363129,0.0,0.07701212912797928,173.2599334716797,-0.00014503838680468562,-1.4655888619405633e-05,0.0013354873517528176,-0.5976536273956299,0.8483211398124695,9.836771965026855,-0.011072199791669846,0.017413055524230003,0.2278134822845459,5604,True,None,None,Driving
f10a4e1e,2025-04-05 13:34:56,ec0a0a0b,Red Light Violation,Approaching red light at 17.00 km/h,17.002909691987306,0.0,0.11429490894079208,-0.0020381517242640257,0.3148570954799652,-0.0002549186535247827,0.0006598074085700946,-0.003451194614171982,-1.2757774591445923,0.057907115668058395,9.82707405090332,-9.674076136434451e-05,0.00490003265440464,-0.008308346383273602,6120,True,None,Red,Driving
1719914b,2025-04-05 13:34:57,55a2a0bc,Red Light Violation,Approaching red light at 15.90 km/h,15.902158698944179,0.38809067010879517,0.0,-0.00017573311924934387,-89.56609344482422,0.00034385801433245433,-0.0003744248723722247,0.010834617540240288,-0.9086984395980835,-0.004336714744567871,9.8092041015625,-0.00016900175251066685,0.0029387122485786676,-0.006236439570784569,5280,True,None,Red,Driving
9110a8a8,2025-04-05 13:35:01,6c078bf6,Red Light Violation,Approaching red light at 5.50 km/h,5.504567328458328,0.0,1.0,-0.004749690182507038,-89.17349243164062,-0.0004715165581501424,-0.0009326923335028218,0.0425574854016304,3.32277512550354,-0.055928945541381836,9.809468269348145,-1.567979052197188e-05,-0.0001617347588762641,0.01462949626147747,5548,True,None,Red,Driving
dee505f3,2025-04-05 13:35:39,edecf8c7,Lane Violation,Crossed lane markings,20.64761464352593,0.5136571526527405,0.0,-0.057561688125133514,172.61244201660156,0.000607978210695137,-5.075732454108166e-05,-0.02877277322113514,2.821587562561035,-0.3413858413696289,9.925143241882324,-0.002828574040904641,0.009661777876317501,-0.12965254485607147,5340,True,None,None,Driving
15f011fe,2025-04-05 13:35:45,edecf8c7,Lane Violation,Crossed lane markings,17.97717047629477,0.09381529688835144,0.0,0.000870533986017108,170.09169006347656,0.0005919559976632627,-0.0001444925659699426,-0.030099771916866302,-0.7668945789337158,-0.016614899039268494,9.790658950805664,-0.0001473503652960062,0.0035332641564309597,0.0005740687483921647,5276,True,None,None,Driving
9b2fa81c,2025-04-05 13:35:47,edecf8c7,Red Light Violation,Approaching red light at 16.37 km/h,16.178715988243834,0.0,1.0,0.03003823570907116,174.61550903320312,0.0005864682502476626,-0.00018712779420491975,-0.030176715925335884,-0.6233307719230652,0.04257139563560486,9.824833869934082,0.0030415698420256376,-0.0010380360763520002,0.05615060031414032,5416,True,None,Red,Driving
30b9346c,2025-04-05 13:35:55,baeb7bf7,Wrong Way Driving,Vehicle moving opposite to lane direction,20.598440460869217,0.3185274302959442,0.0,-0.3724742531776428,-119.96603393554688,-0.0001769267049382961,0.0009236307069219784,-0.0033660505432635546,-0.1326448917388916,-1.7871465682983398,9.799360275268555,0.003108331933617592,0.0020691435784101486,-0.3877846598625183,5604,True,vehicle.mitsubishi.fusorosa,None,Driving
8ac18e20,2025-04-05 13:36:04,226c26c2,Wrong Way Driving,Vehicle moving opposite to lane direction,19.529980918531955,0.6961881518363953,0.0,-0.18145480751991272,-117.52144622802734,-0.00022149411769589733,0.0009238709256621241,-0.004641914274543524,-0.7599564790725708,-1.338537335395813,9.813969612121582,-0.0008477559313178062,0.0045671542175114155,-0.2797747850418091,5296,True,None,None,Driving
b0996c84,2025-04-05 13:36:20,2c195a12,Wrong Way Driving,Vehicle moving opposite to lane direction,13.375514893636565,0.5361264944076538,0.0,-0.12123347818851471,-118.76777648925781,-0.00022459804539209927,0.0009253064810775574,-0.007217750418931246,-2.8684191703796387,-0.33966064453125,9.808493614196777,0.0016838549636304379,0.00149902596604079,-0.1862376630306244,5080,True,None,None,Driving
13869388,2025-04-05 13:36:22,869bf02e,Lane Violation,Crossed lane markings,19.32507056464774,0.8500000238418579,0.0,-0.36747339367866516,-96.678466796875,0.0001985350488240556,0.000985556699370963,0.0013771435478702188,-0.6378738880157471,-2.7038445472717285,9.655683517456055,0.008339324966073036,0.035662177950143814,-0.6440385580062866,5344,True,None,None,Driving
b6613a35,2025-04-05 13:36:24,c48bce71,Lane Violation,Crossed lane markings,19.30454843505678,0.33068835735321045,0.0,-0.020908594131469727,80.37422943115234,-0.0005805713427946557,-0.0010234967992143772,-0.005325431935489178,-2.6235716342926025,-0.2941465377807617,9.602797508239746,0.007376082241535187,0.001300137024372816,-0.017189431935548782,5212,True,None,None,Driving
c198f37f,2025-04-05 13:36:29,869bf02e,Lane Violation,Crossed lane markings,20.056174220512766,0.5947569012641907,0.0,-0.006314018741250038,-111.5439224243164,0.0003113545683106622,0.0009436298594093515,-0.0009124373900704086,-0.18102999031543732,-0.05952766537666321,9.816009521484375,0.004915657918900251,0.0006944811902940273,-0.021255431696772575,4756,True,None,None,Driving
21f739b0,2025-04-05 13:36:31,c48bce71,Lane Violation,Crossed lane markings,18.21230517702718,0.8500000238418579,0.0,0.039996709674596786,81.02914428710938,-0.0006944155613837211,-0.0010029422993799567,-0.005439491011202335,-1.387150526046753,0.7042044997215271,9.765423774719238,-0.008245332166552544,-0.005972396116703749,0.0467810183763504,5564,True,None,None,Driving
5589407f,2025-04-05 13:36:33,418a281a,Lane Violation,Crossed lane markings,20.012007571818202,0.7775581479072571,0.0,-0.09482520073652267,-114.3001480102539,0.00025570166037880426,0.0009780813389072877,0.0029227447230368853,2.1486964225769043,-1.2869799137115479,9.782591819763184,-0.00613984651863575,-0.002402979414910078,-0.903306782245636,5360,True,None,None,Driving
818935d7,2025-04-05 13:36:36,ec0a0a0b,Lane Violation,Crossed lane markings,19.36039595932297,0.7659503221511841,0.0,0.09164434671401978,87.55419158935547,-0.0003742729623041896,0.0008907264965474464,-0.003435935825109482,-0.6003919243812561,0.5957200527191162,9.812373161315918,0.0028846091590821743,0.001483421539887786,0.1456696093082428,5888,True,None,None,Driving
3e202ba4,2025-04-05 13:36:44,44750abd,Red Light Violation,Approaching red light at 14.86 km/h,14.858691982153653,0.8500000238418579,0.0,0.0,-179.8754119873047,-0.00011637315479617882,-0.000738516363829185,-0.02951408363878727,0.0358625166118145,0.0011774144368246198,9.804915428161621,1.3386283171712421e-05,0.007431140635162592,3.2111759651343164e-07,5540,True,None,Red,Driving
5044aadc,2025-04-05 13:36:45,6c078bf6,Red Light Violation,Approaching red light at 17.18 km/h,17.182336479986763,0.0,1.0,0.00267428089864552,-0.034942626953125,-0.000251517348061725,-0.0006495496228817577,0.042609404772520065,1.8127144575119019,0.05747032165527344,9.81010627746582,1.2803790923499037e-05,-0.0010123647516593337,0.00604210514575243,4900,True,None,Red,Driving
cee69794,2025-04-05 13:36:53,ec0a0a0b,Lane Violation,Crossed lane markings,19.787037774119252,0.7564896941184998,0.0,0.09790052473545074,175.48802185058594,-0.0005958373294134844,0.0007831504450046335,-0.0034563064109534025,-0.1173630952835083,0.8755089640617371,9.812090873718262,-0.009072133339941502,0.0010958905331790447,0.2010572999715805,5440,True,None,None,Driving
5698be4e,2025-04-05 13:36:55,baeb7bf7,Red Light Violation,Approaching red light at 16.66 km/h,16.657289153014588,0.0,1.0,0.0006220098002813756,-179.85841369628906,-0.00011794267241782563,-0.00018009019041684968,-0.0033275221940129995,1.0298014879226685,0.0036593209952116013,9.796801567077637,3.0659975891467184e-06,-0.002854779362678528,0.0005935545777902007,5868,True,vehicle.mitsubishi.fusorosa,Red,Driving
4ea5b1d5,2025-04-05 13:37:02,ee846c16,Red Light Violation,Approaching red light at 10.62 km/h,10.623516313327844,0.8500000238418579,0.0,0.000870533986017108,-89.63275909423828,-0.00046059102604090185,0.0009523641579722387,-0.005664634518325329,5.27777099609375,0.011788368225097656,9.783970832824707,0.0002850014716386795,-0.020071374252438545,0.0009263004176318645,5416,True,None,Red,Driving
d14e14b9,2025-04-05 13:37:05,2c195a12,Lane Violation,Crossed lane markings,20.453152039720408,0.8500000238418579,0.0,0.07407604157924652,-170.30023193359375,-0.00014748071917836114,0.0001983482881922988,-0.007131919730454683,2.5389959812164307,1.0929853916168213,9.804108619689941,1.3115932233631611e-05,-0.002405822044238448,0.20890124142169952,5928,True,None,None,Driving
c429586d,2025-04-05 13:37:08,226c26c2,Red Light Violation,Approaching red light at 15.79 km/h,15.785670410635946,0.0,1.0,-0.00017573311924934387,-179.8450927734375,-0.0001493433053951776,-0.0001926202192181091,-0.004684219136834145,-3.249800205230713,-0.0074549391865730286,9.772869110107422,-3.966260555898771e-05,0.006806913763284683,-0.00018524150073062629,5468,True,None,Red,Driving
8d1e3535,2025-04-05 13:37:12,2c195a12,Lane Violation,Crossed lane markings,21.185499568015764,0.0,0.27367669343948364,-0.05777109041810036,-173.6968231201172,-0.00012263314037852524,6.7148475508086e-05,-0.007245979271829128,-1.1289403438568115,-0.5617724657058716,9.824734687805176,0.0010705324821174145,0.002375902608036995,-0.1506585031747818,5568,True,None,None,Driving
64c03e60,2025-04-05 13:37:12,edecf8c7,Wrong Way Driving,Vehicle moving opposite to lane direction,20.81820554529182,0.18086588382720947,0.0,-0.26550039649009705,145.5266571044922,0.0005525970994852969,-0.0003800407821543321,-0.028521345928311348,3.5454227924346924,-3.1074371337890625,9.946160316467285,0.03729970008134842,-0.0024545490741729736,-0.47826504707336426,5148,True,None,None,Driving
43e75b64,2025-04-05 13:37:31,ec0a0a0b,Lane Violation,Crossed lane markings,13.160004125069554,0.8500000238418579,0.0,0.10133344680070877,-95.32721710205078,-0.0004740772350970701,0.00039556741123387805,-0.0030401230324059725,-13.056405067443848,0.3277902603149414,9.876388549804688,-0.004411318339407444,0.013712519779801369,0.10629987716674805,6000,True,None,None,Driving
65715f72,2025-04-05 13:37:38,869bf02e,Red Light Violation,Approaching red light at 15.22 km/h,15.219904508467888,0.8500000238418579,0.0,0.0,-179.39268493652344,0.0005812961797033722,-0.00018544956988672718,0.0035827255342155695,-1.3008371591567993,-0.004084829241037369,9.750638961791992,-0.00013776554260402918,0.02097589708864689,0.0015944343758746982,5248,True,None,Red,Driving
7e2684ea,2025-04-05 13:37:39,edecf8c7,Red Light Violation,Approaching red light at 12.19 km/h,12.19286260112769,0.0,1.0,0.0,89.90422821044922,9.066229631571332e-05,-0.0004386525784215106,-0.03330047428607941,-2.6172642707824707,-0.014468193054199219,9.962973594665527,0.005181358195841312,0.008603004738688469,-4.2392897739773616e-05,5348,True,None,Red,Driving
a4fc879b,2025-04-05 13:37:41,226c26c2,Wrong Way Driving,Vehicle moving opposite to lane direction,19.84861019325206,0.8500000238418579,0.0,-0.1572510004043579,127.4127197265625,-0.00021656483600906995,-0.0004047971223968064,-0.004704399034380913,1.5029847621917725,-1.0138698816299438,9.82525634765625,0.00913199596107006,-0.008366943337023258,-0.24863751232624054,5296,True,None,None,Driving
22d3e2a8,2025-04-05 13:37:48,13883c7d,Red Light Violation,Approaching red light at 17.72 km/h,17.720175533669423,0.0,0.699999988079071,0.0,-89.56719207763672,0.0003442656322789617,-0.0003744214113033581,-0.018964538350701332,-2.8069612979888916,-0.0013191699981689453,9.80295467376709,2.331845462322235e-05,0.01901857741177082,0.00016489779227413237,5016,True,vehicle.ford.crown,Red,Driving
6a72c4ee,2025-04-05 13:37:49,55a2a0bc,Red Light Violation,Approaching red light at 16.65 km/h,16.648835925719744,0.3729173243045807,0.0,0.0007661748677492142,90.08889770507812,9.846620130815609e-05,0.0008930269764994388,0.010798034258186817,0.06937354803085327,0.002292230725288391,9.801883697509766,2.6746653020381927e-05,-0.002272811019793153,0.0036333356983959675,5020,True,None,Red,Driving
044381a4,2025-04-05 13:37:50,ec0a0a0b,Lane Violation,Crossed lane markings,19.963254462015833,0.7086790800094604,0.0,0.09442609548568726,-3.5729079246520996,-0.00025423087745934936,0.0005156903857061802,-0.003582649165764451,-0.3409985601902008,0.411355584859848,9.815483093261719,-0.002800324698910117,0.0003302984405308962,0.16126729547977448,5416,True,None,None,Driving
b205e914,2025-04-05 13:37:54,ee846c16,Wrong Way Driving,Vehicle moving opposite to lane direction,22.24418644104744,0.0,0.699999988079071,-0.1723584234714508,-120.70536041259766,-0.00021919603652520436,0.000921599710589459,-0.005166206043213606,-2.6166555881500244,-1.2748799324035645,9.840651512145996,0.0056666359305381775,0.03619906306266785,-0.3342263102531433,5328,True,None,None,Driving
1b7c4ee7,2025-04-05 13:37:58,ec0a0a0b,Red Light Violation,Approaching red light at 17.38 km/h,17.377847943522358,0.757129430770874,0.0,-0.0023158621042966843,0.3369676172733307,-0.0002548936892878828,0.0006559865256134248,-0.0033385849092155695,1.8294190168380737,-0.05373115837574005,9.786697387695312,-0.0003880730364471674,0.001966859446838498,-0.0034149326384067535,6112,True,None,Red,Driving
f82deaf7,2025-04-05 13:38:13,a80f7fdc,Lane Violation,Crossed lane markings,22.123222390446287,0.0,0.638136625289917,-0.09484276175498962,-10.421951293945312,-0.0002485925221265006,-0.00023000360099413277,-0.005310325417667627,0.33842283487319946,-0.781139612197876,9.822197914123535,0.0014230735832825303,0.0011852654861286283,-0.26804471015930176,5280,True,None,None,Driving
1effaa79,2025-04-05 13:38:19,a80f7fdc,Lane Violation,Crossed lane markings,20.690468494621875,0.6323073506355286,0.0,0.04011980816721916,-6.76135778427124,-0.0002262686450791307,-0.00012877753994622592,-0.005200233310461044,1.7085882425308228,0.4347689151763916,9.807971000671387,-0.0006152738933451474,-0.0009730830206535757,0.09998522698879242,5780,True,None,None,Driving
3fa68c8a,2025-04-05 13:38:37,ec0a0a0b,Lane Violation,Crossed lane markings,20.02545703565076,0.6521397233009338,0.0,0.08307317644357681,87.31340789794922,-0.000377850268236557,0.0008907277301957552,-0.003536491421982646,0.7488813400268555,0.4231700897216797,9.807902336120605,0.002418745309114456,-0.0017986695747822523,0.11945430934429169,5668,True,None,None,Driving
67d9b480,2025-04-05 13:38:39,44750abd,Lane Violation,Crossed lane markings,19.772552229281946,0.8500000238418579,0.0,-0.004834214225411415,-11.295366287231445,0.0005262287235723306,0.00014720544427119107,-0.029489707201719284,2.256751537322998,-0.023889955133199692,9.817632675170898,-0.0033650067634880543,0.008101822808384895,-0.012330385856330395,5020,True,None,None,Driving
4530f48c,2025-04-05 13:38:50,baeb7bf7,Red Light Violation,Approaching red light at 17.97 km/h,17.970157901577906,0.0,1.0,0.00017573311924934387,-179.8423614501953,-0.00011644203350158477,-0.0007143902465325055,-0.003757591126486659,0.3921380043029785,0.0097343185916543,9.814005851745605,6.938994192751125e-05,-0.0006802024436183274,-0.00019765642355196178,5988,True,vehicle.mitsubishi.fusorosa,Red,Driving
d8a5fabc,2025-04-05 13:38:55,6c078bf6,Red Light Violation,Approaching red light at 10.32 km/h,10.317221228679665,0.0,1.0,0.0,0.1418152004480362,-0.0002551124391061421,0.0006921164521716092,0.042688749730587006,-5.269559383392334,0.021517181769013405,9.805486679077148,2.2308246116153896e-05,0.0009214417659677565,-0.013335640542209148,4988,True,None,Red,Driving
fda05a6f,2025-04-05 13:38:59,ee846c16,Red Light Violation,Approaching red light at 16.25 km/h,16.24813201033208,0.0,1.0,0.0,-179.83978271484375,-0.0001493243037771208,-0.0001962531078797091,-0.005494727753102779,-1.8524421453475952,-0.00030716322362422943,9.912062644958496,6.707734428346157e-06,0.02300756238400936,-1.344627162325196e-05,5552,True,None,Red,Driving
d3191bbc,2025-04-05 13:39:20,edecf8c7,Wrong Way Driving,Vehicle moving opposite to lane direction,19.834781195932884,0.7923741340637207,0.0,-0.10293620079755783,60.59746170043945,-0.00018486329567224402,-0.0004062134534594263,-0.028631705790758133,2.9046292304992676,-0.7638341188430786,9.838911056518555,-0.0207718163728714,0.001997082494199276,-0.23261593282222748,5324,True,None,None,Driving
6d7ee1e1,2025-04-05 13:39:22,baeb7bf7,Red Light Violation,Approaching red light at 20.66 km/h,20.656005130769866,0.3154912292957306,0.0,0.03835277259349823,-90.06210327148438,5.0503916895650036e-05,-0.0009591539526562626,-0.0034680557437241077,-0.11736740916967392,0.16013923287391663,9.811066627502441,0.0008865697309374809,-0.00022170436568558216,0.04607280343770981,5820,True,vehicle.mitsubishi.fusorosa,Red,Driving
b65eae3a,2025-04-05 13:39:24,baeb7bf7,Lane Violation,Crossed lane markings,17.001024887676895,0.8500000238418579,0.0,0.006009676028043032,-89.13532257080078,7.986191953079924e-05,-0.0009585853778579032,-0.004206046927720308,2.403674602508545,0.02302408218383789,9.827189445495605,0.0007940186187624931,-0.011846687644720078,0.006682159379124641,5744,True,vehicle.mitsubishi.fusorosa,None,Driving
2a380d89,2025-04-05 13:39:29,baeb7bf7,Lane Violation,Crossed lane markings,20.452056099767667,0.24890509247779846,0.0,0.021472303196787834,-88.33141326904297,0.00017656067120697116,-0.0009565776152352011,-0.003458747873082757,0.07120253890752792,0.05193573608994484,9.809865951538086,-0.00267578917555511,-0.00028331740759313107,0.0321987085044384,5740,True,vehicle.mitsubishi.fusorosa,None,Driving
d1fc6bbd,2025-04-05 13:39:31,226c26c2,Red Light Violation,Approaching red light at 16.78 km/h,16.783525152904335,0.0,1.0,0.0006155604496598244,-89.38912963867188,-0.00047891577510483785,-0.0009642295244790805,-0.004669609013944864,-0.9301120042800903,0.02490323781967163,9.802042007446289,4.213664215058088e-05,0.0019203992560505867,0.0006135957664810121,5000,True,None,Red,Driving
6fb0767e,2025-04-05 13:39:40,44750abd,Red Light Violation,Approaching red light at 9.78 km/h,9.781684424234294,0.0,1.0,0.0006155604496598244,90.13284301757812,8.352000374145518e-05,0.0009244527964478125,-0.029127081856131554,-14.711526870727539,0.013845443725585938,9.923757553100586,-1.455843448638916e-05,-0.06660047918558121,0.0006764383870176971,5144,True,None,Red,Driving
776dbeb9,2025-04-05 13:39:42,869bf02e,Red Light Violation,Approaching red light at 17.31 km/h,17.30897810196551,0.46810203790664673,0.0,0.0006948008667677641,89.85249328613281,9.286236242189716e-05,-0.00043865737594271176,0.0010585403069853783,0.798886775970459,-0.01153475046157837,9.720260620117188,8.227024227380753e-05,-0.010699272155761719,0.00033848054590635,5572,True,None,Red,Driving
b934cd79,2025-04-05 13:39:54,baeb7bf7,Lane Violation,Crossed lane markings,19.10946973798207,0.11780011653900146,0.0,0.16287970542907715,-21.276294708251953,0.0005377624100333378,-0.0007278394803959148,-0.0034120557829737663,0.10172711312770844,1.942671775817871,9.807456016540527,0.0033451246563345194,-0.0006253448082134128,0.175816148519516,5232,True,vehicle.mitsubishi.fusorosa,None,Driving
935e0bc6,2025-04-05 13:40:00,baeb7bf7,Lane Violation,Crossed lane markings,16.270399394792157,0.04127033054828644,0.0,0.09176380187273026,-4.893129825592041,0.0005520349670575797,-0.0006399790478374842,-0.003390464698895812,-0.2755095660686493,0.04369436949491501,9.806462287902832,0.002153085544705391,-0.0010610546451061964,0.09843755513429642,5704,True,vehicle.mitsubishi.fusorosa,Green,Driving
dc877cd4,2025-04-05 13:40:19,854a717d,Red Light Violation,Approaching red light at 11.99 km/h,11.985682854041633,0.0,1.0,-0.001338650705292821,90.92927551269531,8.415976175513151e-05,-0.0010205596881989855,-0.001426277100108564,-6.4694695472717285,-0.010776519775390625,9.793291091918945,0.00014562811702489853,0.00868475902825594,-0.0018577537266537547,4952,True,None,Red,Driving
35e482f2,2025-04-05 13:40:38,2c195a12,Red Light Violation,Approaching red light at 14.44 km/h,14.438052207619425,0.0,1.0,0.0,89.85504150390625,8.629547257044123e-05,-0.00047010166634771014,-0.007092780899256468,-5.569019317626953,-0.0003314018249511719,9.814325332641602,1.986278221011162e-06,0.002891505602747202,7.34210989321582e-05,5380,True,None,Red,Driving
406a256c,2025-04-05 13:40:54,a80f7fdc,Wrong Way Driving,Vehicle moving opposite to lane direction,19.566066816073114,0.5347996354103088,0.0,-0.16790296137332916,-54.92811965942383,-0.00016704554180080322,0.0009223055630301899,-0.005133132915943861,-1.6261481046676636,-1.678289771080017,9.80739688873291,0.0016829166561365128,0.0007790331728756428,-0.35995593667030334,5440,True,None,None,Driving
be718f13,2025-04-05 13:41:13,baeb7bf7,Lane Violation,Crossed lane markings,20.41096371766661,0.22850164771080017,0.0,0.1461757868528366,12.02256965637207,0.0005328474866246324,0.0006768449141479327,-0.0034316633827984333,-0.2691039443016052,1.9156508445739746,9.80763053894043,0.004189119674265385,0.0009916620329022408,0.15503773093223572,5844,True,vehicle.mitsubishi.fusorosa,None,Driving
aa685a0c,2025-04-05 13:41:29,edecf8c7,Red Light Violation,Approaching red light at 11.81 km/h,11.813910657196836,0.8500000238418579,0.0,0.0402543768286705,-92.31671905517578,-0.00045956089543608414,-0.0003735747516153721,-0.03264957293868065,-22.849267959594727,-0.091033935546875,9.256010055541992,-0.015738576650619507,-0.07714153081178665,0.04449675977230072,5268,True,None,Red,Driving
d8f2eee8,2025-04-05 13:41:35,baeb7bf7,Lane Violation,Crossed lane markings,18.363929223364025,0.1068020761013031,0.0,0.014403201639652252,89.4453353881836,0.0001407412641896144,0.000924723719323646,-0.003396644489839673,-0.21148696541786194,0.035585492849349976,9.809548377990723,0.00012140639591962099,-0.00021987063519190997,0.016505654901266098,5516,True,vehicle.mitsubishi.fusorosa,None,Driving
2a97e335,2025-04-05 13:41:37,baeb7bf7,Red Light Violation,Approaching red light at 16.46 km/h,16.464017109037226,0.0,1.0,0.0066325305961072445,90.00444793701172,0.00010376482360641148,0.0009246679310056778,-0.0036179732996970415,-2.050403594970703,0.027531147003173828,9.829323768615723,-0.0003102279733866453,0.002441518474370241,0.008733012713491917,5528,True,vehicle.mitsubishi.fusorosa,Red,Driving
88db7345,2025-04-05 13:41:38,c48bce71,Lane Violation,Crossed lane markings,17.1931743764817,0.8500000238418579,0.0,0.00017573311924934387,4.1196746826171875,-0.0012412597817927917,0.0006045737525887324,-0.007317809853702784,2.145397186279297,0.006313504185527563,9.820326805114746,0.0003444659523665905,-0.03149944171309471,2.536658212193288e-05,4492,True,None,None,Driving
b6d28675,2025-04-05 13:41:43,c48bce71,Lane Violation,Crossed lane markings,21.950888919093316,0.4924878180027008,0.0,-0.06473738700151443,-17.06730079650879,-0.001234309955492563,0.000722632936244304,-0.00935768149793148,8.551301956176758,-0.8524669408798218,9.281600952148438,0.011995773762464523,-0.05139889940619469,-0.2076481282711029,4428,True,None,None,Driving
52e40b41,2025-04-05 13:41:59,13883c7d,Lane Violation,Crossed lane markings,16.088444165820025,0.8500000238418579,0.0,0.16574369370937347,103.3498306274414,-0.000811905210738928,0.0009146953236847437,-0.019098740071058273,1.4192897081375122,0.7874826192855835,9.818084716796875,-0.01835547387599945,-0.006630074232816696,0.34152644872665405,5176,True,vehicle.ford.crown,None,Driving
2b08e781,2025-04-05 13:42:09,ec0a0a0b,Lane Violation,Crossed lane markings,19.629612418535686,0.8266818523406982,0.0,0.10110651701688766,-94.05853271484375,-0.0010349744574256192,-0.0003730043263445494,-0.0034112930297851562,-0.11397168040275574,0.5380219221115112,9.8109769821167,-0.0033326083794236183,-1.2705102562904358e-05,0.16492041945457458,5388,True,None,None,Driving
3aba8d51,2025-04-05 13:42:22,c48bce71,Red Light Violation,Approaching red light at 15.35 km/h,15.353833790334122,0.0,1.0,0.000870533986017108,-89.60357666015625,-0.00045080819496945423,0.0009838583768657383,-0.007127189543098211,-0.5877975821495056,0.02423316240310669,9.90234661102295,0.0004530780715867877,0.0008517395472154021,0.0012857095571234822,5636,True,None,Red,Driving
a86e0252,2025-04-05 13:42:31,ec0a0a0b,Lane Violation,Crossed lane markings,20.054759522705595,0.6418788433074951,0.0,0.10983380675315857,-3.6954662799835205,-0.0006258124474669557,-0.00025014467443904,-0.0034646224230527878,1.654759168624878,0.8623102903366089,9.795781135559082,-0.002065323991701007,-0.0008763563819229603,0.1771700233221054,6100,True,None,None,Driving
c4d82ac5,2025-04-05 13:42:56,869bf02e,Lane Violation,Crossed lane markings,19.220569883855738,0.8500000238418579,0.0,0.4336203932762146,-130.76551818847656,-0.001085563358969921,-0.0008170515117487577,-0.00028347037732601166,-3.360678195953369,6.0017900466918945,9.75564193725586,0.15682409703731537,0.04003806412220001,0.592133641242981,4964,True,None,None,Driving
49b1752d,2025-04-05 13:43:02,869bf02e,Lane Violation,Crossed lane markings,20.14578616897229,0.5439501404762268,0.0,-0.003552256152033806,-113.30103302001953,-0.0009683771185962087,-0.0008670844491399679,-0.0012907028431072831,-0.31982746720314026,-0.11603322625160217,9.83411693572998,-0.00016554957255721092,0.0019311088835820556,-0.03201394900679588,4588,True,None,None,Driving
e20bbe9f,2025-04-05 13:43:09,edecf8c7,Red Light Violation,Approaching red light at 17.54 km/h,17.54147691986402,0.11443233489990234,0.0,0.0,0.16386082768440247,-0.0002550511507735109,0.000670929022218716,-0.029872378334403038,0.41761305928230286,0.00972079485654831,9.786134719848633,0.00031705122091807425,0.002802824368700385,2.2728133899363456e-06,5752,True,None,Red,Driving
ccbf1ecb,2025-04-05 13:43:17,2c195a12,Lane Violation,Crossed lane markings,21.022326575187513,0.26789548993110657,0.0,-0.07746594399213791,-97.83692169189453,5.8201021360559935e-05,-0.0009306837484479137,-0.0072231292724609375,0.4553815722465515,-0.8390380144119263,9.818841934204102,0.0016264818841591477,0.0006174449808895588,-0.14144597947597504,5376,True,None,None,Driving
c48a87d8,2025-04-05 13:43:20,44750abd,Lane Violation,Crossed lane markings,18.507418794966405,0.8500000238418579,0.0,0.08775465190410614,-126.83614349365234,-0.0011159354376530928,-0.0007718014288510752,-0.02931266650557518,-1.1024096012115479,0.21667826175689697,9.79620361328125,0.091596320271492,-0.0017051920294761658,0.20484218001365662,4848,True,None,None,Driving
2f4d99fb,2025-04-05 13:43:23,2c195a12,Lane Violation,Crossed lane markings,19.777744291064792,0.7720869183540344,0.0,0.05609309673309326,-93.83905029296875,0.00019203644654908203,-0.0009523157030081066,-0.0071382904425263405,1.4933521747589111,0.416231632232666,9.808282852172852,-0.0005742268403992057,-0.0011640500742942095,0.17498049139976501,5400,True,None,None,Driving
8e02ce5e,2025-04-05 13:43:28,baeb7bf7,Lane Violation,Crossed lane markings,20.399236352231153,0.3116782605648041,0.0,0.03832690417766571,93.35467529296875,-0.0008524222648134128,0.0009159478879343598,-0.0034534072037786245,-0.22455930709838867,0.16238518059253693,9.810781478881836,-0.000377144810045138,0.00045028855674900115,0.05707118660211563,5764,True,vehicle.mitsubishi.fusorosa,None,Driving
68c13a38,2025-04-05 13:43:33,ec0a0a0b,Lane Violation,Crossed lane markings,19.702353800206037,0.6309176087379456,0.0,0.09128346294164658,86.87223815917969,-0.0007367858979279163,0.0008879469498355055,-0.003512916387990117,-0.26742327213287354,0.5186766386032104,9.814388275146484,0.0012431067880243063,9.747070726007223e-05,0.15057437121868134,5364,True,None,None,Driving
e89d1bcc,2025-04-05 13:43:36,64feea7c,Red Light Violation,Approaching red light at 15.86 km/h,15.864569378929483,0.3377339839935303,0.0,0.0,-89.56649017333984,0.00034280019515620097,-0.00037443412473454126,-0.010928764007985592,-1.178682804107666,0.00015914440155029297,9.81578254699707,-2.628657966852188e-07,0.002486834302544594,1.145355099652079e-08,4856,True,None,Red,Driving
58395c64,2025-04-05 13:43:47,baeb7bf7,Lane Violation,Crossed lane markings,20.39529615346971,0.29679957032203674,0.0,0.13014370203018188,164.07664489746094,-0.0011956405639068635,0.0006518526386663852,-0.0034334182273596525,-0.12687674164772034,0.5217893719673157,9.8090238571167,0.0004988657310605049,0.000555193517357111,0.1815211921930313,4752,True,vehicle.mitsubishi.fusorosa,None,Driving
94858fc2,2025-04-05 13:43:52,13883c7d,Lane Violation,Crossed lane markings,16.197009198456872,0.8500000238418579,0.0,-0.00043982735951431096,-112.48250579833984,-0.0008230799397779265,-0.0009242389640742734,-0.0176544189453125,-4.132611274719238,0.001220703125,9.747048377990723,-3.228895366191864e-06,0.004978567827492952,-0.0006632764125242829,5608,True,vehicle.ford.crown,None,Driving
68e2f7bf,2025-04-05 13:43:58,13883c7d,Lane Violation,Crossed lane markings,16.871730661862703,0.8500000238418579,0.0,0.13698934018611908,-99.78858184814453,-0.0007195150957244323,-0.0009598272504888424,-0.019502144306898117,1.664385199546814,0.17297768592834473,9.814291954040527,-0.000982814934104681,-0.0037719341926276684,0.08725407719612122,5552,True,vehicle.ford.crown,None,Driving
72d05d48,2025-04-05 13:44:18,55a2a0bc,Red Light Violation,Approaching red light at 14.53 km/h,14.52860940487656,0.0,1.0,0.000870533986017108,-179.91246032714844,-0.00011634017184292134,-0.0007343809690897679,0.011288833804428577,-4.796514511108398,0.013872806914150715,9.830681800842285,0.0002053045463981107,0.01750679314136505,0.0011759208282455802,4772,True,None,Red,Driving
39636350,2025-04-05 13:44:21,baeb7bf7,Red Light Violation,Approaching red light at 17.53 km/h,17.525030283962533,0.0,1.0,0.0,-179.61676025390625,-0.001200162570327734,-0.0001596396939884694,-0.0033829878084361553,-0.7077795267105103,-0.03018961101770401,9.813173294067383,-1.8361453840043396e-05,0.001481390674598515,0.008423713967204094,5824,True,vehicle.mitsubishi.fusorosa,Red,Driving
35f347ff,2025-04-05 13:44:23,418a281a,Red Light Violation,Approaching red light at 15.66 km/h,15.663855615025799,0.0,1.0,0.0,-89.61434936523438,-0.0004420140987377863,0.0009524897159556759,0.0024069976061582565,-0.6775459051132202,-0.005124211311340332,9.80811882019043,3.137392923235893e-05,0.0029228730127215385,0.00012609105033334345,5516,True,None,Red,Driving
eae131e4,2025-04-05 13:44:29,854a717d,Red Light Violation,Approaching red light at 14.46 km/h,14.455130122084173,0.0,1.0,0.0,-89.6141357421875,-0.00044967029145936976,0.0009838618722026132,-0.0013115692418068647,-5.959303855895996,0.010025978088378906,9.795421600341797,8.22450965642929e-06,0.014167046174407005,-0.0003019315772689879,5192,True,None,Red,Driving
c6780c85,2025-04-05 13:44:32,ec0a0a0b,Red Light Violation,Approaching red light at 8.05 km/h,8.051596875748912,0.0,1.0,0.001066182041540742,-179.69485473632812,-0.0011686867190832118,-0.00016397250672531586,-0.0020241928286850452,-16.3568058013916,-0.03308892250061035,9.832000732421875,2.7243455406278372e-05,0.02833755686879158,-0.0012428752379491925,5952,True,None,Red,Driving
2e0af22d,2025-04-05 13:44:37,418a281a,Wrong Way Driving,Vehicle moving opposite to lane direction,20.151467622730145,0.8034182190895081,0.0,-0.024574432522058487,-121.46548461914062,-0.00022011402505484057,0.0009212477096053253,0.0027941130101680756,1.245444655418396,-0.7501505017280579,9.818325996398926,0.0024707820266485214,-0.009156079962849617,-0.27201515436172485,5512,True,None,None,Driving
bb297e8f,2025-04-05 13:44:52,c48bce71,Red Light Violation,Approaching red light at 16.88 km/h,16.88482819016207,0.5616214871406555,0.0,0.0,-179.393310546875,0.0006128235700373352,-0.0001933387850900231,-0.008684043772518635,1.8532840013504028,0.0032210536301136017,9.886280059814453,2.0421866793185472e-06,-0.010157491080462933,3.2176872082345653e-06,5388,True,None,Red,Driving
b6394a0a,2025-04-05 13:45:12,ec0a0a0b,Lane Violation,Crossed lane markings,19.837417735359033,0.6539419889450073,0.0,0.1114942729473114,-94.31119537353516,-0.001032350487477629,-0.00040434122081065807,-0.003429527161642909,-0.15533211827278137,0.37531763315200806,9.810650825500488,-0.002540125511586666,0.0004342729225754738,0.12501391768455505,5552,True,None,None,Driving
b3def59e,2025-04-05 13:45:13,6c078bf6,Wrong Way Driving,Vehicle moving opposite to lane direction,18.552096209939496,0.8500000238418579,0.0,-0.09726477414369583,-51.8505744934082,-0.00014301169110808587,-0.00043648958171994107,0.0426398441195488,2.9416844844818115,-0.38084864616394043,9.8702392578125,0.0013405929785221815,-0.0030639576725661755,-0.20526662468910217,5492,True,None,None,Driving
0c55f1cf,2025-04-05 13:45:17,baeb7bf7,Lane Violation,Crossed lane markings,20.391527169149906,0.2407827079296112,0.0,0.03612644225358963,-174.5192108154297,-0.0011919426345770034,-0.0006129217136228888,-0.0034492872655391693,-0.77157062292099,0.17965365946292877,9.816452980041504,-0.0026576495729386806,0.0009615025483071804,0.040125876665115356,5444,True,vehicle.mitsubishi.fusorosa,None,Driving
fd83c424,2025-04-05 13:45:26,edecf8c7,Red Light Violation,Approaching red light at 12.09 km/h,12.090810823941016,0.0,1.0,-0.00043982735951431096,-179.62835693359375,-0.0012000227568478294,-0.00018212737212491774,-0.03293638303875923,-6.289096832275391,-0.01315615326166153,9.886090278625488,-0.0008953610667958856,-0.017122114077210426,0.0002095719682984054,5472,True,None,Red,Driving
79b912e6,2025-04-05 13:45:27,418a281a,Red Light Violation,Approaching red light at 16.22 km/h,16.215413686184075,0.4190543293952942,0.0,-0.0002485241857357323,-179.83445739746094,-0.00014931123054395812,-0.00020262783130980765,0.0025987625122070312,-0.3306572735309601,-0.01991691254079342,9.811454772949219,-1.3882428902434185e-05,0.000150815918459557,0.0010214586509391665,5452,True,None,Red,Driving
6bc8f7f0,2025-04-05 13:45:28,6c078bf6,Lane Violation,Crossed lane markings,20.66509377866155,0.0,0.45053866505622864,0.032305147498846054,-80.1137466430664,0.00020067323551131722,-0.0004022796231464767,0.04281841218471527,-3.480587959289551,0.18370985984802246,9.807670593261719,-0.0007522061350755394,0.0014462810941040516,0.13214653730392456,5520,True,None,None,Driving
eee1282e,2025-04-05 13:45:30,226c26c2,Lane Violation,Crossed lane markings,19.85582560571838,0.8500000238418579,0.0,0.38363343477249146,-153.7577362060547,-0.0011712414676594562,-0.0006824168238070234,-0.004505577031522989,1.522026538848877,2.3106393814086914,9.799098014831543,0.004800664260983467,0.0011199892032891512,0.6153113842010498,4836,True,None,None,Driving
674a5b13,2025-04-05 13:45:30,13883c7d,Lane Violation,Crossed lane markings,21.46793838527807,0.5114167332649231,0.0,0.2258763313293457,14.405691146850586,0.0005433937404148992,-0.000222073332716558,-0.01945369690656662,-0.902465283870697,0.9483748078346252,9.87271785736084,-0.02382025308907032,0.020281260833144188,0.3261963725090027,5524,True,vehicle.ford.crown,None,Driving
4c04f6bf,2025-04-05 13:45:30,55a2a0bc,Red Light Violation,Approaching red light at 17.15 km/h,17.151826663956527,0.15863536298274994,0.0,0.0009825967717915773,89.8629150390625,8.848465003552519e-05,-0.00047008556038367753,0.010671081021428108,-0.780099630355835,0.012001872062683105,9.826741218566895,0.00011481143883429468,0.0004564658447634429,0.0019989919383078814,5132,True,None,Red,Driving
4582f5a5,2025-04-05 13:45:32,baeb7bf7,Lane Violation,Crossed lane markings,20.435031989932114,0.3843257427215576,0.0,0.0906890258193016,-121.91770935058594,-0.0009993083826316251,-0.000881682894939116,-0.0033945846371352673,-0.01908135414123535,0.42509153485298157,9.805571556091309,0.004881815053522587,0.0003540343604981899,0.11273620277643204,5036,True,vehicle.mitsubishi.fusorosa,None,Driving
a5fff82d,2025-04-05 13:45:32,ee846c16,Red Light Violation,Approaching red light at 17.16 km/h,17.158898810284047,0.23865583539009094,0.0,0.0,-89.60710906982422,-0.00046244711846554765,0.000983800052715135,-0.00446662912145257,-1.0200605392456055,0.001970529556274414,9.825011253356934,-3.1297095119953156e-06,0.003919585607945919,-5.918010174355004e-06,5084,True,None,Red,Driving
3ecc654f,2025-04-05 13:45:34,6c078bf6,Lane Violation,Crossed lane markings,16.401869250136766,0.4084795117378235,0.0,-0.02282685786485672,-83.70366668701172,0.0003294357746312926,-0.00037957412041348965,0.0426197424530983,-0.3142399489879608,0.028072983026504517,9.809879302978516,0.00025845784693956375,-3.338296664878726e-05,-0.05146331712603569,5548,True,None,None,Driving
f9c3a17f,2025-04-05 13:45:36,226c26c2,Lane Violation,Crossed lane markings,19.73521244613571,0.6840478777885437,0.0,0.006244159769266844,-136.12911987304688,-0.0010891767148706322,-0.0007724266143996087,-0.0045680999755859375,-0.14911745488643646,0.05375456064939499,9.820524215698242,-0.00043058593291789293,0.0013268319889903069,0.010053997859358788,5216,True,None,None,Driving
7741e0e8,2025-04-05 13:45:37,baeb7bf7,Lane Violation,Crossed lane markings,20.57836380357783,0.32228076457977295,0.0,0.06262210011482239,-112.42774200439453,-0.0009113483672535949,-0.0009234614229595932,-0.003428306430578232,-0.3950016498565674,0.2510230839252472,9.811830520629883,-0.002956528216600418,0.0003536110743880272,0.09514465928077698,5084,True,vehicle.mitsubishi.fusorosa,None,Driving
7264bcad,2025-04-05 13:45:38,ec0a0a0b,Red Light Violation,Approaching red light at 17.53 km/h,17.534070129393694,0.2811749279499054,0.0,0.000870533986017108,-90.1968002319336,-0.0004716717579640317,-0.000405669757235296,-0.0035128402523696423,-3.1860227584838867,0.03533601760864258,9.809164047241211,-3.5892007872462273e-06,0.001860365504398942,-0.005198848899453878,5696,True,None,Red,Driving
facee66e,2025-04-05 13:45:41,418a281a,Wrong Way Driving,Vehicle moving opposite to lane direction,20.327286057699414,0.4890681207180023,0.0,-0.0651521384716034,121.61070251464844,-0.00022405069961450863,-0.000407321715124912,0.0027659605257213116,1.097373604774475,-1.88395357131958,9.79425048828125,-0.009491585195064545,-0.011391262523829937,-0.22619521617889404,5320,True,None,None,Driving
ae3b81e3,2025-04-05 13:45:42,baeb7bf7,Lane Violation,Crossed lane markings,20.652857797462215,0.19634954631328583,0.0,0.08219476044178009,-105.10660552978516,-0.000833098877464522,-0.000947700350540518,-0.0034536360763013363,-0.2030026614665985,0.4940018653869629,9.810237884521484,0.002891318639740348,3.8370490074157715e-07,0.10638198256492615,5100,True,vehicle.mitsubishi.fusorosa,None,Driving
a796f509,2025-04-05 13:45:47,baeb7bf7,Lane Violation,Crossed lane markings,20.468747925057794,0.26839539408683777,0.0,0.03491988405585289,-95.16119384765625,-0.0007216652762167541,-0.000963818925200275,-0.003448829520493746,-0.3368864059448242,0.09020376205444336,9.812291145324707,-0.00331835076212883,0.0006412728689610958,0.0546589195728302,5964,True,vehicle.mitsubishi.fusorosa,None,Driving
43db58c8,2025-04-05 13:46:05,6c078bf6,Lane Violation,Crossed lane markings,18.464545125191812,0.8500000238418579,0.0,-0.04283488541841507,-8.872509002685547,0.0005200547935544364,0.00010487632358985691,0.04286010563373566,0.09036774188280106,-0.1284157633781433,9.800265312194824,0.00020493799820542336,0.000733742315787822,-0.16148479282855988,5900,True,None,None,Driving
2b7c52b2,2025-04-05 13:46:07,226c26c2,Red Light Violation,Approaching red light at 16.94 km/h,16.93873721572688,0.0,1.0,-0.00017573311924934387,-89.38034057617188,-0.00047563279707674155,-0.000932753262022077,-0.004703712183982134,-0.6248536705970764,-0.003181934356689453,9.80402660369873,1.0050018317997456e-05,0.000689503678586334,0.0006226328550837934,5840,True,None,Red,Driving
5cc9f1ec,2025-04-05 13:46:14,418a281a,Red Light Violation,Approaching red light at 16.61 km/h,16.606525766252247,0.0,1.0,0.0,89.844970703125,-0.0009611830984681546,-0.00043572112162753457,0.0025842285249382257,-0.5616061687469482,-0.0015878677368164062,9.809534072875977,-1.816730946302414e-05,0.002297397702932358,1.8861275748349726e-05,5328,True,None,Red,Driving
68c9600b,2025-04-05 13:46:27,37cd8307,Lane Violation,Crossed lane markings,20.00068182934686,0.4488065242767334,0.0,-0.10423772037029266,-99.17386627197266,-0.0009790242573757268,-0.0003760020917351277,0.06799327582120895,-0.5886459350585938,-1.152513027191162,9.795515060424805,0.006713560316711664,0.002904776483774185,-0.22206628322601318,4932,True,None,None,Driving
d4bc65b4,2025-04-05 13:46:32,854a717d,Red Light Violation,Approaching red light at 8.56 km/h,8.564094014382798,0.0,1.0,0.0,-179.4125213623047,0.0006129541311423736,-0.00020713006508107365,-0.0014384459936991334,-5.375930309295654,-0.010193459689617157,9.794386863708496,0.0003866768383886665,0.002069112379103899,-0.019042404368519783,5448,True,None,Red,Driving
b1a997ba,2025-04-05 13:46:33,37cd8307,Lane Violation,Crossed lane markings,20.07649953917262,0.5270997285842896,0.0,0.01871025189757347,-95.74462127685547,-0.000851140641302095,-0.00040096427990514205,0.06779521703720093,-0.019030675292015076,0.1620376706123352,9.807283401489258,-0.0018666149117052555,-0.0003307276638224721,0.06966788321733475,5588,True,None,None,Driving
6844cf2d,2025-04-05 13:46:35,869bf02e,Lane Violation,Crossed lane markings,19.99122553786149,0.6198909878730774,0.0,0.1553204506635666,-85.39324951171875,-0.0006575562745325669,-0.0009634959149513999,-0.0006794357905164361,0.8754738569259644,1.1010494232177734,9.75269603729248,-0.08252239972352982,0.009641095995903015,0.3868306279182434,5576,True,None,None,Driving
79498781,2025-04-05 13:46:40,869bf02e,Lane Violation,Crossed lane markings,13.5455415353083,0.8500000238418579,0.0,-0.004261454567313194,-78.52574157714844,-0.0005447841648589247,-0.0009419381848977913,0.019041327759623528,1.9372060298919678,0.013251662254333496,9.337925910949707,-0.0003903750330209732,-0.027688220143318176,-0.0024599446915090084,5172,True,None,None,Driving
829cb14c,2025-04-05 13:46:42,13883c7d,Red Light Violation,Approaching red light at 12.49 km/h,12.485303333808288,0.0,1.0,0.0006732309120707214,90.05205535888672,9.090365445274529e-05,0.0008929624155712741,-0.017452659085392952,-8.9585542678833,-0.00689697265625,9.829303741455078,-3.0819326639175415e-05,0.028413958847522736,0.0016389548545703292,5136,True,vehicle.ford.crown,Red,Driving
cb4ea4dd,2025-04-05 13:47:05,64feea7c,Red Light Violation,Approaching red light at 7.01 km/h,7.010204176965191,0.0,1.0,0.0,-179.8396453857422,-0.00011789556248231747,-0.0001943578299951708,-0.010335693135857582,-20.926557540893555,0.0009858161211013794,9.909158706665039,1.3278622645884752e-07,0.023690735921263695,-2.9973584787512664e-06,5452,True,None,Red,Driving
dc4b4cd7,2025-04-05 13:47:07,37cd8307,Wrong Way Driving,Vehicle moving opposite to lane direction,19.68303895561166,0.8500000238418579,0.0,-0.17998455464839935,-111.07612609863281,-0.00025592649276973134,-0.0004251832292370648,0.06805896759033203,0.6312588453292847,-1.6784635782241821,9.76336669921875,-0.01828240603208542,-0.011572090908885002,-0.29541459679603577,5452,True,None,None,Driving
99532522,2025-04-05 13:47:15,869bf02e,Lane Violation,Crossed lane markings,12.815161687012425,0.8500000238418579,0.0,-0.02082209475338459,-86.30804443359375,-0.0004825543865081272,-0.0009355776312892405,-0.01164882630109787,2.8755850791931152,-0.07941102981567383,9.756278991699219,-1.3640150427818298e-05,0.009896338917315006,-0.03207399323582649,5156,True,None,None,Driving
dff6e788,2025-04-05 13:47:18,55a2a0bc,Lane Violation,Crossed lane markings,20.936693701927236,0.5148406028747559,0.0,-0.0051826657727360725,-133.9025115966797,-0.0010070280054605973,-0.0008464329023052487,0.010625495575368404,2.613309621810913,0.12505578994750977,9.799355506896973,-0.0003240332007408142,-0.01790006272494793,-0.0975007638335228,5100,True,None,None,Driving
83cba5d8,2025-04-05 13:47:21,ec0a0a0b,Wrong Way Driving,Vehicle moving opposite to lane direction,19.745211770016784,0.7718422412872314,0.0,-0.2083437740802765,-109.57244110107422,0.0004977917593294023,-0.000421140495192848,-0.0033298872876912355,0.31400299072265625,-1.4279181957244873,9.79952335357666,0.000388671294786036,0.0009625231032259762,-0.2975282371044159,5264,True,None,None,Driving
a039c68d,2025-04-05 13:47:23,37cd8307,Red Light Violation,Approaching red light at 16.73 km/h,16.730278780875427,0.0,1.0,0.00017573311924934387,-179.82135009765625,-0.00014785031679309668,-0.0007301495553903097,0.067067451775074,-2.998307704925537,0.005640594754368067,9.936442375183105,0.00014049297897145152,0.027311794459819794,-0.00012647050607483834,5056,True,None,Red,Driving
eea71ed1,2025-04-05 13:47:27,baeb7bf7,Lane Violation,Crossed lane markings,20.52104579901238,0.31127306818962097,0.0,0.08496184647083282,-2.085235834121704,-0.00021840149847207613,-0.0008077395230972289,-0.0034317397512495518,0.29822227358818054,0.4549400806427002,9.806509017944336,0.0032737627625465393,-0.0003573138383217156,0.11556623131036758,5412,True,vehicle.mitsubishi.fusorosa,None,Driving
fc428722,2025-04-05 13:47:40,a80f7fdc,Red Light Violation,Approaching red light at 17.50 km/h,17.502177970721544,0.16603940725326538,0.0,0.0,-89.6055908203125,-0.0004570744430054674,0.0009523849243854382,-0.005448989570140839,-0.9193544387817383,-0.008676588535308838,9.821060180664062,-6.18369085714221e-07,0.0002551262150518596,2.3932448129926343e-06,5324,True,None,Red,Driving
12daa334,2025-04-05 13:47:43,55a2a0bc,Red Light Violation,Approaching red light at 17.19 km/h,17.194314245472864,0.0,1.0,-0.0002485241857357323,-89.39981079101562,-0.0004705737081707184,-0.0009641186332033157,0.0106880571693182,0.03257203847169876,-0.015365805476903915,9.815241813659668,-0.00021738559007644653,-0.0025838909205049276,-0.00025663545238785446,4920,True,None,Red,Driving
37f508d0,2025-04-05 13:47:50,ec0a0a0b,Lane Violation,Crossed lane markings,19.694081218333114,0.8481819033622742,0.0,0.05458235740661621,120.5246353149414,0.0003847274463453232,-0.0009416009191573469,-0.0034310531336814165,-0.22205929458141327,0.2652320861816406,9.810013771057129,0.011310916393995285,0.0005107596516609192,0.061601269990205765,5408,True,None,None,Driving
110b70f1,2025-04-05 13:48:11,ee846c16,Red Light Violation,Approaching red light at 9.94 km/h,9.935747979516321,0.0,1.0,0.025294506922364235,179.318115234375,0.0006129622869224249,-0.00019349616091942672,-0.0038953018374741077,-3.187973976135254,-0.05902967229485512,9.871673583984375,0.0012363712303340435,0.002503918716683984,0.02957952581346035,5300,True,None,Red,Driving
1b7f15c5,2025-04-05 13:48:12,64feea7c,Red Light Violation,Approaching red light at 10.30 km/h,10.304945674820697,0.0,1.0,0.0,-179.8385772705078,-0.00011636324278185839,-0.0007414166710033619,-0.00995155330747366,-24.99847984313965,-0.010592520236968994,9.76402759552002,-8.74541001394391e-06,0.02789720706641674,0.0017858565552160144,5348,True,None,Red,Driving
8ebd43d9,2025-04-05 13:48:12,edecf8c7,Red Light Violation,Approaching red light at 14.87 km/h,14.866452086771634,0.0,1.0,0.024172350764274597,-5.600346088409424,0.0005505821062996574,-0.0006526100301920203,-0.030322054401040077,-3.425640106201172,-0.05276772752404213,9.708975791931152,0.0015509006334468722,-0.02045261301100254,0.04495110735297203,4976,True,None,Red,Driving
b172b664,2025-04-05 13:48:23,854a717d,Lane Violation,Crossed lane markings,6.26589029976244,0.0,1.0,-0.27840983867645264,107.8726806640625,0.0003993955247381109,-0.0009654898332986358,-0.0016311263898387551,-9.973581314086914,0.039862632751464844,9.767303466796875,0.024483872577548027,0.011175263673067093,-0.3913072645664215,5932,True,None,None,Driving
55086a41,2025-04-05 13:48:25,ec0a0a0b,Lane Violation,Crossed lane markings,15.972331867848993,0.0,0.3143264353275299,-0.021957876160740852,92.93968963623047,0.00015982189698604543,-0.001018745334216709,-0.003571815323084593,-1.9396498203277588,-0.04688572883605957,9.822077751159668,-1.8911901861429214e-05,0.0035040618386119604,-0.027848197147250175,6128,True,None,None,Driving
eb946174,2025-04-05 13:48:28,854a717d,Lane Violation,Crossed lane markings,14.21861654052651,0.0,0.699999988079071,-0.039213065057992935,97.97278594970703,0.0003696433200559568,-0.0009699459080623444,-0.000672569265589118,-15.365583419799805,0.06607627868652344,9.682851791381836,0.005700886249542236,0.07057934999465942,-0.10587146878242493,5840,True,None,None,Driving
15cfa5e9,2025-04-05 13:48:31,6c078bf6,Lane Violation,Crossed lane markings,18.840251278749946,0.8500000238418579,0.0,0.11521676182746887,101.8224105834961,-0.0007800091651830598,0.0009144407123809942,0.0428258515894413,1.2297782897949219,0.9354894161224365,9.801545143127441,-0.00036696146707981825,-0.0013354788534343243,0.219804584980011,5092,True,None,None,Driving
aa3abcd2,2025-04-05 13:48:33,854a717d,Lane Violation,Crossed lane markings,11.518774901191554,0.8500000238418579,0.0,0.0102317426353693,96.74712371826172,0.00030629270369786354,-0.0009772819348031333,-0.0012324523413553834,2.386552095413208,0.03070521354675293,9.81717586517334,-0.00012946594506502151,-0.010445953346788883,0.024757172912359238,5124,True,None,None,Driving
14b0d7d8,2025-04-05 13:48:58,418a281a,Lane Violation,Crossed lane markings,19.80485140013953,0.5074852108955383,0.0,-0.0673953965306282,16.68341827392578,0.0005395095644473713,0.00010698934040091251,0.0028120039496570826,-0.6381087303161621,-0.06783518940210342,9.818273544311523,-0.041016921401023865,0.009212877601385117,-0.06794661283493042,5052,True,None,None,Driving
54f2d7e9,2025-04-05 13:49:27,ec0a0a0b,Lane Violation,Crossed lane markings,19.80030534733881,0.7859675884246826,0.0,-0.05344921350479126,52.56861114501953,-0.0011018719840052427,-0.0008869267226840617,-0.0034556197933852673,-0.06162258982658386,-0.1942060887813568,9.810468673706055,0.0019302943255752325,0.000292043958324939,-0.09316375851631165,5384,True,None,None,Driving
1ccc47dc,2025-04-05 13:49:30,44750abd,Red Light Violation,Approaching red light at 9.85 km/h,9.85110675977869,0.8500000238418579,0.0,0.0,-89.39000701904297,-0.0004518267772368745,-0.0009324782955212311,-0.02998558059334755,5.764464378356934,-0.009471893310546875,9.847868919372559,0.0001818118616938591,0.003603813238441944,-0.00026838560006581247,5584,True,None,Red,Driving
cee62bf0,2025-04-05 13:49:31,5738d44d,Red Light Violation,Approaching red light at 6.11 km/h,6.107494318875979,0.8500000238418579,0.0,-0.0017688156804069877,90.78506469726562,5.007656484679046e-05,-0.0009896679694323396,-0.0010260009439662099,5.963020324707031,-0.03588676452636719,9.73355770111084,-0.000212064478546381,-0.006510085426270962,0.00035617989487946033,5220,True,None,Red,Driving
51a26826,2025-04-05 13:49:37,226c26c2,Red Light Violation,Approaching red light at 9.31 km/h,9.30630623371763,0.0,1.0,0.00043982735951431096,-89.38655853271484,-0.00047598123420300453,-0.0009327578539352268,-0.0045041656121611595,-3.3156864643096924,0.0005409717559814453,9.773141860961914,5.307607352733612e-06,0.011014384217560291,0.0003416741092223674,4968,True,None,Red,Driving
370906d7,2025-04-05 13:49:41,ec0a0a0b,Lane Violation,Crossed lane markings,18.6340305017816,0.39564284682273865,0.0,-0.175253227353096,15.597711563110352,-0.0012485843630116733,-0.000650220110737634,-0.00330600724555552,-0.7762044668197632,-1.6304435729980469,9.811644554138184,-0.01228442694991827,0.00044118586811237037,-0.0852237120270729,5180,True,None,None,Driving
8dba3762,2025-04-05 13:49:42,55a2a0bc,Wrong Way Driving,Vehicle moving opposite to lane direction,20.227062541833142,0.6564536690711975,0.0,-0.09038370102643967,-52.99203872680664,-0.0001456666393409023,-0.0004377906009336893,0.011077728122472763,0.9472845792770386,-1.2372082471847534,9.776714324951172,0.00805060938000679,-0.007348387502133846,-0.2832489311695099,5284,True,None,None,Driving
3d1c8655,2025-04-05 13:49:44,5738d44d,Wrong Way Driving,Vehicle moving opposite to lane direction,20.212071451870585,0.48094868659973145,0.0,-0.22037848830223083,53.2365837097168,-0.0002000759783840067,-0.0009623909087467293,0.001806983957067132,0.18766725063323975,-2.8872156143188477,9.748722076416016,-0.01491020992398262,0.00209135003387928,-0.5255118608474731,5444,True,None,None,Driving
c2a6ea23,2025-04-05 13:49:46,13883c7d,Red Light Violation,Approaching red light at 15.38 km/h,15.379295200428809,0.8500000238418579,0.0,0.019802870228886604,-91.76139068603516,-0.000452495037677636,-0.0003733288101177934,-0.01953025721013546,1.7622888088226318,0.07292747497558594,9.811846733093262,-0.001332912826910615,-0.0026474897749722004,0.041789017617702484,5484,True,vehicle.ford.crown,Red,Driving
8672d958,2025-04-05 13:49:52,44750abd,Red Light Violation,Approaching red light at 16.53 km/h,16.528100574748063,0.43536555767059326,0.0,0.00031118179322220385,0.09539248794317245,-0.0002514568650298088,-0.0006406942897125659,-0.029554519802331924,-0.29171955585479736,-0.0016954048769548535,9.808358192443848,0.0005821235827170312,0.0009423550800420344,0.000695066642947495,5572,True,None,Red,Driving
49567465,2025-04-05 13:50:05,55a2a0bc,Red Light Violation,Approaching red light at 16.09 km/h,16.087581641551903,0.31896305084228516,0.0,0.0,-89.56792449951172,0.0003442991806679174,-0.00040586265185559283,0.01077705342322588,-0.07799221575260162,-0.01442776620388031,9.805527687072754,-5.916494410485029e-05,-0.0015303902328014374,0.005031179636716843,5128,True,None,Red,Driving
2bd48de9,2025-04-05 13:50:21,baeb7bf7,Red Light Violation,Approaching red light at 17.26 km/h,17.26204945081155,0.5278791785240173,0.0,-0.002471338026225567,0.2608962059020996,-0.00022357183846111184,0.000658080026793594,-0.003449134761467576,0.2979082763195038,0.017492488026618958,9.804741859436035,1.4570082385034766e-05,-0.0010474147275090218,-0.001142787979915738,5968,True,vehicle.mitsubishi.fusorosa,Red,Driving
5f71378b,2025-04-05 13:50:29,854a717d,Wrong Way Driving,Vehicle moving opposite to lane direction,19.018697658735135,0.8500000238418579,0.0,-0.16550268232822418,57.76764678955078,-0.00015650994536997587,-0.0009614829435913937,-0.0008404540712945163,0.33984601497650146,-1.7572429180145264,9.795994758605957,-0.0027108367066830397,0.003748625982552767,-0.3833608031272888,5152,True,None,None,Driving
1c96ec96,2025-04-05 13:50:33,37cd8307,Red Light Violation,Approaching red light at 16.04 km/h,16.03975514967084,0.8500000238418579,0.0,0.0,-89.6226806640625,-0.00045669434224748784,0.0009838308253868398,0.06722564250230789,2.606635808944702,-0.007117509841918945,9.826602935791016,5.308538675308228e-07,-0.017620323225855827,-8.564218660467304e-06,5400,True,None,Red,Driving
43a62400,2025-04-05 13:50:38,418a281a,Lane Violation,Crossed lane markings,19.389521082062465,0.7237743735313416,0.0,0.03819786384701729,168.14109802246094,-0.00012509718152386995,-3.5703540436176246e-05,0.0026786422822624445,0.2655199468135834,0.09868553280830383,9.831964492797852,0.030286265537142754,-0.0005841786041855812,0.12260854244232178,5808,True,None,None,Driving
73630312,2025-04-05 13:50:39,869bf02e,Lane Violation,Crossed lane markings,18.863362905488867,0.8500000238418579,0.0,0.42832428216934204,-131.14598083496094,-0.0010841041586360234,-0.0008174371639173171,0.0017477795481681824,-0.22444844245910645,1.8720558881759644,9.629484176635742,-0.053854331374168396,0.043670184910297394,0.7505701780319214,5172,True,None,None,Driving
51c945f1,2025-04-05 13:50:41,55a2a0bc,Wrong Way Driving,Vehicle moving opposite to lane direction,20.58879722773532,0.12418993562459946,0.0,-0.09138692170381546,-141.44932556152344,0.0005538280748709212,-0.00046801052966013285,0.01055377908051014,-1.2597854137420654,-1.0351061820983887,9.839011192321777,0.011468587443232536,0.013165062293410301,-0.28094974160194397,4972,True,None,None,Driving
20406c4e,2025-04-05 13:50:44,869bf02e,Lane Violation,Crossed lane markings,20.07576750918046,0.5488094091415405,0.0,-0.0033036356326192617,-113.67074584960938,-0.000966595045071017,-0.000867644388400165,-0.0008884048438630998,-0.14378264546394348,-0.16866284608840942,9.813117980957031,-0.0002237260341644287,-0.0022510113194584846,-0.05000472441315651,5152,True,None,None,Driving
2c5c028a,2025-04-05 13:50:47,418a281a,Red Light Violation,Approaching red light at 16.27 km/h,16.274737977161777,0.4373690187931061,0.0,-0.004785764031112194,177.8701934814453,-0.00014685008501658103,-0.00020056042521817202,0.0025890350807458162,-0.2847839593887329,-0.00391433946788311,9.812947273254395,-0.006724224425852299,0.00033374049235135317,-0.02262217178940773,5528,True,None,Red,Driving
48a37184,2025-04-05 13:50:52,ec0a0a0b,Lane Violation,Crossed lane markings,19.740351160595914,0.8119060397148132,0.0,-0.09665856510400772,-45.747520446777344,-0.001142126887813788,0.0008588410055319805,-0.003453559707850218,0.03987137973308563,-0.6386488676071167,9.808226585388184,-0.00508840661495924,4.485354293137789e-05,-0.13581334054470062,5176,True,None,None,Driving
3712622c,2025-04-05 13:51:02,baeb7bf7,Lane Violation,Crossed lane markings,20.617792361103696,0.2966417372226715,0.0,-0.11490925401449203,-93.13103485107422,0.00023491573153933132,0.0009853419074931835,-0.003479347098618746,0.12779223918914795,-1.3045670986175537,9.808409690856934,-0.0045869783498346806,0.0001687556505203247,-0.0782877504825592,5164,True,vehicle.mitsubishi.fusorosa,None,Driving
8672c96d,2025-04-05 13:51:20,55a2a0bc,Red Light Violation,Approaching red light at 17.28 km/h,17.280809597053985,0.29600799083709717,0.0,-0.0026259173173457384,90.99164581298828,9.390937859166115e-05,-0.0009889524534131893,0.010750885121524334,-1.1164575815200806,-0.01664102077484131,9.818243026733398,0.0006019813008606434,0.003541682381182909,-0.006316988728940487,5228,True,None,Red,Driving
ce537436,2025-04-05 13:51:25,edecf8c7,Red Light Violation,Approaching red light at 16.71 km/h,16.71448195395278,0.8500000238418579,0.0,0.0029131267219781876,-179.79150390625,-0.0012000982835331797,-0.00017058618097924276,-0.03068084642291069,2.723877429962158,-0.02528790757060051,9.9791841506958,0.004829333629459143,0.025273500010371208,0.005699626635760069,5496,True,None,Red,Driving
6c18a104,2025-04-05 13:51:29,baeb7bf7,Lane Violation,Crossed lane markings,20.409154324619767,0.2288079708814621,0.0,-0.038527097553014755,-177.55152893066406,0.0006090155718396772,0.0005565333970924234,-0.0034628675784915686,-0.15481610596179962,-0.7144977450370789,9.811197280883789,-0.0044809929095208645,-0.00017078925156965852,-0.051384858787059784,5460,True,vehicle.mitsubishi.fusorosa,None,Driving
13ffcf75,2025-04-05 13:51:55,baeb7bf7,Lane Violation,Crossed lane markings,20.40627022413835,0.33231329917907715,0.0,-0.18049466609954834,178.03077697753906,0.0006099393688288046,-3.8593389442484515e-05,-0.0033931350335478783,-0.12055808305740356,-0.9832997918128967,9.801190376281738,-0.010125365108251572,0.0007801055908203125,-0.22650012373924255,5828,True,vehicle.mitsubishi.fusorosa,None,Driving
62788651,2025-04-05 13:52:06,13883c7d,Red Light Violation,Approaching red light at 19.00 km/h,19.002242264634305,0.0,0.10510753840208054,0.0,0.16598348319530487,-0.00025506184239532104,0.0006768729453789511,-0.019724730402231216,3.4227511882781982,0.001364980940707028,9.830655097961426,-1.8753393305814825e-05,-0.0053364867344498634,-0.00021770832245238125,5016,True,vehicle.ford.crown,Red,Driving
808dc337,2025-04-05 13:52:08,a80f7fdc,Wrong Way Driving,Vehicle moving opposite to lane direction,20.558257216329753,0.21103262901306152,0.0,-0.1724098175764084,57.50947189331055,-0.0001569931414309167,-0.0009620647458410648,-0.005215644836425781,-0.02553337812423706,-1.922609806060791,9.81164264678955,-0.0018194166477769613,0.000495661748573184,-0.33129456639289856,5312,True,None,None,Driving
a694b5eb,2025-04-05 13:52:10,226c26c2,Red Light Violation,Approaching red light at 12.82 km/h,12.818482501793067,0.0,1.0,-0.0009710868471302092,0.2573806047439575,-0.0002513125110397141,-0.0006489755652020256,-0.00547805754467845,-5.601228713989258,0.01596868596971035,9.789681434631348,2.4420112822554074e-05,0.011003684252500534,-0.0011553739896044135,5600,True,None,Red,Driving
111cab9c,2025-04-05 13:52:23,a80f7fdc,Red Light Violation,Approaching red light at 16.88 km/h,16.881058042172153,0.0,1.0,0.0009267422719858587,0.1536075919866562,-0.00021990020982798342,-0.0006549250397796507,-0.005346374586224556,-0.7005866169929504,0.006262103095650673,9.809637069702148,1.022580181597732e-05,0.00023863089154474437,0.0015259187202900648,5436,True,None,Red,Driving
74322f47,2025-04-05 13:52:25,418a281a,Wrong Way Driving,Vehicle moving opposite to lane direction,20.044420885499672,0.5509754419326782,0.0,0.007232636213302612,109.66503143310547,-0.0002588111052119757,-0.00042355690381786664,0.0028785322792828083,0.1253516525030136,-0.3007643222808838,9.807682991027832,0.016107091680169106,0.0011032111942768097,-0.1875617802143097,5216,True,None,None,Driving
185921b6,2025-04-05 13:52:34,c48bce71,Lane Violation,Crossed lane markings,22.711834104226348,0.0,0.699999988079071,-0.2743087410926819,-154.89588928222656,0.0005337811527823533,0.0008116172909481415,-0.01000213623046875,6.765790939331055,-4.428478240966797,9.616716384887695,0.01329508051276207,-0.00863911584019661,-0.9341892600059509,4996,True,None,None,Driving
67f02800,2025-04-05 13:52:40,edecf8c7,Red Light Violation,Approaching red light at 12.65 km/h,12.646584142695591,0.0,1.0,0.0,-89.37969970703125,-0.00046237978183683026,-0.0009640331687899171,-0.03266824781894684,-6.285919666290283,-0.0009226799011230469,9.874445915222168,-0.0017943717539310455,-0.021034449338912964,7.333711255341768e-05,4988,True,None,Red,Driving
314a1014,2025-04-05 13:52:44,854a717d,Red Light Violation,Approaching red light at 17.87 km/h,17.866634637038803,0.0,0.0877295508980751,-0.0006732309120707214,0.23582173883914948,-0.00022354060317297808,0.00066866555171599,-0.0011639404110610485,3.054887533187866,-0.0028702293056994677,9.795774459838867,5.022637196816504e-05,-0.00360517087392509,-0.0013283443404361606,5160,True,None,Red,Driving
dbe9c678,2025-04-05 13:52:48,5738d44d,Red Light Violation,Approaching red light at 15.32 km/h,15.320956747937396,0.0,1.0,0.00043982735951431096,0.13336220383644104,-0.000255068301925121,0.0006748961610360054,0.0023143768776208162,1.0814146995544434,0.010177508927881718,9.742888450622559,0.00028337081312201917,-0.029694082215428352,0.0009014038369059563,4876,True,None,Red,Driving
ffdb87bb,2025-04-05 13:52:51,ec0a0a0b,Lane Violation,Crossed lane markings,19.62732151689269,0.7947118878364563,0.0,-0.04078993201255798,-173.7143096923828,0.0006057035688229462,0.0006184582586971248,-0.0034666822757571936,-0.1185617670416832,-0.2989162504673004,9.811479568481445,0.000656338466797024,0.0003706613788381219,-0.06247197836637497,5996,True,None,None,Driving
15bb0d2d,2025-04-05 13:52:52,baeb7bf7,Lane Violation,Crossed lane markings,17.95224070296808,0.6760109663009644,0.0,-0.004483456257730722,170.00030517578125,0.0005909670229300445,-0.0001517462980881267,-0.004185066092759371,2.191704273223877,-0.012234270572662354,9.80705451965332,1.101871021091938e-05,0.0004224028089083731,-0.005331498570740223,5816,True,vehicle.mitsubishi.fusorosa,None,Driving
a5756cbc,2025-04-05 13:52:57,418a281a,Red Light Violation,Approaching red light at 16.74 km/h,16.743498583551453,0.4378555417060852,0.0,0.0,89.83612823486328,-0.0009600600672996507,-0.0004357336979866834,0.0025932693388313055,-0.3160496950149536,-0.0010688304901123047,9.811882019042969,2.6600901037454605e-06,0.00019979942589998245,-1.2941472959937528e-05,5236,True,None,Red,Driving
96f565b9,2025-04-05 13:52:57,baeb7bf7,Lane Violation,Crossed lane markings,16.13803855109286,0.8500000238418579,0.0,0.009618445299565792,177.98316955566406,0.0005830890819140677,-0.0002595633051332698,-0.0037445449270308018,2.279114246368408,0.025834955275058746,9.799126625061035,0.0004524461110122502,-0.003940923139452934,0.010107908397912979,5700,True,vehicle.mitsubishi.fusorosa,Green,Driving
70746db6,2025-04-05 13:53:03,baeb7bf7,Wrong Way Driving,Vehicle moving opposite to lane direction,20.53334821898525,0.400598406791687,0.0,-0.35321569442749023,148.49481201171875,0.0005505549317632585,-0.0003839917464715716,-0.0033139418810606003,0.1861945390701294,-2.264204978942871,9.789456367492676,-0.0022690463811159134,0.0020859085489064455,-0.44312065839767456,5888,True,vehicle.mitsubishi.fusorosa,None,Driving
5fe1c291,2025-04-05 13:53:12,baeb7bf7,Lane Violation,Crossed lane markings,20.50557896840815,0.2408343106508255,0.0,-0.015664085745811462,91.14791870117188,0.00036010413451492695,-0.0004371249791350314,-0.0034466932993382215,0.08530285954475403,-0.035615224391222,9.808135986328125,0.00032534371712245047,8.726600208319724e-05,-0.022653115913271904,5468,True,vehicle.mitsubishi.fusorosa,None,Driving
ffcfa7df,2025-04-05 13:53:14,37cd8307,Red Light Violation,Approaching red light at 9.05 km/h,9.052470569186372,0.0,1.0,-0.0005661552422679961,-179.40823364257812,0.0006129667417553719,-0.00020557049374258932,0.070210762321949,-5.651115894317627,0.06536797434091568,9.740118026733398,0.000510179961565882,0.006771764252334833,-0.019062567502260208,5360,True,None,Red,Driving
e3f2637e,2025-04-05 13:53:21,c48bce71,Red Light Violation,Approaching red light at 15.95 km/h,15.947807869381155,0.0,1.0,-0.00017573311924934387,-179.40406799316406,0.000581456485448939,-0.0002014772829217342,-0.007799873128533363,-4.0712385177612305,-0.010047882795333862,10.01638126373291,-0.000173947773873806,0.041499294340610504,-0.00025375455152243376,5300,True,None,Red,Driving
065eb22d,2025-04-05 13:53:23,baeb7bf7,Red Light Violation,Approaching red light at 18.26 km/h,18.257958136760514,0.028154054656624794,0.0,-0.0038574491627514362,90.04920196533203,0.00010629601291611834,-0.0004386946595360468,-0.0037121963687241077,1.3681399822235107,-0.003938555717468262,9.837871551513672,6.777083035558462e-05,-0.0011588656343519688,-0.005021366756409407,5848,True,vehicle.mitsubishi.fusorosa,Red,Driving
7171f5d7,2025-04-05 13:53:57,ee846c16,Lane Violation,Crossed lane markings,19.245629786646617,0.8500000238418579,0.0,-0.25575509667396545,-101.61438751220703,0.00020954424630303947,0.00098460281508413,-0.00435981759801507,4.996085166931152,-1.601358413696289,9.811970710754395,0.030609065666794777,-0.028424493968486786,-0.5832403302192688,5396,True,None,None,Driving
f9c0169a,2025-04-05 13:54:05,2c195a12,Red Light Violation,Approaching red light at 9.47 km/h,9.472987892406756,0.0,1.0,-0.001158227096311748,90.83597564697266,9.725683187866707e-05,-0.000989041892915583,-0.007421836722642183,0.1391051709651947,-0.007003918290138245,9.818965911865234,1.2949109077453613e-05,0.0014930670149624348,-0.0013532442972064018,5340,True,None,Red,Driving
94bacab1,2025-04-05 13:54:07,a80f7fdc,Wrong Way Driving,Vehicle moving opposite to lane direction,19.626719485847634,0.711236834526062,0.0,-0.2307242602109909,-68.26862335205078,-0.00010685576370406125,-0.0004160143095213574,-0.0051493835635483265,-0.5350592136383057,-2.6096138954162598,9.804718971252441,0.0019720399286597967,0.00034111959394067526,-0.4502445459365845,5460,True,None,None,Driving
3447ee19,2025-04-05 13:54:21,418a281a,Red Light Violation,Approaching red light at 15.32 km/h,15.320319442543646,0.0,1.0,0.0006155604496598244,0.0699133649468422,-0.00022009827891622535,-0.0006395623488531514,0.00241336808539927,-3.302402973175049,0.029384521767497063,9.796525955200195,3.702714093378745e-05,0.0189549271017313,0.0028262417763471603,5536,True,None,Red,Driving
b10f0a84,2025-04-05 13:54:26,a80f7fdc,Red Light Violation,Approaching red light at 16.00 km/h,15.996926289532533,0.0,1.0,-0.00017573311924934387,-89.5647201538086,0.0003409460903043282,-0.00040588691360566746,-0.005336913745850325,-0.8755086660385132,-0.005841851234436035,9.811960220336914,-2.5198503863066435e-05,0.0004540058725979179,0.0002139438147423789,5472,True,None,Red,Driving
d74cca1a,2025-04-05 13:54:26,226c26c2,Lane Violation,Crossed lane markings,19.85969962308609,0.6299269795417786,0.0,-0.06526549905538559,81.81541442871094,-0.0008032299902254181,-0.0004631996096675782,-0.0045286561362445354,-0.32303568720817566,-0.1756500005722046,9.81224250793457,0.012844396755099297,0.0015194984152913094,-0.1102973073720932,5420,True,None,None,Driving
b34abf4b,2025-04-05 13:54:35,c48bce71,Wrong Way Driving,Vehicle moving opposite to lane direction,17.233878330187693,0.8500000238418579,0.0,-0.15087752044200897,145.42051696777344,0.0005541054058824102,-0.0003782800233374746,-0.00841396301984787,2.819549798965454,-1.062831163406372,9.854364395141602,0.017999181523919106,-0.02227049320936203,-0.32670748233795166,5356,True,None,None,Driving
24b35dff,2025-04-05 13:54:35,226c26c2,Lane Violation,Crossed lane markings,15.65247203002056,0.5199301242828369,0.0,0.05096939206123352,87.49248504638672,-0.0009905616105072568,-0.00043700836510183365,-0.004706764128059149,-0.4731028079986572,0.9134682416915894,9.809035301208496,0.0050603547133505344,0.0004215305671095848,0.056367501616477966,5288,True,None,None,Driving
9d6da4a5,2025-04-05 13:54:41,13883c7d,Lane Violation,Crossed lane markings,15.1155894267153,0.8500000238418579,0.0,0.19888028502464294,-101.31024932861328,-0.0009041800481526252,-0.0009229077204769575,-0.018785934895277023,1.1621696949005127,0.845392644405365,9.809696197509766,-0.027197834104299545,-0.008087694644927979,0.4238082468509674,4676,True,vehicle.ford.crown,None,Driving
bd0581a0,2025-04-05 13:54:47,13883c7d,Lane Violation,Crossed lane markings,18.70701551234666,0.8500000238418579,0.0,0.00043982735951431096,-92.73649597167969,-0.000805439797005647,-0.0009283363898601838,-0.019588928669691086,5.077612400054932,0.0016140937805175781,9.790769577026367,-2.3150816559791565e-05,-0.01590028405189514,0.0007866519154049456,4664,True,vehicle.ford.crown,None,Driving
47d9c043,2025-04-05 13:54:48,edecf8c7,Red Light Violation,Approaching red light at 14.25 km/h,14.25015294049261,0.0,1.0,0.02756163477897644,-5.635593414306641,0.000550484476747215,-0.0006536192915807184,-0.03070382960140705,-4.811648845672607,0.12192375957965851,9.706208229064941,-0.004462085664272308,-0.02789856493473053,0.04942680895328522,4960,True,None,Red,Driving
b17a6fd0,2025-04-05 13:55:01,ec0a0a0b,Lane Violation,Crossed lane markings,18.12012308055123,0.0,0.29762905836105347,-0.05669810250401497,171.10128784179688,0.000607985886730944,-0.0007018758439431585,-0.003936805762350559,0.8460985422134399,-0.22315049171447754,9.846702575683594,0.002787778154015541,-0.006751913111656904,-0.07846836745738983,5268,True,None,None,Driving
9f9a4a30,2025-04-05 13:55:02,ee846c16,Red Light Violation,Approaching red light at 14.94 km/h,14.938474072410065,0.0,1.0,0.0,-179.4040069580078,0.0005814205040479692,-0.0001970633235405703,-0.004215087741613388,-5.674281597137451,-0.0011173710227012634,9.851783752441406,-3.884604666382074e-06,0.031614039093256,-3.135155566269532e-05,5176,True,None,Red,Driving
676077f7,2025-04-05 13:55:07,ec0a0a0b,Lane Violation,Crossed lane markings,19.58962478445739,0.7753268480300903,0.0,-0.031417056918144226,140.60519409179688,0.0005551127825071944,-0.0007938820201795975,-0.0034430313389748335,-0.19611027836799622,-0.2099130004644394,9.809325218200684,0.0019976431503891945,0.0012513876426964998,-0.04550822079181671,6184,True,None,None,Driving
a6fbc9cc,2025-04-05 13:55:09,55a2a0bc,Lane Violation,Crossed lane markings,19.45010178960006,0.8500000238418579,0.0,0.2772454023361206,-136.94195556640625,-0.0011403480355056672,-0.0007465247974343307,0.011488379910588264,0.8769476413726807,4.04943323135376,9.709433555603027,-0.014142688363790512,-0.001771688461303711,0.7138754725456238,4952,True,None,None,Driving
a6d72bc3,2025-04-05 13:55:24,c48bce71,Wrong Way Driving,Vehicle moving opposite to lane direction,23.10174018513975,0.0,0.699999988079071,-0.017275728285312653,71.79650115966797,-0.00010512909297233364,-0.0004141112699328758,-0.01082839909940958,2.893057346343994,-0.10872149467468262,10.127762794494629,0.004069753922522068,0.008938061073422432,-0.09670023620128632,5516,True,None,None,Driving
a6601313,2025-04-05 13:56:21,baeb7bf7,Lane Violation,Crossed lane markings,20.150969807557576,0.318844199180603,0.0,0.4519248306751251,-164.0116424560547,-0.0011800046198828795,-0.0006673680963751341,-0.0035537336952984333,-0.9517035484313965,2.977118968963623,9.817408561706543,0.013828829862177372,0.0011100461706519127,0.20074796676635742,5424,True,vehicle.mitsubishi.fusorosa,None,Driving
fe43bf37,2025-04-05 13:56:25,c48bce71,Red Light Violation,Approaching red light at 17.09 km/h,17.093714561188325,0.03176993131637573,0.0,0.0,0.16747315227985382,-0.00022361069838439107,0.0006743988636954924,-0.008584213443100452,1.258022427558899,0.000876678095664829,9.908560752868652,3.2024920528783696e-06,-0.0038355577271431684,-5.150537845111103e-07,5416,True,None,Red,Driving
e891f92d,2025-04-05 13:56:27,baeb7bf7,Lane Violation,Crossed lane markings,20.55050588183054,0.3587090075016022,0.0,0.03153911605477333,-136.73512268066406,-0.001115485772842817,-0.0007452415290490269,-0.0034733961801975965,0.8547478914260864,0.11585569381713867,9.802939414978027,-0.0013991264859214425,4.18907729908824e-05,0.03657924756407738,5292,True,vehicle.mitsubishi.fusorosa,None,Driving
e733d21d,2025-04-05 13:56:28,5738d44d,Lane Violation,Crossed lane markings,20.562308641643828,0.315116822719574,0.0,0.13936032354831696,100.5495376586914,-0.0007703684777879971,0.0009159850344556606,0.0014023971743881702,0.5202704668045044,1.7203967571258545,9.794120788574219,-0.05615410581231117,0.0013219937682151794,0.2791779637336731,5440,True,None,None,Driving
481b2b61,2025-04-05 13:56:33,ee846c16,Wrong Way Driving,Vehicle moving opposite to lane direction,23.47953796306101,0.0,0.699999988079071,-0.2432709038257599,144.5096435546875,0.0005515696417717209,-0.0003810462397940778,-0.00550918560475111,12.385337829589844,-2.7607383728027344,9.548127174377441,-0.012580856680870056,-0.04906982183456421,-0.4161940813064575,5144,True,None,None,Driving
e6a5c84a,2025-04-05 13:56:33,5738d44d,Lane Violation,Crossed lane markings,20.213333787727798,0.4625242352485657,0.0,-0.00017573311924934387,105.64537048339844,-0.0008707256991726808,0.0008887103725306507,0.0016827392391860485,-0.037832312285900116,-0.10507750511169434,9.800674438476562,8.004915434867144e-05,-0.0010166765423491597,0.06824851036071777,4968,True,None,None,Driving
aee9b713,2025-04-05 13:56:34,baeb7bf7,Lane Violation,Crossed lane markings,20.54176690533786,0.34466391801834106,0.0,0.08233354985713959,-125.3194808959961,-0.0010100408487687673,-0.0008380872029596587,-0.003432655241340399,0.5713440775871277,0.4484281539916992,9.804336547851562,-0.003181945066899061,-0.0007454133592545986,0.1122976541519165,5816,True,vehicle.mitsubishi.fusorosa,None,Driving
8478d1ef,2025-04-05 13:56:43,baeb7bf7,Lane Violation,Crossed lane markings,20.446043032599757,0.34591439366340637,0.0,0.06242877244949341,-108.15972900390625,-0.0008568917041031909,-0.0009088293259760195,-0.0034313583746552467,0.362617552280426,0.3980434834957123,9.805092811584473,-0.0035065263509750366,3.4769997000694275e-05,0.0894508808851242,5936,True,vehicle.mitsubishi.fusorosa,None,Driving
2d80b2ec,2025-04-05 13:56:45,a80f7fdc,Red Light Violation,Approaching red light at 13.63 km/h,13.630109206266525,0.0,1.0,-0.0032857884652912617,90.94805145263672,8.70558539816102e-05,-0.0010205901867266218,-0.00524978619068861,-6.534590244293213,0.008026123046875,9.808242797851562,4.719302523881197e-05,0.0019505718955770135,-0.005230092443525791,5964,True,None,Red,Driving
4ba48e11,2025-04-05 13:56:52,baeb7bf7,Lane Violation,Crossed lane markings,19.126893181591786,0.8500000238418579,0.0,-0.025390001013875008,-105.09832000732422,-0.0007151464043886335,-0.0009427251839828395,-0.0032925796695053577,1.0450332164764404,-0.13245677947998047,9.800442695617676,-0.0013458887115120888,-0.0036457879468798637,-0.0259251669049263,5244,True,vehicle.mitsubishi.fusorosa,None,Driving
1ea29627,2025-04-05 13:56:55,854a717d,Lane Violation,Crossed lane markings,13.235502891832569,0.8500000238418579,0.0,-0.2543678283691406,167.0792236328125,0.0006133893348589936,-0.0006421340943610632,-0.0015185164520516992,-24.249744415283203,0.6634225845336914,9.600957870483398,0.03906986862421036,0.06641747802495956,-0.500420093536377,4904,True,None,None,Driving
fc32762e,2025-04-05 13:57:00,ee846c16,Red Light Violation,Approaching red light at 13.76 km/h,13.763496600497623,0.0,1.0,-0.0011279109166935086,89.9032974243164,8.751447987265237e-05,-0.0004386523385454505,-0.0039206696674227715,-5.196630477905273,-0.006072998046875,9.825879096984863,1.4355406165122986e-05,0.02561662718653679,-0.0010166959837079048,5296,True,None,Red,Driving
a98ba541,2025-04-05 13:57:01,2c195a12,Lane Violation,Crossed lane markings,20.323422136962215,0.2863430976867676,0.0,-0.07273196429014206,-98.36844635009766,0.00020013135548424543,-0.000378613039844855,-0.007125930394977331,-0.6744106411933899,-0.6266434192657471,9.810522079467773,0.001704842783510685,0.0006635076133534312,-0.16559533774852753,5004,True,None,None,Driving
5b92bebc,2025-04-05 13:57:08,2c195a12,Lane Violation,Crossed lane markings,16.536791723995293,0.1438477337360382,0.0,0.02281581051647663,-95.22799682617188,0.00033527048562120854,-0.0004015392628211059,-0.00730144465342164,0.5639176964759827,0.21072274446487427,9.811686515808105,8.820637594908476e-05,-0.0006974205607548356,0.061565499752759933,5300,True,None,Red,Driving
f019471c,2025-04-05 13:57:08,2c195a12,Red Light Violation,Approaching red light at 16.54 km/h,16.536791723995293,0.1438477337360382,0.0,0.02281581051647663,-95.22799682617188,0.0003393661294950334,-0.0004018747123570955,-0.007289046887308359,-1.0410774946212769,0.07825744152069092,9.817605972290039,-0.0002067715977318585,0.0007632658816874027,0.04512434080243111,5464,True,None,Red,Driving
599c56ea,2025-04-05 13:57:32,6c078bf6,Red Light Violation,Approaching red light at 16.17 km/h,16.165103473858867,0.0,1.0,0.0,0.18304561078548431,-0.0002550631274544912,0.0006776519942860089,0.04260917752981186,-2.5227861404418945,0.00930449552834034,9.810426712036133,2.1317193386494182e-05,0.0015035775722935796,0.0002188404614571482,5112,True,None,Red,Driving
6fdd9465,2025-04-05 13:57:36,5738d44d,Red Light Violation,Approaching red light at 14.85 km/h,14.849203654731706,0.0,1.0,0.0005190677475184202,-179.68386840820312,-0.0011686190054973622,-0.00017650342649479835,0.0021751783788204193,-5.223674774169922,-0.0065451934933662415,9.857303619384766,-1.5794415958225727e-05,0.043458957225084305,0.01325935684144497,5436,True,None,Red,Driving
08df72cb,2025-04-05 13:57:46,baeb7bf7,Lane Violation,Crossed lane markings,16.11896606238172,0.8500000238418579,0.0,0.039333242923021317,-93.803955078125,-0.0005900813319925646,-0.0009633421201288929,-0.004240989685058594,2.4817888736724854,0.07131075859069824,9.804051399230957,-0.000229138124268502,0.0007650743355043232,0.042243633419275284,5968,True,vehicle.mitsubishi.fusorosa,None,Driving
4864fc06,2025-04-05 13:57:52,869bf02e,Lane Violation,Crossed lane markings,20.140000299066088,0.41316691040992737,0.0,-0.009170470759272575,-112.16248321533203,-0.0008465980740766099,-0.0009144685380039612,-0.00044132230686955154,-0.1651603728532791,-0.16721206903457642,9.80311393737793,0.004362524952739477,0.0008671535179018974,-0.03406081348657608,5764,True,None,None,Driving
462ca98a,2025-04-05 13:57:53,c48bce71,Wrong Way Driving,Vehicle moving opposite to lane direction,20.107741522362844,0.21049527823925018,0.0,-0.08869810402393341,-55.05678176879883,-0.00016412381712882507,0.0009222023477883468,-0.007028121966868639,-1.6006102561950684,-0.8380181789398193,9.79807186126709,0.010396432131528854,0.01397023256868124,-0.30457767844200134,4860,True,None,None,Driving
73981efd,2025-04-05 13:58:00,869bf02e,Lane Violation,Crossed lane markings,20.46839695830814,0.2028992772102356,0.0,0.006781421136111021,-93.04367065429688,-0.0006843235643287926,-0.0009635018775848928,-0.0026688002981245518,0.18621087074279785,0.44423362612724304,9.83359146118164,-0.004873024765402079,-0.006173779722303152,0.05295711010694504,5664,True,None,None,Driving
25872616,2025-04-05 13:58:10,baeb7bf7,Lane Violation,Crossed lane markings,20.544966992702758,0.2884899377822876,0.0,0.09016337990760803,-2.357666254043579,-0.00021841273839129371,-0.0008098947066928422,-0.003440055763348937,0.33081620931625366,0.4684337377548218,9.80638313293457,0.002628588816151023,-3.0474560844595544e-05,0.12404242902994156,5744,True,vehicle.mitsubishi.fusorosa,None,Driving
171a8ad3,2025-04-05 13:58:10,869bf02e,Red Light Violation,Approaching red light at 15.45 km/h,15.453002301378392,0.8500000238418579,0.0,0.011665932834148407,-90.01827239990234,-0.0004764178086134052,-0.000964064832429845,0.004479102790355682,-0.3586990237236023,-0.4098356068134308,9.669506072998047,-0.0015163663774728775,0.027408186346292496,-0.009207265451550484,5432,True,None,Red,Driving
e6fba7c6,2025-04-05 13:58:16,226c26c2,Lane Violation,Crossed lane markings,20.100017248417615,0.4947434067726135,0.0,-0.12960411608219147,-5.868716716766357,0.000518261582925561,9.848109075662321e-05,-0.004392394796013832,-0.18378913402557373,-0.9895505905151367,9.796794891357422,0.011321069672703743,0.0018657190958037972,-0.20747022330760956,5816,True,None,None,Driving
c2445c6a,2025-04-05 13:58:19,2c195a12,Lane Violation,Crossed lane markings,20.365517137865602,0.729420006275177,0.0,0.011632220819592476,122.6894760131836,0.0003617006810259227,-0.0009558546973261974,-0.007097854278981686,1.545759677886963,0.23027312755584717,9.805806159973145,-0.0005225746426731348,-0.001549238688312471,0.05426303297281265,6036,True,None,None,Driving
88b30051,2025-04-05 13:58:24,226c26c2,Lane Violation,Crossed lane markings,20.040755269547827,0.5534611344337463,0.0,0.07274166494607925,-5.016329288482666,0.0005444075937077741,0.00025834670515865836,-0.0044402312487363815,0.016892053186893463,1.1894667148590088,9.80686092376709,0.007644348312169313,-0.00027569523081183434,0.1186712235212326,5732,True,None,None,Driving
ca7d085f,2025-04-05 13:58:25,2c195a12,Lane Violation,Crossed lane markings,20.809928318214286,0.6425172090530396,0.0,-0.15864035487174988,104.92388153076172,0.0002653420050933164,-0.001009012260275749,-0.007124252151697874,2.9327707290649414,-2.1058425903320312,9.80362319946289,-0.0011713283602148294,-0.0018715851474553347,-0.3431917428970337,5896,True,None,None,Driving
7e3acdaf,2025-04-05 13:58:33,2c195a12,Red Light Violation,Approaching red light at 14.98 km/h,14.982545769009038,0.0,1.0,-0.002669556997716427,90.90631866455078,9.161256532763673e-05,-0.0010205520121650635,-0.007187537848949432,-4.4716997146606445,-0.013259410858154297,9.834710121154785,7.751490920782089e-05,0.002404025988653302,-0.0062822564505040646,5848,True,None,Red,Driving
327b0845,2025-04-05 13:58:39,37cd8307,Red Light Violation,Approaching red light at 15.60 km/h,15.603463567022388,0.8500000238418579,0.0,-0.000870533986017108,-89.58969116210938,-0.0004589361553684057,0.0009838110870138978,0.06756046414375305,2.4103786945343018,-0.01240086555480957,9.813318252563477,-0.00016333162784576416,-0.020552827045321465,-0.0012453679228201509,5600,True,None,Red,Driving
7a227292,2025-04-05 13:58:58,44750abd,Red Light Violation,Approaching red light at 5.35 km/h,5.354947480522045,0.0,1.0,0.004176937974989414,90.17218780517578,8.336192543367815e-05,0.0008930454126880548,-0.028686178848147392,-26.433950424194336,0.009283065795898438,10.00853443145752,0.0003859177231788635,-0.08389461040496826,-0.0007542717503383756,5124,True,None,Red,Driving
6ebf590f,2025-04-05 13:59:01,854a717d,Wrong Way Driving,Vehicle moving opposite to lane direction,18.76435361766987,0.06655597686767578,0.0,-0.1710784137248993,57.833805084228516,-0.00015829088803798186,-0.0009601645162292868,-0.0012050628429278731,-8.097081184387207,-2.293306350708008,9.766487121582031,0.005656967405229807,0.012953978031873703,-0.28230518102645874,5108,True,None,None,Driving
3945a184,2025-04-05 13:59:08,226c26c2,Red Light Violation,Approaching red light at 16.62 km/h,16.62379316964886,0.42213571071624756,0.0,0.0046014036051929,90.06853485107422,0.00010589807567384923,0.000924622628698335,-0.004652328323572874,-0.03240220621228218,0.011265326291322708,9.809550285339355,-0.000290874857455492,-0.0012666296679526567,0.007006650324910879,5104,True,None,Red,Driving
f2798f1c,2025-04-05 13:59:12,baeb7bf7,Wrong Way Driving,Vehicle moving opposite to lane direction,20.46516095532191,0.4157410264015198,0.0,-0.25505903363227844,-44.324867248535156,-0.00015033356517335505,-0.0004241700955633972,-0.003720588516443968,0.07705056667327881,-2.581969738006592,9.804688453674316,-0.009616868570446968,0.0021443294826895,-0.2930962145328522,5448,True,vehicle.mitsubishi.fusorosa,None,Driving
1dc6897d,2025-04-05 13:59:16,c48bce71,Red Light Violation,Approaching red light at 15.09 km/h,15.092048355962639,0.0,1.0,0.0,-179.3922882080078,0.0005814527845018347,-0.00020043599807901806,-0.007034263573586941,-4.114438533782959,-0.003872819244861603,10.008282661437988,8.709845133125782e-06,0.031215716153383255,-7.900091077317484e-06,5356,True,None,Red,Driving
e46539b4,2025-04-05 13:59:18,854a717d,Red Light Violation,Approaching red light at 9.36 km/h,9.363125503160001,0.0,1.0,-0.0006220098002813756,0.2004699856042862,-0.00021993363826311452,-0.000640679348860825,-0.0014529419131577015,-5.590425968170166,-0.0015800422988831997,9.797076225280762,6.983347702771425e-06,0.003762628650292754,-0.0009394158259965479,5216,True,None,Red,Driving
1afe43cf,2025-04-05 13:59:26,baeb7bf7,Lane Violation,Crossed lane markings,20.094431847566774,0.36466851830482483,0.0,-0.22872214019298553,-90.54999542236328,0.00017897425270518852,-0.00037599962443851,-0.0033646011725068092,-1.0321083068847656,-4.024362087249756,9.800617218017578,-0.030611936002969742,0.0019093342125415802,-0.1846379041671753,6064,True,vehicle.mitsubishi.fusorosa,None,Driving
439d1b86,2025-04-05 13:59:33,baeb7bf7,Lane Violation,Crossed lane markings,16.47096454225685,0.04849347099661827,0.0,0.04550761729478836,-96.328857421875,0.0003426567835589367,-0.0004019825537800967,-0.0034966659732162952,-0.3290156424045563,0.05032375454902649,9.809450149536133,0.00012194857117719948,-0.00027946889167651534,0.049635838717222214,5476,True,vehicle.mitsubishi.fusorosa,Green,Driving
2c6c4002,2025-04-05 13:59:40,baeb7bf7,Wrong Way Driving,Vehicle moving opposite to lane direction,20.517041586327146,0.2213694453239441,0.0,-0.22243165969848633,-107.7841567993164,0.0004967145102199311,-0.0004207377432880073,-0.0033330917358398438,-0.12808692455291748,-1.015966534614563,9.804497718811035,0.009971735998988152,0.0011034412309527397,-0.29910892248153687,5424,True,vehicle.mitsubishi.fusorosa,None,Driving
c5387d66,2025-04-05 13:59:49,baeb7bf7,Lane Violation,Crossed lane markings,20.543112361247164,0.16444087028503418,0.0,-0.11363988369703293,-174.33168029785156,0.0005846929617945307,-0.0005694436294488779,-0.003430442651733756,0.04978421330451965,-0.38369837403297424,9.809222221374512,-0.0012761476682499051,-3.4724915167316794e-05,-0.1627044528722763,5828,True,vehicle.mitsubishi.fusorosa,None,Driving
34b35141,2025-04-05 13:59:56,ec0a0a0b,Red Light Violation,Approaching red light at 11.54 km/h,11.542728321626543,0.0,1.0,-0.003314895322546363,-89.37052154541016,-0.00046812405956586645,0.0009522818462156296,-0.002710533095523715,-13.251152992248535,-0.21012496948242188,9.861824989318848,-0.0008168015629053116,0.020016353577375412,0.0438666045665741,5784,True,None,Red,Driving
2fd4ecab,2025-04-05 13:59:58,baeb7bf7,Lane Violation,Crossed lane markings,20.587500331656727,0.33026114106178284,0.0,-0.1141156330704689,156.92884826660156,0.0005489188742302531,-0.0007816759611314533,-0.0034445570781826973,-0.34953808784484863,-0.515624463558197,9.810588836669922,-0.0009841759456321597,0.0007141479291021824,-0.16020606458187103,5248,True,vehicle.mitsubishi.fusorosa,None,Driving
15e532cf,2025-04-05 14:00:05,c48bce71,Wrong Way Driving,Vehicle moving opposite to lane direction,19.337973990595522,0.7130633592605591,0.0,-0.1770191192626953,145.41712951660156,0.0005557314571547067,-0.0003762683884298029,-0.006453018169850111,-1.4695825576782227,-2.0938191413879395,9.748106956481934,0.011653074994683266,0.01377435028553009,-0.4686166048049927,5420,True,None,None,Driving
90442169,2025-04-05 14:00:17,869bf02e,Red Light Violation,Approaching red light at 16.45 km/h,16.44885376233819,0.6239096522331238,0.0,0.023556439206004143,-5.294680595397949,0.0005503912677653489,-0.0006589086957770755,0.0029034805484116077,1.6641550064086914,-0.049455560743808746,9.663976669311523,-0.0010987365385517478,-0.03551504388451576,0.06362073868513107,5008,True,None,Red,Driving
4d3e380c,2025-04-05 14:00:17,baeb7bf7,Lane Violation,Crossed lane markings,19.53586931610405,0.0,0.020117968320846558,-0.02468511089682579,92.4623794555664,0.00016606422596510129,-0.0009877012598839164,-0.0033506392501294613,-1.5318174362182617,0.0474931001663208,9.818836212158203,0.0027423715218901634,0.003176616970449686,-0.047767750918865204,6300,True,vehicle.mitsubishi.fusorosa,None,Driving
7f1a01bb,2025-04-05 14:00:19,baeb7bf7,Red Light Violation,Approaching red light at 17.64 km/h,17.643614553063053,0.694922924041748,0.0,-0.008385040797293186,91.24681091308594,0.00011213875120574812,-0.000988868770936237,-0.0033629988320171833,0.8726423978805542,-0.00883781909942627,9.798460006713867,0.00023980950936675072,-0.0024896119721233845,-0.009846588596701622,5524,True,vehicle.mitsubishi.fusorosa,Red,Driving
ab3f04f4,2025-04-05 14:00:23,37cd8307,Red Light Violation,Approaching red light at 9.13 km/h,9.125986293364258,0.0,1.0,-0.0008492356282658875,-179.4165802001953,0.0006129895642601468,-0.00020552363224085618,0.07024822384119034,-5.664329528808594,0.07473745197057724,9.7390718460083,0.0005536701064556837,0.006323401350528002,-0.01937068998813629,5120,True,None,Red,Driving
99333986,2025-04-05 14:00:23,5738d44d,Red Light Violation,Approaching red light at 17.28 km/h,17.28300417313968,0.5127307176589966,0.0,0.002155966591089964,-179.7462615966797,-0.0011686501208458822,-0.0001700527822916908,0.0019100570352748036,0.49375373125076294,-0.04272223636507988,9.759442329406738,-0.0004322745371609926,-0.0057065850123763084,-0.009994925931096077,5780,True,None,Red,Driving
dc6f3d02,2025-04-05 14:00:27,c48bce71,Red Light Violation,Approaching red light at 15.55 km/h,15.549027232587243,0.0,1.0,-0.0009825967717915773,89.90129089355469,8.288597705075063e-05,-0.00043863537588120343,-0.006562957540154457,-2.758359909057617,-0.013896465301513672,9.88448715209961,-0.0001443028450012207,0.01811089925467968,-0.0018464000895619392,5340,True,None,Red,Driving
d4f46dde,2025-04-05 14:00:29,418a281a,Lane Violation,Crossed lane markings,19.640630519037433,0.8500000238418579,0.0,-0.26103824377059937,150.69400024414062,0.0005929115268088481,-0.0007447366242106093,0.0027244947850704193,1.984911322593689,-3.490619659423828,9.75443172454834,-0.056171320378780365,0.0038002729415893555,-1.0924549102783203,4628,True,None,None,Driving
71cdff01,2025-04-05 14:00:49,226c26c2,Red Light Violation,Approaching red light at 17.10 km/h,17.100217645029836,0.4952948987483978,0.0,0.0,-179.6365203857422,-0.0012000999283969804,-0.00016863461789061183,-0.004695701412856579,-0.4862157106399536,0.008036784827709198,9.806077003479004,6.152872811071575e-05,0.00027915817918255925,0.00021220951748546213,5632,True,None,Red,Driving
b7a4d3aa,2025-04-05 14:00:56,418a281a,Red Light Violation,Approaching red light at 14.82 km/h,14.821076434805466,0.0,1.0,0.0006220098002813756,90.98828125,8.044085186043048e-05,-0.0009890196872460232,0.0024040222633630037,-3.349717855453491,-0.013254880905151367,9.796456336975098,0.0009012036025524139,0.01926088146865368,0.0011948974570259452,5156,True,None,Red,Driving
1f168c64,2025-04-05 14:00:59,baeb7bf7,Lane Violation,Crossed lane markings,20.520466674916317,0.3006134331226349,0.0,0.0013194821076467633,90.59014129638672,-0.0006084637883674304,-0.0009971307192688575,-0.0034360885620117188,0.22910116612911224,-0.04734042286872864,9.807600021362305,2.2256157535593957e-05,9.720599337015301e-06,0.007444370537996292,5400,True,vehicle.mitsubishi.fusorosa,None,Driving
41bd991f,2025-04-05 14:01:22,baeb7bf7,Lane Violation,Crossed lane markings,20.599333848666653,0.279579222202301,0.0,-0.08065629005432129,46.69161605834961,-0.0011172341951777298,-0.0008307461045535999,-0.00343570695258677,-0.44483137130737305,-0.28006207942962646,9.813133239746094,0.0021968730725347996,0.00056970160221681,-0.11589272320270538,4940,True,vehicle.mitsubishi.fusorosa,None,Driving
4a798caf,2025-04-05 14:01:29,edecf8c7,Red Light Violation,Approaching red light at 14.31 km/h,14.310497750114196,0.0,1.0,0.0006220098002813756,0.12040393054485321,-0.00021995778006100863,-0.0006499808515017285,-0.0316055491566658,-5.867149353027344,0.010355541482567787,9.747627258300781,-0.002871311502531171,-0.02522195503115654,0.0010222132550552487,5128,True,None,Red,Driving
e5fadf95,2025-04-05 14:01:30,ec0a0a0b,Red Light Violation,Approaching red light at 17.49 km/h,17.49467045522623,0.0,1.0,0.0,-179.84521484375,-0.00014936652196695377,-0.0001822608974203497,-0.0037417220883071423,-1.1427298784255981,-5.188537761569023e-05,9.83074951171875,2.0089610188733786e-06,-0.0038444369565695524,1.111756319005508e-05,6076,True,None,Red,Driving
a0821151,2025-04-05 14:01:34,ee846c16,Lane Violation,Crossed lane markings,23.185124118855672,0.0,0.699999988079071,-0.048200804740190506,-98.7882080078125,0.00019921982645598746,-0.00037948361860282983,-0.005637282971292734,-1.9327425956726074,-0.5363773107528687,9.868331909179688,0.012900251895189285,0.030835898593068123,-0.13185346126556396,5704,True,None,None,Driving
6225c2db,2025-04-05 14:01:37,2c195a12,Red Light Violation,Approaching red light at 15.55 km/h,15.54944648554854,0.0,1.0,0.0,-89.62759399414062,-0.00045607844334938363,0.0009838302085626853,-0.007170448079705238,-2.5010814666748047,-0.003777027130126953,9.818900108337402,6.08398113399744e-06,0.0014311205595731735,9.794895595405251e-05,5252,True,None,Red,Driving
0f364dbf,2025-04-05 14:01:42,ee846c16,Lane Violation,Crossed lane markings,11.818110278466616,0.27915099263191223,0.0,0.029766960069537163,-95.65927124023438,0.0003273085194592795,-0.00040068201431846864,-0.005636672955006361,-2.4281303882598877,-0.010691165924072266,9.944981575012207,-0.008480176329612732,0.06379394233226776,0.11058077216148376,5504,True,None,None,Driving
82a36dbf,2025-04-05 14:01:43,ee846c16,Red Light Violation,Approaching red light at 16.58 km/h,16.575309798243964,0.0,1.0,0.013172436505556107,-94.93374633789062,0.0003404332352658912,-0.00040178414201041853,-0.005021819844841957,4.552938461303711,0.06837940216064453,9.819377899169922,-0.0004683174192905426,-0.022395070642232895,0.024242963641881943,5160,True,None,Red,Driving
51b806e8,2025-04-05 14:01:45,5738d44d,Red Light Violation,Approaching red light at 16.58 km/h,16.582674040126964,0.0,1.0,-0.0006155604496598244,-90.14811706542969,-0.00045579168863696395,-0.0004057119754218666,-0.0009214782621711493,1.8539973497390747,0.0019373893737792969,9.898486137390137,8.588563650846481e-05,0.013367002829909325,-3.1350209610536695e-05,5068,True,None,Red,Driving
4c3b248b,2025-04-05 14:01:46,ec0a0a0b,Wrong Way Driving,Vehicle moving opposite to lane direction,19.63910579889114,0.8172797560691833,0.0,-0.2502576410770416,126.91496276855469,-0.00021864122031445277,-0.00040666685348094827,-0.0033057783730328083,-0.2732241153717041,-2.437422752380371,9.802206039428711,-0.006400774233043194,-0.00031656213104724884,-0.3031858801841736,5580,True,None,None,Driving
c1e696ae,2025-04-05 14:01:53,226c26c2,Red Light Violation,Approaching red light at 17.03 km/h,17.031430893235544,0.47936245799064636,0.0,0.0006948008667677641,-89.385009765625,-0.0004803055827267144,-0.000964241723890135,-0.004685325548052788,-0.5774880647659302,0.01129680871963501,9.80571460723877,3.910227678716183e-05,0.0006894894759170711,0.0009588932734914124,5356,True,None,Red,Driving
b7defa49,2025-04-05 14:02:02,854a717d,Red Light Violation,Approaching red light at 16.60 km/h,16.60421088421761,0.0,1.0,0.0,0.1686374396085739,-0.00022360432454604506,0.0006760010301686416,-0.0012226104736328125,0.2537235617637634,-0.0013828903902322054,9.812479019165039,-2.1831137928529643e-06,-0.0011095217196270823,-1.65162309713196e-05,5340,True,None,Red,Driving
6d91bfe4,2025-04-05 14:02:18,ec0a0a0b,Red Light Violation,Approaching red light at 11.83 km/h,11.831300532161697,0.0,1.0,0.0,89.83527374267578,-0.000937826366509853,-0.0004357976078226851,-0.002896003657951951,-16.575483322143555,0.0036220550537109375,9.898591041564941,-1.0104849934577942e-05,0.02150866761803627,-3.3517080737510696e-06,5660,True,None,Red,Driving
63d3c40e,2025-04-05 14:02:19,418a281a,Wrong Way Driving,Vehicle moving opposite to lane direction,19.93945082586253,0.8500000238418579,0.0,-0.03217766433954239,59.48347091674805,-0.00014876129753815803,-0.0009647268903556106,0.0027473450172692537,0.790717601776123,-0.38907772302627563,9.821587562561035,0.00035797571763396263,-0.005195362027734518,-0.30634546279907227,5344,True,None,None,Driving
18f84058,2025-04-05 14:02:21,c48bce71,Wrong Way Driving,Vehicle moving opposite to lane direction,20.209233192492018,0.302562952041626,0.0,-0.09860832989215851,59.86164093017578,-0.00018582526720933856,-0.0004057309256306113,-0.007048454135656357,-0.2549319267272949,-1.0650054216384888,9.709033966064453,0.007557629607617855,0.010484013706445694,-0.30275627970695496,5424,True,None,None,Driving
fbd64b79,2025-04-05 14:02:30,baeb7bf7,Lane Violation,Crossed lane markings,20.610132502668833,0.2890753149986267,0.0,-0.08982738852500916,-12.09654712677002,-0.0012227301100438126,0.0006713193348364423,-0.0034782791044563055,0.03944779932498932,-0.5076095461845398,9.81058406829834,0.004434746690094471,-0.0003334156353957951,-0.10952185094356537,5004,True,vehicle.mitsubishi.fusorosa,None,Driving
450895a0,2025-04-05 14:02:47,13883c7d,Red Light Violation,Approaching red light at 12.85 km/h,12.853361981189268,0.0,1.0,0.00017573311924934387,-179.63507080078125,-0.0011685808994741365,-0.00018157630827894276,-0.01730445772409439,-7.62384557723999,0.003290213644504547,9.785337448120117,0.0001639920665184036,0.021058134734630585,0.00038557121297344565,5620,True,vehicle.ford.crown,Red,Driving
9beb7c44,2025-04-05 14:02:50,5738d44d,Wrong Way Driving,Vehicle moving opposite to lane direction,20.875977631427308,0.0,0.3772182762622833,-0.17687898874282837,-110.6617202758789,-0.000255939428967622,-0.0004256672648582573,0.0006975555443204939,-2.271083354949951,-1.7941765785217285,9.909610748291016,-0.016051657497882843,0.05432869866490364,-0.20511159300804138,5348,True,None,None,Driving
4bee385b,2025-04-05 14:02:56,baeb7bf7,Lane Violation,Crossed lane markings,20.476413249009177,0.2803592085838318,0.0,-0.0067473105154931545,-89.09371185302734,-0.0007430263078873622,0.0009502691489996919,-0.003449745010584593,-0.1924070119857788,0.01784639060497284,9.81207275390625,0.0004208880418445915,-0.00020049148588441312,-0.014264026656746864,5588,True,vehicle.mitsubishi.fusorosa,None,Driving
d138f6ca,2025-04-05 14:02:58,ec0a0a0b,Lane Violation,Crossed lane markings,20.056444721430292,0.5766431093215942,0.0,0.1302613466978073,-173.79483032226562,-0.0011924539132479595,-0.000616719225797707,-0.0036361312959343195,0.03251064568758011,0.7266090512275696,9.814774513244629,-0.005855637602508068,0.0003122773487120867,0.20103634893894196,5260,True,None,None,Driving
2cf663b9,2025-04-05 14:03:06,5738d44d,Red Light Violation,Approaching red light at 17.22 km/h,17.217205906640782,0.0,1.0,-0.000870533986017108,-179.80703735351562,-0.00014785787290350072,-0.0007286694515637223,0.0011138534173369408,3.0652060508728027,0.017919067293405533,9.752039909362793,0.00016719731502234936,-0.05010911822319031,-0.009499882347881794,5044,True,None,Red,Driving
39b02852,2025-04-05 14:03:07,baeb7bf7,Red Light Violation,Approaching red light at 13.42 km/h,13.422381489016301,0.0,1.0,-0.002504346426576376,-89.50820922851562,-0.00046747409824376973,0.0009523166625123469,-0.0029896926134824753,-9.908580780029297,0.054986000061035156,9.85213565826416,2.9766932129859924e-05,0.013245446607470512,0.0027973512187600136,5388,True,vehicle.mitsubishi.fusorosa,Red,Driving
3082b8f0,2025-04-05 14:03:18,37cd8307,Lane Violation,Crossed lane markings,20.167308404400593,0.6232293248176575,0.0,-0.27124232053756714,53.57539367675781,-0.0010235229799064882,-0.0009374195367504155,0.06783676147460938,1.3800143003463745,-2.86312198638916,9.760980606079102,0.01767898164689541,-0.002759951865300536,-0.5311408042907715,4808,True,None,None,Driving
394d278c,2025-04-05 14:03:20,64feea7c,Red Light Violation,Approaching red light at 13.34 km/h,13.338895180813314,0.0,1.0,0.07886306941509247,-89.21595001220703,0.0003487884954012088,-0.00037431048575958467,-0.010900459252297878,-13.22379207611084,0.8248682022094727,9.944597244262695,-0.00022466294467449188,0.028782470151782036,0.07459466904401779,5364,True,None,Red,Driving
a1beced2,2025-04-05 14:03:27,44750abd,Red Light Violation,Approaching red light at 17.27 km/h,17.26558246742238,0.8500000238418579,0.0,0.0,-89.38858032226562,-0.0004590207973649285,-0.0009325494359070432,-0.029840849339962006,5.064382553100586,-0.0020723342895507812,9.84308910369873,-1.4915131032466888e-05,0.008430528454482555,-1.8489117792341858e-07,5624,True,None,Red,Driving
cebad8c4,2025-04-05 14:03:28,ec0a0a0b,Lane Violation,Crossed lane markings,19.429927075425116,0.8500000238418579,0.0,0.20843930542469025,-87.92900085449219,-0.0006633990385438437,-0.0009644981171303305,-0.0033559035509824753,-0.3914940357208252,1.458436131477356,9.79782772064209,0.018313348293304443,0.0024276096373796463,0.2891140282154083,5156,True,None,None,Driving
c79f2725,2025-04-05 14:03:32,ee846c16,Red Light Violation,Approaching red light at 16.69 km/h,16.68603673625424,0.0,1.0,-0.0039391182363033295,91.05903625488281,9.386524141064001e-05,-0.001020387251579811,-0.004382553044706583,-2.429506301879883,-0.018210172653198242,9.840232849121094,0.0008665760979056358,0.014356609433889389,-0.00734977750107646,5828,True,None,Red,Driving
63332f44,2025-04-05 14:03:38,226c26c2,Wrong Way Driving,Vehicle moving opposite to lane direction,19.219130766530164,0.8500000238418579,0.0,-0.19196513295173645,-49.15322494506836,-0.0001470345839749143,-0.0004387076471112986,-0.00481414794921875,-0.3595176637172699,-1.2305442094802856,9.831352233886719,0.0015350606990978122,0.003363810246810317,-0.30013784766197205,5344,True,None,None,Driving
e5eb9312,2025-04-05 14:03:54,6c078bf6,Red Light Violation,Approaching red light at 14.74 km/h,14.740313376528821,0.0,1.0,0.0004400774778332561,90.01705169677734,9.101811818368333e-05,0.0008929446647428297,0.042641714215278625,-4.409889221191406,-0.011190414428710938,9.811878204345703,-2.3278873413801193e-05,0.001974858809262514,-0.000576368416659534,5036,True,None,Red,Driving
992ed6e5,2025-04-05 14:04:13,edecf8c7,Red Light Violation,Approaching red light at 16.07 km/h,16.066884604983624,0.0,1.0,-0.00017573311924934387,0.1630571037530899,-0.00022361385103408793,0.0006765343089181636,-0.03043518029153347,-3.0670859813690186,-0.010329128243029118,9.709654808044434,-0.0015839234692975879,-0.016155371442437172,-6.776631380489562e-06,5364,True,None,Red,Driving
7b1cd380,2025-04-05 14:04:15,55a2a0bc,Red Light Violation,Approaching red light at 16.58 km/h,16.57567900159712,0.0,1.0,0.0,-179.65396118164062,-0.0012000511307519446,-0.00017952564210949848,0.01081008929759264,-2.2362723350524902,-0.00147954560816288,9.841578483581543,-0.00010904546070378274,0.006668334361165762,-0.00017382574151270092,5688,True,None,Red,Driving
e66548c8,2025-04-05 14:04:17,baeb7bf7,Lane Violation,Crossed lane markings,20.588679562985742,0.15060263872146606,0.0,-0.09195481985807419,-93.36467742919922,0.00023938724405070388,0.0009534838308845816,-0.0034918594174087048,-0.4409128427505493,-0.8646115064620972,9.81418228149414,-0.005283520556986332,-0.00022603292018175125,-0.11046771705150604,5352,True,vehicle.mitsubishi.fusorosa,None,Driving
483403dc,2025-04-05 14:04:20,ec0a0a0b,Lane Violation,Crossed lane markings,18.00182613739923,0.8500000238418579,0.0,0.0027012669015675783,-78.49455261230469,-0.0005502814730533601,-0.0009433270672855387,-0.00498416880145669,3.4337005615234375,0.01558995246887207,9.798592567443848,-5.747610703110695e-05,0.006665428634732962,0.003603051183745265,5784,True,None,None,Driving
9dae3882,2025-04-05 14:04:30,edecf8c7,Wrong Way Driving,Vehicle moving opposite to lane direction,16.49447227564967,0.8500000238418579,0.0,-0.18409466743469238,-55.01775360107422,-0.0001647268655347034,0.0009222890458500543,-0.03211456164717674,-14.204263687133789,-1.0522112846374512,9.38076114654541,-0.015058193355798721,-0.08820728212594986,-0.28624284267425537,4960,True,None,None,Driving
cff3337a,2025-04-05 14:04:38,baeb7bf7,Lane Violation,Crossed lane markings,20.372611565894726,0.31240254640579224,0.0,-0.14157970249652863,-168.97256469726562,0.0005717101155227056,0.000644358088117905,-0.0033950423821806908,0.09353461861610413,-0.700718343257904,9.803831100463867,-0.00650082528591156,0.00038509489968419075,-0.18810853362083435,5888,True,vehicle.mitsubishi.fusorosa,None,Driving
4480fce0,2025-04-05 14:04:38,226c26c2,Wrong Way Driving,Vehicle moving opposite to lane direction,19.917621665577926,0.5203587412834167,0.0,-0.19683650135993958,-138.3704376220703,0.0005558633204429952,-0.00046981398641568104,-0.004529266152530909,-0.8843934535980225,-3.1470563411712646,9.787731170654297,-0.0068784449249506,0.004867876879870892,-0.3812427520751953,5020,True,None,None,Driving
41a4bdb0,2025-04-05 14:04:47,c48bce71,Red Light Violation,Approaching red light at 16.23 km/h,16.228515554785023,0.0,1.0,0.0002485241857357323,-179.64010620117188,-0.0011685739087994307,-0.00018379632694678943,-0.007943191565573215,-4.124921798706055,0.016066748648881912,10.009285926818848,0.0002720940101426095,0.04471469670534134,0.0003371327475178987,5336,True,None,Red,Driving
ee3b5e40,2025-04-05 14:04:56,226c26c2,Lane Violation,Crossed lane markings,19.96845483646881,0.5876337289810181,0.0,0.03781451657414436,144.72068786621094,0.0005000908685701688,-0.0008557257008719728,-0.0044541931711137295,-0.08162353187799454,0.18659572303295135,9.808761596679688,-0.0010667353635653853,0.0005470078904181719,0.06858844310045242,6104,True,None,None,Driving
77fe4573,2025-04-05 14:05:02,226c26c2,Lane Violation,Crossed lane markings,19.99481601021267,0.5612310767173767,0.0,-0.1640860140323639,124.75727844238281,0.00040953135058430234,-0.0009601246968033168,-0.004445533733814955,-0.22365140914916992,-2.565755844116211,9.796265602111816,-0.0075300890021026134,0.000998806208372116,-0.2607085108757019,6056,True,None,None,Driving
46aa9287,2025-04-05 14:05:22,854a717d,Lane Violation,Crossed lane markings,24.344728433508156,0.0,0.699999988079071,-0.4073519706726074,164.34921264648438,0.0006097687141419783,-0.0006831428943728164,-0.0007596588111482561,8.603145599365234,-7.9171905517578125,9.686172485351562,-0.034556105732917786,-0.0040495372377336025,-0.9420955777168274,4792,True,None,None,Driving
9d0fb6be,2025-04-05 14:05:31,2c195a12,Lane Violation,Crossed lane markings,20.194380194226788,0.8500000238418579,0.0,-0.3160782754421234,107.13911437988281,0.0003872197586076709,-0.0009713320490094054,-0.007239074446260929,4.4177751541137695,-2.4728896617889404,9.802918434143066,0.0027364410925656557,-0.0021163441706448793,-0.5676906704902649,4784,True,None,None,Driving
7b7d1f44,2025-04-05 14:05:38,ec0a0a0b,Lane Violation,Crossed lane markings,15.732187095690318,0.8500000238418579,0.0,0.11710313707590103,-5.620640277862549,-0.00025174094680835424,-0.0007956965112339083,-0.004294166341423988,1.1158950328826904,0.4838510751724243,9.807068824768066,-0.0015842544380575418,0.007287992630153894,0.1337219774723053,5348,True,None,None,Driving
93ac9f5e,2025-04-05 14:05:42,418a281a,Red Light Violation,Approaching red light at 16.16 km/h,16.162404801870238,0.415194034576416,0.0,0.0002485241857357323,89.90548706054688,8.96652600346215e-05,0.0009242472569323497,0.0026012419257313013,-0.33389219641685486,0.003391087055206299,9.811156272888184,-0.0004469094565138221,0.00017311450210399926,-0.001767540816217661,4948,True,None,Red,Driving
dafb6702,2025-04-05 14:05:48,854a717d,Lane Violation,Crossed lane markings,25.148612596022307,0.0,0.699999988079071,0.039383549243211746,103.03516387939453,0.0001788053970983583,-0.0009914745103086601,-0.0007226562593132257,3.119903087615967,0.34480738639831543,9.765581130981445,-0.004316152073442936,0.01391393132507801,0.202072411775589,5752,True,None,None,Driving
3ba6cc1c,2025-04-05 14:05:52,854a717d,Red Light Violation,Approaching red light at 14.90 km/h,14.9045583380986,0.0,1.0,-0.07480297982692719,99.83226013183594,9.029821583794728e-05,-0.0010129896109595951,-0.0012986373621970415,-4.852743148803711,-0.24735736846923828,9.795268058776855,0.005740438587963581,0.013653455302119255,-0.13055552542209625,5072,True,None,Red,Driving
f60d6de3,2025-04-05 14:06:00,5738d44d,Red Light Violation,Approaching red light at 16.34 km/h,16.339283967787374,0.0,1.0,0.0009950052481144667,-89.65019989013672,-0.00045508453402476334,0.000983832538787269,0.0015417480608448386,-0.0863397940993309,0.005664125084877014,9.833279609680176,0.0002569283824414015,-0.0038339088205248117,0.003406560979783535,5200,True,None,Red,Driving
87089ceb,2025-04-05 14:06:49,edecf8c7,Wrong Way Driving,Vehicle moving opposite to lane direction,23.548673325767364,0.0,0.699999988079071,-0.24357879161834717,144.2030487060547,0.0005509856120937684,-0.0003819746972185443,-0.027647914364933968,0.9232481718063354,-3.0254549980163574,9.587118148803711,0.0418434776365757,-0.017655301839113235,-0.49745675921440125,5316,True,None,None,Driving
8c2d7768,2025-04-05 14:06:55,869bf02e,Red Light Violation,Approaching red light at 16.07 km/h,16.074711228125317,0.1447676122188568,0.0,0.019919894635677338,-5.330325603485107,0.0005502717066860896,-0.0006581445191857415,-0.004582252353429794,-0.36244675517082214,0.23139485716819763,9.931153297424316,-0.004101135302335024,-0.012471595779061317,0.07762987166643143,5100,True,None,Red,Driving
a65b2a4f,2025-04-05 14:07:00,baeb7bf7,Lane Violation,Crossed lane markings,20.47125340639611,0.31170156598091125,0.0,-0.10225570201873779,159.96603393554688,0.0005570034513624478,-0.0007643288098280863,-0.0034354780800640583,-0.2079704999923706,-0.6046375036239624,9.810986518859863,0.0038685002364218235,3.2226089388132095e-05,-0.14433009922504425,5020,True,vehicle.mitsubishi.fusorosa,None,Driving
c5907f34,2025-04-05 14:07:07,37cd8307,Red Light Violation,Approaching red light at 13.21 km/h,13.211209031731768,0.0,1.0,0.0,-179.40814208984375,0.0005814037812683637,-0.00019615002970990044,0.0692945048213005,-5.456518650054932,0.0009408891201019287,9.806208610534668,1.3194599887356162e-05,0.017388109117746353,1.550335764477495e-05,5308,True,None,Red,Driving
79bde5a1,2025-04-05 14:07:10,854a717d,Lane Violation,Crossed lane markings,11.412417769236406,0.8500000238418579,0.0,-0.023304887115955353,97.7076644897461,6.911750671179107e-05,-0.0010157916374851645,-0.0009697341592982411,6.019972324371338,-0.11073970794677734,9.792240142822266,-0.0007523940876126289,-0.0054136947728693485,-0.0361734963953495,5904,True,None,Green,Driving
5f00a220,2025-04-05 14:07:14,edecf8c7,Red Light Violation,Approaching red light at 6.55 km/h,6.550063329391761,0.0,1.0,-0.0015158901223912835,89.95722961425781,8.950093636883594e-05,-0.0004386444911714857,-0.035329800099134445,-26.498233795166016,-0.025211334228515625,9.65559196472168,-0.01859443634748459,-0.13482566177845,-0.004324734210968018,5228,True,None,Red,Driving
0bd8314a,2025-04-05 14:07:24,baeb7bf7,Lane Violation,Crossed lane markings,11.27786255364626,0.8500000238418579,0.0,-0.03141770884394646,92.89434814453125,0.00017529566765972504,-0.0009873674894803472,-0.003887519706040621,3.1294727325439453,-0.08392810821533203,9.823421478271484,-0.0009119175374507904,-0.019259169697761536,-0.023048827424645424,6056,True,vehicle.mitsubishi.fusorosa,None,Driving
eb789466,2025-04-05 14:07:29,64feea7c,Lane Violation,Crossed lane markings,17.21636149491872,0.8500000238418579,0.0,-0.02940421551465988,170.0283660888672,-0.00012250610885189417,-2.6863664280604543e-05,-0.01026180200278759,-11.360945701599121,0.43322086334228516,9.801883697509766,0.004555196966975927,0.004012813791632652,-0.22968295216560364,5576,True,None,None,Driving
1b23f611,2025-04-05 14:07:33,418a281a,Red Light Violation,Approaching red light at 16.72 km/h,16.719762947696186,0.4313803017139435,0.0,0.0,-179.6402587890625,-0.001200003429673302,-0.0001853278841882596,0.0025936507154256105,-0.31408822536468506,0.0022654279600828886,9.811646461486816,1.863593206508085e-05,-5.569962377194315e-05,-2.480522880432545e-06,5216,True,None,Red,Driving
549c3cc4,2025-04-05 14:07:34,64feea7c,Lane Violation,Crossed lane markings,18.91211723735405,0.8500000238418579,0.0,0.000890448922291398,169.17796325683594,-0.00013921417037465744,-0.00011450781858638355,-0.011265907436609268,3.9737789630889893,-0.03840970993041992,9.820581436157227,5.307243554852903e-05,-0.000699854688718915,0.011140146292746067,5600,True,None,None,Driving
0ddda161,2025-04-05 14:07:53,ee846c16,Lane Violation,Crossed lane markings,19.29234473590559,0.8500000238418579,0.0,-0.23247499763965607,-100.96906280517578,0.00019401725738532605,0.0009841055862796343,-0.004252815153449774,1.9286656379699707,-1.8669655323028564,9.813178062438965,0.015545902773737907,-0.018553821370005608,-0.44059744477272034,4944,True,None,None,Driving
f1d3b705,2025-04-05 14:07:58,ee846c16,Lane Violation,Crossed lane markings,22.64560148675735,0.0,0.699999988079071,-0.0006220098002813756,-109.85345458984375,0.0002845711896810599,0.0009525824451868933,-0.005381660535931587,-1.1882684230804443,-0.011614322662353516,9.910764694213867,0.0001507103443145752,0.01974191516637802,-0.0014056891668587923,4836,True,None,None,Driving
532d576d,2025-04-05 14:07:59,baeb7bf7,Red Light Violation,Approaching red light at 12.03 km/h,12.031792485967516,0.0,1.0,-0.010227481834590435,91.16442108154297,0.00010725996342841881,-0.0009888968707032725,-0.004392662085592747,0.08745503425598145,-0.09704923629760742,9.828953742980957,-0.00029860902577638626,0.005813583731651306,-0.006366812624037266,5664,True,vehicle.mitsubishi.fusorosa,Red,Driving
a9a09029,2025-04-05 14:08:13,226c26c2,Lane Violation,Crossed lane markings,20.055341382461034,0.5467181205749512,0.0,-0.044433336704969406,-47.964576721191406,-0.0011304212102345446,0.0008687696127298979,-0.004441184923052788,0.10073062032461166,-0.08203673362731934,9.809126853942871,0.00516775855794549,-0.00026591215282678604,-0.07632073014974594,4968,True,None,None,Driving
65a8a250,2025-04-05 14:08:30,55a2a0bc,Lane Violation,Crossed lane markings,20.293152820928412,0.26738274097442627,0.0,-0.026947181671857834,-99.59436798095703,0.00020467411115987488,-0.0003800741249266804,0.01074146293103695,-0.7276653051376343,-0.15482479333877563,9.823695182800293,0.001981212291866541,0.005516836419701576,-0.17235077917575836,5752,True,None,None,Driving
37c086d6,2025-04-05 14:08:31,226c26c2,Lane Violation,Crossed lane markings,19.954354684678645,0.5957857966423035,0.0,-0.02599477581679821,-85.55123901367188,-0.0008444707161174847,0.0009784336825715073,-0.004220733419060707,-0.022869065403938293,-0.17165061831474304,9.937488555908203,-0.019780129194259644,0.007857033982872963,-0.04080197587609291,5120,True,None,None,Driving
9ec96bdc,2025-04-05 14:08:35,55a2a0bc,Lane Violation,Crossed lane markings,17.951953869682388,0.28349095582962036,0.0,0.0014517527306452394,-100.52796173095703,0.0002889687175411382,-0.0003956028100867412,0.010892524383962154,-0.34806743264198303,-0.08060392737388611,9.785792350769043,0.00016107194824144244,0.0006384915905073285,0.012330003082752228,4888,True,None,None,Driving
02e65971,2025-04-05 14:08:39,55a2a0bc,Red Light Violation,Approaching red light at 16.02 km/h,16.024072597478405,0.3865618109703064,0.0,0.011100693605840206,-94.6217041015625,0.00034155273685598786,-0.0004020686350176497,0.011188698001205921,-0.6596478223800659,0.19135940074920654,9.994722366333008,0.021797671914100647,0.014288167469203472,0.031464751809835434,5200,True,None,Red,Driving
383e6b35,2025-04-05 14:08:43,37cd8307,Wrong Way Driving,Vehicle moving opposite to lane direction,20.73618789339029,0.38567158579826355,0.0,-0.19378525018692017,144.14817810058594,0.000552941630019177,-0.0003812492434769057,0.06736194342374802,1.465639352798462,-2.261748790740967,9.808547973632812,0.004812723957002163,-0.006176454946398735,-0.3777458071708679,5348,True,None,None,Driving
b64590be,2025-04-05 14:08:53,2c195a12,Red Light Violation,Approaching red light at 17.87 km/h,17.869214470580147,0.1477031111717224,0.0,0.002605427522212267,-89.72238159179688,-0.0004623155293046466,0.0009523529866014417,-0.00737979868426919,0.19591109454631805,-0.02592577040195465,9.839149475097656,1.9868602976202965e-06,-0.00013569652219302952,0.0030957700219005346,5220,True,None,Red,Driving
9fa896ef,2025-04-05 14:08:57,44750abd,Red Light Violation,Approaching red light at 15.51 km/h,15.509018462935524,0.0,1.0,0.0,-179.64630126953125,-0.001168527715520895,-0.00019065611403833787,-0.029502563178539276,-3.0215141773223877,0.0034999698400497437,9.837418556213379,1.6534351743757725e-05,-0.02908351831138134,-4.587349167195498e-09,5660,True,None,Red,Driving
da96b548,2025-04-05 14:09:05,ec0a0a0b,Red Light Violation,Approaching red light at 17.40 km/h,17.39657938312538,0.0,1.0,0.0008640846936032176,0.15519832074642181,-0.00025501696843832633,0.0006608491560309266,-0.0034797287080436945,-0.47593924403190613,0.028722792863845825,9.827468872070312,5.645079363603145e-05,0.0027477089315652847,0.000705515150912106,5544,True,None,Red,Driving
b0216e4f,2025-04-05 14:09:06,64feea7c,Red Light Violation,Approaching red light at 14.52 km/h,14.523651383457077,0.8500000238418579,0.0,-0.002473980188369751,-179.71446228027344,-0.00014785800996719445,-0.0007278260473365514,-0.011120528914034367,3.5338566303253174,-0.012678845785558224,9.82282829284668,5.052006599726155e-06,-0.00506992544978857,0.007788010872900486,5260,True,None,Red,Driving
2de2ca35,2025-04-05 14:09:07,5738d44d,Red Light Violation,Approaching red light at 12.69 km/h,12.692186737013058,0.0,1.0,-0.00017573311924934387,-179.34622192382812,0.0006128643489518026,-0.0002034040359721532,0.0029761504847556353,-5.553551197052002,-0.009843975305557251,9.787768363952637,-0.00016576575580984354,0.04438124597072601,0.00013138911162968725,4936,True,None,Red,Driving
671f6cef,2025-04-05 14:09:16,ee846c16,Red Light Violation,Approaching red light at 16.57 km/h,16.56822229493062,0.0,1.0,0.0,-179.40391540527344,0.0005813622484254211,-0.00019161988464564604,-0.006109046749770641,5.311159610748291,-0.0020479708909988403,9.801624298095703,1.5864032320678234e-05,-0.018220074474811554,2.8485936127253808e-05,5140,True,None,Red,Driving
5e370d71,2025-04-05 14:09:34,edecf8c7,Wrong Way Driving,Vehicle moving opposite to lane direction,19.024122510128617,0.8500000238418579,0.0,-0.07040384411811829,76.32784271240234,-0.00013379205473995626,-0.00042885562891255757,-0.031238039955496788,-2.0003480911254883,-0.9183372259140015,9.86134147644043,-0.01563958451151848,-0.0075254058465361595,-0.21825695037841797,5544,True,None,None,Driving
46939df9,2025-04-05 14:10:05,baeb7bf7,Lane Violation,Crossed lane markings,20.501444358381445,0.2942061126232147,0.0,0.0,90.68756866455078,-0.0005750513148967684,-0.0009967560328630438,-0.003465003799647093,-0.16459913551807404,0.027044132351875305,9.811375617980957,0.00014712309348396957,-0.00017953610222321004,0.0019193313783034682,5112,True,vehicle.mitsubishi.fusorosa,None,Driving
331882c8,2025-04-05 14:10:11,baeb7bf7,Lane Violation,Crossed lane markings,20.626357289872722,0.12782597541809082,0.0,-0.010429390706121922,89.97118377685547,-0.000669858489615649,-0.0009973976670556957,-0.00351543421857059,-0.01900317147374153,-0.04186040163040161,9.813260078430176,0.0018709558062255383,-0.0006277450593188405,-0.017935704439878464,5784,True,vehicle.mitsubishi.fusorosa,None,Driving
60ee4a7c,2025-04-05 14:10:23,55a2a0bc,Wrong Way Driving,Vehicle moving opposite to lane direction,19.80875611126702,0.8500000238418579,0.0,-0.14413677155971527,-139.33677673339844,0.0005495556423653625,-0.00046210508947353306,0.011200408451259136,1.8587541580200195,-2.711306571960449,9.775553703308105,-0.006995012983679771,-0.01571504771709442,-0.35959357023239136,4944,True,None,None,Driving
da2357c8,2025-04-05 14:10:26,baeb7bf7,Lane Violation,Crossed lane markings,20.493571638796695,0.28066301345825195,0.0,-0.029925117269158363,72.2956771850586,-0.0009112636567323307,-0.0009569721085499741,-0.0034160995855927467,0.24195443093776703,-0.18254372477531433,9.807012557983398,-0.0008655942510813475,-0.00027946365298703313,-0.041983380913734436,5596,True,vehicle.mitsubishi.fusorosa,None,Driving
b80b46a5,2025-04-05 14:10:29,ec0a0a0b,Lane Violation,Crossed lane markings,19.824346648594386,0.6235459446907043,0.0,0.09724225103855133,86.971923828125,-0.00037225183513101,0.000890419660798621,-0.003440589876845479,0.19791418313980103,0.7026312351226807,9.808335304260254,0.005699564702808857,-0.0005049584433436394,0.15800556540489197,5664,True,None,None,Driving
34a7889b,2025-04-05 14:10:34,226c26c2,Lane Violation,Crossed lane markings,20.493373135658597,0.40475204586982727,0.0,-0.13423588871955872,-102.53233337402344,0.00030642083176246615,0.0009731591506908738,-0.004086761269718409,1.53220534324646,-1.994046926498413,9.78813362121582,-0.008704869076609612,-0.004945054650306702,-0.16935308277606964,5036,True,None,None,Driving
ba925018,2025-04-05 14:10:39,baeb7bf7,Lane Violation,Crossed lane markings,20.75734664106941,0.14120244979858398,0.0,-0.152801975607872,49.36954116821289,-0.0011063320338706717,-0.0008415482032902214,-0.0034650801680982113,0.43895208835601807,-0.257368803024292,9.806294441223145,0.005617337301373482,-0.0007469299016520381,-0.09400184452533722,5168,True,vehicle.mitsubishi.fusorosa,None,Driving
cba2eb9e,2025-04-05 14:10:41,226c26c2,Lane Violation,Crossed lane markings,19.966252047368304,0.46478939056396484,0.0,-0.10711632668972015,-120.8420639038086,0.0004249736118282499,0.0009213718968684192,-0.004376678261905909,-1.3431260585784912,-1.7292048931121826,9.7890043258667,-0.005827427841722965,0.005208428483456373,-0.17070768773555756,5084,True,None,None,Driving
648e7ead,2025-04-05 14:10:46,ec0a0a0b,Lane Violation,Crossed lane markings,19.843293484955424,0.8201975226402283,0.0,0.09319408982992172,175.95968627929688,-0.0005962996733757109,0.0007721554173797066,-0.0034474562853574753,-0.8010972142219543,0.39916521310806274,9.81595230102539,-9.189926640829071e-05,0.0014385103713721037,0.13623176515102386,5428,True,None,None,Driving
a26036ac,2025-04-05 14:10:46,c48bce71,Lane Violation,Crossed lane markings,19.149997600997583,0.8500000238418579,0.0,-0.026741771027445793,-10.11872673034668,0.0005207238421292004,0.00011356699897782184,-0.00798465684056282,2.819044828414917,-0.15505287051200867,9.773900985717773,0.007188013289123774,-0.023598751053214073,-0.016692237928509712,5816,True,None,None,Driving
b32af95e,2025-04-05 14:10:53,c48bce71,Lane Violation,Crossed lane markings,19.9311736967218,0.05916791409254074,0.0,0.07558935880661011,-7.856971740722656,0.0005413541770735719,0.00022277776303493278,-0.006260185036808252,-4.796891689300537,1.7091370820999146,9.710809707641602,-0.0008394420729018748,0.044615600258111954,0.23401589691638947,5724,True,None,None,Driving
012ebe4c,2025-04-05 14:10:55,226c26c2,Lane Violation,Crossed lane markings,18.629740378193507,0.8500000238418579,0.0,-0.48156633973121643,-159.51255798339844,0.0005731179823840193,0.0007438647090002998,-0.0050144195556640625,-0.42063426971435547,-5.2831854820251465,9.790492057800293,-0.040627315640449524,0.002426905557513237,-0.6894217133522034,5700,True,None,None,Driving
10e16c35,2025-04-05 14:11:01,226c26c2,Lane Violation,Crossed lane markings,20.51172930457295,0.38367611169815063,0.0,-0.004586444236338139,-179.29232788085938,0.0005781057595726224,0.0006296580034053086,-0.004196357447654009,0.9813957810401917,-0.03841051459312439,9.798687934875488,-2.0311832486186177e-05,-0.004235730040818453,-0.008325797505676746,5696,True,None,None,Driving
05946827,2025-04-05 14:11:03,ee846c16,Wrong Way Driving,Vehicle moving opposite to lane direction,19.171546776087506,0.8500000238418579,0.0,-0.16339237987995148,146.18380737304688,0.0005541383031584246,-0.00037837806411002194,-0.004217491019517183,-0.5313493609428406,-0.7701164484024048,9.838311195373535,0.026911668479442596,-0.0008439365774393082,-0.3744874894618988,5268,True,None,None,Driving
bacf49ac,2025-04-05 14:11:12,55a2a0bc,Red Light Violation,Approaching red light at 12.85 km/h,12.847399207436807,0.0,1.0,-0.0010729030473157763,90.91383361816406,8.597815939026532e-05,-0.0009890961049051567,0.011559486389160156,-6.219143867492676,0.004362583160400391,9.815821647644043,0.00019252672791481018,0.022022239863872528,-0.002810991834849119,5660,True,None,Red,Driving
65d1e769,2025-04-05 14:11:12,418a281a,Wrong Way Driving,Vehicle moving opposite to lane direction,20.047905934339116,0.5357377529144287,0.0,0.006267310120165348,-54.913658142089844,-0.0001442242646021441,-0.00043851869331198854,0.0029113388154655695,0.01978197693824768,-0.6508036851882935,9.800786018371582,0.015816787257790565,0.003277853596955538,-0.23786161839962006,5484,True,None,None,Driving
09150500,2025-04-05 14:11:29,ee846c16,Red Light Violation,Approaching red light at 16.19 km/h,16.191535625656343,0.0,1.0,0.0006155604496598244,89.88008117675781,9.078644073667874e-05,-0.00043864668432403483,-0.004152946174144745,-1.1661391258239746,-0.020161032676696777,9.787135124206543,-0.00020057219080626965,0.00364450691267848,-0.0003041389863938093,5160,True,None,Red,Driving
8f15c2ac,2025-04-05 14:11:40,418a281a,Red Light Violation,Approaching red light at 15.44 km/h,15.437095224921407,0.0,1.0,0.0,-89.55194091796875,0.0003532315140546416,-0.0004057960348469133,0.0026030349545180798,-0.31162530183792114,-0.0032858848571777344,9.811245918273926,-5.4415144404629245e-05,9.955290443031117e-05,0.00015604424697812647,4964,True,None,Red,Driving
72685f69,2025-04-05 14:11:41,ec0a0a0b,Lane Violation,Crossed lane markings,17.66822184764379,0.656231164932251,0.0,0.10760195553302765,-94.6430435180664,-0.00046830232174954745,0.00039513186484482624,-0.0033464431762695312,2.7459568977355957,0.5587790012359619,9.789732933044434,0.0006693149916827679,-0.00698285736143589,0.13516323268413544,5976,True,None,None,Driving
5fcc44ea,2025-04-05 14:11:48,55a2a0bc,Wrong Way Driving,Vehicle moving opposite to lane direction,19.77043659923731,0.2843814194202423,0.0,-0.22472116351127625,51.881622314453125,-0.00020301973739833556,-0.0009593297475402779,0.01108547206968069,-2.0703773498535156,-2.637831687927246,9.776371002197266,0.0019803778268396854,0.014164802618324757,-0.44335314631462097,5352,True,None,None,Driving
d05bf3b6,2025-04-05 14:11:53,edecf8c7,Lane Violation,Crossed lane markings,22.365416179908248,0.0,0.6160370707511902,-0.002516464563086629,86.82132720947266,-0.0008510191269266443,0.0008894179383718105,-0.027762260288000107,2.053091049194336,0.05893683433532715,9.707895278930664,-0.0013638074742630124,-0.0009448893833905458,-0.013821626082062721,5268,True,None,None,Driving
44042a44,2025-04-05 14:11:56,37cd8307,Lane Violation,Crossed lane markings,19.665474996166807,0.8500000238418579,0.0,0.4168223440647125,-152.26023864746094,-0.0011714010195049696,-0.0006844301378471155,0.06804504245519638,0.7621543407440186,4.549917221069336,9.747029304504395,0.0003692589234560728,0.0064581711776554585,0.7487852573394775,4816,True,None,None,Driving
7fabb041,2025-04-05 14:11:58,baeb7bf7,Lane Violation,Crossed lane markings,20.603313243540203,0.31064775586128235,0.0,-0.11931400001049042,-10.367965698242188,-0.001225083910995295,0.0006623028049548901,-0.003443489084020257,-0.31990158557891846,-0.7590200304985046,9.810094833374023,-0.003609060775488615,8.113838703138754e-05,-0.13905110955238342,5540,True,vehicle.mitsubishi.fusorosa,None,Driving
04d7ca2b,2025-04-05 14:12:00,edecf8c7,Lane Violation,Crossed lane markings,20.96963205124977,0.08295345306396484,0.0,0.09926097840070724,105.06587219238281,-0.0009760608285489525,0.0008850833779665264,-0.02883756533265114,1.407888412475586,0.5768735408782959,9.741568565368652,0.012962504290044308,0.003702489659190178,0.23914550244808197,5104,True,None,None,Driving
bdd554ab,2025-04-05 14:12:06,ec0a0a0b,Lane Violation,Crossed lane markings,19.817564428111062,0.6037487387657166,0.0,0.09169290214776993,-3.048614740371704,-0.0002540040575098601,0.0005155870676603116,-0.00349254603497684,-0.8359741568565369,0.3434935510158539,9.819207191467285,-0.0018479354912415147,0.00023359520127996802,0.1560489535331726,5660,True,None,None,Driving
41853508,2025-04-05 14:12:16,854a717d,Lane Violation,Crossed lane markings,19.340278644901645,0.8500000238418579,0.0,-0.24546630680561066,-102.32776641845703,0.00021344778367904382,0.0009837210306873495,-0.0008618163992650807,4.346419334411621,-1.5679807662963867,9.764787673950195,0.01987314410507679,-0.003322053700685501,-0.4808156490325928,5376,True,None,None,Driving
a108ece9,2025-04-05 14:12:22,418a281a,Wrong Way Driving,Vehicle moving opposite to lane direction,19.94746840138888,0.39001357555389404,0.0,-0.017332373186945915,-142.35354614257812,0.0005489449179094663,-0.00046418971523948016,0.0029545212164521217,0.6834701299667358,-1.061081051826477,9.801956176757812,0.006283324211835861,-0.0014537996612489223,-0.31682777404785156,4864,True,None,None,Driving
8f7325b6,2025-04-05 14:12:29,baeb7bf7,Lane Violation,Crossed lane markings,20.726310644821258,0.2556590139865875,0.0,-0.008571594953536987,-89.123046875,-0.0007315655094970452,0.0009503651679597331,-0.0034803389571607113,0.14763645827770233,-0.017603889107704163,9.809688568115234,-0.00033564737532287836,0.00039364126860164106,-0.01486265566200018,5704,True,vehicle.mitsubishi.fusorosa,None,Driving
18b86fbb,2025-04-05 14:12:33,ec0a0a0b,Lane Violation,Crossed lane markings,19.55280882579766,0.7573221325874329,0.0,0.08102955669164658,87.31594848632812,-0.0003944985577817306,0.0009219237488785915,-0.0034859846346080303,-0.4627048969268799,0.1916300654411316,9.813156127929688,-0.0019981227815151215,0.0018071138765662909,0.13786862790584564,5792,True,None,None,Driving
a2ffe634,2025-04-05 14:12:42,baeb7bf7,Red Light Violation,Approaching red light at 18.21 km/h,18.21462962434332,0.0980754867196083,0.0,0.00043982735951431096,-89.62496185302734,-0.0004726587794294801,0.0009522734162855189,-0.003364143194630742,0.5993527173995972,-0.02387535572052002,9.80691909790039,-5.7213735999539495e-05,-0.0003244475519750267,-0.00017728115199133754,5968,True,vehicle.mitsubishi.fusorosa,Red,Driving
1e5c8b7b,2025-04-05 14:13:04,edecf8c7,Red Light Violation,Approaching red light at 18.28 km/h,18.277201202715183,0.0,1.0,-0.0030739745125174522,-179.51504516601562,-0.0012000792305286723,-0.00017347115321958,-0.027214355766773224,4.110668659210205,-0.007833994925022125,9.696881294250488,-0.0016937763430178165,0.01261032372713089,-0.0061002206057310104,5508,True,None,Red,Driving
5ac3aee8,2025-04-05 14:13:30,854a717d,Red Light Violation,Approaching red light at 16.42 km/h,16.420770375512724,0.3602188527584076,0.0,-0.00043982735951431096,-179.3960418701172,0.0005813312016016425,-0.00018865380002899997,-0.001213836600072682,-0.38919761776924133,-0.008509622886776924,9.810528755187988,-2.2759624698664993e-05,-0.0001815056020859629,0.0020473110489547253,5260,True,None,Red,Driving
29a085d3,2025-04-05 14:13:43,37cd8307,Red Light Violation,Approaching red light at 11.10 km/h,11.10404537432928,0.8500000238418579,0.0,-0.0006012359517626464,-89.3469467163086,-0.0004756716227234392,-0.0009327265329753847,0.06622917205095291,2.800748348236084,0.03591585159301758,9.804728507995605,-3.286356513854116e-05,8.86717316461727e-05,-0.006847018375992775,5448,True,None,Red,Driving
5c556e87,2025-04-05 14:14:03,226c26c2,Red Light Violation,Approaching red light at 13.05 km/h,13.050619780771772,0.0,1.0,-0.0035414258018136024,90.92442321777344,8.934927471671017e-05,-0.0009891473698459923,-0.0054994202218949795,-5.725705146789551,-0.023574352264404297,9.790122985839844,0.0003471309319138527,0.011733951978385448,-0.003796546021476388,5620,True,None,Red,Driving
2ef088c2,2025-04-05 14:14:09,ec0a0a0b,Red Light Violation,Approaching red light at 8.51 km/h,8.509070405443884,0.0,1.0,-0.003555967938154936,-179.4699249267578,-0.0012001396792840069,-0.00016563959394071993,-0.0018347549485042691,-11.26578140258789,0.003598421812057495,9.796886444091797,-0.0003006976330652833,0.021326007321476936,0.01629321649670601,5828,True,None,Red,Driving
9cb903a0,2025-04-05 14:14:42,edecf8c7,Red Light Violation,Approaching red light at 15.54 km/h,15.535168293324894,0.0,1.0,-0.0002485241857357323,-89.40276336669922,-0.0004725955892155298,-0.0009641365896398116,-0.030355948954820633,-2.6687371730804443,0.0028257369995117188,9.700081825256348,-0.001392376609146595,-0.013229511678218842,0.001103422837331891,4800,True,None,Red,Driving
62d9e984,2025-04-05 14:14:44,baeb7bf7,Red Light Violation,Approaching red light at 17.80 km/h,17.800197773794697,0.1227412223815918,0.0,0.0,-179.84732055664062,-0.00011795045126916648,-0.00017491882237604634,-0.00351543421857059,1.8044081926345825,-0.004947603680193424,9.797622680664062,-7.574449409730732e-05,-0.004223211668431759,-0.00017238045984413475,6096,True,vehicle.mitsubishi.fusorosa,Red,Driving
1813cc85,2025-04-05 14:14:58,854a717d,Wrong Way Driving,Vehicle moving opposite to lane direction,18.75782412057073,0.8500000238418579,0.0,-0.18801036477088928,142.44534301757812,0.0005531479234548442,-0.0003799889003893419,-0.0014776992611587048,2.8379499912261963,-3.905181407928467,9.80245590209961,-0.00734742172062397,-0.014376488514244556,-0.49335989356040955,5440,True,None,None,Driving
c8663eb3,2025-04-05 14:15:04,869bf02e,Lane Violation,Crossed lane markings,19.906989348402856,0.692216694355011,0.0,0.10537122189998627,6.223298072814941,0.0005454922447256649,9.3486742681142e-05,7.114405161701143e-05,0.37688201665878296,1.3200178146362305,9.754908561706543,-0.057940524071455,0.00846710242331028,0.3576536774635315,5060,True,None,None,Driving
3b182005,2025-04-05 14:15:10,869bf02e,Lane Violation,Crossed lane markings,20.03582474715761,0.5384886264801025,0.0,0.0,11.053847312927246,0.0005245749152180679,0.0002045205904957153,-0.0015858840197324753,0.05688316375017166,0.004591511562466621,9.810776710510254,4.106428241357207e-05,-0.0005476357764564455,0.000777769717387855,5040,True,None,None,Driving
00197227,2025-04-05 14:15:15,5738d44d,Red Light Violation,Approaching red light at 10.05 km/h,10.050413182045046,0.0,1.0,0.004034987185150385,-89.80297088623047,-0.00045774589037250735,0.0009523997281651448,0.0032673263922333717,-0.3692900240421295,-0.00613248348236084,9.732803344726562,-0.00011218339204788208,-0.07973167300224304,0.005477661732584238,5352,True,None,Red,Driving
62976992,2025-04-05 14:15:18,ee846c16,Red Light Violation,Approaching red light at 13.95 km/h,13.951185012012102,0.8500000238418579,0.0,0.013215966522693634,-5.260073661804199,0.0005501168495527509,-0.0006577623623540575,-0.003415679791942239,1.854596734046936,0.285614550113678,9.658119201660156,-0.0021047787740826607,-0.0094267213717103,0.023554101586341858,5528,True,None,Red,Driving
12e0de38,2025-04-05 14:15:22,854a717d,Red Light Violation,Approaching red light at 9.99 km/h,9.992833772207547,0.0,1.0,-0.0011279109166935086,89.90534210205078,8.575829583890027e-05,-0.00043864527933568304,-0.0008455276256427169,-27.1950626373291,0.0038356781005859375,9.641871452331543,0.0001330748200416565,0.07561357319355011,-0.0008538928814232349,5456,True,None,Red,Driving
b97d4377,2025-04-05 14:15:43,5738d44d,Wrong Way Driving,Vehicle moving opposite to lane direction,20.754502568273235,0.3582756817340851,0.0,-0.1377561390399933,-124.4368896484375,-0.00017920163809037604,0.0009244197620875414,0.0007715605897828937,1.7773834466934204,-1.522423267364502,9.773699760437012,-0.002845482202246785,0.0016646099975332618,-0.37488943338394165,5040,True,None,None,Driving
b6ecf98b,2025-04-05 14:16:26,5738d44d,Lane Violation,Crossed lane markings,20.464743800935153,0.32608354091644287,0.0,-0.0387442484498024,170.8865203857422,-0.00012314066671592627,-2.893653826135921e-05,0.0016300200950354338,-0.2569533586502075,-0.3687467575073242,9.805344581604004,0.015810253098607063,0.0033027392346411943,-0.08211472630500793,5992,True,None,None,Driving
3e2af03d,2025-04-05 14:16:30,55a2a0bc,Red Light Violation,Approaching red light at 16.17 km/h,16.1657386864411,0.0,1.0,0.0007618034142069519,0.09542373567819595,-0.00021996970534132743,-0.0006505537440691689,0.01074649766087532,-1.0856338739395142,0.01506893802434206,9.826451301574707,0.00014500778343062848,0.003030110150575638,0.0016766262706369162,5388,True,None,Red,Driving
1b49a2fb,2025-04-05 14:16:32,5738d44d,Lane Violation,Crossed lane markings,18.243444508404796,0.03852333128452301,0.0,0.03535293787717819,174.05697631835938,-0.0001448233036427382,-0.00015397402705790388,0.0015895080287009478,-0.8751087784767151,0.2130340039730072,9.838850021362305,-0.017630429938435555,0.0025526592507958412,0.09284310787916183,5748,True,None,None,Driving
5230ed5d,2025-04-05 14:16:49,5738d44d,Wrong Way Driving,Vehicle moving opposite to lane direction,16.102388633425385,0.8500000238418579,0.0,-0.1866629719734192,124.85224151611328,-0.0002162364114326465,-0.00040424078127751007,-2.4032600776990876e-05,1.9239797592163086,-0.20014309883117676,9.843683242797852,0.01878799870610237,-0.006215356290340424,-0.14848381280899048,5356,True,None,None,Driving
c56ff5af,2025-04-05 14:16:50,baeb7bf7,Lane Violation,Crossed lane markings,20.500324414771878,0.21109041571617126,0.0,0.022563386708498,-90.56932830810547,5.469942200875266e-05,-0.0003764829746995308,-0.003440055763348937,0.22786089777946472,0.04611623287200928,9.807232856750488,-0.0012297978391870856,-0.0006133877905085683,0.04237426444888115,6000,True,vehicle.mitsubishi.fusorosa,None,Driving
cb1d350f,2025-04-05 14:16:58,edecf8c7,Red Light Violation,Approaching red light at 16.01 km/h,16.00698752807125,0.0,1.0,0.03051973320543766,-5.858128070831299,0.0005501966597307728,-0.0006558249176849615,-0.030202064663171768,-0.926456093788147,0.18699851632118225,9.789416313171387,-0.002694401191547513,-0.003707494819536805,0.056667424738407135,5612,True,None,Red,Driving
03a55259,2025-04-05 14:17:05,64feea7c,Red Light Violation,Approaching red light at 9.64 km/h,9.644157444551173,0.0,0.699999988079071,0.0,-179.40594482421875,0.0006127874515584608,-0.00019007468873676105,-0.010960273444652557,-12.518649101257324,-0.000345766544342041,9.944751739501953,6.874906830489635e-07,0.02824697270989418,0.0019215799402445555,5096,True,None,Red,Driving
4b5888a9,2025-04-05 14:17:22,5738d44d,Red Light Violation,Approaching red light at 14.60 km/h,14.59640251236006,0.0,1.0,0.0,89.83879089355469,-0.0009511091263902927,-0.00043575953606515274,0.00208530412055552,-6.914876461029053,0.006773471832275391,9.918514251708984,0.00021542981266975403,0.05104256421327591,0.0002560470311436802,5052,True,None,Red,Driving
ea7f3490,2025-04-05 14:17:26,418a281a,Wrong Way Driving,Vehicle moving opposite to lane direction,20.056646138293402,0.5420593023300171,0.0,-0.031179159879684448,-122.38684844970703,-0.0002170011020439233,0.0009194086826568711,0.0028952406719326973,0.0951622724533081,-0.8135575652122498,9.802523612976074,0.0012587576638907194,0.0017175034154206514,-0.27017858624458313,5388,True,None,None,Driving
2eca9f95,2025-04-05 14:17:32,6c078bf6,Red Light Violation,Approaching red light at 12.60 km/h,12.601209759115084,0.0,1.0,0.0,-89.38665008544922,-0.0004625483461637714,-0.0009325873363245327,0.04267837479710579,-6.2891106605529785,0.012264251708984375,9.806916236877441,2.9729679226875305e-05,0.0022128031123429537,0.00011587505287025124,5448,True,None,Red,Driving
5d3b050b,2025-04-05 14:17:34,226c26c2,Wrong Way Driving,Vehicle moving opposite to lane direction,20.085378471785297,0.771713376045227,0.0,-0.1777527779340744,-117.66104125976562,-0.00022340873988468957,0.0009249890907820895,-0.004626579117029905,1.157125473022461,-1.4472769498825073,9.818891525268555,-0.0021339566446840763,-0.003421143162995577,-0.28297552466392517,5240,True,None,None,Driving
90c4f62d,2025-04-05 14:17:35,ee846c16,Lane Violation,Crossed lane markings,16.062053838536894,0.8500000238418579,0.0,0.17645004391670227,102.48019409179688,-0.0008157008724367643,0.0009148377415284022,-0.0030660629272460938,-17.05493927001953,1.2538948059082031,9.631321907043457,-0.01603337749838829,0.05509620159864426,0.3577466905117035,5308,True,None,None,Driving
77d53316,2025-04-05 14:17:40,869bf02e,Red Light Violation,Approaching red light at 12.93 km/h,12.934610734659094,0.0,1.0,-0.001185351051390171,-179.78514099121094,-0.0001493426028957856,-0.00019543033299370332,0.007515601813793182,-5.127283573150635,-0.023472554981708527,9.855109214782715,-0.00040153402369469404,0.04516549035906792,0.002159995026886463,5552,True,None,Red,Driving
d0d41bd2,2025-04-05 14:17:40,37cd8307,Lane Violation,Crossed lane markings,20.305058434194873,0.6453792452812195,0.0,0.08699235320091248,-82.30400848388672,-0.0006514635596914786,-0.000963104848437485,0.06785457581281662,0.07402187585830688,0.8163701891899109,9.816219329833984,-0.012652930803596973,0.0035231048241257668,0.30656468868255615,4944,True,None,None,Driving
d24f16eb,2025-04-05 14:17:41,13883c7d,Red Light Violation,Approaching red light at 11.07 km/h,11.06761166101253,0.0,1.0,0.0007618034142069519,90.0421371459961,9.265492104759687e-05,0.000892961524603051,-0.01746780425310135,-5.294058799743652,0.0013527870178222656,9.811928749084473,3.8625672459602356e-05,0.008299320936203003,0.0013548808638006449,5192,True,vehicle.ford.crown,Red,Driving
bfebdac8,2025-04-05 14:17:42,44750abd,Lane Violation,Crossed lane markings,20.129525623130498,0.5386303663253784,0.0,-0.014058557339012623,77.18797302246094,-0.00045934654903589944,-0.001016511882489499,-0.0294154342263937,-0.007191643118858337,-0.1695038378238678,9.809654235839844,-0.008099079132080078,0.0015711095184087753,-0.041779063642024994,5204,True,None,None,Driving
e5bc1c6e,2025-04-05 14:17:44,226c26c2,Lane Violation,Crossed lane markings,20.19376266695481,0.4856375753879547,0.0,0.15589524805545807,-173.1082305908203,-0.00014971824879239648,0.0007360970424234372,-0.004356727469712496,0.3892059624195099,0.5845170617103577,9.80141544342041,-0.004291483201086521,0.000527968630194664,0.2559240758419037,5300,True,None,None,Driving
c310443f,2025-04-05 14:17:47,37cd8307,Lane Violation,Crossed lane markings,18.423920968328517,0.35202881693840027,0.0,-0.032628804445266724,-83.95469665527344,-0.0005066146406988992,-0.0009367055285236426,0.06786906719207764,-0.26462098956108093,-0.45768171548843384,9.784804344177246,0.0014004851691424847,-0.008380241692066193,-0.07591436058282852,4752,True,None,None,Driving
54e41217,2025-04-05 14:17:50,226c26c2,Lane Violation,Crossed lane markings,19.992584566883675,0.5573152899742126,0.0,-0.041838694363832474,-175.5867919921875,-0.00012301832134653523,0.0005865045743445848,-0.004431571811437607,-0.1859913021326065,-0.05519744008779526,9.806373596191406,0.005154263693839312,0.0008357148617506027,-0.0719035416841507,5348,True,None,None,Driving
fc415593,2025-04-05 14:18:04,baeb7bf7,Lane Violation,Crossed lane markings,20.60227880075424,0.15446582436561584,0.0,0.08686404675245285,-1.815033197402954,0.0005198011760114696,-0.00021967950670919361,-0.0034287641756236553,-0.2993440628051758,0.3822648227214813,9.812793731689453,0.0020399063359946012,-0.0006799084367230535,0.11567908525466919,5736,True,vehicle.mitsubishi.fusorosa,None,Driving
4abdc58f,2025-04-05 14:18:05,ee846c16,Lane Violation,Crossed lane markings,23.08310501959454,0.0,0.41996848583221436,-0.04249127209186554,170.72952270507812,-0.0011784617370693695,0.0004385715345812189,-0.005640869028866291,2.423330068588257,-0.24024009704589844,9.93942642211914,0.011307335458695889,-0.004681986756622791,-0.10532126575708389,4632,True,None,None,Driving
f83f76a3,2025-04-05 14:18:11,ee846c16,Lane Violation,Crossed lane markings,24.064850539458373,0.0,0.699999988079071,0.03179345279932022,174.14495849609375,-0.0011994312909990867,0.0003192646527332494,-0.005786094348877668,0.2523055076599121,0.14162015914916992,9.908819198608398,-0.006551738828420639,0.017126301303505898,0.14946454763412476,4948,True,None,None,Driving
6f6a59e7,2025-04-05 14:18:19,854a717d,Lane Violation,Crossed lane markings,18.70092507420643,0.8500000238418579,0.0,0.2736392021179199,-147.12796020507812,-0.0011652854136343649,-0.0006972061424139622,-0.0014463806292042136,4.193048000335693,1.2693886756896973,9.885528564453125,-0.026314523071050644,-0.016724132001399994,0.573377788066864,4864,True,None,None,Driving
10be75cb,2025-04-05 14:18:21,2c195a12,Red Light Violation,Approaching red light at 14.53 km/h,14.526299570316555,0.0,1.0,0.00805654190480709,-90.13336181640625,-0.00045188928208972357,-0.0003747707393828226,-0.007023582234978676,-5.861115455627441,0.014906883239746094,9.8065767288208,-9.86673403531313e-05,0.002466746373102069,0.014955736696720123,5332,True,None,Red,Driving
8f195501,2025-04-05 14:18:28,55a2a0bc,Wrong Way Driving,Vehicle moving opposite to lane direction,20.86637927605539,0.03755577281117439,0.0,-0.07357387989759445,-52.8715934753418,-0.00014643499663691273,-0.0004387287562045839,0.010434379801154137,0.6118695735931396,-2.0360474586486816,9.827760696411133,-8.078751125140116e-05,-0.0008788151317276061,-0.2734670042991638,5136,True,None,None,Driving
7b55fbb4,2025-04-05 14:18:42,5738d44d,Red Light Violation,Approaching red light at 14.77 km/h,14.773814386639742,0.0,1.0,0.013583987019956112,-89.96861267089844,-0.00047297497032161573,-0.0009641537921801187,0.0026911161839962006,-1.6209579706192017,-0.07010149955749512,9.74245548248291,0.00031141797080636024,-0.007058741524815559,0.02572343870997429,5380,True,None,Red,Driving
3135fa48,2025-04-05 14:18:44,c48bce71,Wrong Way Driving,Vehicle moving opposite to lane direction,19.25752986002993,0.8500000238418579,0.0,-0.0898926854133606,-51.125389099121094,-0.0001437377616895219,-0.00043773995281700805,-0.00904773734509945,0.2529275417327881,-0.9598160982131958,9.86283016204834,0.015858180820941925,0.02009763941168785,-0.16055814921855927,5196,True,None,None,Driving
fb341a8e,2025-04-05 14:18:44,baeb7bf7,Lane Violation,Crossed lane markings,20.605952155443607,0.2501579225063324,0.0,0.11448735743761063,17.81038475036621,0.0004930262101794369,0.0006982051234000863,-0.0034568405244499445,0.9740568399429321,0.85821533203125,9.79897689819336,0.0009612484136596322,0.0005719913169741631,0.17113812267780304,5800,True,vehicle.mitsubishi.fusorosa,None,Driving
04d9e58f,2025-04-05 14:18:54,854a717d,Red Light Violation,Approaching red light at 14.46 km/h,14.464576500481865,0.0,1.0,0.0,-89.39271545410156,-0.00046770592132361344,-0.0009326460031552216,-0.0012845993041992188,-6.141328811645508,0.004939079284667969,9.794650077819824,-8.398666977882385e-06,0.013986448757350445,-0.00030798956868238747,4788,True,None,Red,Driving
3402596c,2025-04-05 14:18:55,37cd8307,Lane Violation,Crossed lane markings,18.34688929788906,0.8500000238418579,0.0,-0.09925076365470886,-8.248421669006348,-0.0002497168897548363,-0.000259555457759305,0.06750110536813736,-0.11672407388687134,-0.5493596196174622,9.811460494995117,0.011679883114993572,0.001019593677483499,-0.18346630036830902,5232,True,None,None,Driving
5d41f42c,2025-04-05 14:19:00,37cd8307,Lane Violation,Crossed lane markings,20.444050930819436,0.4941185414791107,0.0,0.020747080445289612,-5.167910575866699,-0.00022513965126336188,-0.00012441720999848972,0.06772315502166748,1.3701833486557007,0.10215188562870026,9.7804594039917,-0.0012346328003332019,-0.011125635355710983,0.09644247591495514,5692,True,None,None,Driving
703e3358,2025-04-05 14:19:02,baeb7bf7,Lane Violation,Crossed lane markings,18.338508881506574,0.2443295419216156,0.0,0.016429930925369263,89.46100616455078,0.0001483436561642293,0.0008933212701571239,-0.0034035872668027878,-0.8440930843353271,0.05165916681289673,9.811468124389648,-0.00023119361139833927,0.0022432608529925346,0.016630137339234352,5504,True,vehicle.mitsubishi.fusorosa,None,Driving
dd13802a,2025-04-05 14:19:04,baeb7bf7,Red Light Violation,Approaching red light at 17.02 km/h,17.01845769466615,0.8500000238418579,0.0,0.00463188998401165,90.12802124023438,0.00011774056827107415,0.0008933105100024297,-0.0032951736357063055,2.013093948364258,0.04626607894897461,9.79183578491211,0.00011727819219231606,-0.0043364097364246845,0.006507148966193199,5512,True,vehicle.mitsubishi.fusorosa,Red,Driving
0672734f,2025-04-05 14:19:05,869bf02e,Wrong Way Driving,Vehicle moving opposite to lane direction,20.330847838004644,0.40796351432800293,0.0,-0.10506841540336609,111.14189910888672,-0.0002554797236342665,-0.00042397274610198493,-0.0009782027918845415,0.09050661325454712,-0.8321596384048462,9.789162635803223,0.023711005225777626,0.006557989865541458,-0.29547932744026184,5252,True,None,None,Driving
69b58030,2025-04-05 14:19:14,ee846c16,Lane Violation,Crossed lane markings,20.567117421827156,0.03336811065673828,0.0,0.21995098888874054,-101.64938354492188,-0.0009128532125686206,-0.0009196742597233661,-0.004336395300924778,-2.03678560256958,2.1608269214630127,9.761446952819824,-0.035008348524570465,0.0293329618871212,0.5270107984542847,4724,True,None,None,Driving
d60908c6,2025-04-05 14:19:21,418a281a,Red Light Violation,Approaching red light at 15.12 km/h,15.123585120978865,0.0,1.0,-0.0006155604496598244,-179.84457397460938,-0.0001478148322604511,-0.0007396169151927403,0.0024087524507194757,-3.310277223587036,-0.01845330372452736,9.796768188476562,-0.00016803914331831038,0.01909266784787178,-0.0008194815600290895,5272,True,None,Red,Driving
53673a53,2025-04-05 14:19:32,a80f7fdc,Lane Violation,Crossed lane markings,18.789983513689414,0.8500000238418579,0.0,-0.3031572997570038,-106.61711120605469,0.0002535691279206276,0.0009810546369397398,-0.005338401533663273,1.3830960988998413,-2.3530123233795166,9.853885650634766,0.003905385034158826,-0.0008523352444171906,-0.568015992641449,5408,True,None,None,Driving
0620e4c1,2025-04-05 14:19:33,869bf02e,Red Light Violation,Approaching red light at 16.46 km/h,16.46065334812995,0.8500000238418579,0.0,0.0,89.83837890625,-0.0009419534683985376,-0.0004357847230514591,0.0007333755493164062,-6.497300148010254,-0.0019855499267578125,10.117575645446777,9.440630674362183e-05,0.032097332179546356,-7.233105861814693e-05,5284,True,None,Red,Driving
080c3ffb,2025-04-05 14:19:36,55a2a0bc,Wrong Way Driving,Vehicle moving opposite to lane direction,20.344767122708497,0.48030948638916016,0.0,-0.18394416570663452,-106.30057525634766,0.0005016425925248313,-0.00041528847883162446,0.010883178561925888,0.6757216453552246,-2.408818006515503,9.802355766296387,-0.014862332493066788,-0.004584014415740967,-0.24522249400615692,5012,True,None,None,Driving
39f5f090,2025-04-05 14:19:41,ec0a0a0b,Lane Violation,Crossed lane markings,19.699874273529677,0.6784836649894714,0.0,0.10451661795377731,-3.1126716136932373,0.0005508401786755712,-0.0002314653543021255,-0.003437156556174159,0.5910037755966187,0.3067428469657898,9.804821968078613,0.00026912018074654043,-0.0005710315890610218,0.13243108987808228,5676,True,None,None,Driving
cd82b4a8,2025-04-05 14:19:42,854a717d,Red Light Violation,Approaching red light at 15.04 km/h,15.041818355554721,0.0,1.0,0.0007147158030420542,0.11429838091135025,-0.0002513967075401524,-0.0006512442444420558,-0.001251487759873271,-5.032874584197998,0.0014052147744223475,9.797022819519043,-3.386474054423161e-05,0.012606875039637089,0.0009056673152372241,4892,True,None,Red,Driving
8edc896e,2025-04-05 14:19:43,6c078bf6,Wrong Way Driving,Vehicle moving opposite to lane direction,19.764388454240265,0.8500000238418579,0.0,-0.1858968734741211,45.24773406982422,-0.0005972839876449143,0.0004041972266386049,0.042808569967746735,-0.07569372653961182,-3.035712957382202,9.810373306274414,-0.0030030470807105303,0.00014571385690942407,-0.44014251232147217,6152,True,None,None,Driving
05536416,2025-04-05 14:19:43,c48bce71,Wrong Way Driving,Vehicle moving opposite to lane direction,15.199252998620432,0.8500000238418579,0.0,-0.13588178157806396,-105.74982452392578,0.0005066463043448266,-0.00041770954790580996,-0.010024833492934704,3.0623507499694824,-1.2491326332092285,9.777591705322266,-0.016312250867486,0.0008442383259534836,-0.24982091784477234,4760,True,None,None,Driving
6526f049,2025-04-05 14:19:55,c48bce71,Lane Violation,Crossed lane markings,16.04689524258366,0.8500000238418579,0.0,-0.2272757738828659,168.46287536621094,0.0006124070766446721,-0.0006279705781268124,-0.006843032781034708,2.4096298217773438,-1.3509631156921387,9.815577507019043,0.04265895485877991,-0.03316438943147659,-0.44997793436050415,5796,True,None,None,Driving
f11fbccb,2025-04-05 14:20:03,13883c7d,Red Light Violation,Approaching red light at 17.18 km/h,17.176657509439508,0.11807580292224884,0.0,-0.0006155604496598244,-179.6502685546875,-0.0011685959774041521,-0.00017978571916061638,-0.018557090312242508,-0.8099436163902283,-0.020277412608265877,9.787627220153809,-0.00013493957521859556,-0.003519876627251506,-0.0010426738299429417,5608,True,vehicle.ford.crown,Red,Driving
b26f701c,2025-04-05 14:20:05,37cd8307,Lane Violation,Crossed lane markings,19.781854884542142,0.5156927704811096,0.0,0.0,-94.75089263916016,0.00029651066076041843,0.0009488063847854461,0.06781810522079468,0.6186226606369019,0.16220980882644653,9.781652450561523,0.00011605117470026016,-0.009160802699625492,-0.04220091924071312,4928,True,None,None,Driving
49a1e031,2025-04-05 14:20:11,37cd8307,Lane Violation,Crossed lane markings,19.794068151987933,0.43726861476898193,0.0,-0.10165493190288544,-119.5494613647461,0.0004287145132622072,0.0009168848438249541,0.0679541751742363,-1.0538620948791504,-1.2452006340026855,9.824898719787598,0.004659959115087986,0.009686811827123165,-0.17159651219844818,5284,True,None,None,Driving
593b1e37,2025-04-05 14:20:11,6c078bf6,Lane Violation,Crossed lane markings,18.69936009824736,0.8500000238418579,0.0,-0.0006012359517626464,86.7919921875,-0.0008653551483348565,0.0008902846448448159,0.04286006838083267,-0.7324879765510559,0.08890324831008911,9.796721458435059,-2.4092267267405987e-05,0.0013959613861516118,-0.05570242553949356,5180,True,None,None,Driving
ce005db1,2025-04-05 14:20:15,edecf8c7,Red Light Violation,Approaching red light at 16.27 km/h,16.265240959143206,0.0,1.0,0.0002485241857357323,-179.62571716308594,-0.0012000574360655492,-0.00017638847446001675,-0.02738046646118164,-1.2649842500686646,0.011013408191502094,9.5408296585083,-0.007726268842816353,-0.034290116280317307,7.769474177621305e-05,5564,True,None,Red,Driving
f3f83456,2025-04-05 14:20:22,226c26c2,Lane Violation,Crossed lane markings,19.946385029761945,0.5062188506126404,0.0,0.12575602531433105,-80.60330963134766,8.990104106487706e-05,-0.000953975713879739,-0.0044280244037508965,-0.9893008470535278,0.9256015419960022,9.803345680236816,-0.017503151670098305,0.005334615707397461,0.19774261116981506,5644,True,None,None,Driving
0cf6421d,2025-04-05 14:20:25,baeb7bf7,Lane Violation,Crossed lane markings,20.487050233225442,0.26697224378585815,0.0,0.06872812658548355,178.03831481933594,-0.0005972512959715459,0.0007552280491814445,-0.003440437139943242,-0.5218079686164856,0.25474977493286133,9.813915252685547,-0.0010517595801502466,0.00020157606923021376,0.09669230133295059,5628,True,vehicle.mitsubishi.fusorosa,None,Driving
829858ce,2025-04-05 14:20:28,2c195a12,Red Light Violation,Approaching red light at 16.13 km/h,16.134184856776212,0.3575632572174072,0.0,0.0,-89.56661987304688,0.00033879786309398696,-0.0003744660625185378,-0.007250938098877668,-0.43662726879119873,0.01328897476196289,9.810711860656738,3.41970007866621e-08,6.264916737563908e-05,-0.0022469533141702414,5504,True,None,Red,Driving
fbc5273d,2025-04-05 14:20:28,226c26c2,Lane Violation,Crossed lane markings,20.007791959017567,0.560752809047699,0.0,0.010002264752984047,-80.58760833740234,0.0002310993376966053,-0.0009234222203577776,-0.004443779122084379,-0.0024448339827358723,0.0011872260365635157,9.80871868133545,0.0031471606343984604,-2.748263068497181e-05,0.018360907211899757,5504,True,None,None,Driving
b4e793da,2025-04-05 14:20:41,ec0a0a0b,Red Light Violation,Approaching red light at 17.95 km/h,17.95429338208023,0.10587773472070694,0.0,0.005180377513170242,90.08380126953125,0.00011665822179907082,0.0009247174825460845,-0.003579368581995368,1.2669161558151245,0.0445476770401001,9.800360679626465,0.00014100479893386364,-0.001444210996851325,0.008060191757977009,5744,True,None,Red,Driving
e9945ee6,2025-04-05 14:20:47,869bf02e,Red Light Violation,Approaching red light at 17.66 km/h,17.656584978049448,0.0,1.0,0.003964664880186319,-89.58611297607422,-0.0004794103652727699,-0.0009641823716992744,-0.0014046096475794911,-0.667926549911499,0.004976868629455566,9.852373123168945,-0.0005905120633542538,0.004995323251932859,0.012241188436746597,5344,True,None,Red,Driving
d468f5f6,2025-04-05 14:20:49,c48bce71,Wrong Way Driving,Vehicle moving opposite to lane direction,16.498867690979047,0.8500000238418579,0.0,-0.12930576503276825,56.02021026611328,-0.00016129913943530028,-0.0009579079678642938,-0.004423331934958696,-3.5799431800842285,-1.7870148420333862,9.609060287475586,0.00815491657704115,0.007780470885336399,-0.2558961510658264,5180,True,None,None,Driving
33b40b5a,2025-04-05 14:20:55,55a2a0bc,Lane Violation,Crossed lane markings,19.91568003392812,0.8329600691795349,0.0,-0.037020161747932434,79.27537536621094,-0.0004222892273872958,-0.0010228778504434053,0.011234321631491184,0.4455052316188812,-0.46181705594062805,9.776707649230957,0.02067505195736885,-0.006998982280492783,-0.1438392549753189,5196,True,None,None,Driving
6e3065f1,2025-04-05 14:21:05,6c078bf6,Red Light Violation,Approaching red light at 16.21 km/h,16.2088673132221,0.0,1.0,0.0,-179.64920043945312,-0.0012000434547161376,-0.00018056752664236478,0.04262084886431694,-0.5292245149612427,-0.0067747812718153,9.810314178466797,2.56006705967593e-06,0.0003166560782119632,-0.0024181418120861053,5496,True,None,Red,Driving
5b4006e0,2025-04-05 14:21:06,5738d44d,Lane Violation,Crossed lane markings,18.281649550977576,0.8500000238418579,0.0,-0.06475817412137985,-97.83289337158203,0.0001992034977433832,-0.0003788683707767846,0.0004942321684211493,0.2526576817035675,-0.08300372958183289,9.933028221130371,0.02852015197277069,-0.014039173722267151,-0.24722392857074738,5768,True,None,None,Driving
2899e5f3,2025-04-05 14:21:13,5738d44d,Lane Violation,Crossed lane markings,17.690898449630016,0.0,0.6406247019767761,0.0334634929895401,-95.92745971679688,0.0003278505707982049,-0.00040068009530998814,3.3950757369893836e-06,-0.9144400954246521,0.11251866817474365,9.9612398147583,-0.013197122141718864,0.016461534425616264,0.05802866443991661,4972,True,None,None,Driving
797511d8,2025-04-05 14:21:22,edecf8c7,Red Light Violation,Approaching red light at 13.93 km/h,13.934296837877032,0.0,1.0,0.000870533986017108,-89.39981079101562,-0.00046888138255951617,-0.0009640990319024079,-0.031215723603963852,-4.747920513153076,0.02268695831298828,9.733946800231934,-0.002637416124343872,-0.020973632112145424,0.0011275941506028175,5384,True,None,Red,Driving
df294175,2025-04-05 14:21:25,5738d44d,Wrong Way Driving,Vehicle moving opposite to lane direction,19.560294290522222,0.7427763342857361,0.0,-0.16659954190254211,-139.59951782226562,0.0005514081023818562,-0.0004640342070165441,0.0024204254150390625,-0.7871497273445129,-1.8300378322601318,9.738224983215332,-0.002460202667862177,0.0020180335268378258,-0.4231261610984802,5656,True,None,None,Driving
7d511ee4,2025-04-05 14:21:25,13883c7d,Red Light Violation,Approaching red light at 16.17 km/h,16.168283537820624,0.0,1.0,0.0,-89.40360260009766,-0.00046548974067661675,-0.0009326163270597914,-0.019290007650852203,-1.7964138984680176,-0.011302471160888672,9.874213218688965,1.037493348121643e-06,0.01644298993051052,0.00011663704935926944,4844,True,vehicle.ford.crown,Red,Driving
59f90265,2025-04-05 14:21:28,44750abd,Red Light Violation,Approaching red light at 15.86 km/h,15.85520360127527,0.1767037808895111,0.0,0.0,-179.84327697753906,-0.00014929611835157175,-0.0002083813785483766,-0.029520301148295403,-1.8177335262298584,-0.00011277850717306137,9.79787540435791,8.826667908579111e-06,-0.0020390134304761887,2.9329452644333287e-08,5440,True,None,Red,Driving
0a5fbd19,2025-04-05 14:21:31,ee846c16,Red Light Violation,Approaching red light at 13.02 km/h,13.017756386426086,0.0,1.0,0.0,0.16167978942394257,-0.0002550714031883672,0.0006812415681847637,-0.003439483465626836,-6.33908224105835,-0.0010086570400744677,9.782889366149902,-3.435183998590219e-06,0.02756800688803196,-3.248105713282712e-05,5724,True,None,Red,Driving
954ec674,2025-04-05 14:21:42,a80f7fdc,Wrong Way Driving,Vehicle moving opposite to lane direction,20.100888548981104,0.6363397836685181,0.0,-0.22729764878749847,142.35691833496094,0.0005527068599064933,-0.00038196842617297413,-0.0051635741256177425,0.9817390441894531,-3.078237533569336,9.803203582763672,-0.003499007085338235,-0.0008309509139508009,-0.46564894914627075,5372,True,None,None,Driving
cd68dfc4,2025-04-05 14:21:48,869bf02e,Red Light Violation,Approaching red light at 15.32 km/h,15.315093228416302,0.0,1.0,0.01613852195441723,-4.610323429107666,0.0005511545191296818,-0.0006506541493343082,-0.0026925276033580303,-2.7184736728668213,0.11888930201530457,10.059784889221191,0.001731343218125403,-0.011300798505544662,0.041155390441417694,4960,True,None,Red,Driving
b78d9cfb,2025-04-05 14:22:02,a80f7fdc,Red Light Violation,Approaching red light at 17.10 km/h,17.10201250686435,0.37341463565826416,0.0,-0.0005190677475184202,89.88871002197266,9.576584795922827e-05,-0.0004386825629290181,-0.005396537482738495,-0.4741540849208832,-0.00840488076210022,9.809675216674805,-6.229660357348621e-06,-0.00011830261064460501,-0.001607459387741983,5544,True,None,Red,Driving
01d36423,2025-04-05 14:22:32,418a281a,Red Light Violation,Approaching red light at 16.48 km/h,16.482805854357164,0.0,1.0,-0.0006155604496598244,-89.59502410888672,-0.00044705464864591704,0.0009838859968806536,0.002589263953268528,-0.2943788170814514,0.002470165491104126,9.811544418334961,-2.4016801035031676e-05,-0.0001167039736174047,4.191309471934801e-06,5296,True,None,Red,Driving
3a45d1f9,2025-04-05 14:22:47,c48bce71,Wrong Way Driving,Vehicle moving opposite to lane direction,19.591071314606275,0.2798435688018799,0.0,-0.11411254853010178,-51.83456039428711,-0.00014630748536603733,-0.0004388987255271407,-0.0053247069008648396,-3.157447338104248,-1.0702674388885498,9.638705253601074,0.023525314405560493,0.02314607985317707,-0.3497709333896637,5464,True,None,None,Driving
8c44e965,2025-04-05 14:23:03,ec0a0a0b,Red Light Violation,Approaching red light at 18.12 km/h,18.117566336284863,0.4884255826473236,0.0,-0.0012592850252985954,-179.58082580566406,-0.0012001766887408394,-0.00015741594010768752,-0.0035238265991210938,1.449203372001648,0.06949550658464432,9.798296928405762,3.326044316054322e-05,-2.458257949911058e-05,0.0030099584255367517,5892,True,None,Red,Driving
e227aac3,2025-04-05 14:23:09,55a2a0bc,Red Light Violation,Approaching red light at 15.60 km/h,15.601033569357208,0.0,1.0,-0.008627401664853096,-89.30699920654297,-0.0004533607161221198,0.000952395958684201,0.011163977906107903,2.663252115249634,0.3577260971069336,9.665084838867188,0.0003915056586265564,0.017629263922572136,-0.008743523620069027,5572,True,None,Red,Driving
73610aef,2025-04-05 14:23:11,c48bce71,Red Light Violation,Approaching red light at 15.57 km/h,15.566175088017738,0.0,1.0,-0.0026116021908819675,-89.58562469482422,0.00034750618652878984,-0.0004058377047453466,-0.007869224064052105,0.5360619425773621,-0.06964254379272461,9.888777732849121,-0.0016016053268685937,-0.001446250593289733,-0.0038534319028258324,5284,True,None,Red,Driving
48233c8b,2025-04-05 14:23:30,6c078bf6,Red Light Violation,Approaching red light at 15.93 km/h,15.929706939131634,0.8500000238418579,0.0,0.016733834519982338,-5.835910797119141,0.0005500869335719472,-0.0006523611073776951,0.042633056640625,-1.0578103065490723,0.05374237895011902,9.806468963623047,4.757756869366858e-06,-0.00015448257909156382,0.03500011935830116,4928,True,None,Red,Driving
41706670,2025-04-05 14:23:50,44750abd,Red Light Violation,Approaching red light at 10.18 km/h,10.184459531272728,0.0,1.0,0.0006155604496598244,89.84058380126953,-0.0009653891538476955,-0.00043571947676312274,-0.0290888212621212,-15.385505676269531,0.008291244506835938,9.927091598510742,-0.00025591999292373657,-0.0673358216881752,0.0006485322373919189,5244,True,None,Red,Driving
d38e011c,2025-04-05 14:23:51,55a2a0bc,Wrong Way Driving,Vehicle moving opposite to lane direction,19.600891127211234,0.8429411053657532,0.0,-0.10807743668556213,-119.21234130859375,-0.00022658744035197742,0.0009262903841399064,0.011180038563907146,-1.0546529293060303,-1.9893041849136353,9.786456108093262,-0.008014912717044353,0.005894480273127556,-0.28083235025405884,5292,True,None,None,Driving
7751570c,2025-04-05 14:23:54,a80f7fdc,Wrong Way Driving,Vehicle moving opposite to lane direction,19.889806542648895,0.4767563045024872,0.0,-0.13716809451580048,59.401824951171875,-0.0001837734359355636,-0.00040830202004636006,-0.005152549594640732,-1.2877000570297241,-1.424924612045288,9.807718276977539,0.0011008076835423708,0.0006725915591232479,-0.2711870074272156,5288,True,None,None,Driving
7604cf27,2025-04-05 14:24:10,ee846c16,Red Light Violation,Approaching red light at 11.17 km/h,11.166165109564465,0.0,1.0,0.0,-179.647216796875,-0.0012000153549536208,-0.0001839432167655676,-0.0029715346172451973,-5.87371826171875,0.0057564228773117065,9.743406295776367,-4.381407052278519e-05,0.017563072964549065,-0.00012695373152382672,5472,True,None,Red,Driving
714fe5a0,2025-04-05 14:24:14,869bf02e,Lane Violation,Crossed lane markings,2.5800808776400235,0.8500000238418579,0.0,0.347692608833313,96.55681610107422,-0.0008265807595506658,0.000916377608761953,-0.0100181195884943,2.753782272338867,0.6298649311065674,9.742347717285156,0.02276185341179371,0.01791759394109249,0.0863499864935875,5272,True,None,None,Driving
09fa153c,2025-04-05 14:24:18,baeb7bf7,Lane Violation,Crossed lane markings,16.913923033627107,0.0,0.2406695932149887,0.036510150879621506,-90.62765502929688,-0.00042409905798024283,-0.00037519610817332615,-0.004090309143066406,0.37925881147384644,0.14817674458026886,9.819558143615723,-4.166970029473305e-05,0.002609173534438014,0.04547213390469551,6104,True,vehicle.mitsubishi.fusorosa,Green,Driving
23699d49,2025-04-05 14:24:20,869bf02e,Lane Violation,Crossed lane markings,20.309267482697773,0.5213395953178406,0.0,-0.0009463519672863185,112.9758529663086,-0.0008963317146708505,0.0008891318005001675,-0.0028329086489975452,0.9544855356216431,0.11607873439788818,9.818486213684082,-0.0008853171020746231,-0.020189786329865456,0.0023267962969839573,5164,True,None,None,Driving
3e67e82c,2025-04-05 14:24:24,c48bce71,Wrong Way Driving,Vehicle moving opposite to lane direction,16.361157596687868,0.8500000238418579,0.0,-0.18218745291233063,-106.03783416748047,0.0005061419477812024,-0.00041685384146355884,-0.005665092263370752,0.588137149810791,-3.27636981010437,9.724079132080078,-0.04394088685512543,-0.030600763857364655,-0.3285093605518341,5340,True,None,None,Driving
bc06ca0f,2025-04-05 14:24:34,869bf02e,Lane Violation,Crossed lane markings,20.176724718848213,0.4810832738876343,0.0,0.002271513221785426,149.8897705078125,-0.0011520389093107042,0.0006917741833019122,-0.0010175704956054688,0.6019728183746338,-0.04043769836425781,9.7645263671875,0.00023729032545816153,-0.0001650306221563369,0.004309797193855047,4464,True,None,None,Driving
918f4dd2,2025-04-05 14:24:40,869bf02e,Lane Violation,Crossed lane markings,20.117306735819756,0.4305039346218109,0.0,0.02877039648592472,177.068359375,-0.001203151288947879,0.000553238082583345,-0.0015830611810088158,-0.25038936734199524,0.41083627939224243,9.838452339172363,-0.02375217340886593,0.0017111129127442837,0.08280924707651138,5588,True,None,None,Driving
174ab318,2025-04-05 14:24:44,5738d44d,Red Light Violation,Approaching red light at 12.83 km/h,12.833029578515257,0.0,1.0,0.018643693998456,-91.0589599609375,-0.0004499513234037522,-0.00037406053490500213,0.0037374875973910093,-5.991293430328369,0.0842442512512207,9.767909049987793,-0.004148710519075394,0.04832583665847778,0.03771844506263733,5432,True,None,Red,Driving
f5d49e90,2025-04-05 14:24:45,a80f7fdc,Red Light Violation,Approaching red light at 16.86 km/h,16.861474901421882,0.0,1.0,-0.000870533986017108,0.15826621651649475,-0.00025507237981514663,0.000677738555275682,-0.005346641410142183,-0.07038632035255432,0.00019542808877304196,9.808364868164062,5.82879124522151e-07,-0.00023638751008547843,-2.0533916540443897e-05,4828,True,None,Red,Driving
6a77ed69,2025-04-05 14:24:45,55a2a0bc,Red Light Violation,Approaching red light at 10.52 km/h,10.51607950465529,0.0,1.0,0.0,-179.84994506835938,-0.00014931059656930756,-0.00020527030598742853,0.01201583817601204,-6.022089958190918,-0.037319913506507874,9.768649101257324,-0.00044817427988164127,0.019466333091259003,0.01984521560370922,5588,True,None,Red,Driving
d6b56b71,2025-04-05 14:24:53,baeb7bf7,Red Light Violation,Approaching red light at 15.05 km/h,15.047978138464538,0.0,1.0,-0.0002485241857357323,-89.58538055419922,0.00033574643400413606,-0.0003744912152368356,-0.003270454239100218,-2.379685640335083,0.013352632522583008,9.814597129821777,7.918756455183029e-05,0.002554921433329582,0.0005815888871438801,5760,True,vehicle.mitsubishi.fusorosa,Red,Driving
b67a983e,2025-04-05 14:25:08,c48bce71,Red Light Violation,Approaching red light at 17.27 km/h,17.26814234242427,0.5625571012496948,0.0,-0.0023717894218862057,91.02538299560547,9.431548876648321e-05,-0.0010203426346326399,-0.007133979815989733,0.2869111895561218,-0.016543328762054443,9.757033348083496,0.0009924997575581074,-0.006971725262701511,-0.006446699611842632,4960,True,None,Red,Driving
6d78a4c4,2025-04-05 14:25:15,418a281a,Red Light Violation,Approaching red light at 6.26 km/h,6.261182819477937,0.0,1.0,0.0,-179.3997802734375,0.0006131358201315606,-0.00022392685503264158,0.0013097763294354081,-3.1403613090515137,8.574128150939941e-05,9.810734748840332,-4.182304837740958e-05,-0.008775020018219948,-3.777163328777533e-06,5376,True,None,Red,Driving
721819dc,2025-04-05 14:25:16,edecf8c7,Lane Violation,Crossed lane markings,18.820502259433624,0.8500000238418579,0.0,-0.05853285640478134,-98.34625244140625,0.000196285217000991,-0.0003786418592400708,-0.029991663992404938,0.035437196493148804,-0.34597542881965637,9.537118911743164,0.00013795681297779083,0.012237576767802238,-0.11797121912240982,5100,True,None,None,Driving
018d4a73,2025-04-05 14:25:17,226c26c2,Lane Violation,Crossed lane markings,20.384648458782674,0.15040366351604462,0.0,0.12912239134311676,-95.23526763916016,-0.0010450796819441166,-0.00037246049304838486,-0.00459224684163928,-0.021362364292144775,0.5080005526542664,9.807869911193848,-0.008665506727993488,0.0010656649246811867,0.21657155454158783,5480,True,None,None,Driving
fdd05e9e,2025-04-05 14:25:22,edecf8c7,Lane Violation,Crossed lane markings,16.267501874538453,0.8500000238418579,0.0,0.029719777405261993,-95.32398223876953,0.0003359717461535183,-0.00040161722254062536,-0.030836181715130806,0.036591991782188416,0.021146781742572784,9.92308521270752,0.001344997901469469,0.007195495069026947,0.04736952483654022,5952,True,None,Red,Driving
7502ae40,2025-04-05 14:25:22,edecf8c7,Red Light Violation,Approaching red light at 16.27 km/h,16.267501874538453,0.8500000238418579,0.0,0.029719777405261993,-95.32398223876953,0.00033796539037211915,-0.00040177502672013624,-0.030447062104940414,0.036591991782188416,0.021146781742572784,9.92308521270752,0.001344997901469469,0.007195495069026947,0.04736952483654022,5952,True,None,Red,Driving
9456acf6,2025-04-05 14:25:40,6c078bf6,Lane Violation,Crossed lane markings,18.995380426402928,0.8500000238418579,0.0,0.08730453252792358,101.12831115722656,-0.0007741579027111811,0.000914397740298235,0.04279975965619087,-1.99122953414917,0.22080278396606445,9.81263542175293,-0.0016479614423587918,-0.0002230643294751644,0.1430729776620865,5424,True,None,None,Driving
d8f7b93c,2025-04-05 14:25:59,55a2a0bc,Red Light Violation,Approaching red light at 17.05 km/h,17.054414994560602,0.0,1.0,0.0,89.83718872070312,-0.0009513592143122196,-0.0004357621747018134,0.010762748308479786,0.06476800888776779,-0.011014603078365326,9.80391788482666,-0.00012912158854305744,-0.003312787739560008,-3.967511293012649e-05,5356,True,None,Red,Driving
92c86eee,2025-04-05 14:26:01,baeb7bf7,Collision,Collision with vehicle.carlamotors.firetruck,4.033194243960748,0.0,1.0,0.3699039816856384,-17.64103126525879,0.0005487099421799257,-0.0002717765604632157,-0.0005182265886105597,-8.835140228271484,-1.7983145713806152,9.725193977355957,-0.026232890784740448,0.003011575900018215,0.09850529581308365,5448,True,vehicle.carlamotors.firetruck,None,Driving
e3957609,2025-04-05 14:26:06,baeb7bf7,Collision,Collision with vehicle.carlamotors.firetruck,0.0004021052355621355,0.0,1.0,0.3662196695804596,-17.63203239440918,0.0005487006898192703,-0.00027174100740431396,-0.0034539413172751665,-0.0028370916843414307,0.0016482697101309896,9.809511184692383,3.334048597025685e-05,-1.823963611968793e-05,-1.1323447324684821e-05,5632,True,vehicle.carlamotors.firetruck,None,Driving
8993a4bd,2025-04-05 14:26:11,baeb7bf7,Collision,Collision with vehicle.carlamotors.firetruck,0.00036840244043855134,0.0,1.0,0.36622363328933716,-17.632061004638672,0.0005487008611737565,-0.00027174111020833967,-0.003452033968642354,-0.0060450294986367226,0.0030019227415323257,9.809998512268066,4.926453584630508e-06,-2.4367782316403463e-05,-8.749593689572066e-06,5720,True,vehicle.carlamotors.firetruck,None,Driving
18d74f6e,2025-04-05 14:26:16,baeb7bf7,Collision,Collision with vehicle.carlamotors.firetruck,0.0,0.0,1.0,0.36622491478919983,-17.63212013244629,0.0005487008611737565,-0.0002717410930743354,-0.0034528730902820826,-0.004086045548319817,0.0009875479154288769,9.809999465942383,0.0,0.0,0.0,5764,True,vehicle.carlamotors.firetruck,None,Driving
06bb81aa,2025-04-05 14:26:17,44750abd,Red Light Violation,Approaching red light at 16.61 km/h,16.61268181232082,0.19499702751636505,0.0,-0.002159787341952324,0.011679530143737793,-0.00021992860087038935,-0.000642448400535759,-0.029554519802331924,-1.224179744720459,-0.014680719934403896,9.807217597961426,-0.0005299081094563007,-0.003511230694130063,-0.005754557903856039,5180,True,None,Red,Driving
d83cc1d8,2025-04-05 14:26:21,baeb7bf7,Collision,Collision with vehicle.carlamotors.firetruck,0.00339906730478972,0.0,1.0,0.366103857755661,-17.64139747619629,0.0005486832131396113,-0.00027177205422008744,-0.0019826125353574753,-0.03350817412137985,0.0025383266620337963,9.807387351989746,-0.0005860074306838214,-0.0007549127331003547,-0.0001211922281072475,5468,True,vehicle.carlamotors.firetruck,None,Driving
9cbe4031,2025-04-05 14:26:25,854a717d,Lane Violation,Crossed lane markings,19.158824953593612,0.8500000238418579,0.0,0.0072839995846152306,82.58531951904297,-0.0007932184544330312,0.0008917093030335207,-0.0007757186540402472,2.8924694061279297,0.0606076717376709,9.715840339660645,0.001391467871144414,0.00035854277666658163,0.020392512902617455,5552,True,None,None,Driving
bfb808fe,2025-04-05 14:26:26,baeb7bf7,Collision,Collision with vehicle.carlamotors.firetruck,0.0033112443001541633,0.0,1.0,0.36624130606651306,-17.659894943237305,0.000548668991925183,-0.00027179194679906814,-0.001937065040692687,-0.050585318356752396,-0.0009638415649533272,9.81427001953125,-0.0013034110888838768,0.0005704076611436903,-0.00011304441432002932,5392,True,vehicle.carlamotors.firetruck,None,Driving
737f58ca,2025-04-05 14:26:31,baeb7bf7,Collision,Collision with vehicle.carlamotors.firetruck,0.0041443846001983295,0.0,1.0,0.3663884103298187,-17.678050994873047,0.0005486544280017824,-0.00027181115401787723,-0.0019102096557617188,-0.0448964424431324,0.010040766559541225,9.808122634887695,-0.0002336054458282888,-0.0015437661204487085,-0.00012197451724205166,5456,True,vehicle.carlamotors.firetruck,None,Driving
073fda7e,2025-04-05 14:26:36,edecf8c7,Red Light Violation,Approaching red light at 14.47 km/h,14.471319480744846,0.0,1.0,-0.002766871824860573,91.07241821289062,9.24792203989e-05,-0.0010203379741834729,-0.031363602727651596,-6.0752339363098145,0.006256580352783203,9.781021118164062,-0.002854464575648308,-0.02403125911951065,-0.00447419798001647,5624,True,None,Red,Driving
3e81a6a6,2025-04-05 14:26:36,baeb7bf7,Collision,Collision with vehicle.carlamotors.firetruck,0.0029024427531795676,0.0,1.0,0.36647260189056396,-17.69501495361328,0.0005486389388806856,-0.00027183044690670774,-0.0017895125783979893,-0.04213416203856468,0.006602608598768711,9.808691024780273,2.9480002922355197e-05,0.00026757223531603813,-0.00016756712284404784,5332,True,vehicle.carlamotors.firetruck,None,Driving
6e161c2e,2025-04-05 14:26:38,ec0a0a0b,Red Light Violation,Approaching red light at 15.47 km/h,15.465446772557708,0.0,1.0,0.08179187774658203,-7.146064758300781,0.000550501268051562,-0.0006646898458965557,-0.0033871077466756105,-2.5948243141174316,0.10389691591262817,9.819531440734863,-0.008841466158628464,0.0032583328429609537,0.1103726252913475,6020,True,None,Red,Driving
196344c7,2025-04-05 14:26:39,226c26c2,Red Light Violation,Approaching red light at 17.90 km/h,17.903446285411782,0.0,1.0,-0.0008006644784472883,0.26577338576316833,-0.00025496606330932536,0.0006701052192924528,-0.003814430208876729,2.393195152282715,-0.003933934960514307,9.797809600830078,9.129436512012035e-05,0.0021533106919378042,-0.0014530253829434514,5700,True,None,Red,Driving
a6aa3bb8,2025-04-05 14:26:42,baeb7bf7,Collision,Collision with vehicle.carlamotors.firetruck,0.0029620503449866377,0.0,1.0,0.3666066527366638,-17.71048927307129,0.0005486276646848864,-0.0002718467927468004,-0.001879463205114007,-0.04584824666380882,0.018222950398921967,9.81100845336914,-0.00047924232785589993,-0.0008116275421343744,-0.00010741617006715387,5476,True,vehicle.carlamotors.firetruck,None,Driving
b953a5aa,2025-04-05 14:26:47,baeb7bf7,Collision,Collision with vehicle.carlamotors.firetruck,0.005134186176436925,0.0,1.0,0.36665600538253784,-17.724557876586914,0.0005486127923717277,-0.00027186248749473007,-0.001807746826671064,-0.03960590809583664,0.005801388993859291,9.808093070983887,-0.000581472588237375,0.000296842772513628,-0.00010250027116853744,5416,True,vehicle.carlamotors.firetruck,None,Driving
55954ed6,2025-04-05 14:26:49,ec0a0a0b,Lane Violation,Crossed lane markings,14.068116385501192,0.8500000238418579,0.0,0.04704482853412628,-3.008423089981079,0.0005525801710746236,-0.0006267334344810572,-0.006014518439769745,4.372934341430664,0.17312416434288025,9.81188678741455,-0.0008795002941042185,0.004090167116373777,0.04772435501217842,5276,True,None,Green,Driving
6c84bb42,2025-04-05 14:26:52,baeb7bf7,Collision,Collision with vehicle.carlamotors.firetruck,0.0030892726105663615,0.0,1.0,0.366733580827713,-17.739482879638672,0.000548599119440496,-0.000271879912777093,-0.001733970595523715,-0.04343770816922188,0.02252698317170143,9.80814266204834,-0.000248066324274987,-0.00037754024378955364,-9.614812734071165e-05,5664,True,vehicle.carlamotors.firetruck,None,Driving
58292864,2025-04-05 14:26:53,5738d44d,Red Light Violation,Approaching red light at 15.07 km/h,15.070027925769763,0.0,1.0,0.0797705203294754,-89.47606658935547,0.00034433392842458943,-0.0003744452275693212,0.0018115233397111297,1.0698484182357788,0.010121703147888184,9.765408515930176,-0.00016333721578121185,-0.022703735157847404,0.0025953121948987246,4972,True,None,Red,Driving
d6d56173,2025-04-05 14:26:56,13883c7d,Red Light Violation,Approaching red light at 6.16 km/h,6.1553562119596315,0.0,1.0,0.0,-89.40093231201172,-0.0004687431796810415,-0.0009326504579963371,-0.019145164638757706,-3.9287002086639404,-0.006499052047729492,9.849435806274414,1.8186867237091064e-05,0.020701823756098747,0.00014001628733240068,5592,True,vehicle.ford.crown,Red,Driving
dd044311,2025-04-05 14:26:57,baeb7bf7,Collision,Collision with vehicle.carlamotors.firetruck,0.0033849818961312534,0.0,1.0,0.3667846620082855,-17.75272560119629,0.0005485858577429781,-0.0002718942882066923,-0.0017102431738749146,-0.04320801421999931,0.01291818916797638,9.806632041931152,-0.00033665759838186204,-0.0001337164139840752,-0.00011010411981260404,5696,True,vehicle.carlamotors.firetruck,None,Driving
16769f40,2025-04-05 14:27:02,baeb7bf7,Collision,Collision with vehicle.carlamotors.firetruck,0.0036918278192275135,0.0,1.0,0.3667982518672943,-17.764596939086914,0.0005485730072223305,-0.0002719065561537639,-0.0017384719103574753,-0.04830573499202728,0.02709798328578472,9.812750816345215,-0.0009443818125873804,-0.0003842880832962692,-9.733232582220808e-05,5436,True,vehicle.carlamotors.firetruck,None,Driving
bfd177e2,2025-04-05 14:27:07,baeb7bf7,Collision,Collision with vehicle.carlamotors.firetruck,0.0032056844430485387,0.0,1.0,0.36675792932510376,-17.77552032470703,0.0005485574495480705,-0.0002719190811108999,-0.0016115187900140882,-0.05137249082326889,0.014150146394968033,9.813705444335938,0.0006299483356997371,0.0009033247479237616,-0.0001296465052291751,5844,True,vehicle.carlamotors.firetruck,None,Driving
8b3a13a6,2025-04-05 14:27:10,2c195a12,Wrong Way Driving,Vehicle moving opposite to lane direction,19.362508879046278,0.8426797389984131,0.0,-0.1458217203617096,-52.76566696166992,-0.00014643288913873675,-0.00043697707841000013,-0.0070113372057676315,-1.3549349308013916,-1.5985182523727417,9.801772117614746,0.0015426829922944307,0.0007660866831429303,-0.3445124924182892,5484,True,None,None,Driving
c6251798,2025-04-05 14:27:12,baeb7bf7,Collision,Collision with vehicle.carlamotors.firetruck,0.0030266603119158985,0.0,1.0,0.3667427599430084,-17.785625457763672,0.0005485445990416338,-0.00027193002973964123,-0.0016044235089793801,-0.03829849883913994,0.018816359341144562,9.80563735961914,-9.973083069780841e-05,0.0005865314742550254,-8.439013618044555e-05,5540,True,vehicle.carlamotors.firetruck,None,Driving
ebbb2f2f,2025-04-05 14:27:18,baeb7bf7,Collision,Collision with vehicle.carlamotors.firetruck,0.004011246195061371,0.0,1.0,0.3670752942562103,-17.80231285095215,0.0005485419946751335,-0.00027195053914277635,-0.0016825484344735742,-0.03741363063454628,0.004811866674572229,9.809042930603027,0.00020024720288347453,0.00024369997845496982,-0.0001357018918497488,5888,True,vehicle.carlamotors.firetruck,None,Driving
ec39cda4,2025-04-05 14:27:19,854a717d,Red Light Violation,Approaching red light at 13.96 km/h,13.956804165278475,0.0,1.0,-0.0006155604496598244,-179.6381378173828,-0.0012000453737215366,-0.00017909802876443296,-0.0013845062348991632,-4.107604026794434,-0.014205478131771088,9.809173583984375,-0.00010800395102705806,0.007481056731194258,-0.0010229472536593676,5424,True,None,Red,Driving
32f475f2,2025-04-05 14:27:23,baeb7bf7,Collision,Collision with vehicle.carlamotors.firetruck,0.0027717238780622902,0.0,1.0,0.3672277629375458,-17.81998634338379,0.0005485290070907922,-0.00027197166537006593,-0.0016812514513731003,-0.040067464113235474,0.009127633646130562,9.810831069946289,-7.2289367381017655e-06,7.707685290370136e-05,-0.0001436077436665073,5632,True,vehicle.carlamotors.firetruck,None,Driving
1e3af934,2025-04-05 14:27:24,37cd8307,Lane Violation,Crossed lane markings,20.423349906987937,0.6580255031585693,0.0,-0.3281400501728058,-105.7515640258789,0.0002622992800809243,0.000980605794563359,0.06786014139652252,1.585505485534668,-2.9483730792999268,9.744112968444824,0.019925741478800774,-0.003777153789997101,-0.7279301881790161,4844,True,None,None,Driving
1a279bc7,2025-04-05 14:27:28,baeb7bf7,Collision,Collision with vehicle.carlamotors.firetruck,0.0040389811806580255,0.0,1.0,0.3673724830150604,-17.836956024169922,0.0005485160880738249,-0.00027199234611324395,-0.0016739272978156805,-0.044412173330783844,0.010348527692258358,9.81289005279541,0.0002560946741141379,0.0002866245631594211,-0.0001386156363878399,5868,True,vehicle.carlamotors.firetruck,None,Driving
0b4e30bd,2025-04-05 14:27:32,ee846c16,Wrong Way Driving,Vehicle moving opposite to lane direction,12.054985091670453,0.8500000238418579,0.0,-0.11242054402828217,-111.1037826538086,0.0004940739545560291,-0.0004209947190843487,-0.004303093068301678,0.17725476622581482,-0.25698748230934143,9.770596504211426,0.006565222050994635,-0.0028741289861500263,-0.14387056231498718,5696,True,None,None,Driving
689c8a18,2025-04-05 14:27:33,baeb7bf7,Collision,Collision with vehicle.carlamotors.firetruck,0.002953166822717113,0.0,1.0,0.3675159215927124,-17.853952407836914,0.0005485035459713572,-0.0002720127869803619,-0.0016655349172651768,-0.03857486695051193,0.004418542142957449,9.809770584106445,0.0001095921325031668,0.00015974791313055903,-0.00014066633593756706,5584,True,vehicle.carlamotors.firetruck,None,Driving
e6db3f34,2025-04-05 14:27:33,226c26c2,Lane Violation,Crossed lane markings,16.821067927630228,0.8386440873146057,0.0,0.12969043850898743,-96.08103942871094,-0.00048026655147737074,0.0003958529322813666,-0.005122794769704342,-1.380050539970398,0.5057879686355591,9.831331253051758,-0.007664522156119347,0.0031394073739647865,0.1781664490699768,5652,True,None,None,Driving
4c7f6bb2,2025-04-05 14:27:38,baeb7bf7,Collision,Collision with vehicle.carlamotors.firetruck,0.003052375903620021,0.0,1.0,0.3676573932170868,-17.870615005493164,0.0005484907640038728,-0.00027203326211548847,-0.001676597516052425,-0.03846770152449608,0.004256553947925568,9.810473442077637,1.2539791896415409e-05,7.43604323361069e-05,-0.0001404140639351681,5892,True,vehicle.carlamotors.firetruck,None,Driving
c5beafd8,2025-04-05 14:27:43,baeb7bf7,Collision,Collision with vehicle.carlamotors.firetruck,0.004162861750381685,0.0,1.0,0.3677981495857239,-17.88697052001953,0.0005484787016740711,-0.00027205236653027185,-0.0016688918694853783,-0.0371924489736557,0.004545838572084904,9.809959411621094,9.440086614631582e-07,7.163771806517616e-05,-0.00013927424151916057,5660,True,vehicle.carlamotors.firetruck,None,Driving
7efa40fc,2025-04-05 14:27:44,6c078bf6,Red Light Violation,Approaching red light at 16.84 km/h,16.842645495525588,0.0,1.0,0.0006155604496598244,-89.41741943359375,-0.0004709685784263229,-0.0009326588193904306,0.04260612279176712,-0.6466798782348633,-0.015957236289978027,9.809968948364258,-2.5131332222372293e-05,0.00028645803104154766,-0.00017507397569715977,4828,True,None,Red,Driving
782a51af,2025-04-05 14:27:45,869bf02e,Lane Violation,Crossed lane markings,19.768669119006457,0.8088078498840332,0.0,0.20514734089374542,-83.62715911865234,2.57211859917561e-05,-0.0009570781337685206,-4.1694747778819874e-05,0.030536413192749023,1.6249550580978394,9.774118423461914,-0.06723673641681671,0.013498503714799881,0.43005597591400146,5012,True,None,None,Driving
faac99e5,2025-04-05 14:27:48,baeb7bf7,Collision,Collision with vehicle.carlamotors.firetruck,0.0028975857536816018,0.0,1.0,0.3679392635822296,-17.90332794189453,0.0005484667421313816,-0.0002720718992951624,-0.001664390554651618,-0.03640953078866005,0.0021618246100842953,9.81029987335205,4.126134081161581e-05,0.00011291370174149051,-0.00013898604083806276,5664,True,vehicle.carlamotors.firetruck,None,Driving
02ced71a,2025-04-05 14:27:50,55a2a0bc,Red Light Violation,Approaching red light at 16.78 km/h,16.77700071560255,0.2712734639644623,0.0,-0.003166076261550188,0.02544114552438259,-0.00021994301054917287,-0.0006513952292878593,0.01075488980859518,-0.9334092140197754,-0.1223979964852333,9.818093299865723,-0.001276094000786543,0.0026390061248093843,-0.012152964249253273,5316,True,None,Red,Driving
34a3be1d,2025-04-05 14:27:51,418a281a,Lane Violation,Crossed lane markings,19.802445545521266,0.6373265385627747,0.0,-0.06652866303920746,44.620365142822266,-0.001022510565874768,-0.0009356756377937793,0.002774467458948493,2.274188280105591,-2.093245029449463,9.782634735107422,-0.019761834293603897,-0.005169637501239777,-0.9310715198516846,5128,True,None,None,Driving
28ff89d9,2025-04-05 14:27:51,869bf02e,Lane Violation,Crossed lane markings,20.409117375711375,0.21522416174411774,0.0,-0.007675542961806059,-84.78474426269531,0.00018881134720061254,-0.0009266544474630603,-0.001959953224286437,-0.3464522361755371,-0.11678294837474823,9.842366218566895,0.0009429934434592724,0.0026259617879986763,-0.009831534698605537,5488,True,None,None,Driving
920fbc33,2025-04-05 14:27:54,baeb7bf7,Collision,Collision with vehicle.carlamotors.firetruck,0.0,0.0,1.0,0.3680904507637024,-17.91968536376953,0.0005484538231002034,-0.00027209237443028895,-0.0016624832060188055,-0.01733345165848732,0.00025401217862963676,9.811257362365723,0.0,0.0,0.0,5784,True,vehicle.carlamotors.firetruck,None,Driving
b03d7493,2025-04-05 14:27:55,c48bce71,Red Light Violation,Approaching red light at 14.75 km/h,14.751937148368246,0.0,1.0,0.0,-89.58916473388672,-0.00045138420591683825,0.00098386605289966,-0.006799354217946529,-3.7058143615722656,-0.0034019947052001953,9.933526039123535,-4.0883198380470276e-05,0.028220120817422867,6.301097528194077e-07,5320,True,None,Red,Driving
2f4be425,2025-04-05 14:27:59,baeb7bf7,Collision,Collision with vehicle.carlamotors.firetruck,0.004057769290704195,0.0,1.0,0.3682266175746918,-17.93628692626953,0.0005484418635575139,-0.00027211161591710666,-0.001662940951064229,-0.0370602048933506,0.004375068936496973,9.81368350982666,0.000405664904974401,0.0004466878017410636,-0.0001362283219350502,5648,True,vehicle.carlamotors.firetruck,None,Driving
bca0b8c5,2025-04-05 14:28:04,baeb7bf7,Collision,Collision with vehicle.carlamotors.firetruck,0.002783376266932959,0.0,1.0,0.36837249994277954,-17.953285217285156,0.0005484290473134479,-0.0002721320396502203,-0.0016508864937350154,-0.03397500514984131,0.0028538666665554047,9.808415412902832,-0.00021071522496640682,-0.0002505469601601362,-0.00010203369311057031,5892,True,vehicle.carlamotors.firetruck,None,Driving
1d805ea8,2025-04-05 14:28:06,226c26c2,Red Light Violation,Approaching red light at 16.27 km/h,16.27467887707139,0.0,1.0,-0.0008381697698496282,0.26453906297683716,-0.00025499402600814847,0.0006783876598942043,-0.004536170978099108,-3.9837653636932373,0.0007805702625773847,9.779208183288574,6.386394670698792e-05,0.016168316826224327,-0.0011068645399063826,5552,True,None,Red,Driving
541f4902,2025-04-05 14:28:09,baeb7bf7,Collision,Collision with vehicle.carlamotors.firetruck,0.004084657270622872,0.0,1.0,0.3685154318809509,-17.970287322998047,0.0005484166080407249,-0.0002721520007652182,-0.0016478347824886441,-0.03315307945013046,0.00044041359797120094,9.808969497680664,-0.00021977793949190527,-0.0002793406310956925,-0.00010209405445493758,5808,True,vehicle.carlamotors.firetruck,None,Driving
cc172c1e,2025-04-05 14:28:10,869bf02e,Red Light Violation,Approaching red light at 14.96 km/h,14.959766356139573,0.0,1.0,0.020870812237262726,-4.915590286254883,0.0005195616426050265,-0.0006536253227502285,-0.0006974411080591381,-4.056487083435059,-0.022232335060834885,10.094013214111328,-0.001175143988803029,-0.00021850623306818306,0.052885398268699646,5068,True,None,Red,Driving
0a71b78f,2025-04-05 14:28:17,baeb7bf7,Lane Violation,Crossed lane markings,18.14991861739931,0.8500000238418579,0.0,0.09776998311281204,-2.952240467071533,0.0005506171282121386,-0.00022254859572755402,-0.0036629103124141693,-1.2384145259857178,0.18943823873996735,9.818853378295898,-0.0024597346782684326,0.005529186222702265,0.11970923840999603,5512,True,vehicle.carlamotors.firetruck,None,Driving
378a8514,2025-04-05 14:28:24,ee846c16,Wrong Way Driving,Vehicle moving opposite to lane direction,21.270425875193563,0.0,0.4657788574695587,-0.22664210200309753,-140.89759826660156,0.00055415077672194,-0.0004685830452794789,-0.004478683229535818,-3.644136428833008,-2.062925338745117,9.778266906738281,0.011090366169810295,0.0383567214012146,-0.2847784459590912,5088,True,None,None,Driving
086d21c6,2025-04-05 14:28:40,226c26c2,Lane Violation,Crossed lane markings,20.201061256112162,0.42978599667549133,0.0,-0.02870633639395237,83.98821258544922,-0.0007907859055791278,0.0008915868291708558,-0.0043530273251235485,0.27926188707351685,-0.15657667815685272,9.801159858703613,0.0012341522378847003,-0.0016032066196203232,-0.048259809613227844,4968,True,None,None,Driving
f7d95138,2025-04-05 14:28:45,869bf02e,Red Light Violation,Approaching red light at 12.29 km/h,12.285485561853566,0.0,1.0,-0.0008796547190286219,89.9085464477539,8.664374691136345e-05,-0.00047008600586778904,0.006057471968233585,-6.094793796539307,-0.007582664489746094,9.925843238830566,-0.00013824552297592163,0.06580786406993866,-0.0017154477536678314,5348,True,None,Red,Driving
f9e74d61,2025-04-05 14:28:49,226c26c2,Lane Violation,Crossed lane markings,19.99820533644344,0.5439544916152954,0.0,0.1418849676847458,109.43561553955078,-0.0009846513385411981,0.0008846123299205858,-0.0044440459460020065,0.005063295364379883,0.5898867845535278,9.806411743164062,-0.0045442404225468636,2.7449801564216614e-05,0.12185169756412506,5140,True,None,None,Driving
85f4fd12,2025-04-05 14:28:56,baeb7bf7,Lane Violation,Crossed lane markings,20.629693591051947,0.31843405961990356,0.0,0.11256832629442215,13.851076126098633,0.0005299435127739116,0.0006865548914511097,-0.0034545515663921833,0.017478298395872116,0.5706155896186829,9.80825424194336,0.000976024370174855,-1.4717817975906655e-05,0.1447157859802246,5648,True,vehicle.carlamotors.firetruck,None,Driving
3f09d07a,2025-04-05 14:29:02,ee846c16,Red Light Violation,Approaching red light at 16.55 km/h,16.548237352136844,0.0,1.0,-0.0031968248076736927,91.02640533447266,9.32387450944816e-05,-0.0009889517680530177,-0.0044403076171875,-0.7267501354217529,-0.0039691925048828125,9.823132514953613,0.0008447791915386915,0.0039771185256540775,-0.0066337366588413715,5764,True,None,Red,Driving
8e3dc9a0,2025-04-05 14:29:17,baeb7bf7,Lane Violation,Crossed lane markings,18.349278725257744,0.11572345346212387,0.0,0.015447227284312248,89.50827026367188,0.00014557034623408072,0.0009247496944741496,-0.0033912276849150658,-0.5672668218612671,0.04557764530181885,9.813100814819336,3.582166391424835e-05,0.00034226098796352744,0.03250522539019585,5560,True,vehicle.carlamotors.firetruck,None,Driving
21528f5b,2025-04-05 14:29:18,baeb7bf7,Red Light Violation,Approaching red light at 17.41 km/h,17.413632331316656,0.5366212129592896,0.0,0.009075467474758625,89.9238510131836,0.0001168565136140387,0.0009247234451795774,-0.003432655241340399,1.465149164199829,0.03275597095489502,9.798066139221191,0.0002085450105369091,-0.0028617065399885178,0.009731902740895748,5468,True,vehicle.carlamotors.firetruck,Red,Driving
bf3d552e,2025-04-05 14:29:20,854a717d,Red Light Violation,Approaching red light at 17.05 km/h,17.05075298947687,0.19263288378715515,0.0,-0.001201000763103366,0.17976947128772736,-0.0002199434389211774,-0.000656303641764824,-0.0012269591679796576,-0.3137626051902771,0.003989385906606913,9.806251525878906,8.391911251237616e-05,0.0009066081256605685,-0.0024854291696101427,5248,True,None,Red,Driving
4578065a,2025-04-05 14:29:20,44750abd,Lane Violation,Crossed lane markings,20.658870878370948,0.7097463011741638,0.0,0.1107713133096695,44.54010772705078,0.0005002034046981407,0.0007385785945327663,-0.029670141637325287,5.047918319702148,0.5449190139770508,9.840982437133789,0.055693697184324265,-0.004734720103442669,0.3107965886592865,5176,True,None,None,Driving
e2cee9b3,2025-04-05 14:29:24,55a2a0bc,Red Light Violation,Approaching red light at 15.98 km/h,15.980726729642846,0.3071845471858978,0.0,0.0,-89.57354736328125,0.00034266576176378294,-0.00037443333657034394,0.010768852196633816,-0.6189461946487427,-0.011652231216430664,9.812490463256836,-1.926906406879425e-06,0.0014947369927540421,0.005356721580028534,5500,True,None,Red,Driving
c1e850cd,2025-04-05 14:29:29,edecf8c7,Red Light Violation,Approaching red light at 15.21 km/h,15.208529327607652,0.0,1.0,0.00257705501280725,-89.69841766357422,-0.00045403740648453095,0.0009838414484694997,-0.03138929232954979,-1.5617347955703735,0.014636993408203125,9.914666175842285,-0.0019210614264011383,-0.014758233912289143,0.004949683789163828,5388,True,None,Red,Driving
64e3f89d,2025-04-05 14:29:38,226c26c2,Red Light Violation,Approaching red light at 16.94 km/h,16.941779862812812,0.0,1.0,0.0,-179.6355438232422,-0.0012000925265169826,-0.00017051853593030584,-0.0046976469457149506,-0.7565696835517883,0.009786616079509258,9.80353832244873,1.782095932867378e-05,0.0013069425476714969,4.2622188630048186e-05,5372,True,None,Red,Driving
cf8b129c,2025-04-05 14:29:42,418a281a,Red Light Violation,Approaching red light at 17.04 km/h,17.040680774738956,0.4088451564311981,0.0,0.0,-89.59979248046875,-0.0004490263955858609,0.0009524433170720586,0.0026020430959761143,-0.409108430147171,0.008092343807220459,9.809097290039062,-1.166568836197257e-06,5.56839004275389e-05,-0.00016416775179095566,5300,True,None,Red,Driving
715369f3,2025-04-05 14:29:50,c48bce71,Red Light Violation,Approaching red light at 14.03 km/h,14.029714557169243,0.0,1.0,-0.0002485241857357323,-179.41058349609375,0.0006128748349709667,-0.00019922991838304072,-0.006880531087517738,-4.7782182693481445,-0.013190537691116333,9.930068969726562,-0.00037019839510321617,0.041052479296922684,-1.3270456292957533e-05,5688,True,None,Red,Driving
e6be2169,2025-04-05 14:30:01,baeb7bf7,Lane Violation,Crossed lane markings,20.522296748178075,0.20117218792438507,0.0,0.03174560144543648,91.00726318359375,-0.000807307472030061,0.0009181432336360289,-0.0034836959093809128,-0.518785834312439,0.056780874729156494,9.81484603881836,-0.0013332555536180735,0.0008875723578967154,0.040901511907577515,5916,True,vehicle.carlamotors.firetruck,None,Driving
dfda3b3e,2025-04-05 14:30:05,418a281a,Wrong Way Driving,Vehicle moving opposite to lane direction,20.348846807326233,0.3860732913017273,0.0,-0.04128732904791832,-121.64472198486328,-0.00022366909107063293,0.0009234290739594936,0.0029450987931340933,-0.020336508750915527,-1.228864073753357,9.791812896728516,0.0003821824211627245,0.004214265383780003,-0.24920935928821564,4952,True,None,None,Driving
82919699,2025-04-05 14:30:07,ec0a0a0b,Lane Violation,Crossed lane markings,18.557479892685546,0.8500000238418579,0.0,0.2714790403842926,94.08524322509766,-0.000757456429226977,0.000917767656261992,-0.003381080459803343,-0.28750741481781006,1.471859097480774,9.793813705444336,0.015442977659404278,0.003079594112932682,0.3470529019832611,5840,True,None,None,Driving
f6c3cb02,2025-04-05 14:30:13,ec0a0a0b,Lane Violation,Crossed lane markings,19.788218708809648,0.6924194097518921,0.0,0.05248655751347542,105.82183837890625,-0.0009176460047939372,0.0008755719495050619,-0.003462638705968857,0.19750118255615234,0.9671474099159241,9.807999610900879,0.004201048985123634,-0.0004251478239893913,0.03797469288110733,5484,True,None,None,Driving
08fa344d,2025-04-05 14:30:18,37cd8307,Lane Violation,Crossed lane markings,17.300442293579128,0.8500000238418579,0.0,0.004534418694674969,119.3218002319336,0.0003439680146328783,-0.0009632210169865711,0.06602039188146591,3.1406126022338867,0.027701854705810547,9.798528671264648,0.00018905213801190257,-0.00024361012037843466,0.008737677708268166,5172,True,None,None,Driving
abc2c094,2025-04-05 14:30:21,baeb7bf7,Lane Violation,Crossed lane markings,20.56267571663329,0.2662294805049896,0.0,0.19527757167816162,165.8587646484375,-0.001198575276148972,0.0006383276039679969,-0.003437309293076396,0.4851977825164795,1.7157018184661865,9.801506996154785,0.003457186743617058,0.00044904928654432297,0.18404662609100342,5644,True,vehicle.carlamotors.firetruck,None,Driving
c4c2a7f7,2025-04-05 14:30:24,37cd8307,Lane Violation,Crossed lane markings,16.112770085590043,0.0,0.699999988079071,-0.04434458911418915,96.9937973022461,0.00021884054018528332,-0.001014027383331432,0.06820056587457657,-2.67657470703125,-0.2005596160888672,9.843526840209961,0.00618680939078331,0.01110279280692339,-0.174969881772995,5032,True,None,None,Driving
a403dec3,2025-04-05 14:30:25,44750abd,Lane Violation,Crossed lane markings,20.469853080288743,0.2850063443183899,0.0,-0.0038679270073771477,169.2899627685547,-0.00012915041872929578,-6.275606642081784e-05,-0.02939624711871147,-1.1624722480773926,-0.01816573739051819,9.817700386047363,-0.0036594015546143055,-0.010022297501564026,-0.009360079653561115,5584,True,None,None,Driving
284a5e7d,2025-04-05 14:30:31,44750abd,Red Light Violation,Approaching red light at 14.85 km/h,10.98139638309922,0.0,1.0,0.006137721706181765,177.9330291748047,-0.00014752987662802752,-0.00020679833362401498,-0.029480133205652237,-3.601127862930298,0.024786651134490967,9.836531639099121,0.002644225023686886,-0.030562641099095345,0.011428684927523136,5704,True,None,Red,Driving
69007d59,2025-04-05 14:30:51,baeb7bf7,Red Light Violation,Approaching red light at 18.02 km/h,18.02072805734363,0.12139067053794861,0.0,-0.00022260929108597338,-179.61863708496094,-0.0012001681902660266,-0.00015901368600772998,-0.003380851587280631,0.3590112626552582,0.007571294903755188,9.8110990524292,3.934273263439536e-05,0.00032957654912024736,-0.0009995433501899242,5880,True,vehicle.carlamotors.firetruck,Red,Driving
27c215bd,2025-04-05 14:31:03,13883c7d,Lane Violation,Crossed lane markings,20.243440149427865,0.08027487248182297,0.0,0.1815234273672104,103.59660339355469,-0.0008160204558862461,0.0009143059020352406,-0.018504561856389046,-1.4520959854125977,2.114168405532837,9.828028678894043,-0.028036683797836304,0.017914382740855217,0.440238893032074,5264,True,vehicle.ford.crown,None,Driving
6982b9ed,2025-04-05 14:31:12,baeb7bf7,Lane Violation,Crossed lane markings,20.506456248032173,0.3251952528953552,0.0,0.03177478536963463,-174.31077575683594,-0.0011914722033310454,-0.0006171676569579849,-0.0033922195434570312,0.04910142719745636,1.418420672416687,9.806791305541992,0.00818126555532217,-0.0005180079024285078,0.08418463170528412,5436,True,vehicle.carlamotors.firetruck,None,Driving
463b283a,2025-04-05 14:31:12,ec0a0a0b,Lane Violation,Crossed lane markings,19.667501454578602,0.698893666267395,0.0,0.10254188627004623,-94.494873046875,-0.0010349643826401689,-0.00040413050682589966,-0.0035224531311541796,-0.25522053241729736,0.5268774032592773,9.813237190246582,-0.001962559064850211,0.0010442901402711868,0.1763433963060379,5340,True,None,None,Driving
8a2f2e51,2025-04-05 14:31:12,5738d44d,Red Light Violation,Approaching red light at 10.74 km/h,10.737322287807796,0.0,1.0,0.013427689671516418,-90.89904022216797,-0.0004501217724879325,-0.000374074173572417,0.0035696791019290686,-5.86798095703125,0.046468257904052734,9.745115280151367,-0.0034963078796863556,0.035985033959150314,0.02749548852443695,5328,True,None,Red,Driving
8e6ea3e9,2025-04-05 14:31:18,edecf8c7,Red Light Violation,Approaching red light at 12.48 km/h,12.475956299768823,0.0,1.0,0.0006155604496598244,-179.4020233154297,0.0006128717508460113,-0.00019903032436706651,-0.03234905004501343,-6.085237503051758,-0.009939834475517273,9.832756996154785,-0.001956915482878685,-0.021001242101192474,0.009006598964333534,5244,True,None,Red,Driving
2db31ecd,2025-04-05 14:31:21,226c26c2,Red Light Violation,Approaching red light at 16.25 km/h,16.254682992778655,0.6323220133781433,0.0,0.06816951185464859,-6.632635593414307,0.0005506969383901605,-0.0006587365333019697,-0.004765625111758709,0.06919997185468674,0.3505282402038574,9.81944751739502,-0.002731034765020013,-0.0009324903949163854,0.09078346937894821,5156,True,None,Red,Driving
1cb3939c,2025-04-05 14:31:23,854a717d,Red Light Violation,Approaching red light at 15.14 km/h,15.142057722799274,0.0,1.0,0.0,-89.57137298583984,0.0003461470830217195,-0.0003744160997620282,-0.001242408761754632,-2.989212989807129,-0.0026879310607910156,9.800891876220703,1.787859946489334e-05,0.008740142919123173,-0.0048392959870398045,5452,True,None,Red,Driving
8085db20,2025-04-05 14:31:24,baeb7bf7,Lane Violation,Crossed lane markings,20.33742884969848,0.3315950036048889,0.0,0.08969996124505997,-121.85494995117188,-0.0009951718227796391,-0.0008839727518084487,-0.0034117507748305798,0.4621182680130005,0.33482372760772705,9.803594589233398,-0.0003112684062216431,0.00011982352589257061,0.11346454173326492,5736,True,vehicle.carlamotors.firetruck,None,Driving
715d715e,2025-04-05 14:31:29,55a2a0bc,Red Light Violation,Approaching red light at 13.90 km/h,13.897104088505372,0.0,1.0,0.0005661552422679961,90.09626007080078,9.279335522194287e-05,0.0008930145714803328,0.011046333238482475,-5.75795316696167,0.014616012573242188,9.84113597869873,4.339776933193207e-05,0.02086482383310795,-0.00662155169993639,5120,True,None,Red,Driving
82dcac8c,2025-04-05 14:31:30,baeb7bf7,Lane Violation,Crossed lane markings,20.670992327022603,0.22238479554653168,0.0,0.036449793726205826,-107.25373077392578,-0.0008509623105794617,-0.0009430961009077094,-0.0034827040508389473,-0.4846629500389099,0.12151587009429932,9.815986633300781,-0.002317143138498068,0.00019709113985300064,0.04093322157859802,4956,True,vehicle.carlamotors.firetruck,None,Driving
bd7c1b9a,2025-04-05 14:31:34,ec0a0a0b,Red Light Violation,Approaching red light at 17.09 km/h,17.092800529455303,0.0,1.0,0.0006155604496598244,-90.17168426513672,-0.00046729987968774367,-0.0004056807915340588,-0.0031972122378647327,3.363274574279785,-0.001146554946899414,9.785015106201172,1.6170553863048553e-05,-0.009976117871701717,-1.0646444934536703e-05,5996,True,None,Red,Driving
6e3429f7,2025-04-05 14:31:37,baeb7bf7,Lane Violation,Crossed lane markings,20.551107242566147,0.2890928387641907,0.0,0.03687959536910057,-91.52777099609375,-0.0006734105743078089,-0.0009653690043003826,-0.0034285353031009436,0.25950098037719727,0.5188929438591003,9.80644702911377,0.00252184527926147,-0.0007881689816713333,0.04318002983927727,5380,True,vehicle.carlamotors.firetruck,None,Driving
cac09852,2025-04-05 14:31:38,418a281a,Wrong Way Driving,Vehicle moving opposite to lane direction,20.0311681211521,0.5957339406013489,0.0,-0.017553087323904037,110.30821990966797,-0.00025448929251581376,-0.0004220120677230717,0.0028225707355886698,0.42250484228134155,-0.48944589495658875,9.811405181884766,-0.0006730968598276377,0.00011544916924322024,-0.3218834102153778,5264,True,None,None,Driving
c0263b36,2025-04-05 14:31:44,a80f7fdc,Red Light Violation,Approaching red light at 17.20 km/h,17.202172605727593,0.3280838429927826,0.0,0.0017137594986706972,-179.705078125,-0.0012001137726826983,-0.0001691176768735598,-0.005439376924186945,-0.6837301850318909,0.013436905108392239,9.81157112121582,-7.435908628394827e-06,4.5271972339833155e-05,0.0033517717383801937,5588,True,None,Red,Driving
6a6715be,2025-04-05 14:31:45,44750abd,Red Light Violation,Approaching red light at 6.08 km/h,6.0805274659621436,0.0,1.0,0.0,-179.84434509277344,-0.00014781469519675738,-0.0007440530459754555,-0.02873203158378601,-14.942612648010254,-0.006318323314189911,9.911421775817871,0.00023268151562660933,-0.07075376063585281,-0.00021445473248604685,5396,True,None,Red,Driving
96e384db,2025-04-05 14:32:05,418a281a,Red Light Violation,Approaching red light at 16.17 km/h,16.166058538086357,0.0,1.0,0.0,89.84730529785156,-0.0009619297298542051,-0.0004357181745787967,0.0025287247262895107,-0.6165255904197693,-0.007944643497467041,9.809320449829102,-3.301352262496948e-05,0.0028718048706650734,0.00023544183932244778,5352,True,None,Red,Driving
5482ea28,2025-04-05 14:32:07,64feea7c,Lane Violation,Crossed lane markings,25.021924095945153,0.0,0.699999988079071,-0.32716768980026245,-148.94537353515625,0.0005155583167919531,0.000838347365680798,-0.011549110524356365,0.6489944458007812,-4.415657997131348,9.84771728515625,0.010895813815295696,0.012230856344103813,-0.902779757976532,5492,True,None,None,Driving
d3969d4e,2025-04-05 14:32:09,6c078bf6,Lane Violation,Crossed lane markings,20.468868117510354,0.29259178042411804,0.0,-0.0026417067274451256,-107.95035552978516,-0.0007917315655561197,-0.0009298201946316977,0.042805176228284836,-3.253981828689575,0.13715147972106934,9.80743408203125,0.00015674717724323273,0.0014562432188540697,-0.047822318971157074,4732,True,None,None,Driving
20a6a306,2025-04-05 14:32:19,baeb7bf7,Lane Violation,Crossed lane markings,20.3113387047752,0.35857290029525757,0.0,0.20011840760707855,-84.58122253417969,3.0406820016537495e-05,-0.0009565467740274791,-0.0035461806692183018,0.13542413711547852,0.6172325015068054,9.8055419921875,-0.007143771275877953,0.0030809435993433,0.2531140148639679,5596,True,vehicle.carlamotors.firetruck,None,Driving
097ed2fb,2025-04-05 14:32:20,ee846c16,Red Light Violation,Approaching red light at 16.76 km/h,16.762522891167954,0.0,1.0,-0.00017573311924934387,-89.61007690429688,-0.0004608623601285444,0.0009523645691883417,-0.0046296692453324795,-1.7429620027542114,0.01186227798461914,9.832938194274902,3.9227306842803955e-06,0.018701821565628052,-1.082022390619386e-05,5472,True,None,Red,Driving
e569791c,2025-04-05 14:32:22,6c078bf6,Red Light Violation,Approaching red light at 16.20 km/h,16.199408081805043,0.0,1.0,0.0,-89.53411865234375,-0.0004670386203997623,-0.0009639525704337369,0.04262100160121918,-0.0006318576633930206,-0.025009630247950554,9.809786796569824,-3.2951025787042454e-05,-4.760014417115599e-05,-0.0003369185433257371,4964,True,None,Red,Driving
cb93bff6,2025-04-05 14:32:27,baeb7bf7,Lane Violation,Crossed lane markings,20.534977223333097,0.1325986683368683,0.0,0.04473624750971794,-83.54144287109375,0.000229692824433414,-0.0009222803417758749,-0.0034919355530291796,-0.27537035942077637,0.31118443608283997,9.812509536743164,0.0009694548789411783,0.000924771826248616,0.062184810638427734,5868,True,vehicle.carlamotors.firetruck,None,Driving
396c4834,2025-04-05 14:32:28,ec0a0a0b,Wrong Way Driving,Vehicle moving opposite to lane direction,19.56532056868168,0.5887068510055542,0.0,-0.21639490127563477,-110.05949401855469,-0.00025331754936530615,-0.00042645374992317687,-0.003428611671552062,-1.3105177879333496,-2.9902501106262207,9.812151908874512,-0.007021739147603512,0.001378985121846199,-0.26252588629722595,5316,True,None,None,Driving
06e28efe,2025-04-05 14:32:30,44750abd,Wrong Way Driving,Vehicle moving opposite to lane direction,20.37878948214516,0.31681933999061584,0.0,-0.10393550246953964,127.09957122802734,-0.0002087713827592097,-0.0009575423967487623,-0.02940250374376774,-0.2376497983932495,-1.030016541481018,9.828587532043457,-0.012688293121755123,-0.005780791863799095,-0.2631630301475525,5196,True,None,None,Driving
f69a8e08,2025-04-05 14:32:32,418a281a,Lane Violation,Crossed lane markings,19.875319191305042,0.8500000238418579,0.0,0.11407870054244995,-116.48979949951172,-0.0010727399274941263,-0.0008218507463503866,0.002944793552160263,1.6704049110412598,0.7873620986938477,9.785768508911133,-0.011622444726526737,0.002919885329902172,0.8460726141929626,4796,True,None,None,Driving
711b7637,2025-04-05 14:32:35,ec0a0a0b,Lane Violation,Crossed lane markings,19.849012093804742,0.6774580478668213,0.0,-0.1010582447052002,-175.1201171875,-0.0001486240370240921,-0.0005832592568600246,-0.0034518050961196423,-0.007344096899032593,-0.851520299911499,9.808791160583496,0.0022718117106705904,0.00044919317588210106,-0.21722790598869324,5776,True,None,None,Driving
d8c8c1d1,2025-04-05 14:32:42,baeb7bf7,Lane Violation,Crossed lane markings,17.4561751712956,0.0,0.028846854344010353,0.18672585487365723,-11.337939262390137,0.0005183557513959158,-0.0006739269932173459,-0.0036091231741011143,-0.16390062868595123,0.5348993539810181,9.811223030090332,0.0010935174068436027,-0.0003315033682156354,0.20493434369564056,5756,True,vehicle.carlamotors.firetruck,Red,Driving
9e7a00f7,2025-04-05 14:32:43,baeb7bf7,Red Light Violation,Approaching red light at 17.46 km/h,17.4561751712956,0.0,0.028846854344010353,0.18672585487365723,-11.337939262390137,0.000518588019971844,-0.0006717613921471242,-0.0036174391862004995,-0.516447901725769,0.655720055103302,9.813865661621094,-0.001479222672060132,0.00014167973131407052,0.1992371827363968,5360,True,vehicle.carlamotors.firetruck,Red,Driving
63abd5f8,2025-04-05 14:32:49,64feea7c,Red Light Violation,Approaching red light at 12.78 km/h,12.784138114124705,0.8500000238418579,0.0,0.002511361613869667,-179.3342742919922,0.0005813509399672512,-0.00019065337259765148,-0.010796432383358479,5.109422206878662,-0.26797837018966675,9.827336311340332,0.00020600590505637228,-0.012011706829071045,0.059599556028842926,5292,True,None,Red,Driving
b51bcd16,2025-04-05 14:32:50,baeb7bf7,Lane Violation,Crossed lane markings,12.805416283088116,0.8500000238418579,0.0,0.07177654653787613,-3.3250129222869873,0.0005212363202105053,-0.00062575624794839,-0.00451099406927824,3.19537091255188,0.15620024502277374,9.80405330657959,-0.0008665273198857903,0.0017491881735622883,0.058125175535678864,5428,True,vehicle.carlamotors.firetruck,Green,Driving
107d2a8a,2025-04-05 14:32:56,869bf02e,Red Light Violation,Approaching red light at 8.17 km/h,8.167410945515824,0.8500000238418579,0.0,0.002723995829001069,-89.49179077148438,-0.00043726825367684796,-0.0009323033230694217,-0.014003943651914597,3.4982521533966064,0.008898258209228516,9.762481689453125,0.0003096673171967268,-0.0030820954125374556,0.0024309009313583374,4824,True,None,Red,Driving
6ea86426,2025-04-05 14:33:00,baeb7bf7,Lane Violation,Crossed lane markings,20.713406428772483,0.23816430568695068,0.0,0.15592725574970245,84.96089172363281,0.0003961666901659555,-0.000467129019407421,-0.0034069442190229893,0.28717806935310364,0.5178120136260986,9.806550979614258,-0.003832770511507988,-0.0009732157923281193,0.21303841471672058,5244,True,vehicle.carlamotors.firetruck,None,Driving
47318097,2025-04-05 14:33:00,854a717d,Red Light Violation,Approaching red light at 14.02 km/h,14.024596753559743,0.0,1.0,-0.0024893463123589754,90.22742462158203,0.00010073435795732166,0.000924462871242335,-0.0013486479874700308,-2.4667582511901855,-0.00018525123596191406,9.83659839630127,-2.520764246582985e-05,0.004144278354942799,-0.004104974213987589,5244,True,None,Red,Driving
85e878fb,2025-04-05 14:33:08,55a2a0bc,Red Light Violation,Approaching red light at 14.89 km/h,14.889654970544722,0.0,1.0,0.0,-179.83895874023438,-0.0001178888031176939,-0.00019840678368294486,0.010895729064941406,-2.6173300743103027,-0.0013574380427598953,9.8394775390625,-3.345435834489763e-05,0.009203853085637093,0.0009099355083890259,5184,True,None,Red,Driving
aac0cfc0,2025-04-05 14:33:10,37cd8307,Lane Violation,Crossed lane markings,11.947763402859064,0.8500000238418579,0.0,0.07510361820459366,8.068645477294922,-0.0012380280344217454,0.00020831166028492058,0.06631027162075043,2.775871753692627,0.3340446650981903,9.832815170288086,0.0010483948281034827,-0.005301479250192642,0.11301442980766296,5320,True,None,None,Driving
f2072b20,2025-04-05 14:33:10,226c26c2,Lane Violation,Crossed lane markings,19.635890784947993,0.6878497004508972,0.0,0.378447949886322,94.51704406738281,-0.0008042674199231215,0.0009173120288199124,-0.004516868386417627,-0.7894878387451172,5.253325939178467,9.773992538452148,0.047994840890169144,0.004388052970170975,0.5500292181968689,5388,True,None,None,Driving
8958c0b5,2025-04-05 14:33:11,baeb7bf7,Red Light Violation,Approaching red light at 17.90 km/h,17.895192358881054,0.0,1.0,-0.0035915153566747904,90.03713989257812,0.00010226123761469808,-0.00047012527700562173,-0.00359172816388309,0.6760601997375488,-0.011886835098266602,9.821990966796875,-8.446630090475082e-06,-0.002957734977826476,-0.005020449869334698,5632,True,vehicle.carlamotors.firetruck,Red,Driving
9f596123,2025-04-05 14:33:14,2c195a12,Lane Violation,Crossed lane markings,21.19928481256198,0.01854054629802704,0.0,0.10006608814001083,-170.5814208984375,-0.0001487950515297598,0.0007254865018547778,-0.007250289898365736,2.103773593902588,1.099707841873169,9.817736625671387,-0.00263776583597064,-0.00039874319918453693,0.3061062693595886,5220,True,None,None,Driving
914519ee,2025-04-05 14:33:15,37cd8307,Lane Violation,Crossed lane markings,10.910707131161026,0.8500000238418579,0.0,0.001578650320880115,11.466699600219727,-0.001257215788996291,0.00030404372855824557,0.06631839275360107,2.755429744720459,-0.022550810128450394,9.822911262512207,6.278164801187813e-05,-0.002533179009333253,0.008322006091475487,5368,True,None,None,Driving
4cceefa6,2025-04-05 14:33:38,6c078bf6,Red Light Violation,Approaching red light at 16.23 km/h,16.23201268884349,0.0,1.0,0.0009806097950786352,0.06825018674135208,-0.00022002280361732574,-0.0006453500784302789,0.042606811970472336,0.395376980304718,0.0033640468027442694,9.812808990478516,-1.7143953300546855e-05,2.1382622435339727e-05,0.002527875592932105,5524,True,None,Red,Driving
d3a419c6,2025-04-05 14:33:39,55a2a0bc,Red Light Violation,Approaching red light at 16.78 km/h,16.779753551907604,0.3207235336303711,0.0,-0.00017573311924934387,-179.8392333984375,-0.0001164275552696381,-0.0007222051344251914,0.010699157603085041,-0.8225455284118652,0.014869841746985912,9.819000244140625,0.00018831620400305837,0.001727245282381773,0.0013165107229724526,5700,True,None,Red,Driving
b7f24b4b,2025-04-05 14:33:45,ee846c16,Red Light Violation,Approaching red light at 14.30 km/h,14.300642923769276,0.0,1.0,-0.00017573311924934387,-179.83843994140625,-0.00014932382401866562,-0.00019884382073036988,-0.0042195129208266735,-5.763736724853516,0.01694372110068798,9.850024223327637,0.00029043611721135676,0.03265643119812012,0.0007913463632576168,5728,True,None,Red,Driving
5862939a,2025-04-05 14:33:50,2c195a12,Red Light Violation,Approaching red light at 15.92 km/h,15.919475465059747,0.0,1.0,0.0,-179.8383331298828,-0.00011790986937398884,-0.00018973182017691386,-0.007237128913402557,-2.441842555999756,8.378177881240845e-06,9.818275451660156,7.104895303200465e-06,0.0013596928911283612,9.840559505391866e-05,5720,True,None,Red,Driving
e48b25b4,2025-04-05 14:34:40,44750abd,Red Light Violation,Approaching red light at 11.78 km/h,11.78294187576053,0.0,1.0,0.00017573311924934387,-89.60872650146484,-0.0004404540476485863,0.0009525053421675884,-0.02917076088488102,-15.775482177734375,0.007993698120117188,9.91329288482666,-7.13244080543518e-05,-0.07237119972705841,0.000152263994095847,5320,True,None,Red,Driving
a5f1c3cc,2025-04-05 14:34:51,baeb7bf7,Lane Violation,Crossed lane markings,20.403517101254497,0.2529928982257843,0.0,0.08246252685785294,-121.1113510131836,-0.0009781474075793994,-0.0008576200363862752,-0.003462562570348382,-0.9106889963150024,0.38472747802734375,9.817880630493164,-0.0020509366877377033,0.0008775766473263502,0.1161586120724678,5692,True,vehicle.carlamotors.firetruck,None,Driving
a67e5f98,2025-04-05 14:34:56,baeb7bf7,Lane Violation,Crossed lane markings,20.624502081607144,0.2996138334274292,0.0,0.050395771861076355,-107.6781997680664,-0.0008531802046292114,-0.0009098789550788249,-0.0034134292509406805,0.07063312828540802,0.20214267075061798,9.80751895904541,-0.005796979181468487,0.0001862826757133007,0.07750612497329712,5052,True,vehicle.carlamotors.firetruck,None,Driving
312b12f4,2025-04-05 14:34:59,a80f7fdc,Wrong Way Driving,Vehicle moving opposite to lane direction,19.929049048558632,0.47371500730514526,0.0,-0.14767636358737946,-51.19404602050781,-0.00014800406020754053,-0.00043880068475459335,-0.00517147034406662,-0.6916999816894531,-1.9994686841964722,9.806562423706055,-0.0009760836837813258,0.0001813321141526103,-0.3134162127971649,5348,True,None,None,Driving
295823cc,2025-04-05 14:35:03,baeb7bf7,Lane Violation,Crossed lane markings,20.67177682501041,0.2554817497730255,0.0,0.025395475327968597,-90.99783325195312,-0.000655448997619601,-0.0009341523562763812,-0.0034654615446925163,-0.32865235209465027,0.07354003190994263,9.813390731811523,-0.0004675964592024684,-0.00030178535962477326,0.03544079139828682,5064,True,vehicle.carlamotors.firetruck,None,Driving
ed6a6b3d,2025-04-05 14:35:04,13883c7d,Lane Violation,Crossed lane markings,21.43980242541993,0.5134272575378418,0.0,-0.064568430185318,-10.970291137695312,-0.00024989050862700424,0.0005368218560010623,-0.020178984850645065,3.743574857711792,-0.66901034116745,9.818400382995605,0.0007279036217369139,0.0008626001654192805,-0.18297481536865234,5188,True,vehicle.ford.crown,None,Driving
fba44d4b,2025-04-05 14:35:10,baeb7bf7,Red Light Violation,Approaching red light at 17.82 km/h,17.82303295442303,0.40160632133483887,0.0,-0.001066182041540742,-89.2947006225586,-0.000489119794295334,-0.0009329264525374403,-0.0035753250122070312,-0.0034003369510173798,0.052631303668022156,9.810853958129883,3.9871782064437866e-05,0.0008277155575342476,0.001236576004885137,5860,True,vehicle.carlamotors.firetruck,Red,Driving
0380e184,2025-04-05 14:35:11,37cd8307,Lane Violation,Crossed lane markings,21.59168425219161,0.455498605966568,0.0,-0.3886628746986389,-161.5077362060547,0.0005734866718967169,0.0007422578820779836,0.06647086888551712,6.068718433380127,-4.65955924987793,9.679004669189453,0.006341230124235153,-0.015829188749194145,-0.883251428604126,4972,True,None,None,Driving
cc918a7b,2025-04-05 14:35:11,13883c7d,Red Light Violation,Approaching red light at 18.06 km/h,18.062602462581523,0.0,1.0,0.008678778074681759,-2.740601062774658,-0.0002261734142905425,0.0006849097528952012,-0.01940845511853695,0.22978419065475464,0.05862152948975563,9.893028259277344,9.010083158500493e-05,0.01044002640992403,0.022266140207648277,5328,True,vehicle.ford.crown,Red,Driving
e838cbe4,2025-04-05 14:35:12,869bf02e,Lane Violation,Crossed lane markings,20.043270694882185,0.46140873432159424,0.0,-0.17633871734142303,-5.229800224304199,-0.00024985941038835335,-0.00026061884546755524,-0.0020798109471797943,-0.3105755150318146,-0.36355987191200256,9.87098503112793,0.09647148102521896,0.016876980662345886,-0.34334278106689453,5592,True,None,None,Driving
d84041a9,2025-04-05 14:35:15,854a717d,Red Light Violation,Approaching red light at 16.42 km/h,16.41730521400302,0.0,1.0,0.0,-179.6436309814453,-0.0012000723769034494,-0.00017593680497292807,-0.0012319183442741632,-3.3001136779785156,0.0004891082644462585,9.797942161560059,-2.835513441823423e-06,0.010074119083583355,-0.0002050620678346604,5608,True,None,Red,Driving
1aa5bfb1,2025-04-05 14:35:18,a80f7fdc,Red Light Violation,Approaching red light at 16.25 km/h,16.253948491367154,0.2745755612850189,0.0,0.00043982735951431096,-89.57156372070312,0.00033746953228330767,-0.0004059152532487631,-0.005342063959687948,-0.35287952423095703,-0.006098240613937378,9.810277938842773,4.982291557098506e-06,2.924875388998771e-06,0.0036910325288772583,5256,True,None,Red,Driving
5ec7f62f,2025-04-05 14:35:19,869bf02e,Lane Violation,Crossed lane markings,20.132722485139546,0.5667732357978821,0.0,0.020301321521401405,-2.760589838027954,-0.00022411327300631,-0.00010469639941080763,-0.0012214279267936945,-0.11980945616960526,0.3246837556362152,9.81541919708252,-0.021612131968140602,0.003074362175539136,0.08124500513076782,5520,True,None,None,Driving
efa89f32,2025-04-05 14:35:20,c48bce71,Red Light Violation,Approaching red light at 16.52 km/h,16.522179692198897,0.5482690334320068,0.0,0.0,-89.60796356201172,-0.00045552799632275764,0.000983841174325431,-0.007039070129394531,-1.50855553150177,-0.004680275917053223,9.802305221557617,4.022382199764252e-06,0.009313970804214478,-2.5712813567224657e-06,5332,True,None,Red,Driving
d0b4cc96,2025-04-05 14:35:38,2c195a12,Red Light Violation,Approaching red light at 14.48 km/h,13.457535754063663,0.0,1.0,0.0,-89.56414794921875,0.00034299363807122063,-0.0003744254891963791,-0.007159461732953787,-4.2136712074279785,-0.01529693603515625,9.818647384643555,-1.0037561878561974e-05,0.0022947147954255342,0.003406236181035638,4852,True,None,Red,Driving
f175db8e,2025-04-05 14:35:39,55a2a0bc,Red Light Violation,Approaching red light at 16.45 km/h,16.45212607961495,0.0,1.0,0.0011014206102117896,90.08299255371094,9.608875539868222e-05,0.0009244574568969794,0.010821418836712837,0.2433459460735321,0.004670992493629456,9.796425819396973,4.8862770199775696e-05,-0.0028065440710633993,0.0014238465810194612,4992,True,None,Red,Driving
d1180658,2025-04-05 14:35:54,44750abd,Wrong Way Driving,Vehicle moving opposite to lane direction,19.637229694062775,0.4592094421386719,0.0,-0.12373946607112885,-125.873046875,-0.00017779714660548507,0.0009234416845866511,-0.02940036728978157,-0.24582815170288086,-1.1870241165161133,9.83469295501709,-0.020389361307024956,-0.007493022829294205,-0.3118768036365509,5320,True,None,None,Driving
2ed921b0,2025-04-05 14:36:09,ec0a0a0b,Red Light Violation,Approaching red light at 11.13 km/h,11.132844277491879,0.0,1.0,0.0006155604496598244,-89.6474838256836,-0.0004727762158722726,0.0009522843820482645,-0.0034598158672451973,-1.5178800821304321,0.03986656665802002,9.825013160705566,2.407049760222435e-05,0.004537790548056364,-0.005697344429790974,5632,True,None,Red,Driving
c2fb7fa0,2025-04-05 14:36:29,6c078bf6,Wrong Way Driving,Vehicle moving opposite to lane direction,18.978469319429472,0.6632479429244995,0.0,-0.21856066584587097,-54.04437255859375,-0.00016549729602388652,0.0009209924814774214,0.042803000658750534,0.25905704498291016,-1.581881046295166,9.807188034057617,0.0008342242799699306,-0.0016771007794886827,-0.26468583941459656,5548,True,None,None,Driving
28a1e21a,2025-04-05 14:36:36,854a717d,Red Light Violation,Approaching red light at 15.11 km/h,15.10625136231719,0.0,1.0,-0.0002485241857357323,-89.40283203125,-0.0004708587837427558,-0.0009641287079978382,-0.0012560271425172687,-5.159665584564209,-0.011405467987060547,9.796990394592285,-5.162134766578674e-05,0.013047057203948498,-0.0006432896479964256,5532,True,None,Red,Driving
62c5a681,2025-04-05 14:36:38,44750abd,Red Light Violation,Approaching red light at 14.75 km/h,14.750367729535174,0.0,1.0,0.0,-179.8411865234375,-0.00011785558885435421,-0.00020833439710861342,-0.029562072828412056,-3.5649573802948,0.0010751765221357346,9.838623046875,-1.7936690710484982e-07,-0.03125275671482086,-1.7406662777830206e-09,5296,True,None,Red,Driving
3b87af62,2025-04-05 14:36:46,5738d44d,Red Light Violation,Approaching red light at 16.57 km/h,16.5680007709589,0.0,0.323169082403183,0.0,-89.57217407226562,0.00033817733799423877,-0.00037447836473361807,0.0005417251377366483,-0.5354160666465759,-0.0007423758506774902,9.924174308776855,8.69319774210453e-06,-0.0028366295155137777,4.7488238124060445e-06,4808,True,None,Red,Driving
3408fc36,2025-04-05 14:36:49,edecf8c7,Red Light Violation,Approaching red light at 14.77 km/h,14.768461915987384,0.0,1.0,-0.0006155604496598244,-89.58177947998047,-0.00045123668212454504,0.0009838454920945122,-0.031264837831258774,-5.795462131500244,-0.009362220764160156,9.71633243560791,-0.003255743533372879,-0.028017185628414154,-0.0006769334431737661,5252,True,None,Red,Driving
205305a5,2025-04-05 14:36:51,a80f7fdc,Lane Violation,Crossed lane markings,20.6785158765962,0.15122757852077484,0.0,0.01016574539244175,102.28285217285156,0.0001965161662411674,-0.0009914613513933653,-0.005223541054874659,-1.189460277557373,0.19568216800689697,9.814614295959473,-0.000283885165117681,0.0012606126256287098,0.04918057471513748,5964,True,None,None,Driving
89bf16f8,2025-04-05 14:36:51,baeb7bf7,Red Light Violation,Approaching red light at 6.78 km/h,6.77919439779507,0.8500000238418579,0.0,0.0,-89.33880615234375,-0.0004476367250418889,-0.0009324471116334233,-0.004750633146613836,3.225616455078125,-0.012089014053344727,9.817221641540527,-5.3805997595191e-06,-0.0014463564148172736,0.0013111125444993377,5820,True,vehicle.carlamotors.firetruck,Red,Driving
0c6f0bac,2025-04-05 14:36:55,a80f7fdc,Red Light Violation,Approaching red light at 17.78 km/h,17.783482544447327,0.17126603424549103,0.0,-0.11992713063955307,100.488525390625,9.600192026937293e-05,-0.0010136104102030305,-0.005450095981359482,-0.6303020715713501,-1.1849344968795776,9.832784652709961,0.0007447649841196835,0.0003381902351975441,-0.2150532305240631,5336,True,None,Red,Driving
26b3c2a7,2025-04-05 14:37:01,869bf02e,Lane Violation,Crossed lane markings,19.6389795495758,0.5031766295433044,0.0,-0.46452954411506653,-126.65493774414062,0.0004375875972328913,0.0009119229047185875,-0.0018386458978056908,-1.3611845970153809,-4.375411033630371,9.813566207885742,-0.14122901856899261,0.012212947010993958,-0.3792407214641571,4796,True,None,None,Driving
9b3b806e,2025-04-05 14:37:04,baeb7bf7,Lane Violation,Crossed lane markings,20.595232593440617,0.2922214865684509,0.0,0.08653564751148224,-2.569061517715454,-0.000250185761785815,-0.0007774158993768222,-0.0034739302936941385,-0.1124875545501709,0.3934458792209625,9.812018394470215,0.001968300435692072,-0.00042935245437547565,0.1117711216211319,5460,True,vehicle.carlamotors.firetruck,None,Driving
fe98dba3,2025-04-05 14:37:07,c48bce71,Red Light Violation,Approaching red light at 13.78 km/h,13.783283110416116,0.0,1.0,0.00017573311924934387,-179.39129638671875,0.0006128819627235771,-0.0001986773981467011,-0.00656688679009676,-0.8557301163673401,0.011404791846871376,9.878719329833984,0.00027950265211984515,-0.002821243368089199,3.424697933951393e-05,5248,True,None,Red,Driving
bc088b56,2025-04-05 14:37:08,baeb7bf7,Red Light Violation,Approaching red light at 18.05 km/h,18.049253664857762,0.10987842828035355,0.0,-0.002189036225900054,0.496433287858963,-0.0002510608296404371,-0.0006711527923147435,-0.0034650801680982113,0.8684279918670654,-0.00848848931491375,9.822404861450195,0.0005789604038000107,-0.0021720915101468563,0.00130255869589746,5372,True,vehicle.carlamotors.firetruck,Red,Driving
1963c337,2025-04-05 14:37:11,a80f7fdc,Lane Violation,Crossed lane markings,6.830950759574929,0.8500000238418579,0.0,-0.0287606343626976,96.90030670166016,7.315129251139751e-05,-0.0010163188850651763,-0.005515365395694971,3.548452854156494,-0.07169580459594727,9.807929992675781,-5.2194984164088964e-05,-0.00047435276792384684,-0.02191627398133278,4976,True,None,Green,Driving
1e5d20a6,2025-04-05 14:37:22,ec0a0a0b,Wrong Way Driving,Vehicle moving opposite to lane direction,19.80158077997431,0.8341329097747803,0.0,-0.18208368122577667,-117.9683837890625,-0.0002192835227390333,0.0009227971718812785,-0.0033802413381636143,-0.8060231804847717,-0.9687342643737793,9.811006546020508,0.0017404940444976091,0.0021199993789196014,-0.25762373208999634,5808,True,None,None,Driving
352eb3cb,2025-04-05 14:37:22,2c195a12,Red Light Violation,Approaching red light at 15.81 km/h,15.80790145443249,0.0,1.0,0.0012440196005627513,90.17489624023438,9.926079931688037e-05,0.0009245651269799378,-0.0072126006707549095,-2.5292904376983643,0.012738227844238281,9.818482398986816,-4.166620783507824e-06,0.0014281678013503551,0.002082684775814414,5204,True,None,Red,Driving
b081ece8,2025-04-05 14:37:37,226c26c2,Red Light Violation,Approaching red light at 17.44 km/h,17.444454663408482,0.5028867721557617,0.0,0.0,89.83021545410156,-0.0009415807009958144,-0.0004672259636036938,-0.004708900116384029,-0.20243650674819946,-0.00243966281414032,9.807798385620117,0.0001228171749971807,-0.0008886142168194056,6.174337272568664e-07,5336,True,None,Red,Driving
23132697,2025-04-05 14:37:39,6c078bf6,Red Light Violation,Approaching red light at 16.99 km/h,16.992876122053467,0.0,1.0,-0.0006155604496598244,-179.4113006591797,0.000581411937048415,-0.00019495942201979696,0.04258720204234123,1.2630341053009033,0.02698669210076332,9.812654495239258,4.6255030611064285e-05,-0.00010355842823628336,0.0002576037950348109,5188,True,None,Red,Driving
8535cc92,2025-04-05 14:38:08,ec0a0a0b,Red Light Violation,Approaching red light at 17.91 km/h,17.9125733807091,0.0,1.0,0.0,-179.84068298339844,-0.00014939621520682067,-0.0001729400504886029,-0.003538932651281357,0.9471723437309265,-0.00014430703595280647,9.825839042663574,6.7006112658418715e-06,-0.002210187027230859,3.926722001779126e-06,5836,True,None,Red,Driving
0e11a88e,2025-04-05 14:38:10,55a2a0bc,Red Light Violation,Approaching red light at 18.79 km/h,18.78695110630332,0.07492629438638687,0.0,-0.00489965220913291,-179.484130859375,-0.001200077037367464,-0.00017407815958956182,0.009759406559169292,3.8268189430236816,-0.056814782321453094,9.855460166931152,-0.0007161963148973882,-0.026139242574572563,-0.0135729955509305,5472,True,None,Red,Driving
8ea4ce89,2025-04-05 14:38:19,6c078bf6,Wrong Way Driving,Vehicle moving opposite to lane direction,21.617340392579205,0.0,0.5169751644134521,-0.22342418134212494,144.1070098876953,0.0005537334266421112,-0.00037760189371568493,0.04276802018284798,-2.960224151611328,-2.8779358863830566,9.805875778198242,-0.0001990224700421095,0.0026320572942495346,-0.3563773036003113,5368,True,None,None,Driving
3e964564,2025-04-05 14:38:21,44750abd,Lane Violation,Crossed lane markings,20.275218134483502,0.38059476017951965,0.0,-0.004506411496549845,-10.85142707824707,0.0005261568978198738,0.00014224640937855157,-0.029430542141199112,-0.35098525881767273,-0.03399808332324028,9.809126853942871,-0.0036056446842849255,-0.0011288340901955962,-0.01135513000190258,4888,True,None,None,Driving
ed6baf56,2025-04-05 14:38:24,869bf02e,Wrong Way Driving,Vehicle moving opposite to lane direction,19.93952430074486,0.5605929493904114,0.0,-0.16665585339069366,143.78343200683594,0.0005548806167468001,-0.00037820247483405804,-0.0012626266106963158,-0.231032133102417,-1.6119444370269775,9.805781364440918,0.012891913764178753,0.008824864402413368,-0.4412769675254822,5040,True,None,None,Driving
bb372af2,2025-04-05 14:38:29,854a717d,Red Light Violation,Approaching red light at 14.20 km/h,14.198506542231227,0.0,1.0,0.02049241214990616,-5.388278484344482,0.0005506909757571066,-0.0006517993861810519,-0.001258048927411437,-2.952871084213257,0.03715716302394867,9.801308631896973,-0.0011519970139488578,0.007712037302553654,0.03945521265268326,5052,True,None,Red,Driving
531558f6,2025-04-05 14:38:33,869bf02e,Lane Violation,Crossed lane markings,20.13445407324499,0.7136889100074768,0.0,0.1498153656721115,97.38050079345703,0.00034934058729163553,-0.00043876011143243463,-0.00026432040613144636,0.7151010632514954,0.013011515140533447,9.788147926330566,-0.09597130119800568,-0.001847691833972931,0.32406896352767944,4828,True,None,None,Driving
95c49bf0,2025-04-05 14:38:36,13883c7d,Lane Violation,Crossed lane markings,22.057207301809733,0.0,0.10407955199480057,-0.21584944427013397,165.72274780273438,0.0006134261386989692,-0.0006252819787096428,-0.019833870232105255,2.4032654762268066,-2.8230466842651367,9.81306266784668,0.025256983935832977,0.011745236814022064,-0.6182359457015991,4820,True,vehicle.ford.crown,None,Driving
92dc37e7,2025-04-05 14:38:37,edecf8c7,Red Light Violation,Approaching red light at 14.25 km/h,14.2474165600561,0.0,1.0,0.0008381697698496282,-179.4357147216797,0.0006127919749303601,-0.0001908414696967471,-0.030940188094973564,3.306563138961792,-0.027070874348282814,9.910346984863281,0.007406090386211872,0.035093750804662704,0.004906802903860807,5476,True,None,Red,Driving
fdf93e46,2025-04-05 14:38:38,6c078bf6,Red Light Violation,Approaching red light at 15.88 km/h,15.881676941239762,0.0,1.0,-0.0011279109166935086,89.9107894897461,8.328047893257917e-05,-0.0004386230393981146,0.042621955275535583,-0.3864196240901947,0.011973321437835693,9.809646606445312,7.871876732679084e-06,-4.122323662159033e-05,0.0006532150437124074,5364,True,None,Red,Driving
8a7e59b7,2025-04-05 14:38:39,869bf02e,Lane Violation,Crossed lane markings,20.060892688723076,0.4644848704338074,0.0,-0.016795005649328232,93.4040756225586,0.00019097167100312618,-0.00046731766479465387,-0.0004889297415502369,0.41527003049850464,-0.4486241936683655,9.764820098876953,0.020426517352461815,-0.0024770814925432205,-0.05892257019877434,5468,True,None,None,Driving
104c0ab9,2025-04-05 14:38:43,869bf02e,Red Light Violation,Approaching red light at 15.79 km/h,15.787857956813188,0.0,1.0,-0.001338650705292821,90.25215148925781,9.261832281026727e-05,-0.00046981895527692516,-0.0005445480346679688,-4.663014888763428,-0.01703929901123047,10.085203170776367,-0.00047545507550239563,0.02618466503918171,-0.0041360571049153805,5208,True,None,Red,Driving
4f5f1e51,2025-04-05 14:38:46,c48bce71,Lane Violation,Crossed lane markings,18.19303802958127,0.8500000238418579,0.0,-0.21684247255325317,105.4073486328125,0.0003923421405289673,-0.0009682804143093393,-0.0045212553814053535,-1.0199980735778809,-2.998974561691284,9.598782539367676,0.061583664268255234,-0.005642414093017578,-0.5765361785888672,6120,True,None,None,Driving
00e17101,2025-04-05 14:39:07,ee846c16,Red Light Violation,Approaching red light at 17.33 km/h,17.3342135115441,0.0,1.0,0.0,-89.6064224243164,-0.0004600031240897806,0.0009523725879023495,-0.0044599915854632854,0.20791171491146088,-0.0014596879482269287,9.800729751586914,2.076849341392517e-07,-0.0022460217587649822,1.3007052075408865e-06,5596,True,None,Red,Driving
e699e143,2025-04-05 14:39:15,55a2a0bc,Lane Violation,Crossed lane markings,20.856988621956027,0.0,0.0014783511869609356,0.19473277032375336,-97.65326690673828,-0.0008839545897387779,-0.0009304487384450721,0.01034774724394083,-0.38415050506591797,2.188638687133789,9.825950622558594,-0.03393913060426712,0.014756057411432266,0.6657008528709412,4808,True,None,None,Driving
4a22a939,2025-04-05 14:39:22,baeb7bf7,Lane Violation,Crossed lane markings,15.780241145906064,0.0015060679288581014,0.0,0.1683046817779541,82.25080871582031,-0.00037414188716411445,0.00036302503676194223,-0.0034070205874741077,-0.6735477447509766,0.19734960794448853,9.811476707458496,-0.0008791439468041062,-0.001374223968014121,0.18173623085021973,5816,True,vehicle.carlamotors.firetruck,None,Driving
d344abef,2025-04-05 14:39:27,418a281a,Red Light Violation,Approaching red light at 13.76 km/h,13.76271024390913,0.0,1.0,-0.000870533986017108,0.004083632491528988,-0.00025167422700178577,-0.0006374630221115236,0.0022318267729133368,-4.2089409828186035,0.011928856372833252,9.797384262084961,-0.0004018159525003284,0.025568261742591858,0.0030562584288418293,5444,True,None,Red,Driving
4b551013,2025-04-05 14:39:43,baeb7bf7,Lane Violation,Crossed lane markings,20.539852793660547,0.17177501320838928,0.0,0.06858176738023758,178.19235229492188,-0.0005967209642676607,0.00022212072537242418,-0.0034795759711414576,-0.21462377905845642,0.20441822707653046,9.812446594238281,0.0013078405754640698,-7.569580338895321e-05,0.08849238604307175,6020,True,vehicle.carlamotors.firetruck,None,Driving
fa89f170,2025-04-05 14:39:46,ec0a0a0b,Red Light Violation,Approaching red light at 17.94 km/h,17.939093794462625,0.10578730702400208,0.0,0.0,89.8380355834961,-0.0009311171701682497,-0.00043581816862783314,-0.003499641316011548,-1.697445034980774,-0.0010546445846557617,9.812299728393555,4.390644608065486e-05,0.0004974986659362912,-7.14858572337107e-07,5692,True,None,Red,Driving
8ec07b96,2025-04-05 14:39:52,64feea7c,Wrong Way Driving,Vehicle moving opposite to lane direction,20.980187976888832,0.0,0.5283058285713196,-0.26191970705986023,144.12208557128906,0.0005512807281888854,-0.0003815045744088353,-0.011003685183823109,-2.5986499786376953,-3.0767111778259277,9.814958572387695,-0.010372648015618324,0.005741853266954422,-0.5162034034729004,5424,True,None,None,Driving
c8171f5b,2025-04-05 14:40:02,64feea7c,Lane Violation,Crossed lane markings,15.568346980576301,0.8500000238418579,0.0,0.05115995183587074,101.06153869628906,0.00033489209828019284,-0.00044119444222594055,-0.010779342614114285,0.7506921291351318,0.2345765233039856,9.81100082397461,-0.0005715019069612026,-0.00413604686036706,0.12991248071193695,5064,True,None,None,Driving
f1996adb,2025-04-05 14:40:12,64feea7c,Red Light Violation,Approaching red light at 17.69 km/h,17.68727198904271,0.35533714294433594,0.0,-0.0009800049010664225,90.28455352783203,8.938000455316342e-05,-0.00046978705176093716,-0.011377372778952122,5.625961780548096,-0.042996883392333984,9.801801681518555,-1.9168946892023087e-05,-0.0019733302760869265,-0.023451093584299088,5224,True,None,Red,Driving
1e5cec35,2025-04-05 14:40:17,ee846c16,Wrong Way Driving,Vehicle moving opposite to lane direction,22.23669036172193,0.0,0.699999988079071,-0.129463791847229,-118.72840881347656,-0.0002229369207924492,0.0009243416995639962,-0.005371971055865288,-1.1420631408691406,-2.4813127517700195,9.8925199508667,-0.025164484977722168,0.022929569706320763,-0.3073716163635254,4776,True,None,None,Driving
195f869c,2025-04-05 14:40:22,ec0a0a0b,Lane Violation,Crossed lane markings,19.47168728993434,0.7800758481025696,0.0,0.12976543605327606,-173.7264862060547,-0.0011924684428947785,-0.0006168302541455062,-0.0036744307726621628,-0.446927547454834,0.64127516746521,9.820962905883789,-0.005721997935324907,0.001681567169725895,0.20249418914318085,5360,True,None,None,Driving
13e979e9,2025-04-05 14:40:31,854a717d,Lane Violation,Crossed lane markings,23.424935872214924,0.0,0.699999988079071,0.17026981711387634,101.92208862304688,-0.0008074883385802423,0.0009164169484358029,-0.000766754150390625,-1.5990290641784668,1.4086337089538574,9.787152290344238,-0.020759833976626396,0.02088797837495804,0.4446295201778412,5100,True,None,None,Driving
41f5b1f1,2025-04-05 14:40:36,6c078bf6,Lane Violation,Crossed lane markings,15.188722299185844,0.0,1.0,0.35398367047309875,-151.89273071289062,-0.0011733569003666844,-0.0006756903564028554,0.04252712056040764,-4.439636707305908,1.6718344688415527,9.828927993774414,-0.005236619617789984,0.0025251430924981833,0.6543306112289429,5064,True,None,None,Driving
16a87758,2025-04-05 14:40:40,a80f7fdc,Lane Violation,Crossed lane markings,20.181008124093484,0.6062177419662476,0.0,-0.24515798687934875,-103.19816589355469,0.0002199674436553778,0.0009842221660448234,-0.005158805754035711,-0.36197996139526367,-2.4433465003967285,9.804301261901855,0.004117390140891075,0.0009143869392573833,-0.5733703374862671,4684,True,None,None,Driving
e45421e7,2025-04-05 14:40:41,6c078bf6,Lane Violation,Crossed lane markings,18.992402669148515,0.8500000238418579,0.0,0.009654191322624683,-138.71665954589844,-0.0011382383598146362,-0.0007166025891664303,0.04286640137434006,-0.14930865168571472,-0.013257697224617004,9.798848152160645,8.053402416408062e-05,0.002149370266124606,0.07790220528841019,4996,True,None,None,Driving
6a243bb4,2025-04-05 14:41:04,55a2a0bc,Red Light Violation,Approaching red light at 6.44 km/h,6.437725926276484,0.0,1.0,0.002157863462343812,0.035923175513744354,-0.00025144283227973574,-0.0006530856701511107,0.010918540880084038,-27.217321395874023,0.003335375338792801,9.845553398132324,-5.6706219766056165e-05,0.13212178647518158,0.000732812681235373,5628,True,None,Red,Driving
06d490db,2025-04-05 14:41:06,37cd8307,Red Light Violation,Approaching red light at 12.55 km/h,12.5537513062976,0.0,1.0,-0.0025786268524825573,-89.5066146850586,-0.0004550431725363069,0.0009523969181884413,0.06944610178470612,-6.354905605316162,-0.009366989135742188,9.762731552124023,1.1533498764038086e-05,0.02460499107837677,-0.0037804297171533108,5432,True,None,Red,Driving
881eb221,2025-04-05 14:41:06,869bf02e,Red Light Violation,Approaching red light at 17.90 km/h,17.903585285772927,0.10522394627332687,0.0,-0.0038671214133501053,-89.23632049560547,-0.0004768650061350854,-0.0009327610065920162,-0.0012196730822324753,0.06525200605392456,-0.07570556551218033,9.78118896484375,-0.0010128079447895288,-0.0007313154055736959,-0.010711749084293842,5520,True,None,Red,Driving
9cea400a,2025-04-05 14:41:07,6c078bf6,Lane Violation,Crossed lane markings,18.810996195913827,0.8500000238418579,0.0,-0.059620264917612076,-100.51136016845703,-0.0006182954170981247,-0.0009379862610763115,0.04267055541276932,2.754870653152466,-0.11082911491394043,9.884809494018555,0.000780245172791183,-0.0014250979293137789,-0.14164358377456665,5784,True,None,None,Driving
81ed6663,2025-04-05 14:41:08,5738d44d,Red Light Violation,Approaching red light at 11.83 km/h,11.82850738992318,0.0,1.0,-0.007872962392866611,-179.2566680908203,-0.001200096227449876,-0.00017479559461719267,0.0033053969964385033,-0.0977749451994896,0.04612043499946594,9.743287086486816,0.0010889796540141106,-0.04987865686416626,-0.008524981327354908,5536,True,None,Red,Driving
7cc05ead,2025-04-05 14:41:15,13883c7d,Lane Violation,Crossed lane markings,20.736381468687565,0.0,0.38841262459754944,-0.02221796102821827,-9.56178092956543,-0.00024761243994930737,-0.00017688734812892437,-0.018730925396084785,-2.596205234527588,-0.2346065193414688,9.789088249206543,0.0025670265313237906,0.01766323670744896,-0.06569813936948776,6004,True,vehicle.ford.crown,None,Driving
99fdb871,2025-04-05 14:41:20,13883c7d,Lane Violation,Crossed lane markings,16.936577516375017,0.8500000238418579,0.0,0.044935278594493866,-6.165318489074707,-0.0002274300735507495,-5.839518390144328e-05,-0.01949748955667019,0.9823578596115112,0.3544575572013855,9.839292526245117,-0.004701515659689903,0.0031008056830614805,0.1131582036614418,5368,True,vehicle.ford.crown,None,Driving
4b1482de,2025-04-05 14:41:34,c48bce71,Red Light Violation,Approaching red light at 14.51 km/h,14.505147878140342,0.0,1.0,-0.00017573311924934387,0.15140177309513092,-0.00022363146479165152,0.0006816290022897692,-0.006579513195902109,-1.0611790418624878,-0.010244705714285374,9.85758113861084,-0.0002798221248667687,0.0010950579307973385,-2.6799934857990593e-05,5344,True,None,Red,Driving
fb6b7855,2025-04-05 14:41:35,a80f7fdc,Red Light Violation,Approaching red light at 16.21 km/h,16.214663398141667,0.0,1.0,0.0,-179.40390014648438,0.0005813668403362726,-0.0001919736161642131,-0.005340308882296085,-0.3272337019443512,0.0033967066556215286,9.809911727905273,4.540481768344762e-07,-2.5658660888439044e-05,-0.0006516695721074939,5392,True,None,Red,Driving
2ecf8884,2025-04-05 14:41:35,ee846c16,Red Light Violation,Approaching red light at 16.14 km/h,16.13788987879348,0.0,1.0,0.0006155604496598244,-179.84600830078125,-0.0001478671081116545,-0.0007260995565282739,-0.004404754377901554,-0.6322718262672424,0.0010259058326482773,9.82420539855957,1.9319619241287e-05,0.00385479093529284,-1.0008520803239662e-05,5040,True,None,Red,Driving
ff42eec9,2025-04-05 14:41:55,64feea7c,Red Light Violation,Approaching red light at 17.13 km/h,17.12672260822044,0.0,0.699999988079071,0.0029323140624910593,179.94602966308594,-0.00011631014450586008,-0.000724659409199691,-0.011392517015337944,-5.883432865142822,-0.03431454300880432,9.869460105895996,-0.00015856088430155069,0.022804342210292816,0.003549233777448535,5592,True,None,Red,Driving
8a48c6c5,2025-04-05 14:42:09,baeb7bf7,Lane Violation,Crossed lane markings,16.98982142259898,0.03893192112445831,0.0,0.0441586971282959,-90.7379150390625,-0.00042564567601743875,-0.00037527245729644237,-0.004161033313721418,0.5944822430610657,0.15609997510910034,9.81843090057373,-0.00010237423703074455,0.002420840784907341,0.047427162528038025,5584,True,vehicle.carlamotors.firetruck,Green,Driving
d74345ae,2025-04-05 14:42:10,6c078bf6,Lane Violation,Crossed lane markings,15.793631442150588,0.4881754219532013,0.0,0.007444174028933048,-95.90758514404297,-0.0004973241723575939,-0.0009598003158340985,0.04254230484366417,2.6885457038879395,1.9743232727050781,9.810647964477539,0.004237412009388208,0.001111951656639576,0.1565995216369629,5096,True,None,None,Driving
d73e81eb,2025-04-05 14:42:13,44750abd,Lane Violation,Crossed lane markings,21.02421712584445,0.09485320746898651,0.0,0.08897019922733307,-128.29676818847656,-0.001122248838470341,-0.0007631774047397984,-0.029496345669031143,0.21660667657852173,0.4969494938850403,9.831551551818848,0.0837734043598175,-0.0094919353723526,0.23172283172607422,5256,True,None,None,Driving
256620ad,2025-04-05 14:42:19,c48bce71,Wrong Way Driving,Vehicle moving opposite to lane direction,19.857589909141932,0.8500000238418579,0.0,-0.10907621681690216,-54.35521697998047,-0.00016761254026675942,0.0009199855503133068,-0.00934070535004139,2.853590726852417,-0.7997429370880127,9.825992584228516,0.014550264924764633,0.0011244462803006172,-0.28527870774269104,4920,True,None,None,Driving
4cb07896,2025-04-05 14:42:21,baeb7bf7,Lane Violation,Crossed lane markings,20.358559921214074,0.3678208887577057,0.0,0.07751142978668213,-2.044189929962158,-0.00025136348470766734,-0.00022819659749969657,-0.0034231948666274548,-0.04334519803524017,0.1827358454465866,9.808357238769531,0.0011448829900473356,0.0006433745147660375,0.1056346669793129,5652,True,vehicle.carlamotors.firetruck,None,Driving
a4a82a07,2025-04-05 14:42:29,13883c7d,Wrong Way Driving,Vehicle moving opposite to lane direction,17.768796982630246,0.8500000238418579,0.0,-0.10255728662014008,-53.92291259765625,-0.00016744808809221468,0.0009197279234248023,-0.01936260238289833,3.648589611053467,-0.9708493947982788,9.708307266235352,-0.0007764101028442383,-0.01188051700592041,-0.23328638076782227,5504,True,vehicle.ford.crown,None,Driving
5ebf5f92,2025-04-05 14:42:29,37cd8307,Lane Violation,Crossed lane markings,20.26635116946634,0.40098878741264343,0.0,-0.05652187764644623,171.60690307617188,-0.00012247053868463809,-2.8772169616454706e-05,0.06779319792985916,-0.30350565910339355,-0.40449845790863037,9.810123443603516,0.005548842251300812,0.0022383341565728188,-0.14145973324775696,5472,True,None,None,Driving
dc4aa180,2025-04-05 14:42:35,37cd8307,Lane Violation,Crossed lane markings,17.499422218123456,0.0,0.010561056435108185,0.018732931464910507,174.87367248535156,-0.00014574790594679143,-0.00016623061428469918,0.06779933720827103,-0.9926499128341675,0.09936219453811646,9.859024047851562,-0.0018602090422064066,0.01323742140084505,0.037241484969854355,5632,True,None,None,Driving
5be34e7a,2025-04-05 14:42:36,5738d44d,Red Light Violation,Approaching red light at 16.74 km/h,16.74206073459703,0.0,1.0,0.0,-89.39056396484375,-0.000474087138556456,-0.0009641674993835507,0.0009015274117700756,1.4316575527191162,-0.009922385215759277,9.847697257995605,-0.00023016147315502167,-0.018594462424516678,3.347562960698269e-05,5528,True,None,Red,Driving
a4dc1646,2025-04-05 14:42:37,37cd8307,Red Light Violation,Approaching red light at 15.17 km/h,15.167335210811094,0.0,1.0,0.01663910038769245,177.57925415039062,-0.00014721654710569965,-0.00019636336519731522,0.06698203831911087,-2.762638568878174,0.06894055008888245,9.941859245300293,-0.0006177341565489769,0.026536859571933746,0.03363630548119545,5436,True,None,Red,Driving
6c504018,2025-04-05 14:42:42,226c26c2,Lane Violation,Crossed lane markings,19.74237865779416,0.6593984961509705,0.0,0.06955476105213165,-81.46268463134766,6.0690193819823435e-05,-0.0009534305783992483,-0.0045854183845222,-0.3432520031929016,0.3340971767902374,9.817909240722656,-0.009542828425765038,0.001792863942682743,0.10234523564577103,5372,True,None,None,Driving
2e8829aa,2025-04-05 14:42:46,44750abd,Red Light Violation,Approaching red light at 16.10 km/h,16.101062377019307,0.0,1.0,0.0,-89.3792953491211,-0.0004566954045657212,-0.0009325361399197141,-0.029675178229808807,-4.416264057159424,-0.002524852752685547,9.828009605407715,4.927441477775574e-05,-0.047383278608322144,1.4512843335978687e-06,5372,True,None,Red,Driving
6927d56c,2025-04-05 14:42:48,226c26c2,Lane Violation,Crossed lane markings,19.957439214449572,0.5897103548049927,0.0,0.02426370605826378,-81.67810821533203,0.0002275796362738447,-0.0009234967875444477,-0.004471359308809042,-0.02872312068939209,0.12688666582107544,9.811258316040039,0.003252826165407896,0.0002338069025427103,0.03939482197165489,5392,True,None,None,Driving
b4fb4b39,2025-04-05 14:42:50,13883c7d,Lane Violation,Crossed lane markings,21.748618851250885,0.0,0.23873287439346313,0.0,-94.629150390625,0.0003085684078740769,0.0009475485432625086,-0.020069655030965805,2.6714015007019043,-0.0022420883178710938,9.844404220581055,1.1197291314601898e-05,0.00722650159150362,-0.00019704364240169525,5284,True,vehicle.ford.crown,None,Driving
b3997fb2,2025-04-05 14:42:52,6c078bf6,Wrong Way Driving,Vehicle moving opposite to lane direction,18.380639021986696,0.8500000238418579,0.0,-0.08635067939758301,-51.88026809692383,-0.00014445601914303552,-0.0004378483425281466,0.04251625016331673,3.1959874629974365,-0.32634294033050537,9.880101203918457,0.0009598952019587159,-0.0013945989776402712,-0.2035292387008667,5196,True,None,None,Driving
4a1d241c,2025-04-05 14:42:54,ec0a0a0b,Red Light Violation,Approaching red light at 17.06 km/h,17.06457477534589,0.0,1.0,0.102235347032547,-8.489482879638672,0.0005498123782956554,-0.0006690340013442421,-0.0034466171637177467,-0.4657888412475586,0.23210614919662476,9.808432579040527,-0.008350801654160023,0.0008393561583943665,0.13459211587905884,5328,True,None,Red,Driving
0db1a853,2025-04-05 14:42:55,13883c7d,Lane Violation,Crossed lane markings,15.058024974980443,0.8500000238418579,0.0,-0.1714293360710144,-116.90350341796875,0.0004208652545401037,0.0009201766972651659,-0.0185213852673769,-0.046868205070495605,-1.421405553817749,9.81343936920166,-0.03089061751961708,-0.008734691888093948,-0.17815233767032623,5176,True,vehicle.ford.crown,None,Driving
482b7341,2025-04-05 14:42:56,ec0a0a0b,Lane Violation,Crossed lane markings,11.793952466477656,0.0,1.0,0.04930984973907471,-5.856265544891357,0.0005516385204771268,-0.0006477543219122516,-0.002485084580257535,-2.969059705734253,0.9276003241539001,9.797640800476074,0.007043483667075634,0.000996998744085431,0.07350298017263412,5860,True,None,Red,Driving
f6538b16,2025-04-05 14:43:05,a80f7fdc,Red Light Violation,Approaching red light at 14.21 km/h,14.206670397540762,0.0,1.0,-0.0008176579140126705,89.88616943359375,8.736409472476225e-05,-0.00043865603949037716,-0.005275840871036053,-4.580720901489258,-0.0038633346557617188,9.816032409667969,4.559988155961037e-06,0.001887272926978767,-0.0009695921326056123,5280,True,None,Red,Driving
b2e3e740,2025-04-05 14:43:07,ec0a0a0b,Lane Violation,Crossed lane markings,7.716909098794813,0.8500000238418579,0.0,0.06770960986614227,-4.206727027893066,0.000552081811420635,-0.0006373903739333339,-0.00533931702375412,7.737649917602539,0.28913792967796326,9.769548416137695,0.0023741251789033413,-0.012323331087827682,0.026925163343548775,5056,True,None,Green,Driving
f439ff32,2025-04-05 14:43:09,64feea7c,Lane Violation,Crossed lane markings,13.911623262453066,0.8500000238418579,0.0,0.40962302684783936,-41.86268615722656,0.0004408261639241573,-0.0008638976614140623,-0.010240554809570312,-2.9183719158172607,1.8547900915145874,9.785651206970215,-0.009503298439085484,-0.003571928944438696,0.6584240198135376,5892,True,None,None,Driving
8485e1de,2025-04-05 14:43:12,6c078bf6,Red Light Violation,Approaching red light at 10.93 km/h,10.926008866497476,0.0,1.0,-0.0006357255624607205,-89.61486053466797,0.0003540774883674658,-0.0004057916828098237,0.04267372190952301,-5.271118640899658,0.024138450622558594,9.807758331298828,4.118448123335838e-05,0.001390210003592074,-0.01375456154346466,5252,True,None,Red,Driving
9f545eeb,2025-04-05 14:43:43,6c078bf6,Wrong Way Driving,Vehicle moving opposite to lane direction,22.02196359792967,0.25177210569381714,0.0,-0.13976462185382843,-105.9653091430664,0.0005049931127985019,-0.00041660042954010974,0.04276904836297035,-0.5611945390701294,-0.3104347586631775,9.81382942199707,0.0014231095556169748,0.001167586538940668,-0.24369248747825623,4912,True,None,None,Driving
d0cb7dde,2025-04-05 14:43:47,37cd8307,Red Light Violation,Approaching red light at 12.76 km/h,12.756455622945882,0.0,1.0,-0.0008176579140126705,89.86479949951172,-0.0009495698759707238,-0.00043576453919440543,0.06923312693834305,-2.1765177249908447,0.013672590255737305,9.808218955993652,5.202600732445717e-05,-0.0057264831848442554,-0.008907319977879524,5192,True,None,Red,Driving
7d128cd9,2025-04-05 14:43:58,baeb7bf7,Lane Violation,Crossed lane markings,20.591958701534207,0.22575829923152924,0.0,0.16168197989463806,84.66194915771484,-0.0003864803235273939,0.0009223366783819804,-0.0034079360775649548,-0.2584282159805298,1.020182728767395,9.811443328857422,-0.004402657970786095,0.000764048658311367,0.2745494544506073,5416,True,vehicle.carlamotors.firetruck,None,Driving
1d78fbc1,2025-04-05 14:43:59,5738d44d,Red Light Violation,Approaching red light at 17.27 km/h,17.266874183184026,0.0,1.0,-0.006277512758970261,0.1382054090499878,-0.00021991367712814736,-0.0006537750054117059,0.0009432601509615779,1.090054988861084,-0.0009830667404457927,9.8388032913208,-8.423142389801797e-06,-0.02124287188053131,-1.900162715173792e-05,5508,True,None,Red,Driving
13710e43,2025-04-05 14:44:04,854a717d,Red Light Violation,Approaching red light at 5.29 km/h,5.286802765063106,0.0,1.0,-0.001360971829853952,-179.5917510986328,-0.0011686338092715687,-0.00017429773185453814,-0.0014196777483448386,-27.155532836914062,0.015120983123779297,9.621207237243652,0.000226757547352463,0.07531838864088058,-0.0020037193316966295,5520,True,None,Red,Driving
3f654ecf,2025-04-05 14:44:12,a80f7fdc,Lane Violation,Crossed lane markings,20.059028175183222,0.5962115526199341,0.0,0.03873173147439957,99.36901092529297,-0.0008026632658868493,-0.00044012863862308543,-0.005170974414795637,-1.019452452659607,0.47132956981658936,9.809538841247559,-0.0009780577383935452,0.0005728891701437533,0.12760086357593536,5416,True,None,None,Driving
eab62130,2025-04-05 14:44:13,baeb7bf7,Lane Violation,Crossed lane markings,20.553336448099362,0.2536945343017578,0.0,0.34213095903396606,91.29488372802734,-0.0008019603605049497,0.000918168591962378,-0.0034660720266401768,-0.29521751403808594,4.436538219451904,9.801950454711914,0.028115013614296913,0.00039058923721313477,0.18128623068332672,5516,True,vehicle.carlamotors.firetruck,None,Driving
8d6d8afc,2025-04-05 14:44:14,edecf8c7,Red Light Violation,Approaching red light at 15.31 km/h,15.31294159361326,0.0,1.0,-0.0006732309120707214,-89.5726089477539,-0.0004566775166665593,0.0009838221898486777,-0.030524710193276405,-2.8210673332214355,-0.009097099304199219,9.7235746383667,-0.0013389475643634796,-0.01386991050094366,-0.0015806345036253333,5124,True,None,Red,Driving
4080c8d2,2025-04-05 14:44:17,a80f7fdc,Lane Violation,Crossed lane markings,18.27263016179564,0.2842422127723694,0.0,-0.03854620084166527,95.95856475830078,-0.000932685754008844,-0.00046292320391037194,-0.0051884460262954235,-0.6050525307655334,-0.220381498336792,9.812353134155273,0.0005393758183345199,0.0004957272321917117,-0.07648197561502457,5144,True,None,None,Driving
4f337086,2025-04-05 14:44:19,baeb7bf7,Lane Violation,Crossed lane markings,20.75463151432133,0.17998017370700836,0.0,0.01832064986228943,111.06437683105469,-0.0009418488824337601,0.0008696256961202434,-0.0034637069329619408,0.5327270030975342,0.24551522731781006,9.805520057678223,0.003075437620282173,-0.0006467318162322044,0.017445433884859085,5268,True,vehicle.carlamotors.firetruck,None,Driving
9f01c0ad,2025-04-05 14:44:20,c48bce71,Wrong Way Driving,Vehicle moving opposite to lane direction,18.205594460767557,0.8500000238418579,0.0,-0.19070853292942047,143.6328125,0.0005516603491884098,-0.0003805599767523276,-0.009122009389102459,2.5631654262542725,-2.6384222507476807,9.829265594482422,-0.016282349824905396,-0.009409443475306034,-0.41573795676231384,5248,True,None,None,Driving
3d8aa14e,2025-04-05 14:44:23,6c078bf6,Red Light Violation,Approaching red light at 15.74 km/h,15.736923903761975,0.0,1.0,-0.0019121209625154734,91.02606964111328,8.723751726336104e-05,-0.0010204354323998745,0.0426337793469429,-2.3343427181243896,-0.017750978469848633,9.811330795288086,1.0203220881521702e-05,0.0012039068387821317,-0.00575504032894969,5080,True,None,Red,Driving
c42a1ebf,2025-04-05 14:44:29,baeb7bf7,Lane Violation,Crossed lane markings,20.516353645316382,0.2172747403383255,0.0,0.20169377326965332,150.0088348388672,-0.0011447765587888625,0.0007037276871268217,-0.003451499855145812,0.16498422622680664,1.5625017881393433,9.807278633117676,0.0008175784023478627,0.0002885593567043543,0.1822265237569809,5724,True,vehicle.carlamotors.firetruck,None,Driving
365f5079,2025-04-05 14:44:32,64feea7c,Red Light Violation,Approaching red light at 16.58 km/h,16.584012603683675,0.34081822633743286,0.0,-0.00015044250176288188,90.07042694091797,9.920202967350633e-05,0.0008930004530607979,-0.010909881442785263,-0.3326318562030792,-0.26965028047561646,9.809947967529297,-2.8839753213105723e-05,-6.76398558425717e-05,0.0749659612774849,5084,True,None,Red,Driving
60783922,2025-04-05 14:44:39,c48bce71,Red Light Violation,Approaching red light at 16.79 km/h,16.791017755488735,0.7517656683921814,0.0,-0.000870533986017108,89.89871215820312,8.869387335153078e-05,-0.0004386496313727727,-0.007627754006534815,2.0174741744995117,-0.017844080924987793,9.787924766540527,-0.0005395170301198959,-0.022200562059879303,-0.00131666858214885,5344,True,None,Red,Driving
5ab8f438,2025-04-05 14:44:58,37cd8307,Red Light Violation,Approaching red light at 15.41 km/h,15.410873149394916,0.0,1.0,0.0,-89.38365936279297,-0.00046964501086677046,-0.0009641309696864044,0.06728408485651016,-2.6944692134857178,-0.0010266304016113281,9.95540714263916,9.156763553619385e-06,0.019944313913583755,4.293343590688892e-05,4876,True,None,Red,Driving
66146f93,2025-04-05 14:45:03,13883c7d,Red Light Violation,Approaching red light at 16.61 km/h,16.60899781666633,0.0,1.0,-0.0015576439909636974,91.01990509033203,8.913095324203368e-05,-0.0010203822484505583,-0.01833946257829666,-3.9851133823394775,0.0010552406311035156,9.781460762023926,0.0004431474953889847,0.018484551459550858,-0.004347789566963911,4888,True,vehicle.ford.crown,Red,Driving
0e84d5d7,2025-04-05 14:45:04,a80f7fdc,Red Light Violation,Approaching red light at 15.46 km/h,15.464171706242885,0.0,1.0,-0.0015173139981925488,-89.47383880615234,-0.00047191183962524974,-0.0009325273673095177,-0.005344963166862726,-1.0107944011688232,-0.0029285550117492676,9.810917854309082,5.766021786257625e-06,0.00039870385080575943,-0.0036938153207302094,5724,True,None,Red,Driving
ca2b2f68,2025-04-05 14:45:08,ee846c16,Red Light Violation,Approaching red light at 18.28 km/h,18.280711509160284,0.09940710663795471,0.0,-0.0006155604496598244,-89.61016845703125,-0.00046169277679553034,0.0009838042334121817,-0.005118026398122311,3.866036891937256,-0.016501665115356445,9.858133316040039,-0.00031042471528053284,-0.020700965076684952,-0.0009239591308869421,5188,True,None,Red,Driving
d55f0e55,2025-04-05 14:45:11,2c195a12,Lane Violation,Crossed lane markings,19.060491950475505,0.8500000238418579,0.0,0.31231486797332764,169.39300537109375,-0.001182583904352441,0.0006867955214073585,-0.007004699669778347,1.095041275024414,2.367788791656494,9.797184944152832,-0.004032034892588854,-0.0005473323981277645,0.7057619094848633,4392,True,None,None,Driving
95742969,2025-04-05 14:45:21,ec0a0a0b,Lane Violation,Crossed lane markings,19.117140009661338,0.8500000238418579,0.0,0.5164130926132202,156.91183471679688,-0.0011732279155864944,0.0007100476674132138,-0.0032096479553729296,1.6776456832885742,2.9093151092529297,9.757214546203613,0.021237565204501152,0.005818379111588001,0.6532368063926697,5476,True,None,None,Driving
543cd184,2025-04-05 14:45:22,a80f7fdc,Red Light Violation,Approaching red light at 17.18 km/h,17.18126170934926,0.31927570700645447,0.0,0.0,0.16271071135997772,-0.00025135071986426283,-0.0006560761021878528,-0.005361862014979124,-0.20792587101459503,-0.0006607690011151135,9.808176040649414,-3.38872638394605e-07,-0.00014829584688413888,4.4189630443725036e-07,4884,True,None,Red,Driving
5d0dcc84,2025-04-05 14:45:27,ec0a0a0b,Lane Violation,Crossed lane markings,19.666059153662587,0.8500000238418579,0.0,-0.003547414904460311,-179.2889404296875,-0.0011744064609189309,0.0005802193418188928,-0.0033849715255200863,0.5812990069389343,0.00887187011539936,9.803853034973145,-0.00033102696761488914,-0.0013477025786414742,-0.005596996285021305,4696,True,None,None,Driving
7d55c9ad,2025-04-05 14:45:32,226c26c2,Red Light Violation,Approaching red light at 16.51 km/h,16.506400104790146,0.0,1.0,0.0,-179.84104919433594,-0.00011642825775481924,-0.0007219785543524605,-0.00483016949146986,0.7314108610153198,0.00076626380905509,9.829681396484375,4.016328603029251e-07,-0.0033526383340358734,-3.816896665398417e-08,4972,True,None,Red,Driving
4a140f53,2025-04-05 14:45:56,baeb7bf7,Lane Violation,Crossed lane markings,20.46626018911131,0.29043006896972656,0.0,-0.00478007085621357,-100.42417907714844,-0.0009202857380188334,-0.0003919664946242832,-0.0034721754491329193,-0.06997998058795929,-0.004518941044807434,9.811039924621582,4.404631908982992e-06,-0.00032103105331771076,-0.007445832714438438,5728,True,vehicle.carlamotors.firetruck,None,Driving
dad08b65,2025-04-05 14:46:00,edecf8c7,Red Light Violation,Approaching red light at 15.56 km/h,15.563893600492836,0.0,1.0,0.0,-179.40249633789062,0.0006128163737599834,-0.00019369770821188998,-0.030267370864748955,-0.7370539903640747,7.217377424240112e-05,9.794532775878906,-0.00017100878176279366,-0.003804378444328904,-0.0023427465930581093,5428,True,None,Red,Driving
6f16186b,2025-04-05 14:46:16,5738d44d,Red Light Violation,Approaching red light at 8.84 km/h,8.839097252205464,0.0,1.0,0.0012436407851055264,90.08954620361328,0.0001020664325466214,0.0009245022109161849,0.00011436462227720767,-17.80794906616211,-0.0061817169189453125,10.463908195495605,-0.0008270293474197388,0.19768911600112915,0.0029062465764582157,5168,True,None,Red,Driving
fb2eb4bc,2025-04-05 14:46:23,baeb7bf7,Wrong Way Driving,Vehicle moving opposite to lane direction,20.469146449770122,0.3190634250640869,0.0,-0.2012273669242859,-115.00912475585938,-0.0002319022542849325,-0.00043723021618938057,-0.0034080122131854296,0.2467212677001953,-1.3136428594589233,9.801591873168945,-0.002320918720215559,0.0006540315225720406,-0.2500903010368347,5324,True,vehicle.carlamotors.firetruck,None,Driving
35d6d18f,2025-04-05 14:46:31,baeb7bf7,Lane Violation,Crossed lane markings,20.512516996716247,0.25934484601020813,0.0,-0.09202323108911514,-175.87933349609375,-0.00014800496830957854,-0.000600793785634307,-0.0034622573293745518,0.15096880495548248,-0.22334414720535278,9.808606147766113,0.0016817966243252158,0.00016041472554206848,-0.12556348741054535,5620,True,vehicle.carlamotors.firetruck,None,Driving
3e05d37a,2025-04-05 14:46:35,baeb7bf7,Red Light Violation,Approaching red light at 17.35 km/h,17.345317365115626,0.0,1.0,0.003605208359658718,179.87655639648438,-0.0001477113257521978,-0.0007137073536575232,-0.0036291121505200863,-0.28437691926956177,0.058840714395046234,9.815290451049805,0.0006510519306175411,-0.00021157476294320077,0.002450779313221574,5716,True,vehicle.carlamotors.firetruck,Red,Driving
b6de1e4d,2025-04-05 14:46:47,ec0a0a0b,Lane Violation,Crossed lane markings,20.01487681553717,0.638023853302002,0.0,0.10769996792078018,-94.82095336914062,-0.0010353514740444325,-0.00040414041028037927,-0.003536567557603121,-0.21883463859558105,0.4645106792449951,9.816001892089844,-0.001568731153383851,-0.0002433396875858307,0.17168329656124115,5740,True,None,None,Driving
73c41dd3,2025-04-05 14:46:53,37cd8307,Wrong Way Driving,Vehicle moving opposite to lane direction,20.82520169316492,0.4964311420917511,0.0,-0.15312419831752777,-51.39924621582031,-0.0001444779506556415,-0.0004366130150868462,0.06684379279613495,2.261455535888672,-1.510454535484314,9.816608428955078,0.0024725052062422037,-0.006080697290599346,-0.3747997283935547,5632,True,None,None,Driving
4d7ae984,2025-04-05 14:47:03,418a281a,Red Light Violation,Approaching red light at 15.28 km/h,15.282144373048832,0.0,1.0,0.0006220098002813756,0.037990327924489975,-0.0002200997181631692,-0.0006386583587868111,0.002408103784546256,-3.3052475452423096,0.017420927062630653,9.79665756225586,0.00010256718087475747,0.01895359344780445,0.003033923450857401,5408,True,None,Red,Driving
6ff0fbd7,2025-04-05 14:47:05,6c078bf6,Red Light Violation,Approaching red light at 13.43 km/h,13.433606472631688,0.0,1.0,0.00017573311924934387,-89.60186767578125,-0.0004519258460504716,0.0009838588566178582,0.042644500732421875,-4.658997058868408,-0.007632732391357422,9.810528755187988,-8.548260666429996e-06,0.001782078412361443,-0.001094470382668078,5512,True,None,Red,Driving
3cd6dddb,2025-04-05 14:47:08,c48bce71,Red Light Violation,Approaching red light at 16.84 km/h,16.83697164621482,0.036013051867485046,0.0,0.0006155604496598244,-89.4039077758789,-0.00047002929230188784,-0.0009641071191524328,-0.007512778975069523,-2.2954189777374268,0.009145259857177734,9.930421829223633,0.00025799311697483063,0.01989358477294445,0.0011385774705559015,5484,True,None,Red,Driving
3c7f0358,2025-04-05 14:47:09,ec0a0a0b,Red Light Violation,Approaching red light at 17.66 km/h,17.655300075796962,0.0,1.0,0.0,-90.15728759765625,-0.0004661375773906684,-0.00040567931800968986,-0.0037063979543745518,1.0619556903839111,0.0004075765609741211,9.808882713317871,-4.1211023926734924e-06,-0.004564153961837292,-1.5686623555666301e-06,5836,True,None,Red,Driving
a3aeb6a5,2025-04-05 14:47:20,baeb7bf7,Lane Violation,Crossed lane markings,20.536879301280436,0.29210904240608215,0.0,-0.013734358362853527,91.19810485839844,-0.0003834988697093422,-0.001026118301870747,-0.003451728727668524,0.0834091529250145,-0.06753305345773697,9.809234619140625,0.0001305050973314792,4.436160088516772e-05,-0.022274276241660118,5656,True,vehicle.carlamotors.firetruck,None,Driving
88546eba,2025-04-05 14:47:27,ee846c16,Red Light Violation,Approaching red light at 16.90 km/h,16.900987840148378,0.0,1.0,0.0006155604496598244,-179.4042510986328,0.0006127669592785878,-0.0001882965217715449,-0.004627456422895193,3.9530344009399414,0.014214649796485901,9.802483558654785,0.00033514079404994845,-0.0211891308426857,0.0009233887540176511,5356,True,None,Red,Driving
d0d03da4,2025-04-05 14:47:30,226c26c2,Red Light Violation,Approaching red light at 15.96 km/h,15.9589074312615,0.0,1.0,0.0037929071113467216,90.09324645996094,0.00010395578205191214,0.0009246077563826113,-0.004697380121797323,-0.6257291436195374,0.014139711856842041,9.805788040161133,-0.00032774917781352997,0.0008607164490967989,0.005214420147240162,5216,True,None,Red,Driving
48c617c1,2025-04-05 14:47:54,869bf02e,Red Light Violation,Approaching red light at 15.17 km/h,15.174304516699488,0.0,1.0,0.0014294316060841084,90.09879302978516,0.00010414378493805998,0.0008930605591478473,0.005490531679242849,-0.5954318642616272,-0.009901821613311768,9.705170631408691,-0.000149852829053998,-0.001228518201969564,0.006624244153499603,5160,True,None,Red,Driving
5e310346,2025-04-05 15:17:23,6de7855a,Lane Violation,Crossed lane markings,8.09063358173801,0.8500000238418579,0.0,-0.03265293315052986,90.32588195800781,-0.000661013299776414,-0.0009981369650728007,0.02558971382677555,4.004459857940674,-0.09200811386108398,8.627217292785645,-0.016111014410853386,-0.0017029307782649994,-0.017075596377253532,5768,True,None,None,Driving
02fd4d00,2025-04-05 15:17:29,78799283,Wrong Way Driving,Vehicle moving opposite to lane direction,23.15718279240977,0.0,0.699999988079071,-0.12056438624858856,-51.00133514404297,-0.00014655493467330416,-0.00043893648887259585,-0.010568923316895962,0.596167266368866,-2.4398276805877686,10.176108360290527,-0.01028187945485115,0.03423166275024414,-0.35894128680229187,5284,True,None,None,Driving
10a8b2e7,2025-04-05 15:17:30,8630479c,Red Light Violation,Approaching red light at 15.69 km/h,15.693752037750363,0.0,1.0,-0.0006220098002813756,90.71281433105469,9.131137522899735e-05,-0.0009892361925242317,-0.0053056334145367146,-1.9439111948013306,-0.0005015134811401367,9.9071683883667,9.548850357532501e-05,0.021030720323324203,-0.0009764684364199638,5812,True,None,Red,Driving
beede208,2025-04-05 15:17:30,6de7855a,Lane Violation,Crossed lane markings,20.60730089286236,0.23726435005664825,0.0,-0.1288638859987259,80.25325775146484,-0.0008216471258180036,-0.000982262241562099,-0.003460273612290621,0.5723321437835693,-0.14392238855361938,9.804340362548828,-0.00033439527032896876,0.00023031896853353828,-0.03259621560573578,5376,True,None,None,Driving
90d2382d,2025-04-05 15:17:33,75e559e8,Red Light Violation,Approaching red light at 16.68 km/h,16.67982869834057,0.0,1.0,0.0006220098002813756,-179.66375732421875,-0.0011686135226227634,-0.0001791337531633776,0.010737952776253223,0.5490624904632568,-0.008244429714977741,9.793594360351562,5.6943739764392376e-05,-0.005371419712901115,4.702435762737878e-05,5568,True,None,Red,Driving
8430c490,2025-04-05 15:17:33,2915a0e4,Red Light Violation,Approaching red light at 17.22 km/h,17.222233359553265,0.4166700839996338,0.0,-0.0002485241857357323,-179.67059326171875,-0.0012000623706711622,-0.00017563622313566862,0.042580604553222656,0.7958919405937195,-0.014581121504306793,9.810876846313477,-3.051895328098908e-05,-0.0006847331533208489,-0.0002486612065695226,5320,True,None,Red,Driving
631e3511,2025-04-05 15:17:42,6de7855a,Lane Violation,Crossed lane markings,20.418270338790812,0.30818450450897217,0.0,-0.07780513912439346,50.10956954956055,-0.0010999275486653914,-0.0008474863008889979,-0.00343151087872684,-0.375759482383728,-0.28619253635406494,9.81071949005127,0.004404609091579914,0.0007874739822000265,-0.1063217967748642,4896,True,None,None,Driving
18676b95,2025-04-05 15:17:44,f8ca6b2d,Lane Violation,Crossed lane markings,21.1858483376441,0.1591971069574356,0.0,-0.03271718695759773,81.21646118164062,-0.0005036019687167936,-0.00102071499081387,-0.0010614775819703937,-2.455608367919922,-0.07333707809448242,9.810826301574707,0.0025049084797501564,0.007205331698060036,0.041625574231147766,4872,True,None,None,Driving
3ead1c07,2025-04-05 15:17:50,78799283,Red Light Violation,Approaching red light at 12.38 km/h,12.37534673998061,0.0,1.0,-0.0011315717129036784,-89.6033935546875,0.000353920609427405,-0.00040580511586918704,-0.005234794691205025,-5.926275253295898,-0.00978851318359375,9.83782958984375,0.00029373541474342346,0.03269039839506149,-0.0018052355153486133,5052,True,None,Red,Driving
02a51848,2025-04-05 15:17:56,1fdef5a5,Lane Violation,Crossed lane markings,12.862673186558185,0.8500000238418579,0.0,-0.0969410389661789,-9.267865180969238,-0.0012630606776156128,0.00019340084445356145,-0.026663416996598244,5.981245040893555,-0.4296422302722931,9.84048080444336,0.0011374617461115122,0.0028460987377911806,-0.12493760138750076,5184,True,None,None,Driving
3e85ea70,2025-04-05 15:18:01,1fdef5a5,Lane Violation,Crossed lane markings,19.852359570317823,0.0,0.14302338659763336,0.11000951379537582,-5.946629524230957,-0.0012394971724773995,0.0003152086569697121,-0.029537295922636986,-1.5079594850540161,1.3722968101501465,9.719698905944824,-0.0553438663482666,-0.01725265011191368,0.11862175166606903,5496,True,None,None,Driving
1563e23a,2025-04-05 15:18:08,f8ca6b2d,Lane Violation,Crossed lane markings,18.59531522660994,0.0,0.51047283411026,0.0015173139981925488,59.859317779541016,-0.0010931224704506803,-0.0008617857925812941,-0.0012563323834910989,-6.023904800415039,0.013983011245727539,9.790898323059082,-0.0002595493569970131,0.024912279099225998,0.0025995876640081406,5012,True,None,None,Driving
a13213f2,2025-04-05 15:18:10,73effb07,Red Light Violation,Approaching red light at 8.37 km/h,8.370913805474885,0.0,1.0,0.0,-89.60882568359375,-0.00044567998747879756,0.0009524723763433344,0.1422698199748993,-5.296240329742432,0.0009913444519042969,9.793535232543945,-2.5335466489195824e-06,0.0008120926795527339,-1.1420973351050634e-05,5352,True,None,Red,Driving
9c242af3,2025-04-05 15:18:10,2306aa25,Lane Violation,Crossed lane markings,23.052967607344655,0.0,0.699999988079071,-0.060955509543418884,79.60140991210938,-0.0004276796193920518,-0.0010228653768882823,0.03856773301959038,8.206615447998047,-1.0152745246887207,9.775830268859863,0.0024245725944638252,-0.009190741926431656,-0.2604711949825287,5260,True,None,None,Driving
70e48bc9,2025-04-05 15:18:13,78799283,Wrong Way Driving,Vehicle moving opposite to lane direction,22.27619507666496,0.8500000238418579,0.0,-0.0598067082464695,-104.97187042236328,0.0005050674400877142,-0.0004167260903275726,-0.010075721889734268,9.528814315795898,-1.2474136352539062,9.475821495056152,-0.004304192960262299,-0.05119047686457634,-0.15394550561904907,5684,True,None,None,Driving
f777626d,2025-04-05 15:18:33,1fdef5a5,Lane Violation,Crossed lane markings,20.369387662297576,0.0628897175192833,0.0,0.003989649936556816,-66.98409271240234,-0.0009342927180000515,0.0009386520884830208,-0.029052866622805595,1.2713496685028076,0.14887160062789917,9.782004356384277,0.0027572885155677795,-0.016256747767329216,2.4831182599882595e-05,5116,True,None,None,Driving
fb5da33b,2025-04-05 15:18:38,1fdef5a5,Lane Violation,Crossed lane markings,20.461220882933112,0.290367990732193,0.0,-0.034353308379650116,-83.84307098388672,-0.0008088403485828621,0.0009766956091763297,-0.028898771852254868,3.322988271713257,-0.4902307987213135,9.848349571228027,0.004010978154838085,0.016762640327215195,-0.1371874362230301,4888,True,None,None,Driving
19f1949b,2025-04-05 15:18:43,6de7855a,Lane Violation,Crossed lane markings,20.596178491673395,0.19677580893039703,0.0,-0.0863947793841362,-12.056262016296387,-0.0012232438560175751,0.0006698408073382496,-0.003442039480432868,0.1503545343875885,-0.32851454615592957,9.80782699584961,0.004110957030206919,0.00018302466196473688,-0.1171162873506546,5412,True,None,None,Driving
dd528393,2025-04-05 15:18:47,dbed4a7a,Red Light Violation,Approaching red light at 12.20 km/h,12.200800551475586,0.0,1.0,0.0,-89.5675048828125,0.0003465860904867668,-0.00037440078196219296,-0.00522830942645669,-5.971685886383057,-0.011932849884033203,9.813075065612793,-1.3149343430995941e-05,0.00215527624823153,0.006229651626199484,4852,True,None,Red,Driving
444ff9f9,2025-04-05 15:18:56,a94021fd,Lane Violation,Crossed lane markings,19.882829224625517,0.6928941607475281,0.0,0.10260195285081863,175.66122436523438,-0.00012050657055340253,0.0007476944331031833,-0.0034568405244499445,0.18520158529281616,0.4911900758743286,9.808923721313477,-0.005512962117791176,-0.0005342147778719664,0.1587846875190735,5372,True,None,None,Driving
2ccc6789,2025-04-05 15:18:57,75e559e8,Red Light Violation,Approaching red light at 14.43 km/h,14.431805237876173,0.0,1.0,0.0,-89.39702606201172,-0.00045549146662438034,-0.0009325188003073727,0.013207892887294292,-6.783024311065674,0.0030813217163085938,9.761651039123535,5.389563739299774e-06,0.015769382938742638,-0.0009164178045466542,4864,True,None,Red,Driving
55dccd30,2025-04-05 15:18:58,2915a0e4,Red Light Violation,Approaching red light at 17.06 km/h,17.063195264338628,0.0,1.0,0.0006948008667677641,-89.427978515625,-0.00047449592162251975,-0.0009641359728156571,0.04261920973658562,0.5225315690040588,0.014814972877502441,9.809367179870605,3.977210144512355e-05,-0.00048217910807579756,0.0010856263106688857,5032,True,None,Red,Driving
fcbc53bc,2025-04-05 15:19:04,a94021fd,Lane Violation,Crossed lane markings,19.7759174350326,0.7851380109786987,0.0,0.043991945683956146,177.67884826660156,-0.00015012523280688583,0.0005541112999779805,-0.0034239578526467085,-0.3557524085044861,0.8557329177856445,9.81154727935791,0.0050804633647203445,0.0010042206849902868,0.0747535228729248,5560,True,None,None,Driving
bc9d5ae8,2025-04-05 15:19:06,6de7855a,Lane Violation,Crossed lane markings,20.497369889148764,0.20780116319656372,0.0,-0.006094718351960182,-89.10494232177734,-0.0007419387783613729,0.0009502801147624376,-0.00344333634711802,-0.6315097212791443,-0.0756426453590393,9.815107345581055,-0.00011084778816439211,-0.0001387907104799524,-0.004735676106065512,5668,True,None,None,Driving
32daea46,2025-04-05 15:19:21,aa86f790,Wrong Way Driving,Vehicle moving opposite to lane direction,21.008544016853907,0.0,0.5240084528923035,-0.09661869704723358,-120.2642822265625,-0.00022167551540519526,0.0009239527576666132,-6.797794048907235e-05,3.2738966941833496,-1.5991590023040771,9.799844741821289,-0.01813940331339836,-0.011467520147562027,-0.36439359188079834,4988,True,None,None,Driving
5ac6bb62,2025-04-05 15:19:32,78799283,Lane Violation,Crossed lane markings,20.285418542242887,0.4178655445575714,0.0,-0.04165862500667572,79.33089447021484,-0.0004293570041369321,-0.001021712189863548,-0.007866935804486275,1.3361752033233643,-0.4813680052757263,9.84337329864502,0.016438312828540802,-0.005111490376293659,-0.08619648963212967,5256,True,None,None,Driving
8052643b,2025-04-05 15:19:33,a94021fd,Red Light Violation,Approaching red light at 14.27 km/h,14.273493115975274,0.0,1.0,0.0006948008667677641,-179.86505126953125,-0.00014938257652374887,-0.00018042180193587833,-0.0029465865809470415,-1.50587797164917,0.007197589613497257,9.796843528747559,1.474093551223632e-05,0.0031226039864122868,0.0005711507401429117,5700,True,None,Red,Driving
b9eba511,2025-04-05 15:19:44,6de7855a,Lane Violation,Crossed lane markings,20.644407951959767,0.3277639150619507,0.0,-0.1185736283659935,-92.94379425048828,0.00023627891293642733,0.0009538100623262632,-0.003442420857027173,-0.07417888939380646,-0.24172018468379974,9.809195518493652,0.003105063922703266,0.0008462253026664257,-0.0486307293176651,5432,True,None,None,Driving
886bec99,2025-04-05 15:19:48,1fdef5a5,Lane Violation,Crossed lane markings,19.97726974579528,0.693031370639801,0.0,-0.37814193964004517,-138.85792541503906,0.0004798610580962759,0.000876224755068511,-0.028435954824090004,2.010876178741455,-5.964697360992432,10.078185081481934,0.04748256504535675,-0.004380375146865845,-0.7591639757156372,5068,True,None,None,Driving
be5169bf,2025-04-05 16:57:14,498b85e4,Lane Violation,Crossed lane markings,7.765346185825386,0.8500000238418579,0.0,-0.032238446176052094,90.35653686523438,-0.0006592658369584115,-0.0009981578000220173,0.03555469587445259,4.750613212585449,-0.0912175178527832,8.253442764282227,-0.021008450537919998,-0.0035089850425720215,-0.015238097868859768,5256,True,None,None,Driving
a23b9cac,2025-04-05 16:57:19,498b85e4,Lane Violation,Crossed lane markings,18.658516975352534,0.8500000238418579,0.0,-0.03961874917149544,88.32412719726562,-0.0006960637155231097,-0.0009971429872159291,-0.0015925979241728783,2.116645336151123,-0.14172983169555664,9.729692459106445,0.00012370415788609535,2.532970393076539e-05,-0.050898823887109756,5464,True,None,None,Driving
a85c8b18,2025-04-05 16:57:24,47bdd834,Wrong Way Driving,Vehicle moving opposite to lane direction,28.613533606923028,0.6418799161911011,0.0,-0.12197549641132355,-51.893516540527344,-0.0001462939323886303,-0.00043802074487931254,-0.0072531127370893955,0.4193596839904785,-3.7417690753936768,9.727083206176758,0.004490973427891731,-0.0018201731145381927,-0.40397897362709045,5268,True,None,None,Driving
dcac17da,2025-04-05 16:57:26,cd2bcdaa,Wrong Way Driving,Vehicle moving opposite to lane direction,28.84006353619124,0.3848859667778015,0.0,-0.1176854819059372,126.5911865234375,-0.0002100108737579376,-0.0009596526207171187,-0.001031799241900444,0.17891502380371094,-3.893463373184204,9.780313491821289,0.0004666578024625778,-0.0002988403430208564,-0.41851335763931274,5188,True,None,None,Driving
81061941,2025-04-05 16:57:28,498b85e4,Lane Violation,Crossed lane markings,27.80104470476075,0.8500000238418579,0.0,-0.09754423052072525,75.78428649902344,-0.0008657590310860996,-0.0009717048164067386,-0.00369091029278934,0.4766092300415039,-1.6366777420043945,9.81191635131836,-0.004836110398173332,0.0006380968261510134,-0.0991249680519104,5800,True,None,None,Driving
c2b7cf3d,2025-04-05 16:57:29,ef9743a8,Lane Violation,Crossed lane markings,29.237767457713126,0.3725144565105438,0.0,0.02882245182991028,-80.97288513183594,5.8538629772897366e-05,-0.0009544839084469803,-0.010978431440889835,0.07952463626861572,1.028347134590149,9.815380096435547,-0.005689375102519989,0.0012922179885208607,0.19588428735733032,5576,True,None,None,Driving
22ea8f3f,2025-04-05 16:57:36,498b85e4,Lane Violation,Crossed lane markings,29.150020487135002,0.34114763140678406,0.0,-0.08409500122070312,53.279903411865234,-0.0010782653011887078,-0.0008666118247656325,-0.0034518050961196423,-0.07109928131103516,-1.4413214921951294,9.807164192199707,-0.004985456820577383,0.00047522096429020166,-0.14268869161605835,5300,True,None,None,Driving
f2da9a7c,2025-04-05 16:57:41,498b85e4,Lane Violation,Crossed lane markings,28.07412962289509,0.0,0.12847842276096344,-0.08754494041204453,28.57233428955078,-0.0011872488768887024,-0.0007329563794370803,-0.003240241901949048,-0.9620484113693237,-0.9364901781082153,9.80640983581543,0.003736245445907116,0.0017036674544215202,-0.16519616544246674,5336,True,None,None,Driving
e063d566,2025-04-05 16:57:43,4d76f0f6,Red Light Violation,Approaching red light at 17.12 km/h,17.119278295883067,0.24656042456626892,0.0,0.042876992374658585,-3.229339838027954,0.0005516432494516721,-0.000641353537661628,-0.02958167903125286,-0.8988778591156006,0.23401235044002533,9.808706283569336,0.004421238321810961,-0.001887239865027368,0.09638606756925583,5660,True,None,Red,Driving
cc7d99d0,2025-04-05 16:57:44,47bdd834,Red Light Violation,Approaching red light at 14.18 km/h,14.182343577078623,0.8500000238418579,0.0,-0.00017573311924934387,-89.58946990966797,0.000344111666123581,-0.0004058651534202192,-0.005759048275649548,1.2241151332855225,-0.01664149761199951,9.708415031433105,-0.000290747731924057,-0.03555793687701225,-7.800421735737473e-05,5416,True,None,Red,Driving
11465dae,2025-04-05 16:57:55,47bdd834,Wrong Way Driving,Vehicle moving opposite to lane direction,28.270101993206367,0.7215377688407898,0.0,-0.11997822672128677,-112.62641906738281,0.0004958388255147383,-0.00042045794499795164,-0.007001189980655909,0.9433963298797607,-2.975886583328247,9.713383674621582,0.022772880271077156,-0.0034351497888565063,-0.4585552215576172,5064,True,None,None,Driving
a291144d,2025-04-05 16:57:57,8f28c279,Red Light Violation,Approaching red light at 20.19 km/h,20.19325450479415,0.1424519419670105,0.0,0.0,-89.61009979248047,-0.00046137357028896986,0.0009523589492349346,0.1418013721704483,-0.12002118676900864,0.0007905364036560059,9.810688018798828,-1.4749239198863506e-06,-0.0005265215295366943,-1.9716574115591357e-06,5564,True,None,Red,Driving
1c088434,2025-04-05 16:58:01,9add9a0c,Red Light Violation,Approaching red light at 18.75 km/h,18.746470374819953,0.2421916425228119,0.0,-0.00017573311924934387,-90.18257904052734,-0.0004543511643646525,-0.0004057146140585272,0.01103641465306282,-0.7359627485275269,0.21651941537857056,9.809266090393066,0.00016048348334152251,-0.0001639660622458905,-0.09486893564462662,5332,True,None,Red,Driving
d07935b4,2025-04-05 16:58:11,41b7c257,Red Light Violation,Approaching red light at 19.22 km/h,19.21501238519497,0.32558995485305786,0.0,0.0025786268524825573,90.23944854736328,0.00011641606690204753,0.0008933597188627506,-0.0032459639478474855,-0.6550636887550354,0.008108317852020264,9.809378623962402,1.9019593310076743e-05,-7.976716733537614e-05,0.004662681370973587,5616,True,None,Red,Driving
6faf0671,2025-04-05 16:58:28,47bdd834,Red Light Violation,Approaching red light at 19.03 km/h,19.03457422853837,0.3504076600074768,0.0,-0.001879401272162795,90.88265228271484,9.221176716778245e-05,-0.0009890222916146753,-0.006807059980928898,-0.9757692813873291,0.14848488569259644,9.836511611938477,0.00017855782061815262,0.006353909149765968,-0.053880371153354645,5112,True,None,Red,Driving
b53d35d1,2025-04-05 16:58:31,e5be0c61,Red Light Violation,Approaching red light at 19.21 km/h,19.210980716822576,0.4027189016342163,0.0,0.0,-89.60808563232422,-0.0004604190349084547,0.0009838126633422925,-0.030280226841568947,-0.48605355620384216,0.0033259689807891846,9.826855659484863,5.0601083785295486e-05,0.004372335970401764,3.0244191293604672e-05,5724,True,None,Red,Driving
def7019a,2025-04-05 16:58:38,498b85e4,Lane Violation,Crossed lane markings,29.16614329232571,0.3387843072414398,0.0,-0.08988172560930252,-44.34830093383789,-0.0011300182184612595,0.0008288130461896021,-0.0034408187493681908,0.049959033727645874,-1.110032558441162,9.805596351623535,0.0041639734990894794,0.0005569261847995222,-0.19451119005680084,5252,True,None,None,Driving
50523185,2025-04-05 16:58:49,498b85e4,Lane Violation,Crossed lane markings,29.20588833944057,0.31770530343055725,0.0,-0.01173099409788847,-89.00503540039062,-0.0007786731925847334,0.0009500201576493497,-0.00346202845685184,-0.004260659217834473,-0.23335346579551697,9.809889793395996,0.0004406583611853421,1.354559208266437e-05,-0.02730044350028038,5468,True,None,None,Driving
47c09cbb,2025-04-05 16:59:05,9add9a0c,Wrong Way Driving,Vehicle moving opposite to lane direction,29.02188118157739,0.38391655683517456,0.0,-0.057672519236803055,-112.16358184814453,-0.00025628945954281335,-0.0004251463911278413,0.010863189585506916,0.16843628883361816,-1.8714206218719482,9.7972993850708,0.014894554391503334,-4.756636917591095e-05,-0.25089481472969055,5228,True,None,None,Driving
227722f6,2025-04-05 16:59:08,47bdd834,Wrong Way Driving,Vehicle moving opposite to lane direction,28.49506534532389,0.5705190300941467,0.0,-0.19480223953723907,58.099483489990234,-0.00015557432593027443,-0.0009624455319524058,-0.00716335279867053,-0.29577505588531494,-4.560276985168457,9.765860557556152,-0.05018971860408783,0.010055894032120705,-0.47053062915802,5584,True,None,None,Driving
2f7695b5,2025-04-05 16:59:12,41b7c257,Lane Violation,Crossed lane markings,27.913563636289048,0.8107528686523438,0.0,0.10911713540554047,142.9720458984375,-0.0011225144155417865,0.0007425682131636841,-0.003425331087782979,0.10764646530151367,1.5158865451812744,9.802194595336914,-0.0011014867341145873,0.0008790752617642283,0.2481454759836197,5632,True,None,None,Driving
279ded7f,2025-04-05 16:59:16,4490cecc,Wrong Way Driving,Vehicle moving opposite to lane direction,29.002953588599105,0.26739344000816345,0.0,-0.11397390812635422,-121.74661254882812,-0.00021862734178057508,0.0009232011231664195,0.0016883467324078083,-1.4837017059326172,-2.686098575592041,9.743213653564453,0.01551496610045433,0.04104694724082947,-0.37214189767837524,5372,True,None,None,Driving
317b07ed,2025-04-05 16:59:21,9add9a0c,Red Light Violation,Approaching red light at 18.58 km/h,18.58311550523874,0.2085135132074356,0.0,0.0,-179.79977416992188,-0.00014788902250018054,-0.0007245787423074936,0.011031455360352993,-0.7625179886817932,-0.001075053121894598,9.810945510864258,4.156447630521143e-06,0.0004941746592521667,-6.585277151316404e-05,4956,True,None,Red,Driving
366aea7c,2025-04-05 16:59:24,47bdd834,Red Light Violation,Approaching red light at 18.60 km/h,18.596688712875427,0.42485886812210083,0.0,-0.0010553877800703049,0.2037215232849121,-0.00021989073471218035,-0.0006539688252682344,-0.00681659672409296,-0.7288150787353516,-0.10544504970312119,9.81049633026123,-0.00036973791429772973,-5.5875501857372e-05,0.021520745009183884,5096,True,None,Red,Driving
b95e524d,2025-04-05 16:59:25,a7019274,Red Light Violation,Approaching red light at 19.08 km/h,19.075881987076478,0.4919683635234833,0.0,-0.001066182041540742,89.87435913085938,9.198513566843758e-05,-0.0004701184576719143,0.06812381744384766,-1.1564770936965942,-0.1595081090927124,9.83157730102539,7.581384852528572e-05,0.006529622711241245,0.046035006642341614,5276,True,None,Red,Driving
bb9be38a,2025-04-05 16:59:27,a8891d62,Red Light Violation,Approaching red light at 16.75 km/h,16.75109290048212,0.8500000238418579,0.0,0.00017573311924934387,0.17717577517032623,-0.00025504878627202743,0.0006753716639230614,-0.019181136041879654,1.2447174787521362,-0.01018366776406765,9.81611442565918,-0.00020562282588798553,-0.005989001598209143,-0.0008735060109756887,5040,True,None,Red,Driving
033fc0e0,2025-04-05 16:59:33,276d57e9,Wrong Way Driving,Vehicle moving opposite to lane direction,28.495218186998002,0.7965627312660217,0.0,-0.17525330185890198,-117.34708404541016,-0.00022492419115849316,0.0009259533925435306,-0.003105239709839225,3.0060763359069824,-3.6863842010498047,9.739896774291992,-0.016098732128739357,0.007221733219921589,-0.4017254412174225,5564,True,None,None,Driving
2cbd0088,2025-04-05 16:59:37,9b2588bd,Lane Violation,Crossed lane markings,27.352231870178382,0.8500000238418579,0.0,-0.442008912563324,-99.14457702636719,0.0002457505219695122,0.0009836242578311195,3.013387186001637e-06,-3.4710988998413086,-8.399627685546875,9.678360939025879,-0.27058541774749756,0.03828421235084534,-0.5378943681716919,4904,True,None,None,Driving
4ae9f900,2025-04-05 16:59:49,47bdd834,Wrong Way Driving,Vehicle moving opposite to lane direction,28.720144847259657,0.6033201217651367,0.0,-0.13645021617412567,-51.54255294799805,-0.0001466761920028148,-0.00043808945223651545,-0.007420310750603676,0.5182578563690186,-4.0002641677856445,9.729931831359863,0.005835231859236956,0.0009811143390834332,-0.45789483189582825,5160,True,None,None,Driving
2dfabf59,2025-04-05 17:00:01,4490cecc,Red Light Violation,Approaching red light at 18.44 km/h,18.442548889315734,0.32769274711608887,0.0,0.0,-179.8387908935547,-0.00014934820572420904,-0.0001904477131441586,0.0019321059808135033,-0.64540034532547,0.0005294845905154943,9.804585456848145,1.579397576279007e-06,-0.0023540316615253687,1.3482723261404317e-05,5400,True,None,Red,Driving
0340f01d,2025-04-05 17:00:07,498b85e4,Red Light Violation,Approaching red light at 19.49 km/h,19.48652319779758,0.3376072645187378,0.0,-0.001390856341458857,-179.77001953125,-0.00011795943805736897,-0.00017318453559581688,-0.0032899093348532915,0.2091970145702362,0.016727756708860397,9.803071022033691,1.58733510033926e-05,-0.0014011845923960209,-0.0022810085210949183,5752,True,None,Red,Driving
c98bf3bd,2025-04-05 17:00:09,47bdd834,Red Light Violation,Approaching red light at 14.19 km/h,14.189218447843839,0.0,1.0,-0.002022414468228817,-89.59588623046875,0.00034749378151843757,-0.000405840857402136,-0.007012061774730682,-0.27876192331314087,-0.04988574981689453,9.96165943145752,-0.001222311519086361,-0.009053513407707214,-0.002601715736091137,5320,True,None,Red,Driving
91dd4c91,2025-04-05 17:00:10,4d76f0f6,Red Light Violation,Approaching red light at 17.38 km/h,17.38046432573462,0.3530263304710388,0.0,0.0006220098002813756,90.20559692382812,8.795377860337794e-05,0.000924531407259495,-0.029656410217285156,-1.0580581426620483,-0.00220489501953125,9.824830055236816,0.00023391348076984286,-0.0007262275321409106,0.0014171494403854012,5032,True,None,Red,Driving
fcb68936,2025-04-05 17:00:12,8fa0ff0d,Wrong Way Driving,Vehicle moving opposite to lane direction,28.995197550384194,0.5643174052238464,0.0,-0.10662919282913208,-52.14094924926758,-0.0001447426538874197,-0.0004372796649257615,0.04277511686086655,0.6339011192321777,-2.574622392654419,9.806477546691895,0.001949011581018567,-0.0005402129027061164,-0.361831933259964,5204,True,None,None,Driving
cb8a26ff,2025-04-05 17:00:21,8fa0ff0d,Lane Violation,Crossed lane markings,25.608131898214403,0.15319794416427612,0.0,0.01659047044813633,-81.06266784667969,0.00017526340432993948,-0.0004028516590137027,0.042274054139852524,-0.3056911528110504,0.5554784536361694,9.742033004760742,-0.003164342837408185,-0.0024801462423056364,0.03564435988664627,5536,True,None,None,Driving
8d604bc9,2025-04-05 17:00:26,8fa0ff0d,Lane Violation,Crossed lane markings,18.22208428755479,0.8500000238418579,0.0,-0.00017573311924934387,-80.43849182128906,0.0002858376667518314,-0.0003842555073336119,0.04283008351922035,-0.9444140791893005,0.03738665580749512,9.793750762939453,-2.717628376558423e-05,0.000688635278493166,-0.05659589171409607,4816,True,None,None,Driving
079ac8fd,2025-04-05 17:00:28,4490cecc,Wrong Way Driving,Vehicle moving opposite to lane direction,28.938095219538127,0.45364320278167725,0.0,-0.11677239090204239,110.75023651123047,-0.0002542225845871826,-0.00042468959857346994,0.0016725538298487663,0.2439737319946289,-2.649178981781006,9.739211082458496,0.0003242073580622673,0.0025170452427119017,-0.42079028487205505,5356,True,None,None,Driving
a56c0271,2025-04-05 17:00:30,8fa0ff0d,Red Light Violation,Approaching red light at 14.07 km/h,14.073669804403421,0.8500000238418579,0.0,-0.008165156468749046,-85.21001434326172,0.0003448036400186538,-0.0003775154697980462,0.042591895908117294,3.704099178314209,-0.04068446159362793,9.808673858642578,-2.902722917497158e-05,-0.0024548263754695654,-0.009361498057842255,4848,True,None,Red,Driving
23d1f0ec,2025-04-05 17:00:32,498b85e4,Lane Violation,Crossed lane markings,28.760977448780586,0.5190689563751221,0.0,0.003787290770560503,-89.4886474609375,7.053478014995562e-05,-0.0003766802898929345,-0.003196525387465954,0.3870483338832855,0.07294473052024841,9.790448188781738,0.0018171092960983515,0.0007633661152794957,0.017131192609667778,5972,True,None,None,Driving
e3bff73e,2025-04-05 17:00:35,9b2588bd,Wrong Way Driving,Vehicle moving opposite to lane direction,25.782613970757716,0.8500000238418579,0.0,-0.26785778999328613,143.70034790039062,0.000552778205886284,-0.00038134666742529864,-0.002129783621057868,0.7749695777893066,-5.117744445800781,9.671845436096191,-0.04734046012163162,0.017361458390951157,-0.6161186099052429,5372,True,None,None,Driving
65ff35d3,2025-04-05 17:00:37,276d57e9,Wrong Way Driving,Vehicle moving opposite to lane direction,28.693912382703537,0.5182342529296875,0.0,-0.17068296670913696,126.62381744384766,-0.00021641427950669367,-0.0004059596303198742,-0.004538459703326225,-0.20225787162780762,-2.5268561840057373,9.78759479522705,0.011098818853497505,0.005049390718340874,-0.3974771201610565,5332,True,None,None,Driving
07b2510b,2025-04-05 17:00:42,41b7c257,Red Light Violation,Approaching red light at 19.99 km/h,19.99242416084809,0.43100953102111816,0.0,-0.0002485241857357323,-89.36077117919922,-0.0004933234166344391,-0.0009329637361307753,-0.0032281875610351562,-0.6139259338378906,0.024323880672454834,9.809038162231445,8.901170804165304e-05,-0.00047586654545739293,0.00048127854824997485,5132,True,None,Red,Driving
9758f795,2025-04-05 17:00:53,4490cecc,Red Light Violation,Approaching red light at 19.39 km/h,19.394211954431135,0.2900608479976654,0.0,0.0,89.81773376464844,-0.0009476569671988955,-0.0004357695423236581,0.0019348907517269254,-0.7471806406974792,0.12388062477111816,9.809179306030273,0.0003138533211313188,-0.0005261432379484177,-0.06960926949977875,5100,True,None,Red,Driving
e611dd34,2025-04-05 17:01:01,ef9743a8,Red Light Violation,Approaching red light at 18.10 km/h,18.096773086403303,0.20259788632392883,0.0,0.008908155374228954,179.74917602539062,-0.0001179293592912245,-0.00019350097557463221,-0.010863990522921085,-1.0059548616409302,0.1605874001979828,9.814712524414062,-1.0652565833879635e-05,0.0015153188724070787,-0.050113245844841,5592,True,None,Red,Driving
14f9d2bc,2025-04-05 17:01:02,276d57e9,Red Light Violation,Approaching red light at 19.91 km/h,19.914584564043984,0.29596731066703796,0.0,0.0,89.83253479003906,-0.000942808592284905,-0.0004672302128367577,-0.0046171569265425205,-0.770460307598114,-0.0017397403717041016,9.806475639343262,0.0004483280354179442,-6.331223994493484e-05,1.506336047896184e-06,5668,True,None,Red,Driving
c94ab2ad,2025-04-05 17:01:03,9b2588bd,Wrong Way Driving,Vehicle moving opposite to lane direction,25.24853400118337,0.8500000238418579,0.0,-0.0399739108979702,72.44624328613281,-0.00010434442413043143,-0.00041467048956489276,-0.005076713394373655,1.3179124593734741,-0.7222248911857605,9.783746719360352,0.03375229611992836,0.006338311359286308,-0.1224709078669548,5312,True,None,None,Driving
9d97b8ca,2025-04-05 17:01:09,8f28c279,Wrong Way Driving,Vehicle moving opposite to lane direction,28.96394464941226,0.38567817211151123,0.0,-0.2870424687862396,53.609195709228516,-0.00020306219545318527,-0.0009609329420536846,0.1417882889509201,-0.3934483528137207,-5.426817893981934,9.773469924926758,-0.009399373084306717,0.005902010016143322,-0.651167631149292,5348,True,None,None,Driving
37d24095,2025-04-05 17:01:10,7865eb04,Wrong Way Driving,Vehicle moving opposite to lane direction,28.40596441105281,0.47695985436439514,0.0,-0.1273561716079712,-119.87279510498047,-0.00022053264305554876,0.0009235171427415443,-0.00420036306604743,-2.357024908065796,-3.4318933486938477,9.727859497070312,0.005898144096136093,0.024361809715628624,-0.37644973397254944,5180,True,None,None,Driving
6e398850,2025-04-05 17:01:15,a7019274,Red Light Violation,Approaching red light at 18.60 km/h,18.596822010186308,0.5219019651412964,0.0,-0.0021192554850131273,-179.69839477539062,-0.00011652658980665365,-0.0007249804319040684,0.06812366098165512,-0.3520917594432831,0.1557679921388626,9.788436889648438,0.0002638268342707306,-0.006168805994093418,-0.05020373687148094,4788,True,None,Red,Driving
28d97b7f,2025-04-05 17:01:23,8f28c279,Red Light Violation,Approaching red light at 18.02 km/h,18.020582702697055,0.8500000238418579,0.0,-0.00017573311924934387,0.12281953543424606,-0.00025136309062645523,-0.0006578263749940849,0.14186213910579681,-2.056795120239258,0.006889022886753082,9.715608596801758,-0.00010799973824759945,-0.002934168092906475,-0.0007150309393182397,5600,True,None,Red,Driving
876b08e0,2025-04-05 17:01:28,b2bf80fe,Lane Violation,Crossed lane markings,28.919053033223555,0.6236855387687683,0.0,-0.2845957577228546,-108.79977416992188,0.0002701334608588013,0.0009791790117581222,-0.007129516452550888,2.388056755065918,-4.791862487792969,9.792682647705078,0.0008485412690788507,0.0007629990577697754,-0.8350486159324646,5320,True,None,None,Driving
d846cc54,2025-04-05 17:01:38,4d76f0f6,Red Light Violation,Approaching red light at 18.59 km/h,18.593735678220323,0.32407739758491516,0.0,0.0,-179.64739990234375,-0.0011999956165880121,-0.00018658471480494391,-0.029393881559371948,-0.24821245670318604,0.001363949733786285,9.810331344604492,1.742578206176404e-06,0.0010754468385130167,5.2292538299525404e-08,5452,True,None,Red,Driving
044c30d5,2025-04-05 17:01:39,47bdd834,Wrong Way Driving,Vehicle moving opposite to lane direction,28.975398935726815,0.5053728818893433,0.0,-0.13724777102470398,-106.79459381103516,0.0005078743669457708,-0.0004170211036134378,-0.007862167432904243,0.6216106414794922,-4.249189376831055,9.77858829498291,-0.013949262909591198,0.002219240181148052,-0.4408060312271118,5556,True,None,None,Driving
6190586b,2025-04-05 17:01:48,41b7c257,Lane Violation,Crossed lane markings,20.586433647740606,0.8500000238418579,0.0,0.10730060935020447,-4.745120048522949,-0.0002512145901931717,-0.0007982746991274332,-0.0035100174136459827,0.3914751708507538,0.6489552855491638,9.809028625488281,-0.0019118644995614886,-0.0008947923197411001,0.18076211214065552,5384,True,None,None,Driving
21440537,2025-04-05 17:01:50,498b85e4,Lane Violation,Crossed lane markings,27.864365066028803,0.8500000238418579,0.0,0.07653450965881348,-0.8890381455421448,0.0005205318384753355,-0.0002210124637069384,-0.0036283491645008326,0.7631831169128418,0.7929031848907471,9.809840202331543,-0.0013695094967260957,-0.0003697143984027207,0.18128958344459534,5548,True,None,None,Driving
1c09148e,2025-04-05 17:01:51,7865eb04,Red Light Violation,Approaching red light at 18.39 km/h,18.39040203847144,0.31020501255989075,0.0,0.0,-179.83843994140625,-0.00014934964497115288,-0.00018870252913720073,-0.004032401833683252,-0.8398749828338623,-0.00016668904572725296,9.811079978942871,-8.496079317410477e-06,0.0015517689753323793,-8.165840881702024e-06,5532,True,None,Red,Driving
140efbd0,2025-04-05 17:01:59,9b2588bd,Wrong Way Driving,Vehicle moving opposite to lane direction,28.658015181033402,0.598355770111084,0.0,-0.11740966141223907,-56.57109451293945,-0.0001675176864353034,0.0009220509517264404,-0.0026968002784997225,1.1583139896392822,-3.268512010574341,9.735695838928223,0.061856433749198914,0.012388737872242928,-0.5248321294784546,5520,True,None,None,Driving
a983b831,2025-04-05 17:02:15,47bdd834,Red Light Violation,Approaching red light at 19.56 km/h,19.56459379094867,0.5154834389686584,0.0,-0.0008450013119727373,90.92123413085938,9.209239453866758e-05,-0.001020459282933846,-0.006801261566579342,-0.446771502494812,-0.18937885761260986,9.78487777709961,0.0011962889693677425,-0.007128722034394741,0.0398862287402153,5604,True,None,Red,Driving
59fe0125,2025-04-05 17:02:19,4490cecc,Red Light Violation,Approaching red light at 16.16 km/h,16.15804466409618,0.0,0.00359518826007843,-0.01642896793782711,-88.73509979248047,-0.0004761629574403514,-0.0009640315239255053,0.0023494339548051357,-11.047011375427246,0.12035369873046875,10.069283485412598,0.003553837537765503,0.11128681153059006,0.02065463364124298,5340,True,None,Red,Driving
3348d31f,2025-04-05 17:02:21,a8891d62,Wrong Way Driving,Vehicle moving opposite to lane direction,28.645561402942796,0.6229066252708435,0.0,-0.1248684749007225,-52.015037536621094,-0.00014675625921256596,-0.00043812300061691527,-0.019109457731246948,1.0546156167984009,-3.6127448081970215,9.78436279296875,0.0008775971364229918,0.0016832629917189479,-0.4323628544807434,5176,True,None,None,Driving
feb4a5c4,2025-04-05 17:02:24,b2bf80fe,Wrong Way Driving,Vehicle moving opposite to lane direction,28.328006921912273,0.6519677042961121,0.0,-0.2657022774219513,138.87429809570312,0.0005534357061662831,-0.00038555628667130004,-0.00711681367829442,0.8702397346496582,-5.739962100982666,9.796845436096191,0.0006122068734839559,0.0017679102020338178,-0.7187386751174927,5108,True,None,None,Driving
264aa811,2025-04-05 17:02:33,9add9a0c,Red Light Violation,Approaching red light at 18.94 km/h,18.937896062995478,0.2407950758934021,0.0,0.0011190581135451794,-89.5807113647461,-0.00045479894443190005,0.0009838389126368646,0.011039466597139835,-0.7506095170974731,-0.19954419136047363,9.809386253356934,0.00019883806817233562,-0.00012912924285046756,0.09652376174926758,5756,True,None,Red,Driving
eadb999c,2025-04-05 17:02:34,498b85e4,Lane Violation,Crossed lane markings,25.73826629047765,0.0,0.15035541355609894,0.09270858764648438,85.21781158447266,0.0002183265371940024,0.0008927077357315076,-0.0031373975798487663,-1.0362261533737183,0.7881929278373718,9.807220458984375,-0.006939771119505167,-6.736395880579948e-05,0.16553373634815216,5532,True,None,None,Driving
98b4d1ca,2025-04-05 17:02:40,498b85e4,Red Light Violation,Approaching red light at 6.86 km/h,6.8585595191456985,0.0,1.0,0.002346872817724943,90.28313446044922,0.00010486951282473456,0.0008933336751762298,-0.0013869857648387551,-9.683296203613281,-0.012589454650878906,9.757488250732422,-0.00010292883962392807,0.011135807260870934,0.0014701206237077713,5544,True,None,Red,Driving
2cdd89dd,2025-04-05 17:02:41,8f28c279,Red Light Violation,Approaching red light at 19.42 km/h,19.423031031772663,0.10614359378814697,0.0,0.0,89.8371810913086,-0.0009463410071361977,-0.00046721417540874225,0.14187529683113098,-2.7998852729797363,0.004549264907836914,9.845841407775879,1.028645783662796e-06,0.005650839768350124,-1.1279709724476561e-05,5336,True,None,Red,Driving
8e5fa156,2025-04-05 17:02:42,276d57e9,Lane Violation,Crossed lane markings,28.665689547560476,0.5474561452865601,0.0,-0.08538128435611725,-5.733249664306641,-0.00024993623928537545,-0.00025262638075440776,-0.004411849658936262,0.16817685961723328,-1.0964291095733643,9.799661636352539,0.006300798617303371,0.0011489031603559852,-0.20865283906459808,5040,True,None,None,Driving
169a757c,2025-04-05 17:02:43,a8891d62,Red Light Violation,Approaching red light at 17.31 km/h,17.311143482935282,0.04122479632496834,0.0,0.0,-89.5673828125,0.00034516067839263087,-0.0004058543589975165,-0.018390197306871414,-1.8360506296157837,-1.430511474609375e-06,9.782212257385254,2.3045577108860016e-05,0.0028752516955137253,0.0001357649452984333,5352,True,None,Red,Driving
1eb04da5,2025-04-05 17:02:45,b2bf80fe,Red Light Violation,Approaching red light at 18.88 km/h,18.875905062983318,0.4700548052787781,0.0,-0.00017573311924934387,89.82754516601562,9.509117941775003e-05,-0.00043870655053502406,-0.007035102695226669,-0.9549265503883362,0.19585227966308594,9.808158874511719,4.946342596667819e-05,-4.479323615669273e-05,-0.048249222338199615,5260,True,None,Red,Driving
44bb5d2b,2025-04-05 17:02:48,276d57e9,Lane Violation,Crossed lane markings,28.63861981582542,0.5446718335151672,0.0,-0.0006220098002813756,-9.503644943237305,-0.000231231954913369,-0.00013615509951341387,-0.004459190182387829,-0.0027072366792708635,-0.00618739053606987,9.810153007507324,0.00012911134399473667,-1.9705368686118163e-05,-0.0014284634962677956,5880,True,None,None,Driving
f655e9f1,2025-04-05 17:02:53,4d76f0f6,Lane Violation,Crossed lane markings,28.87181987157948,0.20239537954330444,0.0,0.005125018302351236,-81.10633850097656,-0.0006357812853110545,-0.0009547483889372008,-0.029418982565402985,-0.2922177314758301,0.09281617403030396,9.810443878173828,0.008632008917629719,-0.0008765151724219322,0.015191594138741493,5796,True,None,None,Driving
16a9a284,2025-04-05 17:02:58,7865eb04,Wrong Way Driving,Vehicle moving opposite to lane direction,28.748282441405717,0.4074136018753052,0.0,-0.19103039801120758,123.91606903076172,-0.00021856334625169893,-0.0004066098657826797,-0.004204864613711834,-1.0167975425720215,-4.377946853637695,9.724336624145508,-0.017815817147493362,0.01740490086376667,-0.43534985184669495,5364,True,None,None,Driving
6d74c0bd,2025-04-05 17:03:00,4d76f0f6,Red Light Violation,Approaching red light at 18.81 km/h,18.80977070771874,0.2307707965373993,0.0,-0.005655763670802116,-87.72669219970703,-0.0004597120516365294,-0.00093378171349558,-0.029409674927592278,-0.13103610277175903,-0.038439393043518066,9.81218433380127,-0.0027418495155870914,0.00045107933692634106,-0.013665424659848213,5552,True,None,Red,Driving
f52afa36,2025-04-05 17:03:03,9b2588bd,Red Light Violation,Approaching red light at 18.32 km/h,18.315304231949064,0.16822072863578796,0.0,0.0028576471377164125,-179.55580139160156,0.000581331955501696,-0.00018658017429380708,0.0010412979172542691,-0.5322303771972656,0.011036546900868416,9.796161651611328,-0.00016409043746534735,-0.0016384945483878255,-0.008801108226180077,5224,True,None,Red,Driving
591b9085,2025-04-05 17:03:03,41b7c257,Lane Violation,Crossed lane markings,16.914281233254513,0.617900013923645,0.0,0.09113559871912003,85.80305480957031,-0.00037966688391577463,0.0003632815328061635,-0.003102912800386548,3.3496203422546387,0.40389347076416016,9.779664039611816,0.0011224905028939247,-0.007128307595849037,0.11533481627702713,5772,True,None,None,Driving
0a17e416,2025-04-05 17:03:05,775af0c3,Wrong Way Driving,Vehicle moving opposite to lane direction,29.019832428113453,0.3955937922000885,0.0,-0.1933947205543518,55.40237808227539,-0.0001606732342622763,-0.000960987085507241,-0.0051871491596102715,0.3261454105377197,-4.045696258544922,9.802873611450195,0.00036607321817427874,0.0002213567786384374,-0.4826488792896271,5228,True,None,None,Driving
67681af3,2025-04-05 17:03:12,ef9743a8,Red Light Violation,Approaching red light at 18.77 km/h,18.76851464456001,0.3929003179073334,0.0,0.0,-179.84848022460938,-0.00011642597037564428,-0.0007247117707168012,-0.010868415236473083,-0.4645175039768219,-2.6952475309371948e-05,9.805144309997559,2.775032044155523e-07,-0.0015394819201901555,2.6374564754405583e-07,4904,True,None,Red,Driving
86038154,2025-04-05 17:03:16,cd2bcdaa,Lane Violation,Crossed lane markings,29.02628364279689,0.3919095993041992,0.0,-0.02416255511343479,81.6156997680664,-0.0004342026718973102,-0.0010223935064101355,-0.0010247421450912952,-0.1887487769126892,-0.8060044050216675,9.806815147399902,0.00719786062836647,0.0017901170067489147,-0.11903710663318634,5280,True,None,None,Driving
5148ae4d,2025-04-05 17:03:17,775af0c3,Red Light Violation,Approaching red light at 19.13 km/h,19.133574135641094,0.4456051290035248,0.0,0.015180016867816448,-0.3564148247241974,-0.00021980232324381177,-0.0006574167352195196,-0.005146636627614498,-0.9452126622200012,-0.13836541771888733,9.806984901428223,-2.1802623450639658e-05,-0.0003578400646802038,0.041865743696689606,5020,True,None,Red,Driving
0e3c55e3,2025-04-05 17:03:17,276d57e9,Red Light Violation,Approaching red light at 18.52 km/h,18.517216402916183,0.15756823122501373,0.0,0.0,0.15880024433135986,-0.0002235999039754688,0.0006683810587087588,-0.004629974253475666,-1.3971046209335327,0.0007269165362231433,9.794498443603516,1.3411666259344202e-05,0.005484411492943764,6.481647574219096e-07,5476,True,None,Red,Driving
942a3a34,2025-04-05 17:03:21,cd2bcdaa,Lane Violation,Crossed lane markings,29.007597030725098,0.41348329186439514,0.0,0.0,80.60237121582031,-0.0005269813861161765,-0.0010072576697004358,-0.0010252761421725154,-0.05409849435091019,0.0060831159353256226,9.809467315673828,8.038931991904974e-05,0.0006758765666745603,-2.864412817871198e-05,5148,True,None,None,Driving
934e29c9,2025-04-05 17:03:23,e5be0c61,Red Light Violation,Approaching red light at 19.28 km/h,19.277761496561645,0.35507646203041077,0.0,0.0,-89.61151123046875,-0.0004605164931206218,0.0009838112926219493,-0.03021455742418766,-0.5384078621864319,-0.006276845932006836,9.818460464477539,-0.00015785428695380688,0.003239375539124012,1.8768778318190016e-05,5676,True,None,Red,Driving
6b2d5ff3,2025-04-05 17:03:28,7865eb04,Red Light Violation,Approaching red light at 19.50 km/h,19.50063847850861,0.35747236013412476,0.0,0.0,89.83641815185547,-0.0009451837764942184,-0.0004357770812855457,-0.0040244292467832565,-0.649602472782135,-0.0018169879913330078,9.806632995605469,-9.534414857625961e-07,-0.0020149436313658953,-4.025664111395599e-06,5288,True,None,Red,Driving
41ba0554,2025-04-05 17:03:31,41b7c257,Lane Violation,Crossed lane markings,20.26904611572709,0.8500000238418579,0.0,0.09616304934024811,176.59060668945312,-0.0005959501396830547,0.000244933743982331,-0.0036100386641919613,0.5548176169395447,0.6148857474327087,9.809417724609375,0.00011963887664023787,-0.00028450865647755563,0.15512815117835999,5812,True,None,None,Driving
80f399ad,2025-04-05 17:03:37,a8891d62,Wrong Way Driving,Vehicle moving opposite to lane direction,28.12082305854882,0.633185863494873,0.0,-0.1483793407678604,-106.8310546875,0.000509280554695124,-0.0004171404590873219,-0.01833469420671463,-1.9618892669677734,-4.180863380432129,9.751042366027832,-0.00818230677396059,0.009388714097440243,-0.44881340861320496,5656,True,None,None,Driving
6f2cfdfd,2025-04-05 17:03:42,b2bf80fe,Wrong Way Driving,Vehicle moving opposite to lane direction,31.661921213205556,0.0,0.35983020067214966,0.00017573311924934387,89.84822082519531,-0.00016771025548223406,-0.000437969959690597,-0.007478103507310152,6.267887115478516,-0.0034351348876953125,9.816451072692871,1.8902705051004887e-05,-0.0016400720924139023,-0.0004407685191836208,5228,True,None,None,Driving
9d72c597,2025-04-05 17:03:48,4d76f0f6,Red Light Violation,Approaching red light at 18.41 km/h,18.406220409883534,0.160356342792511,0.0,-0.0007618034142069519,0.2335040122270584,-0.0002513401824586481,-0.0006398550661824417,-0.02937961556017399,-0.7401131391525269,-0.00946199893951416,9.808340072631836,-0.00040555433952249587,-0.0002944589941762388,-0.0019553308375179768,5184,True,None,Red,Driving
325ce1eb,2025-04-05 17:04:03,b2bf80fe,Lane Violation,Crossed lane markings,25.822747129794852,0.1337009221315384,0.0,0.015892596915364265,98.52999877929688,-0.0008126777487262871,-0.0004392657358990325,-0.007078857161104679,-0.6100165843963623,1.0835953950881958,9.811849594116211,-0.0015701070660725236,0.0017304789507761598,0.20273394882678986,5384,True,None,None,Driving
7292376a,2025-04-05 17:04:09,b2bf80fe,Lane Violation,Crossed lane markings,20.47761531094634,0.5860969424247742,0.0,-0.000304378685541451,99.07978057861328,-0.0009244642419190541,-0.0004569192431991047,-0.007016716059297323,-0.7197651267051697,0.19700902700424194,9.806949615478516,3.910774830728769e-05,-0.0004885313683189452,-0.04527789354324341,5460,True,None,None,Driving
a66b7b03,2025-04-05 17:04:10,41b7c257,Lane Violation,Crossed lane markings,19.758735650612078,0.4135228395462036,0.0,0.10221134126186371,-93.8028564453125,-0.00046570240793641915,-0.0003748445526733039,-0.0033855820074677467,0.4753287434577942,0.6926140785217285,9.802730560302734,-0.0018501596059650183,0.0012002072762697935,0.16553370654582977,6108,True,None,Green,Driving
813d1da3,2025-04-05 17:04:16,a8891d62,Red Light Violation,Approaching red light at 15.71 km/h,15.712560357084508,0.8500000238418579,0.0,-0.002370444592088461,90.94251251220703,9.300123353739309e-05,-0.0010204644916711504,-0.018044814467430115,-1.4078102111816406,-0.012851476669311523,9.79155158996582,0.0003575105220079422,-0.008729297667741776,-0.004935997538268566,5860,True,None,Red,Driving
774beb04,2025-04-05 17:04:18,4490cecc,Red Light Violation,Approaching red light at 18.04 km/h,18.041628955092346,0.2395629584789276,0.0,0.023472247645258904,-4.533143043518066,0.0005512609555466952,-0.000654172514311234,0.0017900466918945312,0.7431616187095642,0.18034818768501282,9.760991096496582,-0.0037429146468639374,0.00026773204444907606,0.08149879425764084,5456,True,None,Red,Driving
0025e005,2025-04-05 17:04:46,498b85e4,Lane Violation,Crossed lane markings,29.34507004294576,0.2912222146987915,0.0,0.08554654568433762,94.08232116699219,-0.0008629097147121456,0.0008837588508988924,-0.003497276222333312,-0.052449941635131836,1.9541150331497192,9.806459426879883,0.007702861446887255,0.000385272316634655,0.12431727349758148,5316,True,None,None,Driving
04e15bca,2025-04-05 17:04:49,41b7c257,Red Light Violation,Approaching red light at 18.19 km/h,18.18559517970725,0.2350214719772339,0.0,0.0,-89.56414794921875,0.00032544475099882675,-0.00037457071701674113,-0.0032408523838967085,-0.8527305722236633,-0.004735827445983887,9.811277389526367,-3.0287366826087236e-05,0.00026677484856918454,0.00017394847236573696,5760,True,None,Red,Driving
292aacda,2025-04-05 17:04:52,276d57e9,Red Light Violation,Approaching red light at 13.13 km/h,13.131763711606245,0.8500000238418579,0.0,-0.0006155604496598244,-179.4049072265625,0.0006127547598708816,-0.00018614843165370767,-0.0056494902819395065,-0.1033414974808693,0.0007663432043045759,9.869041442871094,3.4609256545081735e-05,-0.011698317714035511,1.5343919130827999e-06,5312,True,None,Red,Driving
35261240,2025-04-05 17:04:58,7865eb04,Red Light Violation,Approaching red light at 19.14 km/h,19.14437483480438,0.3285807967185974,0.0,0.000870533986017108,-89.37030029296875,-0.00047609706007278874,-0.0009641892253009904,-0.004030456300824881,-0.7327229976654053,-0.07680642604827881,9.809263229370117,-4.0767714381217957e-05,-0.0002979209239128977,0.06160835921764374,5476,True,None,Red,Driving
c0e4159b,2025-04-05 17:04:59,498b85e4,Lane Violation,Crossed lane markings,29.117519204027985,0.3564082384109497,0.0,0.13047711551189423,142.47547912597656,-0.0011253392645613758,0.000738982408745873,-0.003422126639634371,0.032036781311035156,1.5555119514465332,9.802217483520508,-0.0028874268755316734,0.0009892191737890244,0.24876467883586884,5468,True,None,None,Driving
821d5fd1,2025-04-05 17:05:00,b2bf80fe,Red Light Violation,Approaching red light at 19.46 km/h,19.46107234303632,0.3425524830818176,0.0,-0.000304378685541451,-89.36917114257812,-0.00047778774079176856,-0.0009327809505730097,-0.007047576829791069,-1.2465952634811401,0.20623362064361572,9.809317588806152,1.0919844498857856e-05,0.00039027276216074824,-0.046749893575906754,4752,True,None,Red,Driving
b9a1a872,2025-04-05 17:05:07,498b85e4,Lane Violation,Crossed lane markings,29.161816817648685,0.33946800231933594,0.0,0.10046413540840149,175.29067993164062,-0.0011735031562238873,0.0005891024320750345,-0.0034343337174504995,0.07816720008850098,1.091874361038208,9.806000709533691,-0.00821228139102459,0.0005966706667095423,0.21362432837486267,5708,True,None,None,Driving
31ea6877,2025-04-05 17:05:10,a7019274,Lane Violation,Crossed lane markings,27.952337792312495,0.8500000238418579,0.0,0.3702821731567383,165.1770782470703,-0.0011738572132884428,0.0007117949931707079,0.06853294372558594,-0.8122782707214355,7.289028644561768,9.626908302307129,0.009106453508138657,0.02196892723441124,0.9843666553497314,4544,True,None,None,Driving
f2bce39b,2025-04-05 17:05:12,9b2588bd,Wrong Way Driving,Vehicle moving opposite to lane direction,28.52502952028837,0.6316865682601929,0.0,-0.16715659201145172,57.21634292602539,-0.000157087961000002,-0.0009620894873432596,-0.00444591511040926,0.41884469985961914,-4.4775872230529785,9.72068977355957,-0.024675540626049042,0.016663683578372,-0.5241051912307739,5624,True,None,None,Driving
b731c637,2025-04-05 17:05:14,775af0c3,Lane Violation,Crossed lane markings,26.466402247438,0.05070347338914871,0.0,-0.015965310856699944,-98.55514526367188,0.0001860962414639289,-0.0003803494341076121,-0.005145835690200329,-1.2457796335220337,-0.5636194944381714,9.810545921325684,0.0009312243782915175,0.0002937389654107392,-0.0760088637471199,5736,True,None,None,Driving
14350a60,2025-04-05 17:05:20,9add9a0c,Lane Violation,Crossed lane markings,29.118549977129653,0.32158374786376953,0.0,-0.010557655245065689,80.96194458007812,-0.00043975110797589423,-0.0010217761339675582,0.010765762068331242,-0.1644957959651947,-0.5658373832702637,9.813950538635254,0.014268223196268082,0.0021480023860931396,-0.05992148071527481,5172,True,None,None,Driving
121b3599,2025-04-05 17:05:21,775af0c3,Lane Violation,Crossed lane markings,18.645971245161654,0.12310538440942764,0.0,0.04914934188127518,-95.60572052001953,0.0003247204966356776,-0.00040151787958375197,-0.0051805111579597,-0.813827633857727,0.3940504789352417,9.810531616210938,-0.0003379525733180344,0.00013220211258158088,0.11242954432964325,4844,True,None,None,Driving
c744f5c5,2025-04-05 17:05:22,775af0c3,Red Light Violation,Approaching red light at 17.61 km/h,17.607597414530666,0.0912768691778183,0.0,0.02012726105749607,-94.21991729736328,0.00034041863709433073,-0.00040265016312325227,-0.0054592895321547985,-0.9774585962295532,0.12522709369659424,9.833322525024414,-0.00021271996956784278,0.0001645793963689357,0.04039348289370537,5640,True,None,Red,Driving
5e7b21ca,2025-04-05 17:05:25,88f0b98a,Lane Violation,Crossed lane markings,28.46605249066857,0.7331207394599915,0.0,0.006844488903880119,-112.39118194580078,0.00021074931505893346,0.0009808288792992148,0.0032002257648855448,1.8346405029296875,-2.6769373416900635,9.704431533813477,-0.007722935639321804,0.002064317464828491,-0.7763761878013611,4872,True,None,None,Driving
21f033e7,2025-04-05 17:05:26,4d76f0f6,Red Light Violation,Approaching red light at 18.82 km/h,18.819550095837602,0.41203758120536804,0.0,0.0,89.84703826904297,-0.0009618657857402013,-0.0004671787765558791,-0.02942146174609661,-0.0009380839765071869,-0.006655671633780003,9.817934036254883,-7.853168062865734e-05,0.0032401829957962036,-0.0007337244460359216,5328,True,None,Red,Driving
82d67fda,2025-04-05 17:05:26,9add9a0c,Lane Violation,Crossed lane markings,29.051066960126576,0.35855215787887573,0.0,0.0,80.53961944580078,-0.0005327917325672615,-0.0010063459350641564,0.010807647369801998,-0.04749217629432678,-0.002942487597465515,9.81131362915039,7.028906838968396e-05,0.0004328042850829661,-0.00010906497482210398,4992,True,None,None,Driving
6e07fc1c,2025-04-05 17:05:28,9b2588bd,Red Light Violation,Approaching red light at 19.22 km/h,19.21513528710168,0.24724814295768738,0.0,0.0007912935689091682,0.17605848610401154,-0.00021990214595746238,-0.0006579575529309292,0.0013545608380809426,-0.807919979095459,-0.17572183907032013,9.809127807617188,-0.00012770963076036423,-0.0008740068296901882,0.03463500738143921,5128,True,None,Red,Driving
9532226e,2025-04-05 17:05:31,88f0b98a,Lane Violation,Crossed lane markings,28.36639206223607,0.6459913849830627,0.0,-0.032767802476882935,-109.39997863769531,0.00026697562958588605,0.0009592101521903337,0.0029013443272560835,-0.003763258457183838,0.0037283003330230713,9.811628341674805,-0.015230229124426842,0.0011791028082370758,-0.11253634840250015,5060,True,None,None,Driving
d2b2f599,2025-04-05 17:05:39,498b85e4,Red Light Violation,Approaching red light at 20.37 km/h,20.365983932144466,0.1730794459581375,0.0,0.0010553877800703049,-179.70484924316406,-0.0011687272923950331,-0.00015728450516077895,-0.00320262904278934,-0.7910947799682617,-0.04091788828372955,9.808011054992676,-8.621078450232744e-05,-0.000213560153497383,-0.0012889639474451542,6152,True,None,Red,Driving
13962f7a,2025-04-05 17:05:41,8fa0ff0d,Red Light Violation,Approaching red light at 20.50 km/h,20.50178864868567,0.0,0.699999988079071,-0.002135531511157751,-179.5460968017578,-0.001200080052967678,-0.00017722900017446696,0.0428091436624527,-4.044903755187988,0.06697170436382294,9.808001518249512,5.065368895884603e-05,0.002254997845739126,-0.04455825313925743,5772,True,None,Red,Driving
b34e3990,2025-04-05 17:05:46,775af0c3,Wrong Way Driving,Vehicle moving opposite to lane direction,28.795894700332315,0.4318581223487854,0.0,-0.19813263416290283,-139.67501831054688,0.0005496716053130513,-0.00045895829251364035,-0.005187950097024441,-0.05337238311767578,-4.273706912994385,9.804516792297363,-0.002642028732225299,0.0006419969722628593,-0.5215381383895874,4880,True,None,None,Driving
aadb5ed2,2025-04-05 17:05:50,41b7c257,Lane Violation,Crossed lane markings,20.844312357019234,0.8500000238418579,0.0,0.09503667801618576,-3.208862781524658,0.0005506333027085475,-0.00023882879544977849,-0.003616600064560771,-0.09169615060091019,0.5347570180892944,9.816008567810059,-0.0016163088148459792,0.0001985489798244089,0.1802658587694168,5524,True,None,None,Driving
46e197f0,2025-04-05 17:05:55,b2bf80fe,Red Light Violation,Approaching red light at 18.96 km/h,18.960566809566792,0.45310765504837036,0.0,-0.0006155604496598244,0.2799183428287506,-0.00025126294235633395,-0.0006589747644976178,-0.007034339942038059,-1.0589072704315186,0.02888008952140808,9.808079719543457,5.868221251148498e-06,5.8766905567608774e-05,-0.010217593051493168,5016,True,None,Red,Driving
4dea0770,2025-04-05 17:06:02,ef9743a8,Red Light Violation,Approaching red light at 18.33 km/h,18.33110306489115,0.4014236032962799,0.0,-0.00869273766875267,90.45958709716797,0.000100232100322728,0.0008929998362366434,-0.010869483463466167,-0.4112379550933838,0.17337699234485626,9.805231094360352,-4.942400846630335e-05,-0.001578726340085268,-0.04739360883831978,5272,True,None,Red,Driving
ebf044bc,2025-04-05 17:06:06,4490cecc,Red Light Violation,Approaching red light at 18.29 km/h,18.286362025632823,0.34304478764533997,0.0,0.001263840589672327,90.17315673828125,0.00010119989741497193,0.0009245762298147177,0.0019426345825195312,-0.6229969263076782,0.017885982990264893,9.80370807647705,-0.0004753072280436754,-0.003003953956067562,0.003259774064645171,4904,True,None,Red,Driving
ea078316,2025-04-05 17:06:14,775af0c3,Red Light Violation,Approaching red light at 19.35 km/h,19.348322457414568,0.5937246680259705,0.0,-0.0024528345093131065,90.83335876464844,9.819437889291294e-05,-0.0009890930893204017,-0.005124397110193968,-1.6517283916473389,-0.015706181526184082,9.808764457702637,1.07653031591326e-05,0.0002608700597193092,-0.0045836251229047775,5440,True,None,Red,Driving
2b87477e,2025-04-05 17:06:17,4d76f0f6,Red Light Violation,Approaching red light at 18.62 km/h,18.61850937885937,0.33741530776023865,0.0,0.0,-89.36504364013672,-0.00045927838996817627,-0.0009325786322503533,-0.029394416138529778,-0.17518535256385803,-0.0033654868602752686,9.810602188110352,8.031597826629877e-05,0.0013659484684467316,0.0002985619939863682,5496,True,None,Red,Driving
516fda79,2025-04-05 17:06:20,7865eb04,Red Light Violation,Approaching red light at 18.01 km/h,18.0105693780285,0.3581474721431732,0.0,0.0288232509046793,-5.453555583953857,0.0005505985549518755,-0.0006560567750310138,-0.004282684065401554,-0.12813936173915863,0.22032423317432404,9.750028610229492,-0.006344303488731384,0.0007653326028957963,0.05934721231460571,5844,True,None,Red,Driving
1bd73826,2025-04-05 17:06:30,88f0b98a,Wrong Way Driving,Vehicle moving opposite to lane direction,28.749275519841973,0.649224579334259,0.0,-0.054265301674604416,141.9007568359375,0.0005536327814894548,-0.00037780434911037557,0.0034093474969267845,1.3564209938049316,-3.741307258605957,9.691865921020508,-0.007668630685657263,0.017907127737998962,-0.6226394772529602,5364,True,None,None,Driving
531038aa,2025-04-05 17:06:32,498b85e4,Lane Violation,Crossed lane markings,28.118611166696706,0.802520215511322,0.0,0.0009506148635409772,-89.46521759033203,-0.0009701038835316922,-0.0003737382442843072,-0.003624229459092021,0.7031043767929077,-0.003369569778442383,9.808680534362793,-0.0016990660224109888,0.00011028291191905737,0.014431726187467575,5652,True,None,None,Driving
92991ad3,2025-04-05 17:06:41,e5be0c61,Lane Violation,Crossed lane markings,26.34075398670883,0.8500000238418579,0.0,-0.3519439995288849,169.9233856201172,0.0006136479897804747,-0.0006404714105847616,-0.029002245515584946,2.0734703540802,-6.913933277130127,9.997286796569824,0.006583238020539284,-0.0029427604749798775,-0.8704763054847717,5788,True,None,None,Driving
4ad2576c,2025-04-05 17:06:42,498b85e4,Lane Violation,Crossed lane markings,28.772663571879527,0.45795926451683044,0.0,0.2833750247955322,-85.04106903076172,-0.0007054815923197566,-0.00037071193364258183,-0.0033856581430882215,-1.0150353908538818,4.908535480499268,9.774808883666992,0.018958328291773796,0.003436571918427944,0.35103288292884827,5788,True,None,None,Driving
af372b98,2025-04-05 17:06:47,498b85e4,Lane Violation,Crossed lane markings,29.2762528162422,0.28723591566085815,0.0,0.05363934487104416,-0.6624450087547302,-0.0006242794338362501,-0.0002388752114674001,-0.0033947371412068605,0.04349665716290474,0.15475410223007202,9.808894157409668,-0.011165245436131954,-4.3459080188767985e-05,0.17015278339385986,5968,True,None,None,Driving
f6516eda,2025-04-05 17:06:49,41b7c257,Red Light Violation,Approaching red light at 18.92 km/h,18.917989695706733,0.34481552243232727,0.0,0.003708470147103071,90.15574645996094,0.00011680789587842355,0.000924758809764432,-0.0032060621306300163,-0.6616572141647339,0.035033345222473145,9.807555198669434,6.538035813719034e-05,0.0011230568634346128,0.004090955946594477,5508,True,None,Red,Driving
0d21486e,2025-04-05 17:06:51,88f0b98a,Red Light Violation,Approaching red light at 18.20 km/h,18.19724407557525,0.29667672514915466,0.0,-0.0005691337864845991,89.93263244628906,8.032955791748009e-05,-0.0004386112169351545,0.0025978470221161842,-0.2004581242799759,-0.03647962212562561,9.817784309387207,-0.0005088262259960175,-0.005951914004981518,-0.01788335293531418,5436,True,None,Red,Driving
b98be13e,2025-04-05 17:07:01,7865eb04,Wrong Way Driving,Vehicle moving opposite to lane direction,28.705230474339757,0.5803194642066956,0.0,0.0022865089122205973,0.4616900682449341,0.0005526382896050563,-0.00046107355387925794,-0.0042496491223573685,0.4988875687122345,0.07318176329135895,9.796664237976074,0.0009353018831461668,-0.005391580983996391,0.0045228442177176476,5140,True,None,None,Driving
329746df,2025-04-05 17:07:04,ef9743a8,Red Light Violation,Approaching red light at 18.16 km/h,18.15595144841142,0.20361211895942688,0.0,0.008912131190299988,179.74835205078125,-0.00011793227209011548,-0.00019243544611584573,-0.01086372323334217,-1.0034644603729248,0.15995967388153076,9.814712524414062,-7.922033546492457e-06,0.0015086287166923285,-0.05011614412069321,5524,True,None,Red,Driving
20663a82,2025-04-05 17:07:07,cd2bcdaa,Wrong Way Driving,Vehicle moving opposite to lane direction,29.005576371356373,0.42072024941444397,0.0,-0.16518543660640717,-125.55828094482422,-0.00017529263494964198,0.0009227107479636397,-0.0010350417578592896,-0.20190858840942383,-4.791916847229004,9.761687278747559,-0.001243343111127615,0.006577787920832634,-0.5738936066627502,5288,True,None,None,Driving
4a46cf56,2025-04-05 17:07:08,8fa0ff0d,Red Light Violation,Approaching red light at 20.21 km/h,20.213524981603136,0.0,0.5543217062950134,-0.001622605137526989,-89.23436737060547,-0.0004714678290440588,-0.0009641507080593465,0.042818333953619,-3.2185754776000977,-0.04205799102783203,9.806406021118164,2.2206339053809643e-05,0.00029875911423005164,0.06492921710014343,4928,True,None,Red,Driving
85d15001,2025-04-05 17:07:23,e5be0c61,Wrong Way Driving,Vehicle moving opposite to lane direction,28.90516785108681,0.459227979183197,0.0,-0.27216988801956177,54.06912612915039,-0.00020119823854258811,-0.0009617280969247749,-0.030215930193662643,-0.2231590747833252,-5.195255279541016,9.886439323425293,0.03446759283542633,-0.011779853142797947,-0.6930380463600159,5416,True,None,None,Driving
23cce2ff,2025-04-05 17:07:28,a8891d62,Red Light Violation,Approaching red light at 16.51 km/h,16.512600708545392,0.0,1.0,0.0,-89.61056518554688,-0.0004497286841456116,0.0009838777040225772,-0.019320793449878693,-2.123532772064209,-0.0005559921264648438,9.87686538696289,8.325092494487762e-06,0.014824259094893932,0.0001200706246891059,5356,True,None,Red,Driving
ae764bb9,2025-04-05 17:07:29,a09de40a,Lane Violation,Crossed lane markings,28.722885909610852,0.5976059436798096,0.0,-0.19361461699008942,-103.59882354736328,0.0002048578391082856,0.0009840075797750954,0.038960494101047516,1.8745307922363281,-4.445093631744385,9.786686897277832,0.010821732692420483,0.0016089482232928276,-0.7529312968254089,5432,True,None,None,Driving
e9684c73,2025-04-05 17:07:38,88f0b98a,Red Light Violation,Approaching red light at 18.25 km/h,18.252409469176172,0.37030699849128723,0.0,-0.00043982735951431096,89.86224365234375,-0.0009578928899003358,-0.0004357512089390678,0.002598457271233201,-1.2608627080917358,0.013275861740112305,9.808996200561523,9.761983528733253e-05,0.006703800521790981,0.01666586473584175,5368,True,None,Red,Driving
baa541ae,2025-04-05 17:07:44,cd2bcdaa,Lane Violation,Crossed lane markings,26.63132320367171,0.3561088740825653,0.0,-0.013602230697870255,171.88803100585938,-0.00012297791080584375,-3.9887799214077886e-05,-0.001091651851311326,-1.2938646078109741,-0.39871007204055786,9.808944702148438,0.005757488310337067,0.0005796583136543632,-0.06138952076435089,5468,True,None,None,Driving
03039bf3,2025-04-05 17:07:49,498b85e4,Lane Violation,Crossed lane markings,28.873196531733477,0.4764880836009979,0.0,0.13543327152729034,87.82318878173828,-0.0007375594639427163,0.0008904177417901405,-0.0035882187075912952,0.4504568576812744,1.4585269689559937,9.810405731201172,-0.0020493590272963047,0.0002870960161089897,0.29786568880081177,6024,True,None,None,Driving
d751a874,2025-04-05 17:07:50,cd2bcdaa,Lane Violation,Crossed lane markings,18.71881730961785,0.23870036005973816,0.0,0.06018877029418945,173.72926330566406,-0.00014435969175963237,-0.00018481502917185133,-0.0010648345341905951,-0.5487726926803589,0.5707534551620483,9.809815406799316,-0.004030751064419746,-0.0017134089721366763,0.14551259577274323,5564,True,None,None,Driving
090e1fea,2025-04-05 17:07:51,cd2bcdaa,Red Light Violation,Approaching red light at 18.46 km/h,18.462742066100272,0.28652557730674744,0.0,0.040248993784189224,174.649658203125,-0.00014474676605402692,-0.00018945171347478095,-0.0010628891177475452,-0.7910414934158325,0.3632568120956421,9.80811595916748,-0.00109584117308259,0.001622272771783173,0.10522976517677307,5604,True,None,Red,Driving
1aaedd6d,2025-04-05 17:07:56,498b85e4,Lane Violation,Crossed lane markings,29.145835477594204,0.3332257568836212,0.0,0.12040522694587708,96.27088165283203,-0.0008755091704841789,0.0008825001869437489,-0.0034578321501612663,0.020400583744049072,0.6388240456581116,9.808083534240723,-0.0015087202191352844,0.00028147618286311626,0.11740846931934357,5772,True,None,None,Driving
5d08c6b9,2025-04-05 17:08:06,4490cecc,Lane Violation,Crossed lane markings,29.23312390118779,0.5632902383804321,0.0,0.2611473798751831,-153.96914672851562,-0.0011824883651314622,-0.0006449658655180799,0.0007276147371158004,3.5703773498535156,6.082810401916504,9.461234092712402,-0.034760598093271255,0.010114461183547974,0.9045678973197937,4792,True,None,None,Driving
1316e4ba,2025-04-05 17:08:07,498b85e4,Lane Violation,Crossed lane markings,29.111842212112364,0.35967570543289185,0.0,0.13530291616916656,145.9709930419922,-0.0011339023601522058,0.0007254914364480132,-0.0034214400220662355,0.037990570068359375,1.5924110412597656,9.801766395568848,-0.004022669047117233,0.001088412944227457,0.2603905498981476,5540,True,None,None,Driving
a724bd52,2025-04-05 17:08:12,b2bf80fe,Red Light Violation,Approaching red light at 19.72 km/h,19.71822702012814,0.31364670395851135,0.0,-0.0006155604496598244,89.84134674072266,-0.0009442312629204253,-0.000467217705013626,-0.007054938934743404,-1.2467020750045776,0.1902855634689331,9.80918025970459,1.908934791572392e-05,0.0004567378491628915,-0.04741038382053375,5444,True,None,Red,Driving
178a9697,2025-04-05 17:08:13,498b85e4,Lane Violation,Crossed lane markings,29.14421668356358,0.3473823070526123,0.0,0.11348729580640793,174.4486846923828,-0.0011729330736329757,0.0005984954988348636,-0.003424415597692132,0.08160597085952759,1.4568547010421753,9.802474975585938,-0.005260745529085398,0.000968059292063117,0.2402651458978653,4788,True,None,None,Driving
fe5f77b4,2025-04-05 17:08:24,8fa0ff0d,Red Light Violation,Approaching red light at 14.90 km/h,14.897126543858699,0.8500000238418579,0.0,0.017582740634679794,-5.343599319458008,0.0005505474613443084,-0.0006528134450909512,0.04256298020482063,1.8792964220046997,0.06827814131975174,9.810165405273438,-5.104711090098135e-05,-0.0031925002112984657,0.03259965404868126,5744,True,None,Red,Driving
f625c8b2,2025-04-05 17:08:27,cd2bcdaa,Wrong Way Driving,Vehicle moving opposite to lane direction,29.01141739799317,0.38747578859329224,0.0,-0.09872058033943176,124.15492248535156,-0.00021726527410237395,-0.0004060332037342955,-0.0010330963414162397,-0.15999698638916016,-2.3160486221313477,9.79347038269043,0.011374528519809246,0.0028653359040617943,-0.27628299593925476,5340,True,None,None,Driving
a53e7e29,2025-04-05 17:08:31,9b2588bd,Red Light Violation,Approaching red light at 18.86 km/h,18.859317353182274,0.16743186116218567,0.0,0.0,0.12022020667791367,-0.00022360987594538528,0.0006699922719361732,0.001282920828089118,-1.1234718561172485,0.2924644947052002,9.831645011901855,0.0007241074345074594,0.0009766594739630818,-0.040717821568250656,5464,True,None,Red,Driving
a6de6ddd,2025-04-05 17:08:33,a09de40a,Wrong Way Driving,Vehicle moving opposite to lane direction,28.9197738893847,0.46162134408950806,0.0,-0.19576038420200348,140.22805786132812,0.000551240463281033,-0.0003838846246767505,0.038973771035671234,-0.2147359848022461,-5.394344329833984,9.786331176757812,0.002497249748557806,0.0034438208676874638,-0.6407938599586487,5024,True,None,None,Driving
c7b20b04,2025-04-05 17:08:35,88f0b98a,Red Light Violation,Approaching red light at 18.54 km/h,18.535288586727734,0.5740099549293518,0.0,0.0006155604496598244,-89.4149169921875,-0.0004645714608528806,-0.0009640372124149296,0.002641830360516906,-0.20146781206130981,0.03262345492839813,9.81784725189209,0.0001283939927816391,-0.005939177703112364,0.01637902669608593,5396,True,None,Red,Driving
a99f76be,2025-04-05 17:08:41,4490cecc,Red Light Violation,Approaching red light at 19.72 km/h,19.71951293829508,0.3981129825115204,0.0,-0.012562421150505543,-88.9599838256836,-0.0004746131524768771,-0.0009325902833732706,0.0019031906267628074,-0.4467580318450928,0.06562253832817078,9.800063133239746,-0.0006021903827786446,-0.009711074642837048,-0.029259683564305305,4848,True,None,Red,Driving
d50e36f4,2025-04-05 17:08:45,498b85e4,Red Light Violation,Approaching red light at 20.31 km/h,20.306826205341732,0.2703982889652252,0.0,-0.0006220098002813756,-179.62640380859375,-0.001168723454384235,-0.00015820317906879583,-0.0031625747215002775,-0.18786436319351196,-0.00385151244699955,9.801873207092285,-4.774651097250171e-05,-0.0011888587614521384,0.0004326183698140085,6004,True,None,Red,Driving
ee81e1fc,2025-04-05 17:08:47,ef9743a8,Red Light Violation,Approaching red light at 17.26 km/h,17.262274387098273,0.28311634063720703,0.0,0.0,-89.56210327148438,0.000343095619655287,-0.0003744321371900436,-0.01087108626961708,-0.670170247554779,-0.09114575386047363,9.809836387634277,3.647755875135772e-06,-2.9240389267215505e-05,0.027388954535126686,5364,True,None,Red,Driving
77b5a5ef,2025-04-05 17:08:55,a09de40a,Red Light Violation,Approaching red light at 18.50 km/h,18.50474329386699,0.30991384387016296,0.0,-0.0006155604496598244,89.87397766113281,8.770287681159061e-05,-0.0004386593292192008,0.03906108811497688,-0.9868006706237793,0.14156854152679443,9.814352035522461,9.210780262947083e-07,0.0012365076690912247,-0.039910200983285904,5364,True,None,Red,Driving
34440a27,2025-04-05 17:08:58,775af0c3,Lane Violation,Crossed lane markings,28.653857933867716,0.5141364336013794,0.0,0.18674488365650177,-99.93327331542969,-0.0008953828335194203,-0.0009266281296324709,-0.00519218435510993,0.901526927947998,3.778575897216797,9.805211067199707,-0.0025229069869965315,0.0006539223250001669,0.617428719997406,5324,True,None,None,Driving
bd3e5db4,2025-04-05 17:08:59,cd2bcdaa,Red Light Violation,Approaching red light at 19.38 km/h,19.383703209623135,0.2677834928035736,0.0,0.0002485241857357323,89.87422943115234,-0.0009484258042533611,-0.0004357729691245161,-0.0010660170810297132,-0.7451876997947693,-0.01702016592025757,9.809497833251953,0.0005796321202069521,-0.00012241059448570013,-0.0681777223944664,5268,True,None,Red,Driving
441b47e4,2025-04-05 17:09:00,b2bf80fe,Lane Violation,Crossed lane markings,28.950454419105192,0.521989107131958,0.0,-0.006761346012353897,-98.60540771484375,-0.0006708068224838826,-0.0009381808348290288,-0.007124061230570078,0.25104737281799316,-0.7594720125198364,9.808063507080078,0.0010391816031187773,-0.00038827641401439905,-0.09618499130010605,5480,True,None,None,Driving
aec0870e,2025-04-05 17:09:03,775af0c3,Lane Violation,Crossed lane markings,29.099849416172095,0.4743407070636749,0.0,-0.006021898239850998,-91.761474609375,-0.0008265811707701687,-0.000930477386500245,-0.005200233310461044,0.37149301171302795,0.121673583984375,9.808637619018555,-0.00014699134044349194,-0.0005064712022431195,-0.03185269609093666,4732,True,None,None,Driving
4ca77130,2025-04-05 17:09:07,b2bf80fe,Lane Violation,Crossed lane markings,23.51439659298474,0.35037145018577576,0.0,-0.00031118179322220385,-98.7222900390625,-0.0005614924234151886,-0.0009549935422705821,-0.006964301690459251,-3.020475149154663,-0.17969059944152832,9.803041458129883,-8.988170884549618e-05,0.0014438562793657184,0.04155033081769943,5744,True,None,None,Driving
d59b1367,2025-04-05 17:09:08,88f0b98a,Red Light Violation,Approaching red light at 17.99 km/h,17.985953515339634,0.29399049282073975,0.0,0.0006155604496598244,0.06891333311796188,-0.00022003877252529946,-0.0006442269101810609,0.0026370238047093153,-1.018371343612671,0.02836931310594082,9.807662963867188,0.000279896950814873,0.004315569531172514,0.018672995269298553,5524,True,None,Red,Driving
272c2b57,2025-04-05 17:09:10,7865eb04,Lane Violation,Crossed lane markings,30.182545606189578,0.0,0.026001516729593277,0.11593767255544662,101.07569885253906,-0.0007783301012693755,0.0009149566515181748,-0.005264014936983585,1.1853601932525635,2.5616044998168945,9.804726600646973,-0.017164092510938644,0.014840290881693363,0.43044888973236084,5212,True,None,None,Driving
47763b3c,2025-04-05 17:09:12,b2bf80fe,Red Light Violation,Approaching red light at 19.12 km/h,19.118751605757275,0.4246640205383301,0.0,0.01912989839911461,-91.41897583007812,-0.00047928833689070416,-0.0009627391402499192,-0.007039947435259819,-1.028006672859192,0.4563429355621338,9.808493614196777,-0.0004594756755977869,9.389096521772444e-05,0.010388471186161041,5056,True,None,Red,Driving
f6909b3a,2025-04-05 17:09:15,9add9a0c,Wrong Way Driving,Vehicle moving opposite to lane direction,29.012118304103794,0.41343069076538086,0.0,-0.0871795266866684,-121.52738952636719,-0.00021934090452191413,0.0009226491340842129,0.01088718418031931,0.18793225288391113,-2.742478132247925,9.784117698669434,0.006880770903080702,0.0010763518512248993,-0.29231879115104675,5064,True,None,None,Driving
b54ca31a,2025-04-05 17:09:21,498b85e4,Lane Violation,Crossed lane markings,28.879735161111224,0.4720380902290344,0.0,-0.003914671018719673,-89.14583587646484,-0.0009740857576048256,-0.00040535510838051445,-0.0035742567852139473,0.33067983388900757,-0.09376636147499084,9.809991836547852,-0.003521790960803628,0.0005938631948083639,0.005551401991397142,5456,True,None,None,Driving
c96f9ac5,2025-04-05 17:09:35,a09de40a,Lane Violation,Crossed lane markings,26.75531137768807,0.403700590133667,0.0,0.003894997062161565,98.57493591308594,-0.0008187982891882939,-0.0004411619561538067,0.039152029901742935,-1.3230459690093994,0.44425272941589355,9.803842544555664,-0.0020195716060698032,-0.0003620716743171215,0.014070061966776848,5388,True,None,None,Driving
fe6dd185,2025-04-05 17:09:38,276d57e9,Red Light Violation,Approaching red light at 19.34 km/h,19.33705972593359,0.2918812036514282,0.0,0.0,-89.61016082763672,-0.000463362759646202,0.0009837934732574876,-0.004651946946978569,-0.753936767578125,-0.004900157451629639,9.809606552124023,-6.025096809025854e-06,-5.7544086303096265e-05,8.021837771821083e-08,5688,True,None,Red,Driving
108e2eb6,2025-04-05 17:09:41,a09de40a,Lane Violation,Crossed lane markings,20.92469544457965,0.46409618854522705,0.0,0.0,98.71492004394531,-0.0009211507996411683,-0.0004568518380262278,0.03908153623342514,-1.055310606956482,-0.13543927669525146,9.81334400177002,-3.6030192859470844e-05,0.0010142993414774537,0.035064712166786194,5496,True,None,None,Driving
d9d36eac,2025-04-05 17:09:49,498b85e4,Wrong Way Driving,Vehicle moving opposite to lane direction,26.322536993266787,0.8500000238418579,0.0,-0.25521087646484375,-108.33695220947266,-0.00025427059406979424,-0.00042542118628864433,-0.0035816573072224855,0.40468525886535645,-2.7685787677764893,9.798152923583984,-0.0031817350536584854,0.001614266075193882,-0.32095474004745483,5100,True,None,None,Driving
63e5e36c,2025-04-05 17:09:52,41b7c257,Red Light Violation,Approaching red light at 19.82 km/h,19.821529548220322,0.42005372047424316,0.0,0.0,-179.64596557617188,-0.001200170246363541,-0.00015807212106998164,-0.003241920378059149,-0.7395555377006531,-0.00042847730219364166,9.81049919128418,-3.917115918739e-06,0.0001778886653482914,0.0008735746378079057,5860,True,None,Red,Driving
67a2b5e0,2025-04-05 17:09:55,9add9a0c,Red Light Violation,Approaching red light at 18.23 km/h,18.234653550814794,0.24221982061862946,0.0,0.0007912935689091682,-179.81471252441406,-0.00014933511532433386,-0.0001948414715342646,0.0110293198376894,-0.7269148230552673,-0.19701328873634338,9.809492111206055,0.00011701179028023034,-9.257411147700623e-05,0.09736895561218262,5548,True,None,Red,Driving
5319f7ae,2025-04-05 17:09:57,7865eb04,Red Light Violation,Approaching red light at 19.34 km/h,19.34377009934501,0.35323768854141235,0.0,0.0,-179.6387939453125,-0.0011686365507159735,-0.0001721582601408588,-0.0040293121710419655,-0.6543260216712952,0.009016970172524452,9.806946754455566,6.831014616182074e-06,-0.0019156720954924822,-4.6057539293542504e-06,5508,True,None,Red,Driving
2d646cd8,2025-04-05 17:09:59,498b85e4,Lane Violation,Crossed lane markings,26.807361682285364,0.0,0.19794665277004242,-0.08181721717119217,-177.61349487304688,-0.0001470150854743224,-0.0005942044588004762,-0.003083534073084593,-1.0714021921157837,-0.9659252166748047,9.805537223815918,0.01244716439396143,0.0006470752414315939,-0.18834835290908813,5684,True,None,None,Driving
6c16f9fd,2025-04-05 17:10:03,498b85e4,Red Light Violation,Approaching red light at 20.00 km/h,19.996398711930233,0.080533966422081,0.0,0.0023053851909935474,179.7150115966797,-0.00014765118540083222,-0.0007089073651597057,-0.003246955806389451,-0.2540628910064697,0.04703833907842636,9.806821823120117,2.485660843376536e-05,-0.001686352421529591,-0.0038154313806444407,5852,True,None,Red,Driving
03bf3403,2025-04-05 17:10:12,8fa0ff0d,Red Light Violation,Approaching red light at 15.23 km/h,15.234268940647723,0.8500000238418579,0.0,0.0009950052481144667,90.02596282958984,9.791811019965735e-05,0.0009244134567739627,0.04256172105669975,-0.9463830590248108,-0.03971529006958008,9.826369285583496,-1.4623801689594984e-05,-0.0007189118769019842,0.002004512818530202,5100,True,None,Red,Driving
d49a8bd7,2025-04-05 17:10:22,276d57e9,Lane Violation,Crossed lane markings,24.44898801380074,0.8500000238418579,0.0,-0.47409018874168396,-117.43419647216797,0.00037947960923645496,0.0009463837051148573,-0.004820900037884712,-2.1625261306762695,-8.221878051757812,9.755125045776367,-0.052144989371299744,0.008668266236782074,-0.5995467901229858,5224,True,None,None,Driving
0edca0ea,2025-04-05 17:10:28,8f28c279,Red Light Violation,Approaching red light at 18.41 km/h,18.41330746468246,0.8500000238418579,0.0,0.0005271994159556925,0.16517752408981323,-0.00025505200747488743,0.000672337848587457,0.14185218513011932,1.3712713718414307,-0.053949858993291855,9.907093048095703,-1.8278866264154203e-05,-0.008847386576235294,-0.03359942138195038,5568,True,None,Red,Driving
7637ce54,2025-04-05 17:10:30,b2bf80fe,Red Light Violation,Approaching red light at 18.00 km/h,17.999701180316197,0.2905425727367401,0.0,0.027722565457224846,-4.100342750549316,0.0005515329750096498,-0.0006585005637948877,-0.0070648957043886185,-0.9763904809951782,0.18258747458457947,9.810219764709473,-0.0005412608152255416,0.00032629238558001816,0.1366681009531021,5544,True,None,Red,Driving
8037e7a8,2025-04-05 17:10:31,cd2bcdaa,Red Light Violation,Approaching red light at 19.22 km/h,19.216404453174704,0.2676132023334503,0.0,0.0006155604496598244,-89.35118103027344,-0.00047571658234346614,-0.0009641842907077549,-0.0010658645769581199,-0.764732837677002,0.04371863603591919,9.80956745147705,-0.0003983959904871881,1.0924413800239563e-06,0.07149738073348999,5536,True,None,Red,Driving
31e147c8,2025-04-05 17:10:32,a09de40a,Red Light Violation,Approaching red light at 15.33 km/h,15.334724529912155,0.8500000238418579,0.0,0.0005661552422679961,-89.39043426513672,-0.00047329102417847935,-0.000932726670047419,0.03877883777022362,2.2900171279907227,0.008177518844604492,9.815007209777832,7.76117667555809e-06,-0.005623032338917255,0.0011440720409154892,5040,True,None,Red,Driving
dc6cdaea,2025-04-05 17:10:34,88f0b98a,Wrong Way Driving,Vehicle moving opposite to lane direction,28.159470506238005,0.6646624207496643,0.0,-0.07528570294380188,-53.10984420776367,-0.0001470600793709309,-0.00043961119169352744,0.0028056716546416283,-0.09516727924346924,-4.48158597946167,9.714208602905273,-0.02744552120566368,0.018133798614144325,-0.6300734877586365,5276,True,None,None,Driving
0558b3c2,2025-04-05 17:10:43,498b85e4,Lane Violation,Crossed lane markings,29.212647146634612,0.31398600339889526,0.0,-0.004204327240586281,90.3562240600586,-0.00037421964127304364,-0.0010265759168573245,-0.0034641646780073643,-0.012878835201263428,-0.06950291246175766,9.81033992767334,0.0006572245038114488,-2.794142346829176e-06,-0.023902833461761475,5448,True,None,None,Driving
52bcf809,2025-04-05 17:10:52,88f0b98a,Red Light Violation,Approaching red light at 16.60 km/h,16.6021163192143,0.3773552179336548,0.0,0.0,-89.58187866210938,0.00035214374464942466,-0.00040579305353016684,0.0024934387765824795,-0.5783476829528809,-0.0006218552589416504,9.8113431930542,1.278580748476088e-05,-0.0004057043115608394,-0.00024188529641833156,5052,True,None,Red,Driving
662ff3c0,2025-04-05 17:10:55,4d76f0f6,Red Light Violation,Approaching red light at 18.76 km/h,18.763810150410052,0.45789000391960144,0.0,0.0,89.82263946533203,-0.0009615050806672798,-0.00046716781079313353,-0.029465217143297195,-0.31342223286628723,0.001679927110671997,9.823809623718262,-0.0013897221069782972,0.0022713327780365944,0.0011110507184639573,5492,True,None,Red,Driving
48a4eb7f,2025-04-05 17:10:57,775af0c3,Lane Violation,Crossed lane markings,29.151249355146415,0.3912763297557831,0.0,-0.021545184776186943,-8.875530242919922,-0.0002480226965388965,-0.00023358157517198332,-0.005205116234719753,0.16900211572647095,-0.8333179354667664,9.809391975402832,0.0010368369985371828,-0.00010123592801392078,-0.11002196371555328,5112,True,None,None,Driving
b6a944e3,2025-04-05 17:10:59,7865eb04,Red Light Violation,Approaching red light at 17.19 km/h,17.191633335165484,0.8500000238418579,0.0,0.006332525052130222,-90.35419464111328,-0.0004584469110113787,-0.00040580785730987343,-0.0037532804999500513,-1.605797290802002,0.020030736923217773,9.785964012145996,0.00013592879986390471,-0.0010750886285677552,0.01235196739435196,5624,True,None,Red,Driving
7dcc859b,2025-04-05 17:11:02,4490cecc,Lane Violation,Crossed lane markings,26.66611953054057,0.269400030374527,0.0,-0.002421270590275526,80.9100570678711,-0.0008189239157019301,-0.000462836882796759,0.0023214721586555243,-1.419573426246643,-0.6317028999328613,9.79184341430664,0.028464922681450844,0.00243164598941803,-0.041939884424209595,5140,True,None,None,Driving
d24f7d71,2025-04-05 17:11:03,775af0c3,Lane Violation,Crossed lane markings,29.00458846113394,0.4562276303768158,0.0,0.07783696055412292,-6.75214147567749,-0.00022566357485231947,-9.79117020930601e-05,-0.005195388570427895,0.20603401958942413,1.4859013557434082,9.808094024658203,-0.00017478206427767873,-0.0001534584298497066,0.22758999466896057,5540,True,None,None,Driving
188ad405,2025-04-05 17:11:06,9b2588bd,Red Light Violation,Approaching red light at 18.25 km/h,18.253173985786567,0.12893341481685638,0.0,0.005543239880353212,-179.72979736328125,0.0006127998565688131,-0.0001864531770540096,0.000826072646304965,-1.038920283317566,0.060515712946653366,9.835567474365234,-0.00031114506418816745,0.0022320521529763937,-0.0271077249199152,5140,True,None,Red,Driving
ddc39d71,2025-04-05 17:11:08,4490cecc,Lane Violation,Crossed lane markings,20.62170288018734,0.28518199920654297,0.0,0.0,80.84815979003906,-0.0009261372746607321,-0.00044558938286234256,0.001986884977668524,-0.8691579103469849,0.01110917329788208,9.80739974975586,0.00011821466614492238,0.00015639436605852097,-0.006941809318959713,5584,True,None,None,Driving
2d167014,2025-04-05 17:11:12,276d57e9,Red Light Violation,Approaching red light at 12.90 km/h,12.897398764770228,0.8500000238418579,0.0,0.00017573311924934387,-179.3984832763672,0.0005813159180831917,-0.00018601692817078193,-0.005583114456385374,0.922757089138031,0.015029728412628174,9.8477144241333,6.219599163159728e-05,-0.01639808900654316,0.00010540573566686362,5248,True,None,Red,Driving
e29536d8,2025-04-05 17:11:22,9add9a0c,Red Light Violation,Approaching red light at 18.62 km/h,18.62453870531744,0.21821366250514984,0.0,0.0,-179.84445190429688,-0.0001478607171350177,-0.00072578086404848,0.011035270057618618,-0.8102344870567322,-0.0009593963623046875,9.811104774475098,2.0936408873239998e-06,0.0006767642917111516,-0.0001146310823969543,5404,True,None,Red,Driving
742f3b2c,2025-04-05 17:11:29,775af0c3,Red Light Violation,Approaching red light at 19.20 km/h,19.195243873395516,0.19820435345172882,0.0,0.0,0.1589297652244568,-0.00022360408465260662,0.0006716053356360509,-0.005191459320485592,-0.0051288907416164875,0.0006388377514667809,9.811190605163574,6.384127004821494e-07,-0.0003294668276794255,-4.7082838250389614e-07,5032,True,None,Red,Driving
181e7ab0,2025-04-05 17:11:38,47bdd834,Red Light Violation,Approaching red light at 18.60 km/h,18.595315800751646,0.42499443888664246,0.0,0.0,-89.62100219726562,-0.0004539664374476615,0.0009838554298170002,-0.006817169021815062,-0.7264609932899475,0.10478270053863525,9.810224533081055,6.259544170461595e-05,-3.2452851883135736e-05,-0.022572806105017662,5716,True,None,Red,Driving
0ea0dc0b,2025-04-05 17:11:47,88f0b98a,Wrong Way Driving,Vehicle moving opposite to lane direction,28.211294479522085,0.6430380344390869,0.0,-0.06675191223621368,-141.67816162109375,0.0005500879615993881,-0.0004643578340895736,0.0028117368929088116,-0.04093647003173828,-5.187364101409912,9.687641143798828,-0.009656468406319618,0.013196870684623718,-0.5264391303062439,4740,True,None,None,Driving
8c4bfcde,2025-04-05 17:11:55,a09de40a,Red Light Violation,Approaching red light at 18.75 km/h,18.751364954715722,0.3991187810897827,0.0,0.0006155604496598244,0.17679205536842346,-0.00025136931024860587,-0.0006527632767263901,0.03906417638063431,-0.7353489398956299,-0.2177126258611679,9.809822082519531,2.1439287593238987e-05,-3.75646777683869e-05,0.06041775643825531,5064,True,None,Red,Driving
3376e68f,2025-04-05 17:12:06,41b7c257,Lane Violation,Crossed lane markings,23.958197840723464,0.8500000238418579,0.0,0.14954321086406708,-86.34710693359375,3.8428945842383655e-05,-0.000957456589655278,-0.0034356308169662952,-0.04776787757873535,1.401595115661621,9.79834270477295,0.01813800260424614,0.001503651961684227,0.2547120749950409,5352,True,None,None,Driving
f0220ac8,2025-04-05 17:12:08,b2bf80fe,Red Light Violation,Approaching red light at 18.40 km/h,18.40486921622001,0.3569953143596649,0.0,0.0006308624288067222,90.20964050292969,0.0001045163295856355,0.0009246476443445984,-0.007078132592141628,-0.3778058588504791,0.2039489448070526,9.810810089111328,-3.27684247167781e-05,-0.00019336969126015902,-0.04440903663635254,5108,True,None,Red,Driving
7da5e35e,2025-04-05 17:12:11,498b85e4,Lane Violation,Crossed lane markings,29.11560491962118,0.35027480125427246,0.0,-0.1341734230518341,-29.817415237426758,-0.0012113206451260794,0.0007773651141881067,-0.0034446334466338158,-0.15181708335876465,-2.2131550312042236,9.804756164550781,-0.0022932677529752254,0.0007708969060331583,-0.20018722116947174,5124,True,None,None,Driving
c3257e67,2025-04-05 17:12:12,41b7c257,Lane Violation,Crossed lane markings,25.35172502274141,0.8500000238418579,0.0,0.0,-79.63269805908203,0.00017202413515349235,-0.0009346489682567226,-0.0035161972045898438,0.26798850297927856,-0.01349589228630066,9.808996200561523,0.0002357826306251809,-0.00021891553478781134,0.00034892800613306463,5884,True,None,None,Driving
73b567e3,2025-04-05 17:12:14,4490cecc,Red Light Violation,Approaching red light at 19.08 km/h,19.082955885437816,0.28536543250083923,0.0,0.0,0.21573005616664886,-0.00021989227677465806,-0.0006562960342669193,0.0019280242267996073,-0.7565310001373291,-0.013395719230175018,9.809536933898926,-5.750987111241557e-05,-0.00012063371104886755,0.006974633317440748,5376,True,None,Red,Driving
03b8b511,2025-04-05 17:12:18,88f0b98a,Red Light Violation,Approaching red light at 18.59 km/h,18.591099063613147,0.30201491713523865,0.0,0.00017573311924934387,90.97347259521484,8.592426436848655e-05,-0.0009889603350551628,0.00263214111328125,-1.1247766017913818,0.01742696762084961,9.807795524597168,0.0008020251989364624,0.0055257114581763744,0.009556462056934834,5240,True,None,Red,Driving
da8ff742,2025-04-05 17:12:22,cd2bcdaa,Red Light Violation,Approaching red light at 18.23 km/h,18.231669623238737,0.23683106899261475,0.0,0.021410059183835983,-4.976565361022949,0.0005507944651412799,-0.0006557016899261077,-0.001117973355576396,0.8339794874191284,0.27499058842658997,9.805634498596191,-0.0027231876738369465,0.0040746345184743404,0.014478527009487152,4904,True,None,Red,Driving
ffedd7f5,2025-04-05 17:12:23,7865eb04,Wrong Way Driving,Vehicle moving opposite to lane direction,28.839644776254477,0.43511825799942017,0.0,-0.17090202867984772,-111.7580795288086,-0.0002543773046568276,-0.0004258810629637879,-0.004289550706744194,-0.5972194671630859,-4.031210422515869,9.750311851501465,-0.0443069189786911,0.010868847370147705,-0.393950879573822,5344,True,None,None,Driving
c0a7fc39,2025-04-05 17:12:32,498b85e4,Lane Violation,Crossed lane markings,29.205183583579924,0.3180510401725769,0.0,-0.00867273285984993,-89.12883758544922,-0.0007668882188340831,0.0009815662583078392,-0.0034681318793445826,-0.004379540681838989,-0.12268626689910889,9.809844017028809,0.0006671091541647911,9.004428284242749e-05,-0.0228246059268713,5652,True,None,None,Driving
8198f512,2025-04-05 17:12:35,41b7c257,Red Light Violation,Approaching red light at 18.91 km/h,18.910520473397757,0.352724552154541,0.0,0.1481868028640747,-10.056655883789062,0.0005183057201065822,-0.0006749365972861297,-0.0032104873098433018,0.2364429235458374,0.6811188459396362,9.801321029663086,-0.0027062203735113144,-0.0008448128355666995,0.21361397206783295,5448,True,None,Red,Driving
4987c7f4,2025-04-05 17:12:37,8fa0ff0d,Red Light Violation,Approaching red light at 19.58 km/h,19.584969055207637,0.0,0.38215965032577515,0.001066182041540742,-89.36822509765625,-0.00047060530327769357,-0.0009641177422350925,0.042818985879421234,-3.3553640842437744,-0.10302925109863281,9.807267189025879,-7.332698442041874e-05,0.0006936912541277707,0.09292270243167877,5152,True,None,Red,Driving
382da580,2025-04-05 17:12:38,88f0b98a,Wrong Way Driving,Vehicle moving opposite to lane direction,28.30985277530087,0.5877516865730286,0.0,-0.030960092321038246,50.501808166503906,-0.00019842595662566964,-0.0009621490451421716,0.002974281320348382,0.01033240556716919,-3.521665573120117,9.698731422424316,0.013944515958428383,0.02007424086332321,-0.5568364262580872,5272,True,None,None,Driving
62f622d2,2025-04-05 17:12:53,e5be0c61,Red Light Violation,Approaching red light at 16.09 km/h,16.094138039204097,0.8500000238418579,0.0,0.0,-89.56758880615234,0.0003397783736289739,-0.00037445403444752624,-0.03128436952829361,-0.6167004108428955,1.049041748046875e-05,9.893423080444336,0.0021380065008997917,0.012233945541083813,5.027005499869119e-06,4904,True,None,Red,Driving
9d7ccfd5,2025-04-05 17:12:55,7865eb04,Wrong Way Driving,Vehicle moving opposite to lane direction,28.71165646066827,0.49819865822792053,0.0,-0.12586621940135956,127.22786712646484,-0.00021161305737393832,-0.0009607076641652797,-0.0041824341751635075,-0.1015017032623291,-2.7765374183654785,9.735321044921875,0.027102328836917877,0.009796388447284698,-0.4013427495956421,5256,True,None,None,Driving
05f91819,2025-04-05 17:13:00,775af0c3,Red Light Violation,Approaching red light at 18.14 km/h,18.139889998460763,0.29861631989479065,0.0,0.0,-179.39109802246094,0.000612791563725068,-0.0001904499919667292,-0.005195350386202335,-0.4080241024494171,-0.09068139642477036,9.792283058166504,-3.9750535506755114e-05,-0.00048649756354279816,0.04284936562180519,5120,True,None,Red,Driving
9f923e2c,2025-04-05 17:13:12,4490cecc,Wrong Way Driving,Vehicle moving opposite to lane direction,28.75210192192206,0.5262733101844788,0.0,-0.15243537724018097,-52.20814895629883,-0.00014726289460043063,-0.0004373065310444882,0.0019095990573987365,0.04673314094543457,-3.8778982162475586,9.687399864196777,-0.008414283394813538,0.006186407059431076,-0.5111896991729736,5384,True,None,None,Driving
cf2e7dc5,2025-04-05 17:13:15,41b7c257,Lane Violation,Crossed lane markings,20.217606593948013,0.8500000238418579,0.0,0.08946411311626434,87.42431640625,0.0003940994039908219,-0.00046766147572473697,-0.0035873029846698046,-0.07223230600357056,0.5490753650665283,9.814352035522461,-0.00022669148165732622,0.0005067243473604321,0.1456853598356247,5500,True,None,None,Driving
41d49591,2025-04-05 17:13:23,276d57e9,Wrong Way Driving,Vehicle moving opposite to lane direction,28.615429480834432,0.5353695154190063,0.0,-0.32691600918769836,55.83341598510742,-0.0002019204882088843,-0.0009617520159947637,-0.004472922999411821,-0.32763636112213135,-5.660377025604248,9.715441703796387,-0.0007893280126154423,0.01137482188642025,-0.6557779908180237,5320,True,None,None,Driving
28aae69a,2025-04-05 17:13:28,88f0b98a,Lane Violation,Crossed lane markings,28.18253955776593,0.6342960596084595,0.0,0.03542198985815048,-10.33009147644043,-0.00024502092180966883,-0.00022576783525758487,0.0028905486688017845,-0.15653225779533386,0.13043400645256042,9.812999725341797,0.04324590787291527,0.004367953632026911,0.1725454330444336,5132,True,None,None,Driving
ca36b38b,2025-04-05 17:13:30,41b7c257,Red Light Violation,Approaching red light at 19.43 km/h,19.43446770282957,0.43966928124427795,0.0,-0.002476023742929101,89.97268676757812,0.00010580596325837632,-0.00047014772255124163,-0.003236427204683423,-0.9968190789222717,-0.015708506107330322,9.812126159667969,0.00011722420458681881,0.0004488819686230272,-0.0021260802168399096,5712,True,None,Red,Driving
20c39f12,2025-04-05 17:13:33,498b85e4,Lane Violation,Crossed lane markings,28.538666047154695,0.4343356192111969,0.0,-0.4358363747596741,-90.78146362304688,0.0001863548792613301,0.0009873445984506157,-0.003381080459803343,-2.1911325454711914,-6.711289882659912,9.798272132873535,-0.04860401526093483,0.003321480005979538,-0.27449873089790344,5736,True,None,None,Driving
38337d70,2025-04-05 17:13:34,4490cecc,Red Light Violation,Approaching red light at 17.83 km/h,17.828746775482948,0.0,0.005384183954447508,-0.001066182041540742,-89.52690887451172,0.00034171064383770045,-0.0004058858170293929,0.0014970398042351007,0.034507401287555695,0.01242038607597351,9.810794830322266,-0.0002680746838450432,-0.0030334529001265764,6.950097304070368e-05,5292,True,None,Red,Driving
9f895ce5,2025-04-05 17:13:37,276d57e9,Red Light Violation,Approaching red light at 19.34 km/h,19.34493165743313,0.2919416129589081,0.0,0.0006948008667677641,0.08976628631353378,-0.00025138389131029726,-0.0006602604316435222,-0.004652061499655247,-0.747625470161438,0.0074968780390918255,9.809610366821289,1.9794351828750223e-05,-5.760842759627849e-05,0.0010031010024249554,5004,True,None,Red,Driving
2d96f2f0,2025-04-05 17:13:38,498b85e4,Lane Violation,Crossed lane markings,29.17639057400494,0.3336929678916931,0.0,-0.03215670585632324,-110.7123794555664,0.00026107135452946295,0.0009642133499790308,-0.003439674386754632,0.06595569849014282,-0.37651166319847107,9.809357643127441,-0.006570738274604082,-0.0004983618855476379,-0.08321905881166458,5536,True,None,None,Driving
43d27f64,2025-04-05 17:13:44,a8891d62,Red Light Violation,Approaching red light at 16.57 km/h,16.56773131748334,0.8500000238418579,0.0,0.0,-89.60820770263672,-0.0004549817299874803,0.0009838452864864605,-0.019254036247730255,1.3628872632980347,-0.004278659820556641,9.815779685974121,-1.4150980859994888e-05,-0.0053597320802509785,-8.050781616475433e-05,5416,True,None,Red,Driving
ad5dabfa,2025-04-05 17:13:46,8f28c279,Lane Violation,Crossed lane markings,29.24787872145997,0.30421608686447144,0.0,0.07540934532880783,-84.08782196044922,-0.0006848006435546949,-0.0009621460980934338,0.14169490337371826,0.13722538948059082,1.3493807315826416,9.809330940246582,-0.00835899356752634,0.0010817046277225018,0.22393622994422913,5616,True,None,None,Driving
04d7a747,2025-04-05 17:13:47,ef9743a8,Red Light Violation,Approaching red light at 19.36 km/h,19.359770374176417,0.4507302939891815,0.0,0.0,-179.63827514648438,-0.0011686269556747675,-0.00017384340659678453,-0.010867461562156677,-0.17637653648853302,0.006100758910179138,9.804333686828613,1.2328418961260468e-06,-0.0020411021541804075,-1.714396057650447e-05,5752,True,None,Red,Driving
20c45ae2,2025-04-05 17:13:49,b2bf80fe,Red Light Violation,Approaching red light at 19.07 km/h,19.070228287828535,0.5419183969497681,0.0,0.0,-179.6500701904297,-0.001200093623069165,-0.00017011343666687738,-0.007008094806224108,-1.6389219760894775,-3.121793270111084e-06,9.805299758911133,1.7702768673188984e-07,0.00022044270008336753,-1.6790076188044623e-05,5648,True,None,Red,Driving
60ab9395,2025-04-05 17:13:51,498b85e4,Lane Violation,Crossed lane markings,29.119612361672957,0.3533779978752136,0.0,-0.12344548851251602,-143.1938018798828,0.0005127638635116227,0.0007947116486673192,-0.0034354019444435835,-0.06306791305541992,-1.70978844165802,9.803138732910156,-0.002567361108958721,0.0008388753049075603,-0.21181318163871765,5272,True,None,None,Driving
d414e70e,2025-04-05 17:13:52,4490cecc,Wrong Way Driving,Vehicle moving opposite to lane direction,29.544850451098448,0.19084061682224274,0.0,-0.15935976803302765,-106.79827880859375,0.0005085133282562992,-0.00041642994619742424,0.0007920072530396283,-0.1437225341796875,-4.334060192108154,9.764001846313477,-0.0256631001830101,0.021486926823854446,-0.4673009216785431,5564,True,None,None,Driving
8551ee14,2025-04-05 17:13:54,8f28c279,Lane Violation,Crossed lane markings,24.462191208859267,0.25800400972366333,0.0,-0.00017573311924934387,-80.87259674072266,-0.0005627914550814239,-0.0009431041196217171,0.14187392592430115,-1.0216585397720337,0.00641709566116333,9.808667182922363,-0.0001055249449564144,-0.00011937934323213995,-0.004492234904319048,5496,True,None,None,Driving
f9bb7cf8,2025-04-05 17:14:18,cd2bcdaa,Red Light Violation,Approaching red light at 18.32 km/h,18.321338570364578,0.2773814797401428,0.0,0.002390186535194516,90.16803741455078,0.00010178688270912062,0.0009245573824099987,-0.0010648727184161544,-0.729848325252533,0.06763279438018799,9.809683799743652,-0.00039688515244051814,-5.078921094536781e-05,0.0756978690624237,5080,True,None,Red,Driving
9cadac04,2025-04-05 17:14:32,4490cecc,Red Light Violation,Approaching red light at 19.84 km/h,19.838121753607826,0.2644249200820923,0.0,-0.002552804769948125,90.8838119506836,9.558898220518586e-05,-0.0010205145914996942,0.0019535445608198643,-0.8770427703857422,-0.019790589809417725,9.812434196472168,0.0004663511645048857,0.001488210167735815,-0.006266401149332523,4924,True,None,Red,Driving
ffc17288,2025-04-05 17:14:34,4d76f0f6,Red Light Violation,Approaching red light at 18.73 km/h,18.73441892432001,0.28059935569763184,0.0,0.0,-89.3641586303711,-0.00046043459259692554,-0.0009325931618859913,-0.029395293444395065,-0.3739463686943054,0.0038719475269317627,9.810446739196777,-5.680485628545284e-06,0.00034447864163666964,1.0513437700865325e-05,4920,True,None,Red,Driving
a0ca2ed5,2025-04-05 17:14:37,8fa0ff0d,Red Light Violation,Approaching red light at 16.51 km/h,16.505287462402848,0.8500000238418579,0.0,0.020365601405501366,-5.326449394226074,0.0005505721343013192,-0.0006526270271242759,0.04259033128619194,3.3085556030273438,0.1706489771604538,9.808272361755371,0.00010521672811591998,-0.0026853696908801794,0.04225049912929535,5572,True,None,Red,Driving
c3a0bd39,2025-04-05 17:14:56,498b85e4,Lane Violation,Crossed lane markings,29.105168248261915,0.36444151401519775,0.0,-0.11712642759084702,168.49087524414062,0.000573379310210953,-0.0007183864446210706,-0.0034395980183035135,0.03852313756942749,-1.3629425764083862,9.802983283996582,0.0024762526154518127,0.0009254881297238171,-0.213730588555336,4980,True,None,None,Driving
f05a2a27,2025-04-05 17:15:12,ef9743a8,Wrong Way Driving,Vehicle moving opposite to lane direction,28.928126473040464,0.3910653293132782,0.0,-0.16214537620544434,-112.01374053955078,-0.00025417255329784894,-0.00042617432858121554,-0.010939445346593857,-0.3678765296936035,-3.3219242095947266,9.805401802062988,-0.00932819489389658,0.0016219308599829674,-0.4417903423309326,5232,True,None,None,Driving
ca2de6ef,2025-04-05 17:15:13,498b85e4,Lane Violation,Crossed lane markings,24.584276374591067,0.0,0.14104333519935608,-0.021834028884768486,92.0019302368164,0.0001698799515850169,-0.000987961148460987,-0.0032001875806599855,-1.042543649673462,-0.1581745147705078,9.810108184814453,0.00041030405554920435,-0.00012941821478307247,-0.03930777311325073,5396,True,None,None,Driving
2b5918c9,2025-04-05 17:15:19,b2bf80fe,Red Light Violation,Approaching red light at 19.20 km/h,19.196308659728903,0.38363486528396606,0.0,0.0002485241857357323,-89.3486328125,-0.00047858649381282703,-0.0009642380914812256,-0.007060508709400892,-0.7033407092094421,-0.19704455137252808,9.809832572937012,-2.1721534722018987e-05,-4.5856591896153986e-05,0.04664791002869606,5560,True,None,Red,Driving
d72212c1,2025-04-05 17:15:24,ef9743a8,Red Light Violation,Approaching red light at 18.64 km/h,18.636357639240014,0.2835516035556793,0.0,0.00039295118767768145,-179.77244567871094,-0.00014789902876088945,-0.0007250067497346578,-0.01086452417075634,-0.7255305647850037,-0.23152942955493927,9.809844017028809,0.00011742462811525911,-2.557816515036393e-05,0.07202369719743729,5352,True,None,Red,Driving
0f5bebbc,2025-04-05 17:15:25,a09de40a,Red Light Violation,Approaching red light at 19.01 km/h,19.006813665763666,0.3977225720882416,0.0,0.00017573311924934387,-179.62939453125,-0.0011686266815331692,-0.0001754217568039707,0.039065856486558914,-0.7430845499038696,-0.23023393750190735,9.809819221496582,-1.3420110917650163e-05,-3.478630242170766e-05,0.05910474807024002,5500,True,None,Red,Driving
93b6e148,2025-04-05 17:15:31,88f0b98a,Red Light Violation,Approaching red light at 17.23 km/h,17.22556350192626,0.40812915563583374,0.0,0.0003670363512355834,-179.3926544189453,0.0006128812773624759,-0.00019990657448046138,0.002363777020946145,-0.8200207352638245,0.009407781064510345,9.822795867919922,0.00015144830103963614,0.002622715663164854,0.0019570018630474806,5100,True,None,Red,Driving
b59104ff,2025-04-05 17:15:33,41b7c257,Lane Violation,Crossed lane markings,20.941875584541375,0.8500000238418579,0.0,0.14888553321361542,-165.20611572265625,-0.001150167601892349,-0.0006589614685102887,-0.0034813308157026768,0.11508643627166748,1.8152446746826172,9.805181503295898,0.000901301740668714,0.0013056591851636767,0.22313079237937927,5200,True,None,None,Driving
804d9f3b,2025-04-05 17:15:43,9b2588bd,Red Light Violation,Approaching red light at 19.23 km/h,19.232401075716574,0.18661876022815704,0.0,0.0,-89.58715057373047,-0.00046079238485674523,0.0009838025200117528,0.0013238906394690275,-0.7013842463493347,-0.26019036769866943,9.805292129516602,-0.0005089372862130404,-0.00047843781067058444,0.035465460270643234,5172,True,None,Red,Driving
6d7aa4b8,2025-04-05 17:15:45,498b85e4,Lane Violation,Crossed lane markings,29.230716764188568,0.3059234619140625,0.0,0.0,90.64220428466797,-0.0005856182665695542,-0.0009968787808697773,-0.003461112966760993,0.0049671088345348835,-0.0050556533969938755,9.8100004196167,3.88480748370057e-06,-1.0246503734379075e-05,-0.0005122530274093151,5780,True,None,None,Driving
02f97aef,2025-04-05 17:15:51,498b85e4,Lane Violation,Crossed lane markings,29.22586120392354,0.3085083067417145,0.0,-0.03168904781341553,83.97418212890625,-0.0007712769226770888,-0.000991173705729345,-0.0034670638851821423,0.010033249855041504,-0.3688555061817169,9.81007194519043,0.006124398671090603,8.725840598344803e-05,-0.07166633009910583,5028,True,None,None,Driving
debe34b6,2025-04-05 17:15:57,498b85e4,Lane Violation,Crossed lane markings,29.197616223077514,0.3057638704776764,0.0,-0.12240724265575409,67.69185638427734,-0.0009531624654499637,-0.0009406004989148624,-0.003461189102381468,-0.1252971887588501,-1.6932497024536133,9.809830665588379,-0.004084606189280748,0.00030637718737125397,-0.10625152289867401,5272,True,None,None,Driving
f1d8007b,2025-04-05 17:16:05,498b85e4,Lane Violation,Crossed lane markings,29.16194492914039,0.2995811700820923,0.0,-0.11633886396884918,33.80080032348633,-0.0011699336633768098,-0.0007642041428128723,-0.0034385297913104296,-0.06375734508037567,-1.6164710521697998,9.803975105285645,-0.0023071791511029005,0.0007651159539818764,-0.19897888600826263,5400,True,None,None,Driving
03d5605d,2025-04-05 17:16:17,276d57e9,Red Light Violation,Approaching red light at 19.85 km/h,19.84924034950676,0.2957329750061035,0.0,0.0,89.8193359375,-0.0009439867949367908,-0.00046723562718211335,-0.004615592770278454,-0.7654836773872375,0.0007774829864501953,9.806949615478516,0.00018225921667180955,-0.00013373070396482944,3.7224057791718224e-07,5068,True,None,Red,Driving
fa34db7f,2025-04-05 17:16:21,41b7c257,Lane Violation,Crossed lane markings,20.463834493119343,0.8500000238418579,0.0,0.09907364100217819,-4.050965309143066,-0.0002509438900801797,-0.0007949297302739223,-0.0035393142607063055,-0.10748651623725891,0.5161272883415222,9.813998222351074,-0.0006264618132263422,-0.0005406069103628397,0.169915571808815,5500,True,None,None,Driving
1db7efa8,2025-04-05 17:16:27,4d76f0f6,Lane Violation,Crossed lane markings,28.899690079571815,0.4473475217819214,0.0,-0.0024261337239295244,-8.581217765808105,-0.00024185075405114276,-2.845277250073429e-05,-0.029431646689772606,0.05222771316766739,-0.04027808830142021,9.81021785736084,-0.004303806461393833,0.0005782541120424867,-0.007242412306368351,5464,True,None,None,Driving
e60b2444,2025-04-05 17:16:29,41b7c257,Red Light Violation,Approaching red light at 19.69 km/h,19.68869232452449,0.5117580890655518,0.0,-0.001158227096311748,0.3766884207725525,-0.00025116094364818764,-0.0006692813478301725,-0.0031442642211914062,-0.400797575712204,-0.01899133250117302,9.804978370666504,0.00030571414390578866,-0.0010110914008691907,-0.0028408882208168507,5392,True,None,Red,Driving
ca02d2ba,2025-04-05 17:16:32,b2bf80fe,Red Light Violation,Approaching red light at 18.12 km/h,18.118541599560555,0.3170594274997711,0.0,0.03058980032801628,-4.275147914886475,0.000551525607363601,-0.0006583371739299783,-0.007109565660357475,-0.8356506824493408,0.36823010444641113,9.789515495300293,-0.00029223880846984684,-0.0003241410304326564,0.09341856837272644,5836,True,None,Red,Driving
7d2ebff6,2025-04-05 17:16:35,a09de40a,Red Light Violation,Approaching red light at 19.29 km/h,19.289037937113775,0.4798714220523834,0.0,0.0006155604496598244,-89.3930892944336,-0.00047298192674816164,-0.0009327230376385095,0.03906619921326637,-0.520596444606781,0.15551525354385376,9.805657386779785,9.281234815716743e-05,-0.00117446796502918,-0.037565138190984726,5576,True,None,Red,Driving
07308471,2025-04-05 17:16:37,ef9743a8,Wrong Way Driving,Vehicle moving opposite to lane direction,28.89158360535003,0.38474220037460327,0.0,-0.10808537155389786,127.01081848144531,-0.00021267022542303948,-0.0009609145058650686,-0.010937652550637722,0.03980088233947754,-2.5863542556762695,9.804609298706055,0.005347704980522394,0.0017122081480920315,-0.3905845880508423,5524,True,None,None,Driving
f24e460e,2025-04-05 17:16:39,e5be0c61,Wrong Way Driving,Vehicle moving opposite to lane direction,28.922914312942172,0.3826681673526764,0.0,-0.00017573311924934387,90.39601135253906,-0.00021566540358719521,0.0009225979376793944,-0.029819315299391747,-0.07557843625545502,-0.004554770886898041,9.800430297851562,0.00043355999514460564,-0.0017594927921891212,0.00020908204896841198,5404,True,None,None,Driving
8c73082e,2025-04-05 17:16:44,cd2bcdaa,Red Light Violation,Approaching red light at 19.15 km/h,19.14971755688608,0.26948246359825134,0.0,-0.00017573311924934387,-89.38912963867188,-0.00047450709297436333,-0.0009641725710488205,-0.0010657882085070014,-0.7580564022064209,-0.0318756103515625,9.809526443481445,0.00039779540384188294,-5.853787297382951e-05,-0.06979644298553467,5492,True,None,Red,Driving
d17ff466,2025-04-05 17:16:45,8fa0ff0d,Wrong Way Driving,Vehicle moving opposite to lane direction,23.972010741140192,0.8500000238418579,0.0,-0.0006155604496598244,90.38135528564453,-0.00016895341317990642,0.0009229028544197392,0.042774200439453125,1.192702054977417,0.04204833507537842,9.810761451721191,-4.470482235774398e-05,-0.0007233261712826788,-0.04463524371385574,5256,True,None,None,Driving
0d445ceb,2025-04-05 17:16:57,9add9a0c,Lane Violation,Crossed lane markings,28.90387780582158,0.47260040044784546,0.0,-0.23889859020709991,165.83737182617188,0.0006145208645023104,-0.0006286687545336212,0.010623511858284473,-0.946721076965332,-7.770399570465088,9.659224510192871,-0.03297699615359306,0.034442126750946045,-1.0710461139678955,5816,True,None,None,Driving
1beb6267,2025-04-05 17:17:01,4d76f0f6,Red Light Violation,Approaching red light at 17.59 km/h,17.594728533133008,0.4057033658027649,0.0,0.0,0.1600504368543625,-0.00022365593216022717,0.0006891192350691682,-0.029618682339787483,-1.0181688070297241,-0.0003458044957369566,9.833614349365234,3.481031995988815e-08,-0.0001687243493506685,4.12544487460309e-08,5328,True,None,Red,Driving
e6c2df3d,2025-04-05 17:17:08,8fa0ff0d,Lane Violation,Crossed lane markings,28.822651660078645,0.40387317538261414,0.0,0.08426213264465332,102.16421508789062,-0.0007751882046562741,0.0009145634603877278,0.04277030751109123,0.5871578454971313,1.8896827697753906,9.809232711791992,-0.003248639404773712,0.00046644872054457664,0.31734034419059753,5176,True,None,None,Driving
9f4a8333,2025-04-05 17:17:16,498b85e4,Lane Violation,Crossed lane markings,29.133170806860342,0.337466299533844,0.0,-0.1576005518436432,-44.64582061767578,-0.001128833367772586,0.0008300061897123404,-0.00343914027325809,0.035918548703193665,-1.0692411661148071,9.80598258972168,0.00369082298129797,0.0005337354959920049,-0.19426798820495605,5088,True,None,None,Driving
f4efc801,2025-04-05 17:17:28,498b85e4,Lane Violation,Crossed lane markings,29.205734817882902,0.3181634843349457,0.0,-0.0121552599593997,-89.00665283203125,-0.000780627085902097,0.0009500355782532107,-0.0034615707118064165,-0.0063882023096084595,-0.21346697211265564,9.810076713562012,0.00040765333687886596,7.355643901973963e-06,-0.03529416769742966,5716,True,None,None,Driving
58125dc8,2025-04-05 17:17:34,9add9a0c,Wrong Way Driving,Vehicle moving opposite to lane direction,29.03112147370361,0.4050736427307129,0.0,-0.13966411352157593,56.05298614501953,-0.00015798917536358204,-0.0009612089365947879,0.010846404358744621,-0.14107012748718262,-4.645228385925293,9.771955490112305,-0.009617319330573082,0.004273904953151941,-0.5147397518157959,5120,True,None,None,Driving
566580df,2025-04-05 17:17:41,498b85e4,Red Light Violation,Approaching red light at 20.55 km/h,20.545956954329885,0.39841243624687195,0.0,0.0015445349272340536,-89.68241119384766,-0.00047341336096451414,0.0009522745128617935,-0.0032639694400131702,-0.46364709734916687,-0.02243417501449585,9.807393074035645,1.152802724391222e-06,-0.0006795168737880886,-0.003462067572399974,5776,True,None,Red,Driving
7450fe5e,2025-04-05 17:17:48,9add9a0c,Red Light Violation,Approaching red light at 18.99 km/h,18.992130892875338,0.26339587569236755,0.0,-0.001066182041540742,0.20651817321777344,-0.0002198967144835251,-0.0006527761614976162,0.011037597432732582,-0.6778985857963562,-0.022126097232103348,9.8076171875,-0.00021769820887129754,-0.0009572408744134009,-0.0019311580108478665,5232,True,None,Red,Driving
fd4fe283,2025-04-05 17:17:51,e5be0c61,Red Light Violation,Approaching red light at 19.48 km/h,19.47744539810281,0.2926124036312103,0.0,0.0,-179.64454650878906,-0.001200098968894281,-0.00017029036239517593,-0.03024936653673649,-0.7305673360824585,-0.04544946923851967,9.809331893920898,-0.00016073824372142553,0.00028363813180476427,0.012552888132631779,5692,True,None,Red,Driving
62b16788,2025-04-05 17:17:56,4d76f0f6,Wrong Way Driving,Vehicle moving opposite to lane direction,28.843832093784556,0.4725090563297272,0.0,-0.13945741951465607,-55.95512008666992,-0.00016706721632431254,0.0009226603739910271,-0.029404524713754654,0.027872920036315918,-2.607487440109253,9.961552619934082,-0.08274651318788528,-0.021247655153274536,-0.412334680557251,5344,True,None,None,Driving
b8a7173a,2025-04-05 17:17:57,8fa0ff0d,Red Light Violation,Approaching red light at 20.03 km/h,20.027448486325188,0.0,0.699999988079071,0.0028178468346595764,-179.77076721191406,-0.0011686011861229417,-0.00017682950373044135,0.0428132638335228,-4.044003486633301,-0.07377941161394119,9.808026313781738,-5.7154291425831616e-05,0.0020552610512822866,0.04555819556117058,5636,True,None,Red,Driving
10a62fba,2025-04-05 17:18:01,a8891d62,Lane Violation,Crossed lane markings,28.171981850524755,0.817841649055481,0.0,-0.16526049375534058,57.91669464111328,-0.0009403423237017705,-0.0009769350740202866,-0.01861823908984661,0.7580506801605225,-4.820975303649902,9.710502624511719,0.017026927322149277,0.006070651113986969,-0.7568619847297668,4948,True,None,None,Driving
589f968d,2025-04-05 17:18:16,b2bf80fe,Red Light Violation,Approaching red light at 18.43 km/h,18.427734545571546,0.3793192505836487,0.0,0.0019535990431904793,90.25000762939453,0.00010514399957628484,0.000924666765893386,-0.007075729314237833,-0.26818937063217163,-0.19375136494636536,9.810239791870117,-1.3923330698162317e-05,-0.000311729236273095,0.05070868507027626,5140,True,None,Red,Driving
a57ab74f,2025-04-05 17:18:26,cd2bcdaa,Red Light Violation,Approaching red light at 18.02 km/h,18.019091840873756,0.009425746276974678,0.0,0.014679383486509323,-4.845858573913574,0.0005507457360351964,-0.0006545668020179554,-0.001058616559021175,0.4599856436252594,0.1794770210981369,9.844011306762695,-0.002274337224662304,0.006967371795326471,-0.010988504625856876,4920,True,None,Red,Driving
e62e0d2d,2025-04-05 17:18:46,a09de40a,Lane Violation,Crossed lane markings,29.49903431613479,0.22467486560344696,0.0,-0.005356416571885347,-9.118022918701172,-0.00024801959528986117,-0.00024056104328349742,0.0386456660926342,0.8213406205177307,-0.5625610947608948,9.821897506713867,0.003022299148142338,0.0032369166146963835,-0.0868612751364708,5276,True,None,None,Driving
989033cc,2025-04-05 17:18:52,a09de40a,Lane Violation,Crossed lane markings,28.83747269252483,0.5207329392433167,0.0,0.0,-9.286479949951172,-0.00023126786777538655,-0.00013785893060101786,0.038939207792282104,0.22746331989765167,-0.06417548656463623,9.808984756469727,-2.7172829504706897e-05,-0.0006507022771984339,0.016415748745203018,6016,True,None,None,Driving
fb5f8207,2025-04-05 17:18:56,8fa0ff0d,Red Light Violation,Approaching red light at 21.42 km/h,21.41966314924364,0.0,0.699999988079071,-0.0016835422720760107,-90.1026382446289,-0.0004524609752820652,-0.0003742958190519124,0.0427841953933239,-3.8695449829101562,0.04048442840576172,9.80866527557373,-8.92486423254013e-06,0.0032067091669887304,-0.04432602599263191,5096,True,None,Red,Driving
c641478d,2025-04-05 17:18:58,4d76f0f6,Red Light Violation,Approaching red light at 16.96 km/h,16.961435423331146,0.40357455611228943,0.0,0.00017573311924934387,-179.40135192871094,0.0005815143298661951,-0.00020574380419598266,-0.029615705832839012,-0.44043079018592834,0.004546238575130701,9.808917045593262,-0.00018607242964208126,0.0013322383165359497,0.000401913421228528,5224,True,None,Red,Driving
b9a457b2,2025-04-05 17:19:02,8f28c279,Red Light Violation,Approaching red light at 18.18 km/h,18.182655961303354,0.8500000238418579,0.0,0.0,-90.15911102294922,-0.00045976012964388246,-0.0004057259910373758,0.14178630709648132,0.6054096817970276,0.00042378902435302734,9.8331298828125,-7.242430001497269e-06,-0.007454580627381802,-0.0008236872963607311,5600,True,None,Red,Driving
2f7889a3,2025-04-05 17:19:04,e5be0c61,Lane Violation,Crossed lane markings,29.22756187346994,0.3265131413936615,0.0,0.07661813497543335,-84.18486022949219,-0.000688795813587717,-0.0009622006527630931,-0.02940412424504757,0.5134258270263672,1.1884608268737793,9.772598266601562,0.028131484985351562,0.0023943185806274414,0.32801756262779236,5592,True,None,None,Driving
67d1442d,2025-04-05 17:19:09,e5be0c61,Lane Violation,Crossed lane markings,24.50757186395358,0.3284205496311188,0.0,0.0,-81.06317901611328,-0.00056656573353564,-0.0009434641393198586,-0.0305116456001997,-1.1498790979385376,-0.1933766007423401,9.821633338928223,-0.00011390857980586588,-0.00020532854250632226,0.05020050331950188,5628,True,None,None,Driving
ca4572c0,2025-04-05 17:19:13,9add9a0c,Red Light Violation,Approaching red light at 18.53 km/h,18.529146246518458,0.2414284348487854,0.0,0.0010462671052664518,0.18906359374523163,-0.00022362048191837403,0.0006776704990106421,0.011033019982278347,-0.7358044981956482,-0.1956292688846588,9.80958366394043,0.00011784099478973076,-0.00012545182835310698,0.09730533510446548,5192,True,None,Red,Driving
395498ff,2025-04-05 17:19:14,e5be0c61,Red Light Violation,Approaching red light at 19.59 km/h,19.592598729819468,0.2748117744922638,0.0,-0.016245795413851738,-87.21015167236328,-0.00047661519234054595,-0.0009345212171207363,-0.030296096578240395,-0.7557967305183411,0.11078119277954102,9.812636375427246,-0.0008614794351160526,-0.0001562914694659412,-0.09365226328372955,4928,True,None,Red,Driving
2da7ec20,2025-04-05 17:19:15,498b85e4,Wrong Way Driving,Vehicle moving opposite to lane direction,25.592071619784367,0.8500000238418579,0.0,-0.23010781407356262,-116.11551666259766,-0.00021964265147289552,0.0009236607942335116,-0.0035841751378029585,0.43483614921569824,-2.2034718990325928,9.79792594909668,5.905283614993095e-06,0.002491377294063568,-0.34276220202445984,5932,True,None,None,Driving
333c1298,2025-04-05 17:19:21,41b7c257,Red Light Violation,Approaching red light at 19.54 km/h,19.535261869635455,0.385719358921051,0.0,0.0,0.16050422191619873,-0.00025501283914763917,0.0006590850389492282,-0.003243751358240843,-0.5989234447479248,-0.012077934108674526,9.80939769744873,-2.047920679615345e-05,6.472862878581509e-05,0.0035356071311980486,5344,True,None,Red,Driving
0ea0cf57,2025-04-05 17:19:24,47bdd834,Wrong Way Driving,Vehicle moving opposite to lane direction,28.8472101484466,0.5332728624343872,0.0,-0.14332593977451324,-125.2350082397461,-0.00017746053198663958,0.0009237155545112225,-0.007482680957764387,0.5219497680664062,-3.682093858718872,9.734818458557129,0.030748097226023674,0.006738312542438507,-0.510512113571167,5368,True,None,None,Driving
75993ec0,2025-04-05 17:19:36,775af0c3,Lane Violation,Crossed lane markings,28.688228460389826,0.675047755241394,0.0,-0.22990365326404572,-102.62727355957031,0.00021079821551950317,0.000984106751391926,-0.0051846313290297985,1.5066547393798828,-4.515214920043945,9.800392150878906,0.0013779791770502925,0.0001391872065141797,-0.6934332251548767,4752,True,None,None,Driving
4c7c8660,2025-04-05 17:19:40,88f0b98a,Red Light Violation,Approaching red light at 18.02 km/h,18.02013964314171,0.29795029759407043,0.0,-0.000304378685541451,-89.6226806640625,-0.0004475707248445815,0.0009838774984145258,0.0026341627817600965,-1.1063734292984009,-0.042290568351745605,9.807927131652832,-0.0002595977857708931,0.005629145540297031,-0.016019443050026894,5772,True,None,Red,Driving
0bbda8d6,2025-04-05 17:19:56,9add9a0c,Wrong Way Driving,Vehicle moving opposite to lane direction,29.156677366025654,0.369723379611969,0.0,-0.09313338249921799,-56.465797424316406,-0.0001674086970240296,0.0009214443394385573,0.010835647583007812,0.2866770029067993,-3.144641876220703,9.78121566772461,0.02483140118420124,0.002616708166897297,-0.41162005066871643,5356,True,None,None,Driving
694cc719,2025-04-05 17:20:00,498b85e4,Red Light Violation,Approaching red light at 18.77 km/h,18.770038067143567,0.5538191199302673,0.0,-0.0006155604496598244,-179.83364868164062,-0.00014938476968495706,-0.00017602064165591906,-0.0032386397942900658,1.3916497230529785,-0.0046611628495156765,9.788378715515137,-5.951282219029963e-05,0.0012744396226480603,-7.556546916021034e-05,5884,True,None,Red,Driving
89a53953,2025-04-05 17:20:02,41b7c257,Lane Violation,Crossed lane markings,20.220661201715426,0.8500000238418579,0.0,0.084699846804142,87.66273498535156,-0.00037797986983889587,0.0008909009892471357,-0.003644294571131468,-0.19832190871238708,0.44160783290863037,9.81619644165039,0.0009201307548210025,0.0012568547390401363,0.138824462890625,5516,True,None,None,Driving
8fa613e0,2025-04-05 17:20:04,a09de40a,Wrong Way Driving,Vehicle moving opposite to lane direction,28.880787416368833,0.5061200857162476,0.0,-0.11655273288488388,-56.53250503540039,-0.00016781586948866334,0.0009218825587322783,0.03897804021835327,0.3512234687805176,-3.3619303703308105,9.796979904174805,0.008076634258031845,0.0008987602777779102,-0.4496004283428192,4908,True,None,None,Driving
836a06a8,2025-04-05 17:20:06,e5be0c61,Red Light Violation,Approaching red light at 19.13 km/h,19.13408093236788,0.2872326970100403,0.0,-0.00017573311924934387,0.1464623063802719,-0.00025136082892629474,-0.0006562854111842594,-0.03023231402039528,-0.7154456973075867,0.04935890808701515,9.808845520019531,0.00041591053013689816,0.00021109306544531137,-0.012627636082470417,5496,True,None,Red,Driving
ad17e58b,2025-04-05 17:20:10,a7019274,Red Light Violation,Approaching red light at 18.67 km/h,18.674262749213156,0.28910771012306213,0.0,0.0,0.18635879456996918,-0.0002198970057634142,-0.0006552730656747891,0.06814350187778473,-1.117832899093628,0.16795159876346588,9.831174850463867,0.0002837654610630125,0.006171627901494503,-0.047375649213790894,5036,True,None,Red,Driving
227c9813,2025-04-05 17:20:12,47bdd834,Red Light Violation,Approaching red light at 18.18 km/h,18.180847896411287,0.4313536286354065,0.0,0.0006155604496598244,-179.84339904785156,-0.00011789288100771955,-0.0001956196808751121,-0.006981506012380123,-0.05786333605647087,-0.029692212119698524,9.74970817565918,0.00035047007258981466,-0.01060730591416359,2.3639917344553396e-05,5588,True,None,Red,Driving
2fe9546f,2025-04-05 17:20:17,cd2bcdaa,Red Light Violation,Approaching red light at 18.33 km/h,18.330748258442807,0.27844876050949097,0.0,0.0019475598819553852,90.13600158691406,0.00010193002876235369,0.0009245579992341531,-0.0010647200979292393,-0.725912868976593,0.027212798595428467,9.809612274169922,-0.00012496221461333334,-9.169410623144358e-05,0.011204264126718044,5120,True,None,Red,Driving
4f95c9e7,2025-04-05 17:20:36,41b7c257,Lane Violation,Crossed lane markings,27.76919827976582,0.8500000238418579,0.0,0.12911783158779144,149.52540588378906,-0.001139044343389628,0.0007159689736877861,-0.0034510421101003885,-0.046215057373046875,2.9275059700012207,9.798958778381348,0.003854783484712243,0.0009301574900746346,0.25393980741500854,5460,True,None,None,Driving
f2c4622b,2025-04-05 17:20:46,b2bf80fe,Red Light Violation,Approaching red light at 18.92 km/h,18.92248006868949,0.6573238968849182,0.0,-0.00017573311924934387,-89.36438751220703,-0.00048075161512883824,-0.0009642578983901848,-0.007014312781393528,-1.3193761110305786,0.009603142738342285,9.808127403259277,3.7221761886030436e-06,0.0003094864368904382,0.0007125831325538456,5436,True,None,Red,Driving
5a6d5d24,2025-04-05 17:20:59,8f28c279,Red Light Violation,Approaching red light at 17.83 km/h,17.831354286644324,0.0008390850853174925,0.0,0.0,-89.55757904052734,0.00033923330668983454,-0.00040590223140550276,0.14153610169887543,-0.37820592522621155,0.0016657710075378418,9.826653480529785,-1.0802294127643108e-05,0.001338721252977848,-1.860496695371694e-06,5244,True,None,Red,Driving
f7189cc0,2025-04-05 17:21:04,9add9a0c,Red Light Violation,Approaching red light at 18.14 km/h,18.143025507918846,0.06862740218639374,0.0,0.00017573311924934387,-179.40602111816406,0.0005813860304328955,-0.00019319153545715483,0.010925673879683018,0.6592585444450378,-0.0019453139975667,9.806795120239258,7.758874562568963e-05,-0.002652014372870326,8.169795182766393e-05,5088,True,None,Red,Driving
e7e6d764,2025-04-05 17:21:08,88f0b98a,Red Light Violation,Approaching red light at 17.17 km/h,17.173828535750875,0.39998289942741394,0.0,0.0,-179.40707397460938,0.0006128962867535392,-0.00020154055879957717,0.0024187087547034025,-0.6208150386810303,-0.005657494068145752,9.813980102539062,1.2776376934198197e-05,0.000502578797750175,0.00039344601100310683,5444,True,None,Red,Driving
3931937f,2025-04-05 17:21:17,7865eb04,Wrong Way Driving,Vehicle moving opposite to lane direction,29.109456711846136,0.3577214777469635,0.0,-0.12844811379909515,-119.80638885498047,-0.00022108096545991884,0.0009238735300307763,-0.004384536761790514,-0.3052706718444824,-3.554410457611084,9.74464225769043,-0.0038033784367144108,0.009914794936776161,-0.3947319984436035,4900,True,None,None,Driving
acde144b,2025-04-05 17:21:27,a8891d62,Wrong Way Driving,Vehicle moving opposite to lane direction,28.2436792109541,0.744707465171814,0.0,-0.14568963646888733,-126.05216979980469,-0.00017661633957288814,0.0009236021274028227,-0.018724631518125534,0.5425910949707031,-3.8038930892944336,9.756341934204102,0.015261264517903328,0.0024703070521354675,-0.5313519239425659,4896,True,None,None,Driving
9318092e,2025-04-05 17:21:31,41b7c257,Lane Violation,Crossed lane markings,20.561924355233373,0.8500000238418579,0.0,0.09886600077152252,-94.05902862548828,-0.0010357203348831945,-0.0004042727875975238,-0.0036587142385542393,-0.16623938083648682,0.5713577270507812,9.817439079284668,-0.0017375246388837695,0.0004226940218359232,0.18093609809875488,5404,True,None,None,Driving
2cbc583f,2025-04-05 17:21:43,775af0c3,Red Light Violation,Approaching red light at 18.99 km/h,18.986253447345867,0.37773454189300537,0.0,0.0,0.12868736684322357,-0.00025136905324529835,-0.0006566581785815927,-0.005165443290024996,-0.023174412548542023,-0.0024494582321494818,9.810578346252441,-2.0274512735340977e-06,-0.00029377845930866897,0.0001011890999507159,5660,True,None,Red,Driving
6b6d698b,2025-04-05 17:21:47,9b2588bd,Red Light Violation,Approaching red light at 19.39 km/h,19.385053283765185,0.2519254684448242,0.0,0.0,-89.60430908203125,-0.00046285857445127476,0.000983791074496887,0.0013913344591856003,-0.7879291772842407,-0.19467496871948242,9.807757377624512,-0.0007767195347696543,-0.0016180494567379355,0.028333839029073715,5264,True,None,Red,Driving
2e565621,2025-04-05 17:21:50,ef9743a8,Lane Violation,Crossed lane markings,28.98169624928137,0.3890741169452667,0.0,-0.011301646940410137,82.39128112792969,-0.0004542534662732578,-0.0010228355637208176,-0.010957183316349983,-0.22592881321907043,-0.46026480197906494,9.810529708862305,0.003068559104576707,0.0004906489048153162,-0.10951637476682663,5068,True,None,None,Driving
7c12e20d,2025-04-05 17:21:52,cd2bcdaa,Red Light Violation,Approaching red light at 19.36 km/h,19.364900522345017,0.2685698866844177,0.0,-0.000870533986017108,-179.6502685546875,-0.0012000784080896665,-0.00017292387598855314,-0.0010661697015166283,-0.7590977549552917,-0.020481331273913383,9.809690475463867,-0.00011342761717969552,-4.241258284309879e-05,-0.008256508968770504,5392,True,None,Red,Driving
107c48b5,2025-04-05 17:21:54,8f28c279,Wrong Way Driving,Vehicle moving opposite to lane direction,29.308987935175672,0.3448144197463989,0.0,-0.17249396443367004,-111.57192993164062,0.0004976982762059379,-0.0004204691506367573,0.14167624711990356,0.7803397178649902,-3.4149107933044434,9.792088508605957,0.002055599819868803,0.0017957615200430155,-0.47321832180023193,5392,True,None,None,Driving
996715b5,2025-04-05 17:21:57,ef9743a8,Lane Violation,Crossed lane markings,28.975981564555426,0.41042307019233704,0.0,0.0,81.9463882446289,-0.0005687913036211967,-0.0010067030762495773,-0.010956420563161373,0.008248019963502884,0.06680845469236374,9.809863090515137,2.9699731385335326e-07,-1.619850445422344e-05,-0.01905025914311409,4812,True,None,None,Driving
03a3ae8b,2025-04-05 17:21:59,41b7c257,Red Light Violation,Approaching red light at 19.35 km/h,19.345471992872955,0.46278029680252075,0.0,0.00017573311924934387,-90.16197967529297,-0.0004722964980174993,-0.0004056660562903694,-0.0032052230089902878,-0.5571358799934387,0.02210789918899536,9.807483673095703,2.0308343664510176e-05,5.803033855045214e-05,0.0012582390336319804,5640,True,None,Red,Driving
0a7e17dc,2025-04-05 17:22:09,498b85e4,Lane Violation,Crossed lane markings,29.201586683652064,0.3199833631515503,0.0,-0.014092312194406986,89.9581527709961,-0.0003821594703339315,-0.00043767402116850015,-0.003463172819465399,0.01018737256526947,-0.19643443822860718,9.809952735900879,7.483227818738669e-05,4.486827674554661e-05,-0.034762877970933914,5496,True,None,None,Driving
6c95ce15,2025-04-05 17:22:12,8fa0ff0d,Red Light Violation,Approaching red light at 19.12 km/h,19.119547029649063,0.8500000238418579,0.0,0.01918604038655758,-91.61871337890625,-0.0004528049918093302,-0.00037347818436719366,0.04281451925635338,3.8061935901641846,0.07167291641235352,9.803668975830078,-0.00028907787054777145,-0.0012548825470730662,-0.0132945217192173,5256,True,None,Red,Driving
ec160bd1,2025-04-05 17:22:14,47bdd834,Red Light Violation,Approaching red light at 18.39 km/h,18.386436487483667,0.5189514756202698,0.0,0.0017372046131640673,-179.88082885742188,-0.00011642025617675245,-0.0007249438336709049,-0.006800956558436155,-1.0334237813949585,0.17973273992538452,9.836195945739746,-0.000557734805624932,0.0071113151498138905,-0.04944498836994171,4812,True,None,Red,Driving
204c9478,2025-04-05 17:22:15,b2bf80fe,Red Light Violation,Approaching red light at 18.65 km/h,18.651419346830473,0.5430000424385071,0.0,-0.0003670363512355834,0.21826307475566864,-0.00021987557113334333,-0.0006579369235897639,-0.007031783927232027,-0.6066118478775024,-0.006478389259427786,9.808362007141113,1.207842979056295e-05,-0.0002208473888458684,-0.0009298950899392366,5416,True,None,Red,Driving
9a2670eb,2025-04-05 17:22:18,7865eb04,Wrong Way Driving,Vehicle moving opposite to lane direction,28.03783683558841,0.705815315246582,0.0,-0.1939164698123932,124.03390502929688,-0.00021834036434142945,-0.00040650154460755835,-0.003951110877096653,-1.1011595726013184,-4.415505886077881,9.694649696350098,-0.018028538674116135,0.015520012006163597,-0.4395922124385834,5308,True,None,None,Driving
f03b9636,2025-04-05 17:22:19,a7019274,Wrong Way Driving,Vehicle moving opposite to lane direction,28.92857479158198,0.563667893409729,0.0,-0.15184679627418518,-56.98545837402344,-0.00017156256221539934,0.0009208138766167024,0.06781673431396484,0.195898175239563,-4.278844356536865,9.780535697937012,0.01606878452003002,0.009452112019062042,-0.5197514891624451,5572,True,None,None,Driving
9759415a,2025-04-05 17:22:31,498b85e4,Red Light Violation,Approaching red light at 20.94 km/h,20.94304532003628,0.02033190242946148,0.0,0.0006220098002813756,89.81190490722656,-0.0009319269917682504,-0.000435812959890529,-0.0033936691470444202,-0.3861212432384491,-0.02378430962562561,9.815110206604004,2.3480504751205444e-05,-0.002696599345654249,0.0002409042790532112,5476,True,None,Red,Driving
bce241eb,2025-04-05 17:22:33,8f28c279,Red Light Violation,Approaching red light at 18.98 km/h,18.982149785552654,0.31861451268196106,0.0,-0.003748410614207387,90.94081115722656,9.876483842674588e-05,-0.000989015712157028,0.1419423222541809,-4.467299938201904,-0.022420406341552734,9.839876174926758,0.0003206022083759308,0.007598170544952154,-0.006817542016506195,5232,True,None,Red,Driving
46454142,2025-04-05 17:22:40,7865eb04,Lane Violation,Crossed lane markings,7.177404925138035,0.0,0.699999988079071,0.02001403272151947,97.67829895019531,-0.0008124132682212348,-0.0004407055748155383,-0.004618453793227673,-2.639049530029297,-0.004645109176635742,9.83561897277832,-0.0014239363372325897,0.018802741542458534,0.01662699691951275,5796,True,None,None,Driving
f0f51ced,2025-04-05 17:22:41,276d57e9,Red Light Violation,Approaching red light at 19.81 km/h,19.811844449476588,0.29517579078674316,0.0,-0.00017573311924934387,-89.36793518066406,-0.00048109785907968217,-0.0009328207699989796,-0.004656524397432804,-0.7680249810218811,-0.021524131298065186,9.809514999389648,-7.625279977219179e-05,-6.349983596010134e-05,-7.465708040399477e-05,4960,True,None,Red,Driving
c56c04b4,2025-04-05 17:22:47,7865eb04,Lane Violation,Crossed lane markings,12.28616969271885,0.0,0.13808989524841309,0.0015576439909636974,98.50270080566406,-0.000853372448162304,-0.0004468051090027352,-0.004571495112031698,2.822227954864502,0.0037844181060791016,9.782005310058594,-8.890405297279358e-06,-0.015933807939291,0.002475139917805791,5520,True,None,None,Driving
32ada6b4,2025-04-05 17:22:48,a09de40a,Wrong Way Driving,Vehicle moving opposite to lane direction,28.851752972538545,0.40061184763908386,0.0,-0.20482851564884186,140.48680114746094,0.0005514644389705836,-0.0003837449140057699,0.03895969316363335,-0.33388233184814453,-5.434878349304199,9.790020942687988,0.0029501798562705517,0.004890513606369495,-0.7057912349700928,5076,True,None,None,Driving
ed81e4a6,2025-04-05 17:23:05,a09de40a,Red Light Violation,Approaching red light at 18.73 km/h,18.728064905016407,0.4866843521595001,0.0,0.0002485241857357323,89.89920806884766,8.788384617730571e-05,-0.0004386575130147461,0.039061009883880615,-0.4709123373031616,-0.14833244681358337,9.805686950683594,2.7691014111042023e-05,-0.001223166473209858,0.03876513987779617,5076,True,None,Red,Driving
ef829be4,2025-04-05 17:23:13,7865eb04,Lane Violation,Crossed lane markings,21.455271597830347,0.8500000238418579,0.0,0.0,98.5784683227539,-0.000917391599102757,-0.0004564558026510688,-0.005422248505055904,6.629742622375488,0.0003285408020019531,9.628798484802246,1.16787850856781e-05,-0.03078259713947773,6.750933243893087e-05,5276,True,None,None,Driving
a0dd64b1,2025-04-05 17:23:18,e5be0c61,Red Light Violation,Approaching red light at 19.40 km/h,19.403430359514058,0.29189881682395935,0.0,0.0,-179.6638641357422,-0.0011686502579095759,-0.00017151845928666592,-0.030247554183006287,-0.7289704084396362,0.22937257587909698,9.809296607971191,0.0003346214652992785,0.0002782811061479151,-0.056191325187683105,5272,True,None,Red,Driving
c6a27e0a,2025-04-05 17:23:20,41b7c257,Wrong Way Driving,Vehicle moving opposite to lane direction,20.962748046046116,0.8500000238418579,0.0,-0.22160062193870544,-109.16324615478516,-0.000255819456654649,-0.00042525577461122866,-0.0034979628399014473,0.4010345935821533,-2.3859784603118896,9.801926612854004,-0.0047955624759197235,4.961434751749039e-05,-0.2610003650188446,5272,True,None,None,Driving
9bf60f69,2025-04-05 17:23:22,cd2bcdaa,Red Light Violation,Approaching red light at 19.17 km/h,19.17300944225087,0.2693008780479431,0.0,-0.0006155604496598244,-89.39250946044922,-0.000474913545829736,-0.0009641778483221419,-0.001065750140696764,-0.7532668113708496,-0.05204516649246216,9.80966567993164,0.0003605471283663064,-5.962105933576822e-05,-0.07054859399795532,4836,True,None,Red,Driving
a299dc87,2025-04-05 17:23:24,a7019274,Red Light Violation,Approaching red light at 18.38 km/h,18.37843916090534,0.3426493704319,0.0,-0.0012311208993196487,-179.3423614501953,0.0005813512826762235,-0.00019141013016512787,0.06787388026714325,0.5985777378082275,0.023069806396961212,9.73654556274414,-0.00014575936074834317,-0.007137591950595379,0.047597337514162064,5220,True,None,Red,Driving
fb81b87a,2025-04-05 17:23:24,8f28c279,Wrong Way Driving,Vehicle moving opposite to lane direction,29.127626829888484,0.42786502838134766,0.0,-0.2817475199699402,53.54774475097656,-0.0002027804952859924,-0.0009610630234142543,0.14177711308002472,-0.1706829071044922,-5.609878063201904,9.766056060791016,-0.014770747162401676,0.003557413350790739,-0.6418765187263489,5508,True,None,None,Driving
cef67f51,2025-04-05 17:23:27,41b7c257,Wrong Way Driving,Vehicle moving opposite to lane direction,21.485770517037352,0.8500000238418579,0.0,-0.2363998293876648,-132.85665893554688,-0.0001911070810365345,-0.0004699581176597685,-0.0035367202945053577,-0.09556174278259277,-2.8626480102539062,9.802377700805664,-0.0011428800644353032,0.001977180130779743,-0.3501020669937134,5296,True,None,None,Driving
25925286,2025-04-05 17:23:32,41b7c257,Lane Violation,Crossed lane markings,22.451250137202145,0.8500000238418579,0.0,-0.1078706905245781,-175.12423706054688,-0.0001484346548608073,-0.0005845101077092117,-0.003470802213996649,0.3428126573562622,-0.7338675260543823,9.807626724243164,0.0056917546316981316,-0.00019639389938674867,-0.1999884396791458,5620,True,None,None,Driving
31279e4c,2025-04-05 17:23:34,9add9a0c,Wrong Way Driving,Vehicle moving opposite to lane direction,28.6508116054081,0.5483176112174988,0.0,-0.22319231927394867,51.90575408935547,-0.00020118799240265162,-0.0009617290564290151,0.01128944382071495,0.12368738651275635,-6.011776447296143,9.715461730957031,-0.0027241988573223352,0.00317477248609066,-0.6377688050270081,5312,True,None,None,Driving
d3948fb3,2025-04-05 17:23:38,41b7c257,Red Light Violation,Approaching red light at 19.30 km/h,19.304505279167813,0.5047478675842285,0.0,0.0036684414371848106,179.9395294189453,-0.0001477548803876516,-0.0007093960954980736,-0.0032461928203701973,-0.4189035892486572,0.07007788121700287,9.807671546936035,0.0004768636717926711,-0.00033652345882728696,0.002937807235866785,5356,True,None,Red,Driving
7f027c92,2025-04-05 17:23:42,498b85e4,Lane Violation,Crossed lane markings,29.159978209129118,0.33997127413749695,0.0,0.07746456563472748,-120.795166015625,-0.0009994529936250274,-0.0008822034259894462,-0.0034456253051757812,-0.031011223793029785,1.1060140132904053,9.80664348602295,0.005589613690972328,0.00039519136771559715,0.1536993831396103,5628,True,None,None,Driving
68f6c127,2025-04-05 17:23:44,8fa0ff0d,Red Light Violation,Approaching red light at 16.60 km/h,16.59712324919177,0.8500000238418579,0.0,0.0,-89.61603546142578,0.000344011877686512,-0.0003743874859748639,0.04255863279104233,4.110653400421143,0.0012140274047851562,9.809285163879395,7.85954762250185e-06,-0.0012799215037375689,4.428112788446015e-06,4684,True,None,Red,Driving
2629d0eb,2025-04-05 17:23:46,4490cecc,Red Light Violation,Approaching red light at 19.12 km/h,19.117347167215645,0.2853374183177948,0.0,-0.00043982735951431096,-89.60979461669922,-0.0004592401811436275,0.000983815473318996,0.0019260788103565574,-0.7538449168205261,0.009784460067749023,9.809197425842285,-0.00019639274978544563,-0.00015638209879398346,-0.007674441672861576,5600,True,None,Red,Driving
6ec0d83b,2025-04-05 17:23:47,498b85e4,Lane Violation,Crossed lane markings,29.19391211842886,0.3253529965877533,0.0,0.03971809148788452,-110.87194061279297,-0.0009004526483238351,-0.0009278546501955662,-0.0034599686041474342,0.031230568885803223,0.4654994308948517,9.809259414672852,-0.005613755434751511,0.00011044926941394806,0.10168596357107162,5968,True,None,None,Driving
c560fe1e,2025-04-05 17:23:52,498b85e4,Lane Violation,Crossed lane markings,29.15691323441775,0.33905458450317383,0.0,0.06883718818426132,-96.47372436523438,-0.0007482407336851793,-0.0009621203285509816,-0.0034803389571607113,0.00806117057800293,0.9174237251281738,9.807021141052246,0.003326170612126589,0.00023721717298030853,0.13106480240821838,5188,True,None,None,Driving
c48a339a,2025-04-05 17:24:01,7865eb04,Lane Violation,Crossed lane markings,10.490199930743048,0.8500000238418579,0.0,-0.02087843231856823,-99.14511108398438,-0.0006472150805194588,-0.0009383908977216241,-0.005931320134550333,4.762077331542969,-0.0818634033203125,9.775590896606445,-0.0008862772956490517,-0.010412822477519512,-0.024138150736689568,4792,True,None,None,Driving
8bc22f14,2025-04-05 17:24:04,b2bf80fe,Wrong Way Driving,Vehicle moving opposite to lane direction,28.891493451680212,0.5428016781806946,0.0,-0.17675845324993134,-52.78138732910156,-0.00015019323768683535,-0.0004381477763871186,-0.007134628016501665,0.4955969452857971,-3.2131471633911133,9.804203033447266,-0.0011404211400076747,0.00025875060237012804,-0.42036306858062744,5144,True,None,None,Driving
f6eeffc7,2025-04-05 17:24:21,47bdd834,Red Light Violation,Approaching red light at 18.11 km/h,18.10941341101089,0.08241400122642517,0.0,0.0,90.18733978271484,9.715953642341901e-05,0.0008930548021224058,-0.0071987914852797985,-0.5884583592414856,-0.07251250743865967,9.893217086791992,0.00022121472284197807,0.004478770773857832,0.0472496896982193,5164,True,None,Red,Driving
9f8d2d2c,2025-04-05 17:24:23,b2bf80fe,Red Light Violation,Approaching red light at 17.91 km/h,17.906433145606282,0.030119726434350014,0.0,-0.0006155604496598244,-89.58806610107422,0.0003373855071373555,-0.00040591621275300335,-0.007262878119945526,-0.5340656042098999,0.20133662223815918,9.767095565795898,-7.841292972443625e-05,0.0001607086742296815,-0.0042596315033733845,5096,True,None,Red,Driving
9f2c3265,2025-04-05 17:24:25,cd2bcdaa,Wrong Way Driving,Vehicle moving opposite to lane direction,29.105687880190008,0.4401876926422119,0.0,-0.15570951998233795,-51.1901741027832,-0.0001468295070736758,-0.0004377625011666537,-0.001029434148222208,-0.052107930183410645,-3.9315145015716553,9.78048324584961,-0.0016574256587773561,0.0012450064532458782,-0.49483823776245117,5292,True,None,None,Driving
d29d1192,2025-04-05 17:24:28,e5be0c61,Red Light Violation,Approaching red light at 18.66 km/h,18.658409651938044,0.28561830520629883,0.0,-0.00043982735951431096,-90.170166015625,-0.0004581631033602207,-0.00040569079779256416,-0.030381029471755028,-1.100764513015747,-0.005896210670471191,9.807768821716309,0.00013726856559515,-0.0036013214848935604,-0.0007948765996843576,5580,True,None,Red,Driving
cb783e88,2025-04-05 17:24:31,7865eb04,Red Light Violation,Approaching red light at 19.14 km/h,19.138631881353213,0.34727978706359863,0.0,0.0,0.15331913530826569,-0.00025135025724409843,-0.0006567652318403966,-0.00403671246021986,-0.6465445160865784,-0.0020104534924030304,9.8073148727417,-3.6277080653235316e-05,-0.0018248006235808134,8.81552477949299e-06,5044,True,None,Red,Driving
2f63b080,2025-04-05 17:24:34,498b85e4,Lane Violation,Crossed lane markings,29.17572101620995,0.327743798494339,0.0,0.05907602980732918,-87.52761840820312,0.00020840659979626253,-0.0009552199167352616,-0.0034582901280373335,-0.09657227993011475,1.555243730545044,9.809178352355957,0.00508960522711277,0.0001763845793902874,0.07490456104278564,5964,True,None,None,Driving
a3ec7713,2025-04-05 17:24:38,cd2bcdaa,Lane Violation,Crossed lane markings,26.414330252306577,0.34026646614074707,0.0,0.013887141831219196,-80.78889465332031,0.00018360350085799837,-0.0004020118871954412,-0.0009263229439966381,-1.4631901979446411,0.5442001819610596,9.818117141723633,-0.009123492985963821,0.004107036627829075,0.12087670713663101,5184,True,None,None,Driving
9d9dc5d2,2025-04-05 17:24:44,775af0c3,Red Light Violation,Approaching red light at 19.26 km/h,19.262461137196713,0.1653224676847458,0.0,-0.0006155604496598244,0.17244060337543488,-0.00025502096066531976,0.0006717098530622199,-0.005168227944523096,-0.9924108982086182,0.23422856628894806,9.81041145324707,3.428546915529296e-05,0.0002659301972016692,-0.0621098168194294,4888,True,None,Red,Driving
70b42e17,2025-04-05 17:24:45,cd2bcdaa,Lane Violation,Crossed lane markings,18.56983291048543,0.14026090502738953,0.0,-0.06822098046541214,-82.639892578125,0.00031542368873260784,-0.00037983949187193314,-0.0010616302024573088,-0.11297208070755005,-0.5660445690155029,9.812235832214355,-0.0001806328073143959,-0.005902067758142948,-0.1763455867767334,4968,True,None,None,Driving
94e77ed1,2025-04-05 17:24:47,cd2bcdaa,Red Light Violation,Approaching red light at 15.98 km/h,15.983890545115585,0.8500000238418579,0.0,-0.021673206239938736,-84.97357177734375,0.00034223974188307693,-0.000377438709458827,-0.0014398193452507257,-2.7794599533081055,-0.10225653648376465,9.8524751663208,0.0009031550725921988,0.0004063232918269932,-0.03863947466015816,5040,True,None,Red,Driving
7872bead,2025-04-05 17:24:50,498b85e4,Lane Violation,Crossed lane markings,22.02719127251587,0.239420086145401,0.0,0.1384119689464569,-19.878324508666992,0.0005399799956649076,-0.0007222514647727916,-0.003126869210973382,-0.21688854694366455,1.037136197090149,9.797094345092773,0.00034765710006468,4.298044223105535e-05,0.19340671598911285,6064,True,None,None,Driving
a9b4533f,2025-04-05 17:24:53,498b85e4,Red Light Violation,Approaching red light at 18.33 km/h,18.330445060233576,0.7499532103538513,0.0,0.12938706576824188,-9.352855682373047,0.0005500641110671722,-0.0006704712016240873,-0.003204078646376729,-3.8705430030822754,0.2466227114200592,9.813836097717285,-0.008290682919323444,0.0022756110411137342,0.16035041213035583,5344,True,None,Red,Driving
f82178fc,2025-04-05 17:25:04,276d57e9,Lane Violation,Crossed lane markings,26.343930439492787,0.2899155914783478,0.0,-0.10128553956747055,-6.014469623565674,-0.0002525315269110706,0.0005348154298306947,-0.004870300181210041,-1.2325294017791748,-1.2208040952682495,9.808661460876465,-0.0004795186978299171,0.0019499600166454911,-0.2573101818561554,5120,True,None,None,Driving
acdf918e,2025-04-05 17:25:10,276d57e9,Red Light Violation,Approaching red light at 19.09 km/h,19.09101836082277,0.31021493673324585,0.0,0.08161146193742752,-8.155374526977539,-0.00022972522482689328,0.00066770604747575,-0.0046382141299545765,-0.48042017221450806,0.4084942042827606,9.811079978942871,-0.000604434113483876,-0.0007180918473750353,0.12775005400180817,4924,True,None,Red,Driving
85b3878c,2025-04-05 17:25:15,498b85e4,Lane Violation,Crossed lane markings,16.005840510367154,0.8500000238418579,0.0,0.059920784085989,-3.5880749225616455,0.0005525390837277655,-0.0006275558666869772,-0.004229392856359482,2.4982800483703613,0.16623017191886902,9.804498672485352,-0.0011448635486885905,0.0008664990309625864,0.06151733547449112,5928,True,None,Green,Driving
e9856832,2025-04-05 17:25:18,8f28c279,Red Light Violation,Approaching red light at 19.68 km/h,19.683951556531298,0.13680942356586456,0.0,-0.0002485241857357323,-89.40770721435547,-0.00047779322366636734,-0.0009327737542912079,0.14181888103485107,-0.6288107633590698,0.1739775538444519,9.820624351501465,5.573057569563389e-05,0.0039536235854029655,-0.06970836967229843,4940,True,None,Red,Driving
5456b8df,2025-04-05 17:25:24,a09de40a,Wrong Way Driving,Vehicle moving opposite to lane direction,28.723254153887186,0.5258432626724243,0.0,-0.04494908079504967,72.29811096191406,-0.00010371785928953159,-0.000415181391304812,0.038915518671274185,0.869472086429596,-1.0472630262374878,9.8134183883667,0.0035131711047142744,-0.0006627567345276475,-0.2000032663345337,5572,True,None,None,Driving
cac78d2d,2025-04-05 17:25:25,47bdd834,Red Light Violation,Approaching red light at 18.26 km/h,18.255268243422403,0.2712112367153168,0.0,-0.0015495233237743378,-179.77078247070312,-0.00011789339502854546,-0.00019526115183534387,-0.007178497035056353,0.9164045453071594,-0.009262626990675926,9.779306411743164,0.00013539417705032974,-0.0017005697591230273,0.022123748436570168,5596,True,None,Red,Driving
e110c2b4,2025-04-05 17:25:34,a7019274,Wrong Way Driving,Vehicle moving opposite to lane direction,28.59641565860527,0.5746133327484131,0.0,-0.16427022218704224,55.31850051879883,-0.00016046724927321065,-0.0009609888674436872,0.06788169592618942,0.15023791790008545,-3.517127513885498,9.766950607299805,0.0067896549589931965,0.00309379817917943,-0.48087096214294434,5064,True,None,None,Driving
e35c6aa2,2025-04-05 17:25:35,9add9a0c,Red Light Violation,Approaching red light at 19.03 km/h,19.03371873695313,0.24159198999404907,0.0,-0.0011190581135451794,-89.40489959716797,-0.00047161843693288574,-0.0009641349447753997,0.011041030287742615,-0.7609171271324158,0.19783657789230347,9.809235572814941,-0.00013570334704127163,-0.00015336154319811612,-0.09570810943841934,5308,True,None,Red,Driving
34532635,2025-04-05 17:25:48,a7019274,Red Light Violation,Approaching red light at 18.86 km/h,18.85768689324481,0.39164450764656067,0.0,0.0,0.12950634956359863,-0.00021992772703072205,-0.0006553720316835682,0.06813960522413254,-0.7381168603897095,0.06914985179901123,9.809611320495605,0.00011037954391213134,-5.130786666995846e-05,-0.018739759922027588,4968,True,None,Red,Driving
453d9174,2025-04-05 17:25:54,88f0b98a,Red Light Violation,Approaching red light at 18.42 km/h,18.42222132541386,0.5830090641975403,0.0,0.0,-89.6119384765625,-0.0004478939064398446,0.000983877566950543,0.0026366806123405695,-0.3095218241214752,0.0123310387134552,9.818482398986816,2.7815811336040497e-05,-0.004405461251735687,0.01568969152867794,5276,True,None,Red,Driving
75a12f8f,2025-04-05 17:25:59,276d57e9,Lane Violation,Crossed lane markings,8.08036507942501,0.8500000238418579,0.0,0.05654264613986015,-4.2886061668396,-0.00022669358550331253,0.0007039968966022262,-0.004380722064524889,0.9455674886703491,0.06393066793680191,9.809961318969727,-0.0010699605336412787,-4.792857725988142e-05,0.03991634398698807,4936,True,None,None,Driving
5acaae9f,2025-04-05 17:26:03,a09de40a,Lane Violation,Crossed lane markings,25.650063952701476,0.22625654935836792,0.0,0.015481129288673401,10.221700668334961,-0.00022826463664671337,0.0005547601647204428,0.039094045758247375,-1.5528870820999146,0.665312647819519,9.812769889831543,-0.003025275655090809,0.0018265163525938988,0.061119697988033295,5032,True,None,None,Driving
ca06f011,2025-04-05 17:26:08,a09de40a,Lane Violation,Crossed lane markings,18.76832868848487,0.31011897325515747,0.0,-0.059613101184368134,7.065449237823486,-0.0002498218184001644,0.0006734810978897029,0.03905521333217621,-0.7886014580726624,-0.377987265586853,9.814504623413086,0.003024681005626917,0.0010750879300758243,-0.18888653814792633,5048,True,None,None,Driving
4878e4b6,2025-04-05 17:26:17,498b85e4,Lane Violation,Crossed lane markings,29.123081203559803,0.3360194265842438,0.0,0.1662299931049347,67.38860321044922,0.00032852170974706496,0.000901964689961257,-0.0034363935701549053,0.05686396360397339,1.1855791807174683,9.805366516113281,-0.004819879308342934,0.0005872894544154406,0.1915968805551529,5240,True,None,None,Driving
e737ee98,2025-04-05 17:26:24,498b85e4,Lane Violation,Crossed lane markings,21.793485625847033,0.008965080603957176,0.0,0.015502829104661942,89.52342224121094,0.00015988443610126524,0.0009248742244173293,-0.003172492841258645,0.28274548053741455,0.09191697835922241,9.804306030273438,-0.0004035686142742634,-0.0044623869471251965,0.024396944791078568,5564,True,None,None,Driving
69456e42,2025-04-05 17:26:26,276d57e9,Lane Violation,Crossed lane markings,27.967903219006764,0.7426321506500244,0.0,-0.3980807662010193,-95.29517364501953,0.0002033733489668066,0.0009866274375670535,-0.004516982939094305,-1.4797401428222656,-8.512374877929688,9.745266914367676,-0.06113606318831444,0.00614822655916214,-0.5757508873939514,5164,True,None,None,Driving
2eceb430,2025-04-05 17:26:26,498b85e4,Red Light Violation,Approaching red light at 18.96 km/h,18.958498225055962,0.4378356337547302,0.0,0.0045229909010231495,90.1432113647461,0.00011659012268694369,0.000924789239756051,-0.003205604385584593,-0.504875123500824,0.0018666982650756836,9.804303169250488,8.795963367447257e-05,0.00046594126615673304,0.0050323037430644035,5688,True,None,Red,Driving
51470ba1,2025-04-05 17:26:28,e5be0c61,Red Light Violation,Approaching red light at 16.53 km/h,16.528397733123526,0.785288393497467,0.0,0.0,-89.56652069091797,0.00033935660297856884,-0.0004059017859213912,-0.031000709161162376,-2.237661361694336,-0.0036973953247070312,9.788652420043945,0.0003350054321344942,-3.4523545764386654e-06,1.779308331606444e-05,5316,True,None,Red,Driving
e87c829c,2025-04-05 17:26:32,276d57e9,Lane Violation,Crossed lane markings,28.659323489381016,0.5339545011520386,0.0,-0.0038486900739371777,-113.32979583740234,0.0003100736986851871,0.0009459500091982689,-0.004440879914909601,-0.023617669939994812,-0.06287240236997604,9.809672355651855,0.001184385153464973,0.0005091748898848891,-0.010749591514468193,5308,True,None,None,Driving
76380b8e,2025-04-05 17:26:41,b2bf80fe,Red Light Violation,Approaching red light at 20.29 km/h,20.291544404052317,0.2362244427204132,0.0,-0.0007832429255358875,90.77853393554688,0.00010095860781689225,-0.0010205417317624896,-0.007092971820384264,-0.6002743244171143,-0.21198219060897827,9.812731742858887,1.6298610717058182e-05,0.0001468326518079266,0.043554432690143585,5880,True,None,Red,Driving
a8230fb2,2025-04-05 17:26:43,8fa0ff0d,Red Light Violation,Approaching red light at 18.24 km/h,18.23721012160994,0.8500000238418579,0.0,0.02197226881980896,-91.66873931884766,-0.00045382278594274794,-0.00037352643372327426,0.04260559007525444,3.8296778202056885,0.1082456111907959,9.830117225646973,-0.00015050824731588364,-0.00173263531178236,0.05192966014146805,5640,True,None,Red,Driving
fddd09e1,2025-04-05 17:26:44,4d76f0f6,Wrong Way Driving,Vehicle moving opposite to lane direction,27.860957584061634,0.8222585320472717,0.0,-0.2619200646877289,142.00973510742188,0.0005525243827690929,-0.0003826008765393266,-0.02936866693198681,-0.6283564567565918,-4.911447525024414,10.135637283325195,0.023101862519979477,-0.04543113708496094,-0.7549956440925598,5220,True,None,None,Driving
08c6ca9b,2025-04-05 17:26:45,9add9a0c,Red Light Violation,Approaching red light at 18.15 km/h,18.153926420677436,0.013482565991580486,0.0,0.012046406045556068,-4.679232120513916,0.0005509682725062248,-0.0006517087815663663,0.010900230146944523,-0.6900511384010315,0.10614962130784988,9.823112487792969,-0.00023289497767109424,-0.003940574359148741,0.031212203204631805,5584,True,None,Red,Driving
d73e448e,2025-04-05 17:27:03,4d76f0f6,Red Light Violation,Approaching red light at 18.14 km/h,18.142006811249594,0.27836695313453674,0.0,0.00017573311924934387,89.87598419189453,7.67286670111389e-05,-0.00043863890548608714,-0.029374578967690468,-0.9905779957771301,0.012077271938323975,9.807758331298828,-0.0005898512317799032,-0.0011560203274711967,0.0007250097114592791,5548,True,None,Red,Driving
619aa561,2025-04-05 17:27:09,a7019274,Red Light Violation,Approaching red light at 15.85 km/h,15.852865677563837,0.6869233846664429,0.0,0.012075167149305344,-90.11397552490234,0.00034077526426301574,-0.00037442079447920365,0.06843368709087372,-2.9431779384613037,-0.24051475524902344,9.883735656738281,0.00021895579993724823,0.01708799973130226,0.007281302474439144,4972,True,None,Red,Driving
dec35ee9,2025-04-05 17:27:10,a8891d62,Red Light Violation,Approaching red light at 19.89 km/h,19.888812905075813,0.0,0.5106503367424011,0.0008006644784472883,90.12882232666016,9.663473045407045e-05,0.0008930558986986804,-0.01976345106959343,3.6585521697998047,0.014429569244384766,9.814820289611816,-2.9259826987981796e-05,-0.004517783410847187,0.002105433028191328,5100,True,None,Red,Driving
fc8aed4f,2025-04-05 17:27:16,498b85e4,Lane Violation,Crossed lane markings,29.158476161379923,0.3273313343524933,0.0,0.1067860946059227,93.63587951660156,-0.0008596397927931321,0.0009155390020559832,-0.0034528730902820826,-0.10173559188842773,1.5731209516525269,9.807744026184082,0.006674519274383783,0.00029706908389925957,0.11011690646409988,5648,True,None,None,Driving
5c28509d,2025-04-05 17:27:18,775af0c3,Red Light Violation,Approaching red light at 19.23 km/h,19.231407723399126,0.5698128342628479,0.0,0.0,-179.6463165283203,-0.001200088962633572,-0.000172012809578441,-0.0051522827707231045,0.047752249985933304,-0.010300732217729092,9.807655334472656,-8.304959919769317e-07,-0.0009020337602123618,4.6062603360041976e-05,5492,True,None,Red,Driving
8e5a3767,2025-04-05 17:27:19,88f0b98a,Red Light Violation,Approaching red light at 17.16 km/h,17.164011254947322,0.39987462759017944,0.0,0.00017573311924934387,-179.40269470214844,0.0006129191777688447,-0.00020172077425669938,0.002419052179902792,-0.6182001829147339,0.004316628910601139,9.814213752746582,4.075995548191713e-06,0.0005029867752455175,-0.000605976558290422,4992,True,None,Red,Driving
bcba71a2,2025-04-05 17:27:23,276d57e9,Red Light Violation,Approaching red light at 12.53 km/h,12.533717171919665,0.8500000238418579,0.0,-0.0006155604496598244,-179.40048217773438,0.0005812998121115243,-0.00018471787936752702,-0.005900535266846418,0.18208786845207214,-0.0122215012088418,9.863313674926758,-7.570479647256434e-05,-0.01398348156362772,-0.0005755145102739334,5296,True,None,Red,Driving
8fa5aaf6,2025-04-05 17:27:24,498b85e4,Lane Violation,Crossed lane markings,29.147903734458826,0.34258967638015747,0.0,0.10360459238290787,117.43310546875,-0.0010289020292191253,0.0008644826163205229,-0.003441886743530631,-0.12651777267456055,2.0788071155548096,9.804220199584961,0.0024069584906101227,0.0006245078984647989,0.18360093235969543,5456,True,None,None,Driving
75b55f4a,2025-04-05 17:27:28,a09de40a,Lane Violation,Crossed lane markings,25.974916316270427,0.42967745661735535,0.0,0.003007807768881321,-171.13006591796875,-0.00119565372283148,-5.305652800975453e-05,0.03911632299423218,-0.8583889007568359,0.33362409472465515,9.806326866149902,-0.001487283268943429,-0.000979335862211883,0.0027188167441636324,5624,True,None,None,Driving
070f5981,2025-04-05 17:27:33,a09de40a,Red Light Violation,Approaching red light at 19.21 km/h,19.210984710116822,0.4786234498023987,0.0,-0.0006155604496598244,-171.02586364746094,-0.0011765081864183458,-0.00017410482010023705,0.039063796401023865,-0.5027332305908203,0.13975879549980164,9.805848121643066,-1.367845106869936e-05,-0.0011834041215479374,-0.0390656404197216,5376,True,None,Red,Driving
72f94816,2025-04-05 17:27:34,498b85e4,Lane Violation,Crossed lane markings,29.091325050934838,0.349026620388031,0.0,0.19068896770477295,162.88018798828125,-0.0011941276998470585,0.000662155795198082,-0.0034273145720362663,0.03296178579330444,1.448612093925476,9.802887916564941,-0.0022465826477855444,0.0008489531464874744,0.22858154773712158,4632,True,None,None,Driving
b6748591,2025-04-05 17:27:36,a09de40a,Lane Violation,Crossed lane markings,0.002160915844287405,0.0,1.0,-0.04504319280385971,-172.74826049804688,-0.0011737975869579031,-0.0001939250421808097,0.039854392409324646,-10.863631248474121,0.6739779710769653,9.8479642868042,0.003643493168056011,0.010184889659285545,-0.06572698801755905,5564,True,None,Red,Driving
f0d7c969,2025-04-05 17:27:43,ef9743a8,Wrong Way Driving,Vehicle moving opposite to lane direction,28.969217976096076,0.45526590943336487,0.0,-0.236233189702034,52.81508255004883,-0.00020175814351830468,-0.000960777570902783,-0.010902022942900658,-0.1242818832397461,-5.48647928237915,9.789247512817383,-0.008250441402196884,0.002388489432632923,-0.6600180268287659,5292,True,None,None,Driving
50579d39,2025-04-05 17:27:51,4490cecc,Lane Violation,Crossed lane markings,29.02712733328702,0.34488049149513245,0.0,-0.004415920469909906,81.83959197998047,-0.00046538100828286133,-0.0010220427390743108,0.0015372848138213158,-0.28036370873451233,-0.6228775978088379,9.811421394348145,0.027889642864465714,0.005899626761674881,-0.04991440102458,5320,True,None,None,Driving
d31d088d,2025-04-05 17:27:54,ef9743a8,Red Light Violation,Approaching red light at 19.13 km/h,19.12731826121523,0.394717812538147,0.0,0.0,0.18402835726737976,-0.00025135598001213566,-0.0006538952175858046,-0.01086910255253315,-0.3995021879673004,2.673491690075025e-05,9.80525016784668,-9.605807917978382e-07,-0.001628626836463809,-4.450708274816861e-06,5852,True,None,Red,Driving
2f8d50dc,2025-04-05 17:27:57,4490cecc,Lane Violation,Crossed lane markings,29.05110501380366,0.41867974400520325,0.0,0.05679493770003319,84.7313232421875,-0.0006123704784215533,-0.001001429024121064,0.0015440749702975154,0.23581922054290771,1.1831254959106445,9.790444374084473,-0.001642090966925025,-0.0012069165240973234,0.20495645701885223,4756,True,None,None,Driving
2ead57ca,2025-04-05 17:27:59,9b2588bd,Red Light Violation,Approaching red light at 19.30 km/h,19.29532370442958,0.18162377178668976,0.0,0.0,-89.607421875,-0.0004622499746176345,0.0009837918283930758,0.0013672256609424949,-0.7897864580154419,0.22025108337402344,9.8089599609375,0.0007687812321819365,-0.00013062258949503303,-0.020615745335817337,5268,True,None,Red,Driving
597024a3,2025-04-05 17:28:06,e5be0c61,Wrong Way Driving,Vehicle moving opposite to lane direction,29.20853025161434,0.2495066225528717,0.0,-0.19459165632724762,-105.41551208496094,0.0005069415575036373,-0.00041657589364596645,-0.02966390550136566,-0.8218035697937012,-3.4970569610595703,9.804922103881836,0.05621366947889328,-0.013720288872718811,-0.3736494779586792,5024,True,None,None,Driving
37bb6037,2025-04-05 17:28:26,498b85e4,Lane Violation,Crossed lane markings,29.18765321826683,0.32718515396118164,0.0,0.04387478902935982,-174.20016479492188,-0.0011922328160522966,-0.0006134000264866483,-0.003463172819465399,0.02721477672457695,0.5335899591445923,9.80915355682373,-0.005441495217382908,0.00011186115443706512,0.08839259296655655,5308,True,None,None,Driving
ead58893,2025-04-05 17:28:30,47bdd834,Lane Violation,Crossed lane markings,28.561145116957377,0.5651035308837891,0.0,-0.004863249137997627,-8.445047378540039,0.000520671549168128,0.000120580974973976,-0.007361640688031912,-0.22743193805217743,-0.18211759626865387,9.805959701538086,0.012377525679767132,0.0018926473567262292,-0.07787203043699265,5840,True,None,None,Driving
06b8a53d,2025-04-05 17:28:32,498b85e4,Lane Violation,Crossed lane markings,29.198662578689188,0.32155781984329224,0.0,0.016010813415050507,-134.7910614013672,-0.0011096983174212482,-0.0007542222831296216,-0.0035064315889030695,0.006834089756011963,0.22980749607086182,9.810772895812988,0.0010291924700140953,0.00034072017297148705,0.042963650077581406,5092,True,None,None,Driving
6c8d7128,2025-04-05 17:28:36,47bdd834,Lane Violation,Crossed lane markings,28.603299725589782,0.5588346719741821,0.0,-0.00017573311924934387,-8.673410415649414,0.0005362271347024716,0.00022290270419421545,-0.0074420166201889515,-0.002086329273879528,-0.12827913463115692,9.809081077575684,0.0007006985251791775,2.915713776019402e-05,0.036202576011419296,5044,True,None,None,Driving
