Timestamp,Vehicle_ID,Behavior_Type,Speed_KPH,Throttle,Brake,Steer,Heading,Latitude,Longitude,Altitude,Accel_X,Accel_Y,Accel_Z,Gyro_X,Gyro_Y,Gyro_Z,LiDAR_Points,Proximity_Alert,Collision_Occurred,Traffic_Light_State,Lane_Type,Wrong_Way_Driving
2025-04-11 15:27:47,b9a19950,5.295388757186094,0.8500000238418579,0.0,-0.10816825926303864,-0.22387686371803284,-0.00021979379052083914,-0.0005803001457831245,-0.009928283281624317,13.870794296264648,-0.985815167427063,8.605555534362793,-0.022583547979593277,-0.081170454621315,-0.06238311156630516,5052,None,Driving
2025-04-11 15:27:49,da92861c,8.605548799162788,0.8500000238418579,0.0,0.004301781300455332,0.11573202908039093,-0.0002513417759217873,-0.0005909474216569817,-0.019612541422247887,1.6461766958236694,0.006859014742076397,9.806782722473145,2.867553848773241e-05,0.0007018254837021232,0.004930692259222269,5052,None,Driving
2025-04-11 15:27:50,7c350761,24.057214496478903,0.0,0.3261367380619049,0.04205216467380524,-176.50379943847656,-0.00011518102218133208,-0.0008232847254374252,-0.012079200707376003,15.070384979248047,0.9862439632415771,9.974759101867676,-0.0024427929893136024,-0.015874851495027542,0.1302822083234787,5116,None,Driving
2025-04-11 15:27:50,19a6c8fa,1.9863961276979924e-05,0.0,1.0,0.0029504525009542704,-179.77870178222656,-0.00014797133427180142,-0.0007672260328814909,-0.0011948775500059128,-0.00018809590255841613,-1.199555867970048e-07,9.809557914733887,1.3323196981218643e-06,-4.439569966052659e-05,-4.752304327837464e-09,5044,None,Driving
2025-04-11 15:27:51,a4b74d87,17.517049938732903,0.8500000238418579,0.0,0.018667146563529968,-88.04228973388672,0.00016709519614721557,-0.0009258200899901545,0.06602317839860916,3.131725549697876,0.11700987815856934,9.798839569091797,-0.001742101856507361,-0.000168880564160645,0.037887703627347946,5384,None,Driving
2025-04-11 15:27:52,8aba1b13,14.068913768995243,0.8500000238418579,0.0,0.030124403536319733,-88.33006286621094,0.00015915620664941343,-0.0009578127028004414,-0.030294647440314293,12.02409839630127,0.1072378158569336,9.932147026062012,-0.004555386025458574,0.005169265903532505,0.08260062336921692,5328,None,Driving
2025-04-11 15:27:53,f22e1763,14.010203072359257,0.8500000238418579,0.0,-0.00026409426936879754,90.39546203613281,-0.0005750899692174016,-0.0009970532735694667,-0.003937072586268187,2.6178643703460693,0.022010326385498047,9.803098678588867,4.0455430280417204e-05,-0.0006595971062779427,-0.00042905189911834896,5132,None,Driving
2025-04-11 15:27:54,d7c5a57f,1.3901862701466035,0.8500000238418579,0.0,0.0,90.302490234375,-0.0005442372817157093,-0.0010281364819680577,0.0030712508596479893,2.8792977333068848,-0.014882087707519531,9.803051948547363,-1.6300007700920105e-05,-0.015305545181035995,0.00013833408593200147,5468,None,Driving
2025-04-11 15:27:54,47040b8d,20.477159779048787,0.1624106764793396,0.0,-0.028154827654361725,84.22073364257812,-0.000764135469708549,-0.0009917235701950196,-0.0036305617541074753,-0.05328567326068878,-0.13714320957660675,9.81428050994873,0.0031458749435842037,0.002133195288479328,-0.043021343648433685,5176,None,Driving
2025-04-11 15:27:55,44098733,20.011968319377523,0.5103585124015808,0.0,-0.04562138766050339,85.33422088623047,-0.0007406320706593306,-0.0010255428734706718,-0.0003892135573551059,-0.24070148169994354,-0.15036305785179138,9.779136657714844,0.01688135229051113,0.01814812608063221,-0.12660373747348785,4920,None,Driving
2025-04-11 15:27:56,0b334c6e,19.625331703016947,0.75288325548172,0.0,0.0022256190422922373,0.681083083152771,0.0005170852307117002,-5.933211837453224e-05,-0.0034708785824477673,0.17953985929489136,0.011054998263716698,9.80831527709961,0.00015892658848315477,0.00022904749494045973,0.001650118618272245,5980,None,Driving
2025-04-11 15:27:57,0ebdc813,4.687410550353697,0.8500000238418579,0.0,-0.0018397342646494508,90.9732894897461,0.00015777726198962227,-0.0009883430996846198,-0.005494727753102779,4.3441481590271,-0.023441314697265625,9.76595401763916,0.0003193942829966545,-0.010235809721052647,0.013200509361922741,5160,None,Driving
2025-04-11 15:27:57,4a1fe7a3,14.381488326832526,0.8500000238418579,0.0,-0.0018403796711936593,90.88861083984375,0.00019109772586034524,-0.0010193765509347525,0.03841526061296463,2.931110143661499,-0.010509967803955078,9.807107925415039,7.908610859885812e-05,-0.0005097506800666451,-0.003355679102241993,5772,None,Driving
2025-04-11 15:27:58,4beb76ed,21.30626540331237,0.0,0.10531385242938995,-0.005003905389457941,0.3921378254890442,-0.0012308195532000354,-0.00031556124050999176,0.00030231475830078125,1.5042452812194824,-0.03258030489087105,9.880687713623047,-0.0002170535590266809,-0.013117180205881596,-0.013113219290971756,5440,None,Driving
2025-04-11 15:27:59,4069e686,17.119367582873366,0.3197208344936371,0.0,0.0,-179.65768432617188,-0.0011686508062069834,-0.00017255371295987198,0.010708159767091274,-1.495378851890564,-0.006085198372602463,9.82386302947998,-3.8033460441511124e-05,0.0058309282176196575,-7.508684211643413e-05,5688,None,Driving
2025-04-11 15:27:59,e4e03dd8,17.62163371284653,0.368560791015625,0.0,0.0,-179.65353393554688,-0.001200171891213131,-0.00015811668661513994,0.04256274923682213,-0.6698190569877625,-0.010953756049275398,9.809928894042969,-2.230939116998343e-06,0.0001992423494812101,-2.9504946724046022e-05,5304,None,Driving
2025-04-11 15:28:00,788848d9,20.364063101547234,0.40429356694221497,0.0,-0.06793862581253052,-8.61475658416748,-0.0012296911762490481,0.0006393160989434956,0.14168113470077515,0.7593238353729248,-0.5597075819969177,9.812727928161621,0.004325492307543755,-0.0004908402916043997,-0.13092313706874847,5220,None,Driving
2025-04-11 15:28:02,b9a19950,20.066016587098957,0.5153129696846008,0.0,-0.01183015201240778,-88.98152923583984,-2.5743383105236717e-05,-0.0004078950874444726,-0.007220649626106024,-0.4314764440059662,0.039485812187194824,9.819567680358887,0.0024710753932595253,0.006273345090448856,-0.08098089694976807,5240,None,Driving
2025-04-11 15:28:02,da92861c,15.111697600805588,0.8500000238418579,0.0,0.00017573311924934387,0.16049157083034515,-0.0002522211958222442,-0.0003448255372811649,-0.018078308552503586,-1.0764104127883911,0.005449866876006126,9.795212745666504,0.00011093605280620977,-0.010391607880592346,1.6082052752608433e-05,5120,None,Driving
2025-04-11 15:28:03,7c350761,20.11983147909001,0.5321913361549377,0.0,0.005515906494110823,-79.1246109008789,8.100233317520633e-05,-0.0009484285457228431,-0.010956420563161373,0.26078611612319946,0.13361340761184692,9.809337615966797,-0.00018983404152095318,-0.00043993702274747193,-0.007946795783936977,5500,None,Driving
2025-04-11 15:28:04,19a6c8fa,20.535681410220395,0.3416735827922821,0.0,-0.13887065649032593,124.90795135498047,-0.00022037847126910037,-0.0009658416972107352,-0.0009221648797392845,2.6752891540527344,-1.1990435123443604,9.796918869018555,0.008119064383208752,0.00302028376609087,-0.2527596354484558,5632,None,Driving
2025-04-11 15:28:05,a4b74d87,20.15903922434413,0.676919162273407,0.0,0.07712887972593307,-49.927127838134766,0.0004304835991888467,-0.0008356770653802102,0.06783729046583176,0.33154430985450745,0.6454623341560364,9.780393600463867,-0.0039514703676104546,-0.00641712686046958,0.21049244701862335,4832,None,Driving
2025-04-11 15:28:05,8aba1b13,20.02668219877161,0.5450279712677002,0.0,0.03904667869210243,-56.24018859863281,0.00041758494941745994,-0.0008846078065434533,-0.029431495815515518,-0.20761489868164062,0.28854918479919434,9.812407493591309,0.021024316549301147,-0.0010544536635279655,0.0980798676609993,5976,None,Driving
2025-04-11 15:28:06,f22e1763,20.012332296300087,0.5620698928833008,0.0,-0.04828916862607002,77.7225112915039,-0.0008362034905076143,-0.0009787653283585445,-0.004447707906365395,-0.023579269647598267,-0.26554375886917114,9.808243751525879,0.004158131778240204,0.00022621825337409973,-0.07970905303955078,5376,None,Driving
2025-04-11 15:28:07,d7c5a57f,20.177617419214286,0.6858329772949219,0.0,0.01698720082640648,82.9399642944336,-0.0007608651365700325,-0.0010230076576599064,0.0028935240115970373,0.3427678346633911,0.02040618658065796,9.813347816467285,0.010021155700087547,-0.0036714649759233,0.016373177990317345,5304,None,Driving
2025-04-11 15:28:07,47040b8d,20.427680784851265,0.2789733111858368,0.0,-0.04983288794755936,61.34799575805664,-0.0010175597981429974,-0.0009071159255470196,-0.003467140020802617,-0.1976715326309204,-0.2000940442085266,9.812104225158691,0.0063192155212163925,0.0008034000638872385,-0.06715398281812668,5404,None,Driving
2025-04-11 15:28:08,44098733,20.40328857412003,0.30676916241645813,0.0,-0.010508239269256592,64.15480041503906,-0.0009892579184054284,-0.0009572164394511494,-0.0019024276407435536,-0.01086694747209549,-0.16839013993740082,9.834539413452148,0.004082925152033567,-0.005931547377258539,-0.05883915349841118,5668,None,Driving
2025-04-11 15:28:09,0b334c6e,19.67618602625411,0.6976584196090698,0.0,-0.0003670363512355834,0.003996741957962513,0.0005156908997179244,0.00018476175955251371,-0.0034973525907844305,-0.11869241297245026,-0.00760367326438427,9.812206268310547,4.1255192627431825e-05,0.00019750867795664817,0.0012694880133494735,5408,None,Driving
2025-04-11 15:28:09,0ebdc813,18.973883026973127,0.4857504665851593,0.0,0.00017573311924934387,90.65595245361328,-1.349600648836713e-05,-0.0009904660713521678,-0.004986533895134926,-0.41250935196876526,-0.010049372911453247,9.811443328857422,-0.0001322384923696518,0.016286276280879974,-0.0008513596258126199,5692,None,Driving
2025-04-11 15:28:10,4a1fe7a3,16.93944178749859,0.8500000238418579,0.0,0.0,90.64854431152344,-4.4568374875098016e-06,-0.001021808071751555,0.03852603957056999,2.8273732662200928,-0.0019297599792480469,9.811429977416992,-4.165107384324074e-06,-0.002189776161685586,6.816055247327313e-06,4876,None,Driving
2025-04-11 15:28:11,4beb76ed,20.26053655852953,0.37320929765701294,0.0,0.0,0.3554764688014984,-0.0012321783483031368,-6.68560623073718e-05,0.0015765380812808871,-0.11320437490940094,0.0006898094434291124,9.81131649017334,1.896389039757196e-05,0.001978162908926606,1.7931328102349653e-06,5732,None,Driving
2025-04-11 15:28:11,4069e686,0.0,0.0,1.0,0.0,-179.66148376464844,-0.0011685378588452977,-0.00019119523548332272,0.010489272885024548,0.006187522318214178,1.0450241461512633e-05,9.809998512268066,0.0,0.0,0.0,5488,Red,Driving
2025-04-11 15:28:12,e4e03dd8,7.347327774193613e-06,0.0,1.0,-0.002448855433613062,-179.53919982910156,-0.0011999470930845746,-0.00019441264167489452,0.04261177033185959,0.0,0.0,9.8100004196167,4.0522738231629774e-07,-2.7439335781309637e-07,-8.927759920229761e-11,5496,Red,Driving
2025-04-11 15:28:13,788848d9,20.24473817452782,0.4793300926685333,0.0,-0.08149989694356918,-49.575687408447266,-0.001107000328573804,0.0008478145198751771,0.14172862470149994,-0.13933181762695312,-1.4812402725219727,9.808305740356445,0.0009715874912217259,0.0008460265817120671,-0.1633431315422058,4760,None,Driving
2025-04-11 15:28:14,b9a19950,19.50734406420012,0.48014119267463684,0.0,0.0018264839891344309,-89.65362548828125,0.00022247474817049806,-0.00040675296898650976,-0.007173118647187948,-0.3156568109989166,-0.16010823845863342,9.789876937866211,0.000536277424544096,-0.0034541478380560875,0.04675043001770973,5684,None,Driving
2025-04-11 15:28:15,da92861c,15.843610618607258,0.8500000238418579,0.0,0.00017573311924934387,0.16069379448890686,-0.0002528464327582469,-0.00012035047978126478,-0.017537536099553108,-4.0163893699646,0.004922777879983187,9.778412818908691,0.0001275998802157119,0.0015668594278395176,0.00019111233996227384,5352,None,Driving
2025-04-11 15:28:16,7c350761,20.136385747805804,0.49603691697120667,0.0,0.05579601973295212,-69.5743408203125,0.0003265637043057268,-0.0008978614386138878,-0.010951957665383816,0.0011642277240753174,0.6225269436836243,9.809025764465332,-0.001653806772083044,7.621431723237038e-05,0.11794302612543106,5456,None,Driving
2025-04-11 15:28:16,19a6c8fa,20.0312968953407,0.6187460422515869,0.0,0.00017573311924934387,90.63827514648438,-0.0004642339895042369,-0.00099553526932539,-0.0010300063295289874,0.5143565535545349,-0.005788266658782959,9.811588287353516,0.00015122047625482082,-0.0026337485760450363,-0.00717647559940815,5336,None,Driving
2025-04-11 15:28:17,a4b74d87,8.922899286447128,0.0,1.0,0.055137909948825836,-3.688782215118408,0.0005204756046879311,-0.0006398858388541466,0.07028831541538239,-5.649684906005859,0.04120386019349098,9.738906860351562,-0.004453835543245077,0.005550388712435961,0.036430131644010544,5196,Yellow,Driving
2025-04-11 15:28:18,8aba1b13,17.399578905545038,0.3798527121543884,0.0,0.1827278733253479,-11.458542823791504,0.0005468673513604472,-0.0006891077895543025,-0.029646681621670723,-0.600464403629303,1.966838002204895,9.827171325683594,-0.07924304157495499,-0.0028596012853085995,0.35086604952812195,5684,None,Driving
2025-04-11 15:28:18,f22e1763,19.977506887487117,0.5881949067115784,0.0,-0.03734081983566284,55.66790771484375,-0.0010582829400220817,-0.0008803887293270838,-0.0044761658646166325,0.010837674140930176,-0.19405916333198547,9.811395645141602,0.0046094669960439205,5.053821951150894e-06,-0.06160799041390419,5352,None,Driving
2025-04-11 15:28:19,d7c5a57f,19.148872930186783,0.4027613699436188,0.0,0.016503088176250458,63.56507110595703,-0.0009928546200370647,-0.0009548884080202586,0.003056487999856472,0.1375780999660492,0.06138325482606888,9.799004554748535,0.01180054061114788,-0.003957096952944994,0.040839675813913345,5188,None,Driving
2025-04-11 15:28:19,47040b8d,20.613007360862838,0.3597975969314575,0.0,-0.11202097684144974,27.629322052001953,-0.001190527365821481,-0.0007242176260330776,-0.0034548568073660135,0.41506874561309814,-0.6639588475227356,9.805126190185547,-0.0022846267092972994,-0.0006601421628147364,-0.14503057301044464,5396,None,Driving
2025-04-11 15:28:20,44098733,20.124845080935888,0.43247532844543457,0.0,-0.049378637224435806,35.497459411621094,-0.00118216487513223,-0.0008002176266779019,-0.0014732741983607411,-0.19582948088645935,-0.08129625022411346,9.820734024047852,0.017707597464323044,0.0036903053987771273,-0.15571440756320953,5120,None,Driving
2025-04-11 15:28:21,0b334c6e,19.623130564239624,0.690251350402832,0.0,0.0,-0.02508544921875,0.0005157819498293748,0.0004306364687824429,-0.003444480709731579,-0.1677749902009964,0.007426663767546415,9.811155319213867,-4.69494716526242e-06,0.00024097056302707642,-0.002705618506297469,5508,None,Driving
2025-04-11 15:28:21,0ebdc813,18.646617119997686,0.8500000238418579,0.0,-0.0006155604496598244,90.6408462524414,-0.00025448310712761213,-0.0009931683779727694,-0.004348258953541517,4.285080432891846,-0.023168087005615234,9.857691764831543,-0.0004008859395980835,-0.03601615130901337,-0.0009900804143399,5508,None,Driving
2025-04-11 15:28:22,4a1fe7a3,18.80077325345172,0.8500000238418579,0.0,0.0,90.64811706542969,-0.0002167604720568761,-0.0010241861344749725,0.03876056522130966,2.7643320560455322,-0.0011951923370361328,9.810649871826172,-6.213085725903511e-07,-0.0016475897282361984,4.627387170330621e-06,5556,None,Driving
2025-04-11 15:28:23,4beb76ed,20.365269995961427,0.4102834165096283,0.0,-0.0017924484563991427,0.4473806917667389,-0.001234771202902607,0.00017909600695192675,0.0015447235200554132,0.09072539955377579,-0.03665409982204437,9.807247161865234,-0.000981162884272635,-0.0017776632448658347,-0.00341423018835485,5572,None,Driving
2025-04-11 15:28:23,4069e686,0.0,0.0,1.0,0.0,-179.66148376464844,-0.0011685378588452977,-0.00019119523548332272,0.010489272885024548,0.006187522318214178,1.0450241461512633e-05,9.809998512268066,0.0,0.0,0.0,5552,Red,Driving
2025-04-11 15:28:24,e4e03dd8,5.561831768506203e-06,0.0,1.0,-0.002448855433613062,-179.53919982910156,-0.0011999470930845746,-0.00019441264167489452,0.04261177033185959,0.0,0.0,9.8100004196167,6.672503616300673e-08,-7.317886030477894e-08,2.9442763331555266e-12,5680,Red,Driving
2025-04-11 15:28:25,788848d9,20.39853599051143,0.34307703375816345,0.0,-0.06236739829182625,-80.32897186279297,-0.0008876266124673293,0.0009432508552344567,0.14166106283664703,1.4406071901321411,-0.39045751094818115,9.819933891296387,0.003805964719504118,-0.00044128228910267353,-0.10111305862665176,5076,None,Driving
2025-04-11 15:28:26,b9a19950,2.919860513380847e-06,0.0,1.0,-0.0021093382965773344,-89.54561614990234,0.00036157505451228644,-0.0004057594366137499,-0.007587546948343515,0.010951831936836243,0.0,9.8099946975708,4.887647264695261e-08,-3.4038150715787197e-06,4.0283132385354747e-10,5440,Red,Driving
2025-04-11 15:28:27,da92861c,21.721234658352703,0.0,0.4301716685295105,0.0,0.1540391594171524,-0.00025343013689393956,8.940660510556016e-05,-0.01985553652048111,0.6637325286865234,-0.0030320053920149803,9.87621021270752,9.84272082860116e-06,0.015540854074060917,-8.175389666575938e-05,5496,None,Driving
2025-04-11 15:28:28,7c350761,18.138996444265842,0.0,0.699999988079071,0.10831033438444138,-24.059059143066406,0.0005009906779349649,-0.0007357331847083347,-0.010825195349752903,-1.031838059425354,2.1234748363494873,9.811718940734863,0.002330215647816658,0.00026155656087212265,0.18172547221183777,5852,None,Driving
2025-04-11 15:28:28,19a6c8fa,20.075386451287084,0.5404377579689026,0.0,-0.01315877865999937,87.37078094482422,-0.0007106876567206655,-0.0009960739624202675,-0.0010308455675840378,0.06511177867650986,-0.1265043020248413,9.81051254272461,0.00100146874319762,-0.0006835598032921553,-0.03798386827111244,5696,None,Driving
2025-04-11 15:28:29,a4b74d87,3.1755412483865977e-06,0.0,1.0,0.04269924759864807,-3.1648871898651123,0.0005205699787893536,-0.0006377922691379602,0.06759952753782272,-3.135073711746372e-05,-1.4471668691840023e-05,9.8100004196167,4.962914772477234e-07,1.367564124166165e-07,-4.762376604183771e-11,5472,Red,Driving
2025-04-11 15:28:30,8aba1b13,8.086597270014617e-08,0.0,1.0,0.0342257022857666,-3.064453363418579,0.0005516406793475426,-0.0006366729389057031,-0.02959434501826763,-0.02994512766599655,-2.2281892597675323e-07,9.809954643249512,2.986948288707936e-08,3.1889146612229524e-07,4.0625292019313974e-10,5632,Red,Driving
2025-04-11 15:28:30,f22e1763,19.753724253394754,0.4994429349899292,0.0,-0.11686469614505768,20.608762741088867,-0.0012060311723871564,-0.0006847560951447285,-0.004506645258516073,-0.661491334438324,-2.2304859161376953,9.801129341125488,-0.009045423939824104,0.001822623540647328,-0.18196235597133636,5008,None,Driving
2025-04-11 15:28:31,d7c5a57f,15.417250749810924,0.8500000238418579,0.0,-0.008272703737020493,38.14229202270508,-0.0011670743407421469,-0.0008188154917584217,0.0021410370245575905,-2.4664008617401123,-0.05067691206932068,9.830328941345215,0.005804772488772869,0.021100465208292007,-0.09646330773830414,5120,None,Driving
2025-04-11 15:28:32,47040b8d,18.046630067804983,0.8500000238418579,0.0,-0.019355976954102516,1.6208502054214478,-0.0012289349498075808,-0.000507261072419655,-0.004164848010987043,2.156769275665283,-0.05883105844259262,9.81350040435791,0.0005623256438411772,-0.0031691130716353655,-0.023088928312063217,5864,None,Driving
2025-04-11 15:28:32,44098733,16.071776118842863,0.16485613584518433,0.0,-0.002055463381111622,3.921745538711548,-0.0012573004995175552,-0.0005783879909043606,-0.002806434640660882,-0.7295874953269958,-0.023132886737585068,9.906400680541992,-0.0010227281600236893,-0.0033665949013084173,-0.0074468571692705154,5724,None,Driving
2025-04-11 15:28:33,0b334c6e,19.745626701795953,0.819666862487793,0.0,0.10716619342565536,14.384613037109375,0.0005010302917298759,0.0006749542795785571,-0.003437156556174159,-0.15747928619384766,0.5929089784622192,9.809304237365723,0.0010824436321854591,0.0006958080921322107,0.16737033426761627,5732,None,Driving
2025-04-11 15:28:33,0ebdc813,22.18385080243244,0.0,0.699999988079071,0.0,90.64253234863281,-0.0005024429903954797,-0.0009959428530194403,-0.0052751158364117146,-1.6933224201202393,0.004491925239562988,9.894882202148438,-2.115964889526367e-06,0.02379138208925724,-6.6614993556868285e-06,5224,None,Driving
2025-04-11 15:28:34,4a1fe7a3,16.598488905238227,0.8500000238418579,0.0,0.0002485241857357323,90.63999938964844,-0.0004607316276832307,-0.0010269240112884802,0.03926318883895874,-3.906599998474121,-0.0914773941040039,9.808095932006836,1.8380553228780627e-05,0.00036550479126162827,-0.00019094327581115067,5176,None,Driving
2025-04-11 15:28:35,4beb76ed,20.363594450138002,0.41123080253601074,0.0,0.0,0.31873664259910583,-0.0012363227212404126,0.00044280863677010143,0.0015468215569853783,0.09028736501932144,-0.0005010535242035985,9.807037353515625,8.756509259910672e-07,-0.0017826507100835443,-7.846138942113612e-06,5372,None,Driving
2025-04-11 15:28:35,4069e686,20.46704546122934,0.45375823974609375,0.0,0.00035146623849868774,-179.61322021484375,-0.0011677281743374124,-0.0003212457548452763,0.010728797875344753,1.5777394771575928,-0.1906534731388092,9.804157257080078,0.0002103573060594499,-0.011844777502119541,0.08772041648626328,5496,None,Driving
2025-04-11 15:28:36,e4e03dd8,19.69231459596551,0.5581668615341187,0.0,0.0006155604496598244,-179.64590454101562,-0.0011990781934514416,-0.0003359662632909864,0.04277515411376953,-0.18937189877033234,-0.07382688671350479,9.810652732849121,2.555070022935979e-05,0.00048308612895198166,0.05545544624328613,5448,None,Driving
2025-04-11 15:28:37,788848d9,20.192689985802026,0.4343337118625641,0.0,0.00017573311924934387,-89.57169342041016,-0.0006180030424616234,0.0009512732016510859,0.14172019064426422,0.1399773359298706,-0.006103813648223877,9.807914733886719,-0.00013660272816196084,-0.0009620070341043174,-0.0008076363592408597,5496,None,Driving
2025-04-11 15:28:39,b9a19950,19.86330663867672,0.48051145672798157,0.0,-0.10768789798021317,-124.43174743652344,0.0005546929308621884,-0.0004412572897536763,-0.006914367433637381,-1.2100781202316284,-1.0620473623275757,9.799681663513184,0.017277956008911133,0.014834778383374214,-0.3306187391281128,4768,None,Driving
2025-04-11 15:28:39,da92861c,20.917136799500003,0.0,0.04725596308708191,0.0,0.15504327416419983,-0.00025410605623221727,0.0003331639283533398,-0.018726691603660583,-1.6536489725112915,-0.0030562211759388447,9.754192352294922,3.942413968616165e-05,0.009540942497551441,9.707123535918072e-05,5768,None,Driving
2025-04-11 15:28:40,7c350761,1.270439231139688e-06,0.0,1.0,0.10024861991405487,-15.999985694885254,0.0005123560399340477,-0.0007006506941004064,-0.01112033799290657,-5.225122094998369e-06,-5.264788001113629e-07,9.8100004196167,7.581493832731212e-08,2.7093424392887755e-08,1.0696729092762869e-11,5000,None,Driving
2025-04-11 15:28:41,19a6c8fa,20.115972361874793,0.5057576298713684,0.0,-0.017629820853471756,64.4093246459961,-0.00097690142277429,-0.0009284827827928376,-0.0010287093464285135,-0.015033207833766937,-0.14883580803871155,9.810185432434082,0.001386210205964744,-0.00014554942026734352,-0.04856438562273979,5360,None,Driving
2025-04-11 15:28:41,a4b74d87,5.2016779834621005e-06,0.0,1.0,0.04269924759864807,-3.1648871898651123,0.0005205699787893536,-0.0006377922691379602,0.06759952753782272,-3.135073711746372e-05,-1.4471668691840023e-05,9.8100004196167,-5.985368147776171e-07,-1.7260882501091146e-08,1.5743792380895627e-10,4892,Red,Driving
2025-04-11 15:28:42,8aba1b13,1.3737927014283202e-07,0.0,1.0,0.0342257022857666,-3.064453363418579,0.0005516406793475426,-0.0006366729389057031,-0.02959434501826763,-0.02994512766599655,-2.2281892597675323e-07,9.809954643249512,-9.897953567872264e-09,-1.0963441710032384e-08,1.0498474485587383e-11,5616,Red,Driving
2025-04-11 15:28:43,f22e1763,19.878942918146027,0.5348974466323853,0.0,-0.0028260343242436647,0.6512336730957031,-0.00122966211695541,-0.0004481008852111707,-0.004371604882180691,-1.093658447265625,-0.008194731548428535,9.796098709106445,0.0002926276356447488,0.004560481756925583,-0.004674071911722422,5656,None,Driving
2025-04-11 15:28:43,d7c5a57f,16.860279395175425,0.4480624794960022,0.0,0.006760957185178995,4.542015075683594,-0.0012553384504201404,-0.0005910853161235076,0.002591361990198493,-0.2930164039134979,0.019903065636754036,9.812103271484375,0.007932602427899837,0.00011196489504072815,0.017701594159007072,5564,None,Driving
2025-04-11 15:28:44,47040b8d,20.64406726745622,0.32187166810035706,0.0,-0.0009834838565438986,0.37659332156181335,-0.001231173473215108,-0.00023158416148787235,-0.003435859689489007,0.6226504445075989,-0.009107296355068684,9.80316162109375,-6.731199391651899e-05,-0.0006155263399705291,0.0029027091804891825,5476,None,Driving
2025-04-11 15:28:45,44098733,20.069755568227603,0.4658237099647522,0.0,0.000304378685541451,0.3893456757068634,-0.0012619780826952365,-0.00032932532883623406,-0.001378288259729743,0.1206311509013176,0.003373690415173769,9.80434799194336,-7.596881914651021e-05,-0.0027017351239919662,-0.002216203836724162,5680,None,Driving
2025-04-11 15:28:46,0b334c6e,19.73664617157597,0.820850133895874,0.0,0.12245123088359833,68.08155822753906,0.00031009028440109887,0.0008747540406762746,-0.0034392166417092085,0.13378316164016724,0.8281500935554504,9.80626106262207,0.0032337510492652655,8.151959627866745e-05,0.17445741593837738,5456,None,Driving
2025-04-11 15:28:47,0ebdc813,20.95039690444776,0.0,0.23263290524482727,-0.051330722868442535,81.74400329589844,-0.0007867442681117609,-0.0009884109503416083,-0.0044191740453243256,-3.127748966217041,-0.5536365509033203,9.801301956176758,0.0012010931968688965,0.026158224791288376,-0.13819125294685364,4980,None,Driving
2025-04-11 15:28:47,4a1fe7a3,20.09346611384699,0.3921186923980713,0.0,-0.03295474126935005,84.80033111572266,-0.00074489836919156,-0.0010250466041704163,0.03887065872550011,0.004311278462409973,-0.19496265053749084,9.816964149475098,0.0018367345910519361,0.0023163314908742905,-0.1267853081226349,5332,None,Driving
2025-04-11 15:28:48,4beb76ed,20.298133253354592,0.3580288887023926,0.0,-0.042797721922397614,-25.486125946044922,-0.0011999198157326418,0.0007314662008159704,0.0015490722144022584,0.14438065886497498,-0.6361863017082214,9.803494453430176,0.013276372104883194,-0.00165556650608778,-0.13319949805736542,4736,None,Driving
2025-04-11 15:28:49,4069e686,20.20984314105917,0.4502668082714081,0.0,0.07618074119091034,-170.67892456054688,-0.0011594745188716615,-0.0006135815783961052,0.010813713073730469,-0.07754433155059814,1.4629149436950684,9.807881355285645,0.009290548972785473,0.0004306191112846136,0.28705358505249023,4996,None,Driving
2025-04-11 15:28:49,e4e03dd8,20.247290881330244,0.3952685594558716,0.0,0.06429686397314072,-169.4783172607422,-0.0011889811932519478,-0.0006280589895889488,0.04295288026332855,-0.08341747522354126,0.7534900307655334,9.946033477783203,-0.0031667507719248533,-0.0032112402841448784,0.1854151338338852,5040,None,Driving
2025-04-11 15:28:50,788848d9,0.0,0.0,1.0,0.0,-89.60266876220703,-0.0005147338970488136,0.0009519996834329819,0.14165690541267395,-0.00318732438609004,-8.631614036858082e-06,9.809999465942383,0.0,0.0,0.0,5496,None,Driving
2025-04-11 15:28:52,b9a19950,20.195563911704408,0.4742922782897949,0.0,-0.09039781987667084,168.3418426513672,0.000605801986523602,-0.0007112432782325699,-0.00737979868426919,-0.3261905908584595,-1.8164451122283936,9.825819969177246,-0.025947488844394684,0.006987353786826134,-0.24212977290153503,4580,None,Driving
2025-04-11 15:28:52,da92861c,15.252461657797493,0.8500000238418579,0.0,0.0,0.1605021357536316,-0.0002548276376899139,0.000593538288713681,-0.018712881952524185,0.46746426820755005,-5.970797792542726e-05,9.813735008239746,-1.932932536874432e-05,-0.0095022302120924,-2.5683746571303345e-05,5120,None,Driving
2025-04-11 15:28:53,7c350761,2.865225849132076e-07,0.0,1.0,0.10024861991405487,-15.999985694885254,0.0005123560399340477,-0.0007006506941004064,-0.01112033799290657,-5.225122094998369e-06,-5.264788001113629e-07,9.8100004196167,5.108606728754239e-07,-3.388960010397568e-07,-2.9777225823979236e-11,5044,None,Driving
2025-04-11 15:28:54,19a6c8fa,20.15555167849782,0.49303552508354187,0.0,-0.041051704436540604,27.965356826782227,-0.0011848468265753809,-0.0007353215573892717,-0.0010266494937241077,0.09668876230716705,-0.3585279583930969,9.809632301330566,0.0025029710959643126,-0.00024040078278630972,-0.0887301117181778,5032,None,Driving
2025-04-11 15:28:54,a4b74d87,4.0223522045672085e-06,0.0,1.0,0.04269924759864807,-3.1648871898651123,0.0005205699787893536,-0.0006377922691379602,0.06759952753782272,-3.135073711746372e-05,-1.4471668691840023e-05,9.8100004196167,-1.940292548852085e-07,1.8226548093025485e-07,1.3621977157374232e-10,4916,Red,Driving
2025-04-11 15:28:55,8aba1b13,6.870400350004277e-08,0.0,1.0,0.0342257022857666,-3.064453363418579,0.0005516406793475426,-0.0006366729389057031,-0.02959434501826763,-0.02994512766599655,-2.2281892597675323e-07,9.809954643249512,-8.380037996857936e-09,1.8784982458441846e-08,6.433177775211352e-12,4916,Red,Driving
2025-04-11 15:28:56,f22e1763,19.991343009780053,0.5766457319259644,0.0,0.0,0.35491663217544556,-0.001231636776680034,-0.00015636206177181824,-0.0044587706215679646,0.0006755911163054407,-0.005031724460422993,9.8100004196167,1.784690175554715e-05,-7.207338370562866e-08,2.6267714474670356e-06,5640,None,Driving
2025-04-11 15:28:56,d7c5a57f,19.78273703450124,0.4668007791042328,0.0,0.0,0.398798406124115,-0.0012620056341745567,-0.00031984484438651737,0.002866554306820035,-0.3677622973918915,-0.03749300166964531,9.806792259216309,-0.00021193352586124092,0.005572743713855743,-0.016997460275888443,5716,None,Driving
2025-04-11 15:28:57,47040b8d,20.49085737376963,0.3041080832481384,0.0,0.0020530885085463524,0.790450930595398,-0.0012335120591870918,6.848350143684882e-05,-0.0034560775384306908,0.2146315723657608,0.0225782860070467,9.80810832977295,-9.405672608409077e-05,0.00018238073971588165,0.007151276338845491,5916,None,Driving
2025-04-11 15:28:58,44098733,20.210169345840924,0.5270794630050659,0.0,0.0009459785069338977,0.38698288798332214,-0.0012638397950723856,-3.2569589695999957e-05,-0.0013288498157635331,-0.09040042012929916,0.011985458433628082,9.815979957580566,-0.0004743014869745821,0.0017582608852535486,0.002493260893970728,5736,None,Driving
2025-04-11 15:28:58,0b334c6e,2.3217460264539512e-06,0.0,1.0,0.08510737121105194,83.64491271972656,0.00022827282667492454,0.000890950403715508,-0.0036098097916692495,7.0166588557185605e-06,-1.3327510259841802e-06,9.8100004196167,5.32244712303509e-07,4.364299911685521e-06,4.94279195351055e-09,5468,None,Driving
2025-04-11 15:28:59,0ebdc813,20.283696725264594,0.19380274415016174,0.0,-0.06427869945764542,57.03361511230469,-0.0010409574461078819,-0.0008923222891709997,-0.004348869435489178,-2.5470094680786133,-0.8245428800582886,9.794632911682129,-0.0005532195791602135,0.020921148359775543,-0.18969759345054626,4828,None,Driving
2025-04-11 15:29:00,4a1fe7a3,20.04537680630061,0.584069550037384,0.0,-0.06444329023361206,62.46993637084961,-0.0010126814729858324,-0.0009454612103238838,0.038969192653894424,-0.683064341545105,-0.8945946097373962,9.806861877441406,0.0011678645387291908,0.0007410094258375466,-0.1088719442486763,4768,None,Driving
2025-04-11 15:29:01,4beb76ed,20.27833179278225,0.35487958788871765,0.0,-0.09706705808639526,-67.6041259765625,-0.0009897742002209498,0.0009163907676772477,0.0015483093447983265,-0.16349446773529053,-1.3126356601715088,9.81187915802002,-0.0219801627099514,0.0029294975101947784,-0.12006288766860962,5148,None,Driving
2025-04-11 15:29:01,4069e686,20.16630904858604,0.4679579436779022,0.0,0.01338838879019022,-122.85982513427734,-0.0010038129808833673,-0.0008416368888964264,0.010832061991095543,-0.1294587254524231,0.3856399357318878,9.809157371520996,-0.0030181880574673414,0.0008669176604598761,-0.044341493397951126,4568,None,Driving
2025-04-11 15:29:02,e4e03dd8,20.108847562854308,0.5286041498184204,0.0,0.06132635474205017,-125.45906829833984,-0.0010382137437261463,-0.0008559620130591405,0.04277179762721062,0.20027005672454834,0.8341833353042603,9.809678077697754,-0.0006784411380067468,-5.414854967966676e-05,0.16908591985702515,5272,None,Driving
2025-04-11 15:29:03,788848d9,0.0,0.0,1.0,0.0,-89.60266876220703,-0.0005147338970488136,0.0009519996834329819,0.14165690541267395,-0.00318732438609004,-8.631614036858082e-06,9.809999465942383,0.0,0.0,0.0,5436,None,Driving
2025-04-11 15:29:04,b9a19950,19.994319055499837,0.597400963306427,0.0,-0.06301697343587875,124.79220581054688,0.0004485028832164062,-0.0009385368794381749,-0.0074209594167768955,0.28969842195510864,-0.8441896438598633,9.774627685546875,0.0004558758810162544,-0.006154053844511509,-0.11864154785871506,6128,None,Driving
2025-04-11 15:29:05,da92861c,1.2874710451558465e-06,0.0,1.0,0.0045283022336661816,0.2190503478050232,-0.0002551282195213389,0.0006979898517701867,-0.018991583958268166,-2.612560820125509e-05,-5.486022587319894e-07,9.8100004196167,-9.377646961183927e-07,3.1820187018638535e-07,3.0017305308049913e-10,5368,Red,Driving
2025-04-11 15:29:06,7c350761,2.2316055263033232e-06,0.0,1.0,0.10024861991405487,-15.999985694885254,0.0005123560399340477,-0.0007006506941004064,-0.01112033799290657,-5.225122094998369e-06,-5.264788001113629e-07,9.8100004196167,1.3358230432913842e-07,4.7537167091604715e-08,5.607224060066862e-11,5776,None,Driving
2025-04-11 15:29:06,19a6c8fa,22.766463420747755,0.0,0.699999988079071,-0.0022326831240206957,1.064875602722168,-0.001229099162102898,-0.00048374838674456594,-0.0009381865966133773,-3.2054975032806396,-0.031071573495864868,9.81176471710205,0.00012148984387749806,0.01985461264848709,-0.006759505718946457,5484,None,Driving
2025-04-11 15:29:07,a4b74d87,2.8906172427119638e-06,0.0,1.0,0.04269924759864807,-3.1648871898651123,0.0005205699787893536,-0.0006377922691379602,0.06759952753782272,-3.135073711746372e-05,-1.4471668691840023e-05,9.8100004196167,1.0769382470243727e-06,1.9345343105214852e-08,-3.24862220457689e-10,5328,Red,Driving
2025-04-11 15:29:08,8aba1b13,4.80657415338687e-07,0.0,1.0,0.0342257022857666,-3.064453363418579,0.0005516406793475426,-0.0006366729389057031,-0.02959434501826763,-0.02994512766599655,-2.2281892597675323e-07,9.809954643249512,-1.703446628198435e-08,-1.0992829757583422e-08,-2.541887880735949e-11,4980,Red,Driving
2025-04-11 15:29:08,f22e1763,19.991445464995785,0.5765854120254517,0.0,-0.0009806097950786352,0.7035890817642212,-0.0012342438867705141,0.00012298108059391268,-0.0044589233584702015,-0.0017319244798272848,0.004829224664717913,9.810076713562012,0.00018766772700473666,-4.7435167971343617e-07,-0.001700652646832168,5420,None,Driving
2025-04-11 15:29:09,d7c5a57f,19.807091692141505,0.45471474528312683,0.0,0.001366361160762608,0.3491484820842743,-0.0012637596079372315,-4.2888802931466994e-05,0.0028827667701989412,0.5010007619857788,0.08731590956449509,9.813772201538086,0.0007491354481317103,-0.005638055969029665,0.017240451648831367,5568,None,Driving
2025-04-11 15:29:10,47040b8d,20.470487593438275,0.19454039633274078,0.0,-0.0016944591188803315,0.38991066813468933,-0.0012358583212090934,0.00035850052878509924,-0.0034644699189811945,-0.14859429001808167,0.010998530313372612,9.811771392822266,-1.4426728739636019e-05,0.0003368309116922319,0.0062014213763177395,5732,None,Driving
2025-04-11 15:29:10,44098733,20.210354200454123,0.5269553661346436,0.0,0.0,0.34889230132102966,-0.0012666662204026125,0.0002489723487315139,-0.0013428878737613559,-0.08867011964321136,-0.014401072636246681,9.816685676574707,7.785536581650376e-05,0.0016626534052193165,-0.00020767466048710048,5432,None,Driving
2025-04-11 15:29:11,0b334c6e,14.770945053479272,0.06974751502275467,0.0,0.011982911266386509,89.52822875976562,0.00014508864084916695,0.000893239986440772,-0.0036065292079001665,-0.2021423727273941,0.023693740367889404,9.811280250549316,-0.00011687102960422635,0.0004778750299010426,0.014287871308624744,5624,None,Driving
2025-04-11 15:29:12,0ebdc813,17.478866620019186,0.8500000238418579,0.0,-0.06143338978290558,18.060470581054688,-0.0012083582443125351,-0.0006767068826093725,-0.003759002545848489,-5.698768615722656,-0.6569844484329224,9.860715866088867,0.009441781789064407,0.034500330686569214,-0.18418259918689728,5224,None,Driving
2025-04-11 15:29:12,4a1fe7a3,20.231992194959414,0.4915975332260132,0.0,-0.060456547886133194,29.309993743896484,-0.0012073382913229125,-0.0007589875924027562,0.0389258936047554,-0.44126811623573303,-0.8207166790962219,9.81163501739502,0.0015832007629796863,0.0007353977998718619,-0.11010080575942993,5148,None,Driving
2025-04-11 15:29:13,4beb76ed,20.54270187118652,0.0,0.699999988079071,-0.021941276267170906,-88.58123779296875,-0.000721175243683092,0.0009503705137690716,0.0011115645756945014,0.36900317668914795,0.11352777481079102,9.85784912109375,-2.1262094378471375e-05,0.005260054487735033,-0.10091912001371384,5320,None,Driving
2025-04-11 15:29:14,4069e686,20.21403770591807,0.4471087157726288,0.0,0.021286800503730774,-95.09664916992188,-0.000741179947581827,-0.0009305635362738151,0.01069713570177555,-0.05141688883304596,0.16550639271736145,9.805562973022461,-0.005786759313195944,0.0014540576376020908,0.17735396325588226,5640,None,Driving
2025-04-11 15:29:14,e4e03dd8,20.058029751103028,0.5297064781188965,0.0,0.017601806670427322,-99.13529205322266,-0.000781910285752474,-0.0009568712235327146,0.04277282580733299,-0.09065327048301697,0.10756827890872955,9.80994701385498,-0.00023255834821611643,4.69714286737144e-05,0.06749733537435532,4812,None,Driving
2025-04-11 15:29:15,788848d9,0.0,0.0,1.0,0.0,-89.60266876220703,-0.0005147338970488136,0.0009519996834329819,0.14165690541267395,-0.00318732438609004,-8.631614036858082e-06,9.809999465942383,0.0,0.0,0.0,5452,None,Driving
2025-04-11 15:29:17,b9a19950,11.452806925349746,0.8500000238418579,0.0,-0.008100079372525215,94.0553207397461,0.00020783178823080561,-0.001016598032263069,-0.007108916994184256,0.8018425107002258,-0.01706528663635254,9.680042266845703,-0.00035693496465682983,-0.00950090866535902,-0.011754185892641544,5056,None,Driving
2025-04-11 15:29:17,da92861c,9.029402884836642e-06,0.0,1.0,0.0045283022336661816,0.2190503478050232,-0.0002551282195213389,0.0006979898517701867,-0.018991583958268166,-2.612560820125509e-05,-5.486022587319894e-07,9.8100004196167,4.5827803774045606e-08,3.260751313405308e-08,5.6467122644399126e-12,5128,Red,Driving
2025-04-11 15:29:18,7c350761,1.3432809747101642e-06,0.0,1.0,0.10024861991405487,-15.999985694885254,0.0005123560399340477,-0.0007006506941004064,-0.01112033799290657,-5.225122094998369e-06,-5.264788001113629e-07,9.8100004196167,-2.4371391305066936e-07,-6.15875634935037e-08,5.202503705614703e-11,5720,None,Driving
2025-04-11 15:29:19,19a6c8fa,19.17405038485043,0.8500000238418579,0.0,0.00043982735951431096,0.31910213828086853,-0.0012313128754755098,-0.00020770535640911466,-0.0009062957833521068,0.37953025102615356,-0.007081482093781233,9.790180206298828,1.8811848349287175e-05,-0.0024466279428452253,0.0009186083916574717,5572,None,Driving
2025-04-11 15:29:20,a4b74d87,2.5975164285171483e-06,0.0,1.0,0.04269924759864807,-3.1648871898651123,0.0005205699787893536,-0.0006377922691379602,0.06759952753782272,-3.135073711746372e-05,-1.4471668691840023e-05,9.8100004196167,-1.210344066748803e-06,1.0653535831295358e-08,3.4072603072310415e-10,5060,Red,Driving
2025-04-11 15:29:21,8aba1b13,5.493173220140887e-07,0.0,1.0,0.0342257022857666,-3.064453363418579,0.0005516406793475426,-0.0006366729389057031,-0.02959434501826763,-0.02994512766599655,-2.2281892597675323e-07,9.809954643249512,-1.4095951961223818e-08,2.5720472418555573e-09,-2.213589381239167e-11,5544,Red,Driving
2025-04-11 15:29:21,f22e1763,19.99148558395042,0.5765348076820374,0.0,0.0,0.3224659562110901,-0.0012361804404719123,0.0004148007079974968,-0.004458846990019083,-0.0005434127524495125,-8.21865114630782e-07,9.8100004196167,1.051957042363938e-06,2.4469146708838707e-08,-5.105538658511932e-09,4812,None,Driving
2025-04-11 15:29:22,d7c5a57f,20.19556829503893,0.6905343532562256,0.0,0.0006155604496598244,0.3315834403038025,-0.0012666611487475166,0.00025151942127324807,0.0028858566656708717,0.49513185024261475,0.017204524949193,9.813539505004883,0.00030051704379729927,-0.005582989659160376,0.014828965999186039,5272,None,Driving
2025-04-11 15:29:23,47040b8d,20.456046668114585,0.33847320079803467,0.0,-0.1244710311293602,-9.907361030578613,-0.001226678469990361,0.0006552115203313795,-0.003458213759586215,-0.6592063903808594,-1.9996304512023926,9.813298225402832,-0.0056953164748847485,0.0008223970653489232,-0.14325760304927826,5476,None,Driving
2025-04-11 15:29:23,44098733,20.230266303818357,0.4716818928718567,0.0,-0.029369689524173737,-0.41787710785865784,-0.001268133987750275,0.00054303334377229,-0.0012517166323959827,0.06662162393331528,-0.0497610941529274,9.801855087280273,0.004999276716262102,-0.0009708540746942163,-0.06481322646141052,4780,None,Driving
2025-04-11 15:29:24,0b334c6e,11.901289937158992,0.11282351613044739,0.0,0.00043982735951431096,90.37812042236328,-7.118043654941175e-05,0.0008921431360221435,-0.0037286756560206413,-0.07084634900093079,0.017996586859226227,9.813464164733887,2.4046574253588915e-05,0.0006359462277032435,0.0003360287519171834,5408,None,Driving
2025-04-11 15:29:25,0ebdc813,19.88493437909042,0.22192789614200592,0.0,-0.0012130666291341186,0.5256854891777039,-0.0012299119992889018,-0.00041340017448683223,-0.004055824130773544,-1.1731675863265991,-0.015866175293922424,9.807263374328613,0.0004473030276130885,0.02050386182963848,-0.003076376859098673,5488,None,Driving
2025-04-11 15:29:25,4a1fe7a3,17.518484839873718,0.8500000238418579,0.0,-0.008865497075021267,1.4730664491653442,-0.0012599350240236618,-0.0005095923593113608,0.03848186507821083,2.9138777256011963,-0.0404059961438179,9.812376022338867,0.0002906249719671905,-0.0017678297590464354,-0.020308421924710274,5704,None,Driving
2025-04-11 15:29:26,4beb76ed,5.562140482799384e-06,0.0,1.0,-0.0006220098002813756,-89.56341552734375,-0.0006480359363933985,0.0009510584097733065,0.001400756766088307,2.1049974748166278e-05,9.094947017729282e-13,9.8100004196167,-8.980709509387452e-08,-4.350269477981783e-09,1.828854559113302e-12,5324,None,Driving
2025-04-11 15:29:26,4069e686,12.176066579480063,0.0,1.0,0.0006155604496598244,-89.4029769897461,-0.00046017405291820523,-0.0009325673923435391,0.01199699379503727,-6.407273769378662,0.013811111450195312,9.774639129638672,9.230896830558777e-05,0.021536119282245636,0.0007085198885761201,5528,Red,Driving
2025-04-11 15:29:27,e4e03dd8,10.208844215712855,0.0,1.0,-0.00017573311924934387,-89.4728012084961,-0.0005243129705547744,-0.0009646286782430204,0.04261619597673416,-2.185072898864746,0.02964162826538086,9.813667297363281,-2.9904767870903015e-06,0.0012911088997498155,-0.019936470314860344,4948,None,Driving
2025-04-11 15:29:28,788848d9,0.0,0.0,1.0,0.0,-89.60266876220703,-0.0005147338970488136,0.0009519996834329819,0.14165690541267395,-0.00318732438609004,-8.631614036858082e-06,9.809999465942383,0.0,0.0,0.0,5424,None,Driving
2025-04-11 15:29:30,b9a19950,3.5813268525332135e-06,0.0,1.0,-0.01841522380709648,92.95728302001953,0.00018969162380244597,-0.0010175815926453322,-0.007587241940200329,0.010949493385851383,5.2247196435928345e-06,9.8099946975708,2.717230529469816e-07,-2.8381322181303403e-07,-6.00001104356096e-10,5404,None,Driving
2025-04-11 15:29:30,da92861c,7.073631851607217e-06,0.0,1.0,0.0045283022336661816,0.2190503478050232,-0.0002551282195213389,0.0006979898517701867,-0.018991583958268166,-2.612560820125509e-05,-5.486022587319894e-07,9.8100004196167,2.4147860600010063e-08,2.2854918313441885e-07,-2.0375773290837174e-10,5516,Red,Driving
2025-04-11 15:29:31,7c350761,1.4076303577331318e-06,0.0,1.0,0.10024861991405487,-15.999985694885254,0.0005123560399340477,-0.0007006506941004064,-0.01112033799290657,-5.225122094998369e-06,-5.264788001113629e-07,9.8100004196167,1.0584864185148035e-07,3.646458779371642e-08,4.20231384412606e-11,5120,None,Driving
2025-04-11 15:29:32,19a6c8fa,17.545575793230945,0.8500000238418579,0.0,0.0005661552422679961,0.8713635206222534,-0.0012337201345218318,8.246287852699499e-05,-0.0012840651907026768,4.351775646209717,0.0039291405119001865,9.808610916137695,-5.896825678064488e-05,-0.019618546590209007,0.0014096221420913935,5648,None,Driving
2025-04-11 15:29:32,a4b74d87,3.1287816698363712e-06,0.0,1.0,0.04269924759864807,-3.1648871898651123,0.0005205699787893536,-0.0006377922691379602,0.06759952753782272,-3.135073711746372e-05,-1.4471668691840023e-05,9.8100004196167,-1.340227299806429e-06,2.9278515611963485e-08,3.540399917678627e-10,5180,Red,Driving
2025-04-11 15:29:33,8aba1b13,6.17994891204437e-07,0.0,1.0,0.0342257022857666,-3.064453363418579,0.0005516406793475426,-0.0006366729389057031,-0.02959434501826763,-0.02994512766599655,-2.2281892597675323e-07,9.809954643249512,4.731372182931182e-09,-8.011322272238885e-09,-3.810771836976201e-11,4936,Red,Driving
2025-04-11 15:29:34,f22e1763,20.023953275436178,0.5578354001045227,0.0,-0.06773854792118073,-16.392501831054688,-0.0012169399131636283,0.0006896545013631878,-0.004451637156307697,0.00868772342801094,-0.38936588168144226,9.807992935180664,0.00485953688621521,0.0001305173645960167,-0.11125457286834717,5224,None,Driving
2025-04-11 15:29:35,d7c5a57f,19.780514492140217,0.46948960423469543,0.0,-0.03886142000555992,-0.016571044921875,-0.0012682040315610266,0.0005384428356109219,0.00287036900408566,-0.4107026755809784,-1.1104792356491089,9.804954528808594,-0.012854916974902153,0.005601275712251663,-0.10069965571165085,4664,None,Driving
2025-04-11 15:29:36,47040b8d,20.453732114163987,0.2545695900917053,0.0,-0.10842236876487732,-57.85266876220703,-0.001046720913933541,0.0008895647425205672,-0.0034656906500458717,-0.3844444453716278,-0.7769283056259155,9.811599731445312,-0.0028602073434740305,0.0008245491189882159,-0.13071319460868835,5500,None,Driving
2025-04-11 15:29:36,44098733,20.248147314603354,0.5386161804199219,0.0,-0.09017595648765564,-38.442298889160156,-0.0011796278088667123,0.0008191382278632281,-0.0007400130853056908,0.019750237464904785,-2.278636932373047,9.783784866333008,-0.04990463703870773,-0.004304923117160797,-0.166133314371109,4824,None,Driving
2025-04-11 15:29:37,0b334c6e,19.081462731954783,0.6859881281852722,0.0,0.0,90.39207458496094,-0.0002705769402950864,0.0008907787895285394,-0.0034357833210378885,0.5006968975067139,-0.018439501523971558,9.806238174438477,-1.2599164620041847e-05,-0.0020060029346495867,0.00042078137630596757,5376,None,Driving
2025-04-11 15:29:38,0ebdc813,18.796678243564642,0.8500000238418579,0.0,0.0,0.35202929377555847,-0.001231833200918686,-0.00012452204440373808,-0.004034500103443861,3.474066734313965,0.0035220773424953222,9.831594467163086,1.6307245459756814e-05,-0.031463250517845154,6.961025974305812e-06,5488,None,Driving
2025-04-11 15:29:39,4a1fe7a3,19.924190892742434,0.5191470980644226,0.0,-0.0006155604496598244,0.35137298703193665,-0.0012626972996372388,-0.00021658990305562092,0.038946762681007385,0.6000242829322815,-0.12889577448368073,9.80504322052002,3.248842403991148e-05,-0.0017918007215484977,0.03307627886533737,5756,None,Driving
2025-04-11 15:29:39,4beb76ed,5.1502240526948896e-06,0.0,1.0,-0.0006220098002813756,-89.56341552734375,-0.0006480359363933985,0.0009510584097733065,0.001400756766088307,2.1049974748166278e-05,9.094947017729282e-13,9.8100004196167,-9.196513417464303e-08,5.4806861271572416e-09,4.712647373034118e-12,5556,None,Driving
2025-04-11 15:29:40,4069e686,1.3880896857699797e-09,0.0,1.0,0.0013194821076467633,-89.4299545288086,-0.0004544868656921608,-0.0009325051616399579,0.010660362429916859,4.67777226731414e-06,0.0,9.8100004196167,-2.216844308122745e-08,-5.459543217511964e-08,-7.942978956856916e-13,5616,Red,Driving
2025-04-11 15:29:41,e4e03dd8,5.149856931268204e-07,0.0,1.0,-0.0040787928737699986,-89.27020263671875,-0.0005176009299816542,-0.0009645702170203829,0.04261264577507973,-3.6575860576704144e-05,0.0,9.8100004196167,-1.868367505153401e-08,1.0264713523611135e-08,-5.759472217724271e-13,4868,None,Driving
2025-04-11 15:29:41,788848d9,14.188275983576077,0.8098905682563782,0.0,0.0,-89.59966278076172,-0.0004850844963897316,0.0009522030983319128,0.14160968363285065,-2.1842544078826904,0.0002651214599609375,9.776412963867188,-1.2977980077266693e-05,0.004922337830066681,5.3184045100351796e-05,5496,None,Driving
2025-04-11 15:29:43,b9a19950,16.560989422525203,0.8500000238418579,0.0,-0.0029030588921159506,92.19670104980469,0.00016133919874050662,-0.0010186691907016442,-0.010158843360841274,3.1731603145599365,-0.01574230194091797,9.790532112121582,1.867875107564032e-05,-0.0003219258214812726,-0.006177516188472509,5608,None,Driving
2025-04-11 15:29:44,da92861c,1.132965272066331e-05,0.0,1.0,0.0045283022336661816,0.2190503478050232,-0.0002551282195213389,0.0006979898517701867,-0.018991583958268166,-2.612560820125509e-05,-5.486022587319894e-07,9.8100004196167,1.2495040380144928e-07,1.4787428881390952e-07,-2.0848556214758673e-10,5500,Red,Driving
2025-04-11 15:29:44,7c350761,16.59729259967386,0.0,0.1610233634710312,0.00019146956037729979,-0.92291259765625,0.000520699751717757,-0.000608666106709373,-0.011370506137609482,4.1981916427612305,0.1275230497121811,9.811302185058594,-6.335169746307656e-05,-0.0021059599239379168,0.01692105270922184,5256,Green,Driving
2025-04-11 15:29:45,19a6c8fa,15.991034258731839,0.8500000238418579,0.0,0.0,0.3113959729671478,-0.0012359509818935521,0.00037781250489641764,-0.0014965056907385588,1.9572396278381348,-0.005774243734776974,9.833271980285645,-5.750207947130548e-06,-0.020977089181542397,0.00012553164560813457,4768,None,Driving
2025-04-11 15:29:46,a4b74d87,20.310931067324358,0.24012726545333862,0.0,-0.00039295118767768145,0.43026843667030334,0.0005212893328092605,-0.0004718960763489932,0.06742092221975327,0.22593508660793304,0.1383732259273529,9.856938362121582,-0.00039876371738500893,0.006032861769199371,-0.04195147007703781,5196,None,Driving
2025-04-11 15:29:46,8aba1b13,19.772100777621684,0.6857286691665649,0.0,0.00043982735951431096,0.516518235206604,0.0005523971799021865,-0.0004357724551043874,-0.02942253090441227,-0.20514537394046783,0.0033563831821084023,9.809301376342773,8.89748043846339e-05,5.825875996379182e-05,0.0010938523337244987,5396,None,Driving
2025-04-11 15:29:47,f22e1763,19.983757725319588,0.5909324884414673,0.0,-0.07346613705158234,-62.12218475341797,-0.001026060525944672,0.0009002074264812746,-0.004473343025892973,0.022962138056755066,-0.4298381507396698,9.811338424682617,-0.003465185407549143,0.0002456792863085866,-0.13145627081394196,5144,None,Driving
2025-04-11 15:29:48,d7c5a57f,19.793769054051346,0.4718444049358368,0.0,-0.018240049481391907,-36.9982795715332,-0.0011888700278319675,0.0008057847388157914,0.0028644560370594263,-0.2601224482059479,-0.38164520263671875,9.805837631225586,0.0015078569995239377,0.005425642244517803,-0.17477966845035553,4988,None,Driving
2025-04-11 15:29:48,47040b8d,20.277164637353188,0.37922319769859314,0.0,0.1731301248073578,-86.47705078125,-0.0007751797747346245,0.0009507921473466399,-0.003404807997867465,-0.15775251388549805,1.285798192024231,9.800070762634277,0.015692738816142082,0.0013897186145186424,0.1896134465932846,5684,None,Driving
2025-04-11 15:29:49,44098733,20.257309600093325,0.4626639783382416,0.0,-0.05251245200634003,-74.63745880126953,-0.0009458529621610978,0.0009632545310989624,-0.0012252426240593195,0.35947680473327637,-0.3132841885089874,9.752540588378906,0.0009582128841429949,-0.0032315789721906185,-0.1295999139547348,4976,None,Driving
2025-04-11 15:29:50,0b334c6e,19.446572732268184,0.7630106210708618,0.0,0.0,90.39422607421875,-0.0005239360567372842,0.0008890457877986318,-0.0034965896047651768,-0.76655113697052,0.04527515172958374,9.81923770904541,-2.2143707610666752e-05,-0.0004299097054172307,-0.009789122268557549,5744,None,Driving
2025-04-11 15:29:50,0ebdc813,18.132636965068464,0.8500000238418579,0.0,-0.001732710632495582,0.5232700705528259,-0.0012345394140709232,0.00015107623858235772,-0.003933448810130358,-1.2163689136505127,-0.015510047785937786,9.832240104675293,0.0003638020425569266,-0.006731817964464426,-0.004620867781341076,5528,None,Driving
2025-04-11 15:29:51,4a1fe7a3,20.3108405898974,0.5672641396522522,0.0,0.0014816271141171455,0.843553364276886,-0.001264833704382795,5.968898113238328e-05,0.038916587829589844,0.521598219871521,0.13778184354305267,9.815064430236816,-0.00013100719661451876,0.00014711132098454982,-0.02872307039797306,5336,None,Driving
2025-04-11 15:29:52,4beb76ed,10.171077624725438,0.4377497732639313,0.0,-0.0006155604496598244,-89.6104965209961,-0.0005079739840567754,0.0009520398455390377,0.0037011336535215378,-6.703295707702637,-0.010200977325439453,9.779029846191406,-0.00020443648099899292,0.040353044867515564,-0.0005694536957889795,5276,None,Driving
2025-04-11 15:29:52,4069e686,0.0,0.0,1.0,0.0013194821076467633,-89.4299545288086,-0.0004544868656921608,-0.0009325051616399579,0.010660362429916859,4.67777226731414e-06,0.0,9.8100004196167,0.0,0.0,0.0,5296,Red,Driving
2025-04-11 15:29:53,e4e03dd8,7.896423064517044e-07,0.0,1.0,-0.0040787928737699986,-89.27020263671875,-0.0005176009299816542,-0.0009645702170203829,0.04261264577507973,-3.6575860576704144e-05,0.0,9.8100004196167,5.058800489621262e-09,-3.982738139285402e-09,3.735166472992879e-13,5544,None,Driving
2025-04-11 15:29:53,788848d9,19.515646199424804,0.8090993165969849,0.0,-0.12279777973890305,-93.25182342529297,-0.0002575678447271912,0.0009516354830377936,0.14186470210552216,-1.1234915256500244,-1.7660096883773804,9.791374206542969,-0.006131941452622414,-0.0002479623071849346,-0.21901297569274902,4828,None,Driving
2025-04-11 15:29:55,b9a19950,14.329377580565803,0.8500000238418579,0.0,0.0,90.67933654785156,-5.054370635093619e-05,-0.001022305026411982,-0.008229636587202549,2.6600241661071777,0.0037889480590820312,9.8593111038208,1.558847725391388e-05,-0.02635251358151436,3.3701380743877962e-06,5120,None,Driving
2025-04-11 15:29:56,da92861c,9.819209062512094e-06,0.0,1.0,0.0045283022336661816,0.2190503478050232,-0.0002551282195213389,0.0006979898517701867,-0.018991583958268166,-2.612560820125509e-05,-5.486022587319894e-07,9.8100004196167,5.063729702214914e-08,1.493887396009086e-07,1.0685185375391981e-10,5372,Red,Driving
2025-04-11 15:29:56,7c350761,21.177428451117944,0.042496226727962494,0.0,0.004302992019802332,89.92603302001953,0.000363605399755329,-0.0004689785666345092,-0.011120567098259926,2.358884811401367,-0.009036064147949219,9.817739486694336,-7.527298294007778e-05,-0.00240246276371181,0.006747640203684568,5112,None,Driving
2025-04-11 15:29:57,19a6c8fa,23.409862919466438,0.0,0.2524845600128174,-0.03960445150732994,-9.739545822143555,-0.0012286043320557383,0.0006441481622973441,-0.000802001915872097,13.461786270141602,-0.5834316611289978,9.799233436584473,-0.0002805340045597404,-0.026495862752199173,-0.10431229323148727,5348,None,Driving
2025-04-11 15:29:58,a4b74d87,20.55427830002616,0.3798430263996124,0.0,0.0,0.5998446345329285,0.0005185825370688235,-0.00020340395030213175,0.06711627542972565,-0.24896693229675293,-0.18253639340400696,9.895609855651855,0.00221292395144701,-0.0013233321951702237,0.0469694584608078,4996,None,Driving
2025-04-11 15:29:58,8aba1b13,20.280125079285508,0.4150451123714447,0.0,0.0,0.603853702545166,0.0005496197235572708,-0.00016275881953143375,-0.02943958155810833,0.019660573452711105,0.009472145698964596,9.810200691223145,-2.5367691591782204e-07,0.00011371655273251235,3.424871408697072e-08,5020,None,Driving
2025-04-11 15:29:59,f22e1763,19.988709930568923,0.5775887370109558,0.0,-0.00758430827409029,-88.90744018554688,-0.0007615879174096563,0.0009499034408121262,-0.004459533374756575,0.0010824240744113922,-0.04726254567503929,9.809883117675781,0.0008319314802065492,3.8627476897090673e-05,-0.012606911361217499,5720,None,Driving
2025-04-11 15:30:00,d7c5a57f,19.76965556970625,0.4779212176799774,0.0,-0.03042524680495262,-71.96888732910156,-0.0009722372041380822,0.0009547128872803119,0.0028757858090102673,0.4156264066696167,-0.7758709192276001,9.812235832214355,-0.00875003170222044,-0.003981236834079027,-0.12679380178451538,5164,None,Driving
2025-04-11 15:30:01,47040b8d,18.02196737328848,0.8500000238418579,0.0,-0.009005549363791943,-89.02410888671875,-0.000501448395723969,0.0009832848674741434,-0.0033364486880600452,-2.5796709060668945,-0.0425565242767334,9.785639762878418,0.00033265119418501854,0.002433117013424635,-0.01595638133585453,5648,None,Driving
2025-04-11 15:30:01,44098733,20.268173169819143,0.5833601951599121,0.0,0.00017573311924934387,-89.55300903320312,-0.0006752332896837743,0.0009822392819963503,-0.0015076064737513661,-0.47173812985420227,0.12826552987098694,9.843256950378418,0.0007017073221504688,0.005971751641482115,-0.01829283870756626,5524,None,Driving
2025-04-11 15:30:02,0b334c6e,19.611920711220563,0.6919978260993958,0.0,0.05607212334871292,90.46549224853516,-0.0007892939450186987,0.0008872242375345533,-0.0036392591428011656,0.17189356684684753,0.014432534575462341,9.826220512390137,0.001186520792543888,0.0006342492997646332,-0.00022329259081743658,5936,None,Driving
2025-04-11 15:30:03,0ebdc813,18.55101930143453,0.8500000238418579,0.0,0.0,0.3168259263038635,-0.0012362003159296364,0.0004193866242457151,-0.00391605356708169,2.6537697315216064,0.010166684165596962,9.840164184570312,2.4098683297779644e-06,-0.0263823252171278,1.7708976884023286e-05,4632,None,Driving
2025-04-11 15:30:03,4a1fe7a3,19.61505566885791,0.726382315158844,0.0,-0.000870533986017108,0.31743597984313965,-0.0012671304833844488,0.0003284825414332176,0.038997992873191833,0.2635577619075775,0.11349987238645554,9.806758880615234,-8.144878665916622e-05,-0.00039516211836598814,-0.0329526886343956,5336,None,Driving
2025-04-11 15:30:04,4beb76ed,15.62491992445607,0.8500000238418579,0.0,-0.010390239767730236,-90.11318969726562,-0.0003205709834901427,0.0009531642474365646,-0.00017158508126158267,4.599817276000977,-0.0676884651184082,9.82363224029541,0.002409234642982483,-0.05805135518312454,-0.019076857715845108,4880,None,Driving
2025-04-11 15:30:05,4069e686,1.0299924058273294e-06,0.0,1.0,0.0013194821076467633,-89.4299545288086,-0.0004544868656921608,-0.0009325051616399579,0.010660362429916859,4.67777226731414e-06,0.0,9.8100004196167,2.073720040129956e-08,-3.059678022054868e-08,-2.0462686991899737e-13,5444,Red,Driving
2025-04-11 15:30:05,e4e03dd8,3.7765642875357183e-07,0.0,1.0,-0.0040787928737699986,-89.27020263671875,-0.0005176009299816542,-0.0009645702170203829,0.04261264577507973,-3.6575860576704144e-05,0.0,9.8100004196167,-4.265134911918267e-09,1.7155326048623465e-09,1.4765437678955495e-13,5384,None,Driving
2025-04-11 15:30:06,788848d9,20.22850823691267,0.348743736743927,0.0,-0.007547252811491489,-178.8525848388672,-0.00012117365731967311,0.0007514876275089205,0.14172221720218658,-0.5510504841804504,-0.045567214488983154,9.812874794006348,0.00041458389023318887,0.002030892763286829,-0.014914738945662975,4944,None,Driving
2025-04-11 15:30:08,b9a19950,16.273662493680117,0.8500000238418579,0.0,-0.00043982735951431096,90.65542602539062,-0.0002832679087987344,-0.0010249392082315265,-0.0060414886102080345,0.8918120861053467,-0.005682826042175293,9.714768409729004,-3.6228448152542114e-06,-0.02862580306828022,-0.0008713986026123166,5556,None,Driving
2025-04-11 15:30:08,da92861c,7.347398036865377e-06,0.0,1.0,0.0045283022336661816,0.2190503478050232,-0.0002551282195213389,0.0006979898517701867,-0.018991583958268166,-2.612560820125509e-05,-5.486022587319894e-07,9.8100004196167,1.5982092804733838e-07,1.3771743567758676e-07,2.1661450411158967e-11,5384,Red,Driving
2025-04-11 15:30:09,7c350761,17.83869427011937,0.3058358430862427,0.0,0.003059801645576954,89.71900177001953,9.866088640819726e-05,-0.00047009772552672344,-0.01104480680078268,2.553851366043091,0.2225956916809082,9.812458992004395,-0.00017208047211170197,-0.0028215490747243166,-0.0627019926905632,5660,None,Driving
2025-04-11 15:30:10,19a6c8fa,19.226534818291643,0.8500000238418579,0.0,-0.038503680378198624,-54.610225677490234,-0.0010772820149469453,0.000869881678144336,-0.0008971786010079086,0.4286433458328247,-0.21583504974842072,9.79014778137207,0.0031194633338600397,-0.0020736083388328552,-0.08605029433965683,5200,None,Driving
2025-04-11 15:30:10,a4b74d87,20.12075280818236,0.5027065277099609,0.0,-0.0050760433077812195,0.2050093412399292,0.0005158002489338287,7.510713054726821e-05,0.06775451451539993,-0.0004571314493659884,0.1919090896844864,9.809967994689941,-0.0011505441507324576,-2.036235309788026e-05,-0.07604343444108963,5772,None,Driving
2025-04-11 15:30:11,8aba1b13,20.263612361424347,0.42067933082580566,0.0,-0.0003670363512355834,0.09968064725399017,0.0005471719939578179,0.00011534338400659182,-0.0294375978410244,-0.03278817608952522,-0.004332056734710932,9.809931755065918,0.00011069346510339528,-9.069782208825927e-06,-0.0008613383397459984,4852,None,Driving
2025-04-11 15:30:12,f22e1763,18.207020443897665,0.511560320854187,0.0,0.0,-89.607421875,-0.0004923184730074581,0.0009521566994482954,-0.004560813773423433,-0.30535823106765747,0.01704096794128418,9.81067180633545,2.244097413495183e-05,-0.00035788703826256096,7.870388071751222e-05,5616,None,Driving
2025-04-11 15:30:12,d7c5a57f,19.872801187882995,0.4220806360244751,0.0,-0.005936169996857643,-89.23583984375,-0.0007000932906464641,0.0009818554803002544,0.00319919572211802,0.5332691073417664,0.05996429920196533,9.682049751281738,-0.0007190462201833725,-0.006668301299214363,0.02140694670379162,5352,None,Driving
2025-04-11 15:30:13,47040b8d,1.3734667677363742e-07,0.0,1.0,-0.00925731472671032,-89.09640502929688,-0.000460961566034257,0.0009836794293249334,-0.003609046805649996,-1.5675366739742458e-05,0.0,9.8100004196167,5.5093778428272344e-09,6.107737871019481e-09,-4.96551042471205e-13,5672,Red,Driving
2025-04-11 15:30:14,44098733,0.005766536935225383,0.0,1.0,0.004158664960414171,-89.81352996826172,-0.0005398491261559002,0.000983282194569474,0.0010112380841746926,-0.007337797433137894,-7.322244346141815e-05,9.767970085144043,-7.962808012962341e-07,-0.0066941166296601295,-4.6677996579091996e-07,5580,None,Driving
2025-04-11 15:30:14,0b334c6e,19.734684358008938,0.8089661002159119,0.0,0.10797586292028427,122.49808502197266,-0.001045379115794276,0.0008168946328054785,-0.003448829520493746,-0.025729656219482422,1.5755043029785156,9.807250022888184,0.004163370933383703,2.2161751985549927e-05,0.1446908563375473,5464,None,Driving
2025-04-11 15:30:15,0ebdc813,17.532181015724348,0.8500000238418579,0.0,-0.04583773761987686,-17.053356170654297,-0.001216961159329344,0.0006887838883372044,-0.0036453246138989925,0.1546972095966339,-0.378121018409729,9.770193099975586,0.009283272549510002,-0.012715752236545086,-0.08912447094917297,5380,None,Driving
2025-04-11 15:30:16,4a1fe7a3,16.849029275561985,0.8500000238418579,0.0,-0.03019791655242443,-3.3078925609588623,-0.0012661964745461773,0.0005975227671433118,0.038993071764707565,1.1754791736602783,-0.20550967752933502,9.812838554382324,0.0015278251376003027,-0.006334961857646704,-0.06366973370313644,4716,None,Driving
2025-04-11 15:30:16,4beb76ed,18.375004121828297,0.8500000238418579,0.0,-0.15703590214252472,-168.67333984375,-0.00012612344842466428,0.0008339226118769314,0.00040264124982059,0.9713077545166016,-0.9847034811973572,9.856557846069336,0.04240858927369118,-0.007024261634796858,-0.3081643283367157,5124,None,Driving
2025-04-11 15:30:17,4069e686,19.833324826805413,0.8068282008171082,0.0,0.1383325308561325,-74.53221130371094,-0.00033624931705844574,-0.0009230518517210451,0.011127586476504803,1.0431255102157593,1.6855409145355225,9.76651668548584,-3.175996243953705e-05,-0.008578157983720303,0.45299848914146423,5476,None,Driving
2025-04-11 15:30:18,e4e03dd8,16.341121763094613,0.14943304657936096,0.0,0.0006155604496598244,-89.41020965576172,-0.00045423023256319084,-0.0009639250874908558,0.04261051118373871,-2.6923699378967285,0.017731666564941406,9.81054401397705,2.7698231860995293e-05,0.0020649738144129515,0.001053336658515036,5464,Green,Driving
2025-04-11 15:30:18,788848d9,19.776470164607726,0.7499321103096008,0.0,0.005072316154837608,179.92214965820312,-0.00011975648668283156,0.00047884360667651074,0.14191199839115143,-1.5522985458374023,-0.10104479640722275,9.801258087158203,0.0006334594218060374,-0.002554641803726554,0.015743868425488472,5392,None,Driving
2025-04-11 15:30:20,b9a19950,20.063592502474304,0.41281408071517944,0.0,-0.0013242412824183702,90.69340515136719,-0.0005563219977346989,-0.0010279943382684679,-0.007640876807272434,-0.18802446126937866,0.1622568964958191,9.812362670898438,-0.0006216600886546075,0.0008387502748519182,-0.044715557247400284,5008,None,Driving
2025-04-11 15:30:21,da92861c,20.695503305398983,0.5797534584999084,0.0,0.14634926617145538,25.733417510986328,-0.0002787195502804707,0.0008631314287422136,-0.019964102655649185,4.064553260803223,2.084672689437866,9.789752006530762,0.009819213300943375,-0.003048959420993924,0.3662828803062439,5040,None,Driving
2025-04-11 15:30:22,7c350761,4.806920490326645e-07,0.0,1.0,-0.0023685432970523834,89.99590301513672,8.331564649211032e-05,-0.0004700492020265741,-0.011119689792394638,-2.090049019898288e-05,0.0,9.8100004196167,2.1733367105980506e-08,-3.604533205248117e-08,1.2072715873875928e-12,5648,Red,Driving
2025-04-11 15:30:22,19a6c8fa,20.3726426223685,0.4280400276184082,0.0,-0.012791476212441921,-87.94000244140625,-0.0008090445859068041,0.0009486571818760888,-0.0010087203700095415,0.7726991772651672,-0.14671051502227783,9.808584213256836,0.0008027947624213994,-0.0015580074395984411,-0.09551969915628433,5192,None,Driving
2025-04-11 15:30:23,a4b74d87,20.12131565779534,0.5021687150001526,0.0,-0.0002485241857357323,-0.049407947808504105,0.0005157496008081353,0.0003562811612094156,0.06775379180908203,0.0023970480542629957,0.25504910945892334,9.809935569763184,-2.2914635337656364e-05,2.1989421838952694e-06,-0.07146681845188141,5828,None,Driving
2025-04-11 15:30:24,8aba1b13,20.264129633304123,0.42068231105804443,0.0,0.0,-0.02484130859375,0.0005472015329814894,0.00039850866867830793,-0.029437674209475517,-0.031535837799310684,0.0024961221497505903,9.80994987487793,-9.954943607226596e-07,9.204501338899718e-08,1.9153712571551296e-07,5276,None,Driving
2025-04-11 15:30:25,f22e1763,18.978191127440354,0.8500000238418579,0.0,-0.14532437920570374,-96.17488861083984,-0.0002909052712709581,0.0009496322437922241,-0.004769935272634029,-0.7898160815238953,-0.8780915141105652,9.820632934570312,-0.005706273019313812,0.001790342852473259,-0.22237126529216766,4988,None,Driving
2025-04-11 15:30:25,d7c5a57f,0.0,0.0,1.0,0.0,-89.50728607177734,-0.000631380861790376,0.0009825289152048686,0.002853660611435771,0.06557486206293106,-2.2348016500473022e-05,9.809781074523926,0.0,0.0,0.0,5188,None,Driving
2025-04-11 15:30:26,47040b8d,2.746590203691211e-07,0.0,1.0,-0.00925731472671032,-89.09640502929688,-0.000460961566034257,0.0009836794293249334,-0.003609046805649996,-1.5675366739742458e-05,0.0,9.8100004196167,1.044018649309919e-09,-1.7052823597651923e-09,-5.80581698168825e-13,5692,Red,Driving
2025-04-11 15:30:26,44098733,2.8152543072229763e-06,0.0,1.0,0.004172570537775755,-89.81353759765625,-0.0005398369952871462,0.0009832822631054912,-0.0014793777372688055,7.01665840097121e-06,2.2737367544323206e-13,9.8100004196167,-9.026815739332505e-09,2.730565995534562e-09,-5.409895188074332e-12,5376,None,Driving
2025-04-11 15:30:27,0b334c6e,19.78892422375769,0.7884540557861328,0.0,0.07613398134708405,175.28677368164062,-0.0011724978699163557,0.0005906385298276415,-0.0034551620483398438,0.16012008488178253,0.41075342893600464,9.808774948120117,-0.005726424977183342,-0.00031980860512703657,0.12460643798112869,5728,None,Driving
2025-04-11 15:30:28,0ebdc813,18.035850011650105,0.8500000238418579,0.0,-0.052249014377593994,-59.832359313964844,-0.001042595251320222,0.0008911464852606029,-0.003781394800171256,0.6379289627075195,-0.552442193031311,9.781460762023926,0.00589766027405858,-0.013535577803850174,-0.1045927032828331,4816,None,Driving
2025-04-11 15:30:29,4a1fe7a3,19.94035598435772,0.7535431385040283,0.0,-0.07583453506231308,-42.689048767089844,-0.0011622451558963576,0.0008384539391874818,0.0389825813472271,0.23705609142780304,-1.1366517543792725,9.801335334777832,-0.0005930040497332811,-0.001325584715232253,-0.1348494440317154,4792,None,Driving
2025-04-11 15:30:29,4beb76ed,20.376699444583927,0.2981131970882416,0.0,0.0032459241338074207,-179.90724182128906,-0.00012003547969641204,0.0005589623135405737,0.0014062118716537952,-0.5706055760383606,0.022392459213733673,9.813323974609375,-0.00022020578035153449,0.012779295444488525,0.015854516997933388,5520,None,Driving
2025-04-11 15:30:30,4069e686,0.010420856710010036,0.0,1.0,0.03723369538784027,-2.747040033340454,-0.00025281980653346636,-0.0007924624336561624,0.012151679955422878,-0.03996485471725464,-0.002266057301312685,9.802724838256836,0.0014259044546633959,-0.046911582350730896,1.8814311260939576e-05,5436,None,Driving
2025-04-11 15:30:31,e4e03dd8,19.055761893956415,0.8500000238418579,0.0,0.11684870719909668,-25.303691864013672,-0.0002297525878276474,-0.0008872329416087327,0.04283584654331207,1.461021900177002,0.9873195290565491,9.801234245300293,-0.0009928364306688309,-0.0012911270605400205,0.2762831449508667,5564,None,Driving
2025-04-11 15:30:31,788848d9,20.265266919328198,0.4601970613002777,0.0,0.00017573311924934387,-179.84835815429688,-0.0001189885149130987,0.00020149378296786547,0.14171630144119263,0.08640772104263306,0.005994347855448723,9.808548927307129,0.00011676972644636407,-0.0007256712997332215,-4.5066160964779556e-05,5640,None,Driving
2025-04-11 15:30:33,b9a19950,20.23092841306257,0.4782097637653351,0.0,-0.005498896818608046,79.82122039794922,-0.0008185985752504621,-0.001014441272339061,-0.0074200439266860485,-0.04668235778808594,-0.2200208306312561,9.82996654510498,0.0012354960199445486,0.004128620028495789,0.02870117500424385,5616,None,Driving
2025-04-11 15:30:34,da92861c,21.850328784046102,0.0,0.3143727481365204,0.0021319992374628782,90.20109558105469,-0.0004918903285044962,0.0009205811968384443,-0.020051192492246628,2.515866279602051,0.024935007095336914,9.848555564880371,-0.0003083585761487484,0.007738088723272085,0.006381719373166561,5604,None,Driving
2025-04-11 15:30:34,7c350761,1.0299951810780729e-07,0.0,1.0,-0.0023685432970523834,89.99590301513672,8.331564649211032e-05,-0.0004700492020265741,-0.011119689792394638,-2.090049019898288e-05,0.0,9.8100004196167,3.345450849678855e-08,4.894719296544281e-09,1.3914539008855198e-12,5140,Red,Driving
2025-04-11 15:30:35,19a6c8fa,13.004434334063005,0.8500000238418579,0.0,-0.008657866157591343,-89.24903869628906,-0.0005566157088452428,0.0009517210159872094,-0.0013798903673887253,6.410261154174805,-0.02870464324951172,9.807974815368652,-0.000709284096956253,-0.03366898372769356,-0.012810155749320984,5560,None,Driving
2025-04-11 15:30:35,a4b74d87,20.08032329622558,0.5173633694648743,0.0,0.06971920281648636,4.443949222564697,0.0005128060474106633,0.0006122446463093651,0.06777839362621307,-0.10243549197912216,1.4459384679794312,9.809006690979004,0.009742634370923042,0.00041683739982545376,0.029832014814019203,5480,None,Driving
2025-04-11 15:30:36,8aba1b13,20.267492240778875,0.42073819041252136,0.0,0.0667160302400589,11.635092735290527,0.0005370222210387965,0.0006582597967666047,-0.0294306930154562,-0.0152721693739295,0.7333411574363708,9.817131996154785,-0.012537212111055851,-0.0020176349207758904,0.16946563124656677,5260,None,Driving
2025-04-11 15:30:37,f22e1763,11.390443322332287,0.8500000238418579,0.0,-0.14687268435955048,-121.51038360595703,-0.00021147218159001113,0.0009165852728939478,-0.0041083525866270065,2.326035499572754,-0.37869882583618164,9.806970596313477,0.0001548475120216608,-0.0017956742085516453,-0.14041714370250702,5100,None,Driving
2025-04-11 15:30:37,d7c5a57f,0.0,0.0,1.0,0.0,-89.50728607177734,-0.000631380861790376,0.0009825289152048686,0.002853660611435771,0.06557486206293106,-2.2348016500473022e-05,9.809781074523926,0.0,0.0,0.0,5368,None,Driving
2025-04-11 15:30:38,47040b8d,6.523136680349484e-07,0.0,1.0,-0.00925731472671032,-89.09640502929688,-0.000460961566034257,0.0009836794293249334,-0.003609046805649996,-1.5675366739742458e-05,0.0,9.8100004196167,-1.573407404364957e-09,-3.3487934647524753e-10,-2.6186084550738897e-13,6000,Red,Driving
2025-04-11 15:30:39,44098733,2.758879220961676e-07,0.0,1.0,0.004172570537775755,-89.81353759765625,-0.0005398369952871462,0.0009832822631054912,-0.0014793777372688055,7.01665840097121e-06,2.2737367544323206e-13,9.8100004196167,1.2369906698950217e-07,1.6039301442560827e-08,3.3154315404182455e-10,5648,None,Driving
2025-04-11 15:30:40,0b334c6e,19.784053418867067,0.7893459796905518,0.0,0.0,-179.6745147705078,-0.001172818618485394,0.0003300654492855449,-0.0034610365983098745,0.17252761125564575,-0.001006595091894269,9.808687210083008,2.9343551432248205e-05,-0.0003536644217092544,0.0006331211188808084,5664,None,Driving
2025-04-11 15:30:40,0ebdc813,22.39871097183145,0.0,0.3974093496799469,-0.004295991268008947,-88.21674346923828,-0.0007890979320137603,0.0009491893640493362,-0.005186347756534815,5.701430797576904,-0.04569816589355469,9.798856735229492,0.0009715575724840164,-0.023073017597198486,-0.010678136721253395,5328,None,Driving
2025-04-11 15:30:41,4a1fe7a3,19.59331316550094,0.5986418724060059,0.0,-0.019374387338757515,-76.19329833984375,-0.0009328760785365375,0.000966431038422294,0.03901996463537216,-1.0257824659347534,-0.05394315719604492,9.810697555541992,0.0008715204894542694,0.0019947891123592854,-0.09226253628730774,5344,None,Driving
2025-04-11 15:30:42,4beb76ed,20.115928335158394,0.3396058678627014,0.0,0.014969570562243462,179.60455322265625,-0.00011937875900969175,0.0002879174435965582,0.0015785598661750555,-0.20813438296318054,0.11273419857025146,9.817060470581055,0.0006643920787610114,0.0013064846862107515,-0.04509509727358818,5564,None,Driving
2025-04-11 15:30:43,4069e686,1.1693938903595998e-06,0.0,1.0,0.037236288189888,-2.746795654296875,-0.00025281927537434967,-0.0007924431750353405,0.0106603242456913,7.016657946223859e-06,1.4210854715202004e-14,9.8100004196167,2.687447420157696e-07,7.603468077377329e-08,-7.105444010946371e-11,5388,None,Driving
2025-04-11 15:30:43,e4e03dd8,6.774670413362297,0.0,1.0,0.0019323267042636871,-0.1322936862707138,-0.00021997551377239688,-0.0007392377739458112,0.04267700016498566,-4.6012983322143555,-0.031190261244773865,9.80637264251709,-2.6072546461364254e-05,0.0008966464665718377,0.022230766713619232,5296,None,Driving
2025-04-11 15:30:44,788848d9,20.12227172047893,0.32191112637519836,0.0,0.0,-179.8362274169922,-0.0001182015415395199,-8.36212999900397e-05,0.14172840118408203,-0.25961604714393616,0.00010784901678562164,9.813197135925293,-3.512700459396001e-07,0.0012342469999566674,-2.5758406536624534e-06,5432,None,Driving
2025-04-11 15:30:46,b9a19950,20.19291300031164,0.46125203371047974,0.0,-0.009689691476523876,54.59238815307617,-0.0010795870182818135,-0.0009032470673783376,-0.007388000376522541,-0.22965605556964874,-0.2527480125427246,9.831265449523926,0.0020871502347290516,0.005848356522619724,0.01661081798374653,5140,None,Driving
2025-04-11 15:30:47,da92861c,16.175589194665545,0.8500000238418579,0.0,0.0003670363512355834,90.40144348144531,-0.0007514437644289274,0.0009189397592274624,-0.017656097188591957,-3.4471964836120605,0.006632328033447266,9.782001495361328,-1.9093567971140146e-05,-0.00030615890864282846,0.0010713556548580527,4972,None,Driving
2025-04-11 15:30:47,7c350761,3.4337841009782104e-08,0.0,1.0,-0.0023685432970523834,89.99590301513672,8.331564649211032e-05,-0.0004700492020265741,-0.011119689792394638,-2.090049019898288e-05,0.0,9.8100004196167,1.7516432748720945e-11,-2.2246449127294454e-09,-2.9548946297620893e-13,5672,Red,Driving
2025-04-11 15:30:48,19a6c8fa,6.540349092894767e-07,0.0,1.0,0.0008796547190286219,-89.67719268798828,-0.0005111064227207862,0.0009520484810771998,-0.0011926268925890326,-6.270146695896983e-05,-3.995228325948119e-08,9.8100004196167,1.4352559674080112e-07,-1.6652705880915164e-08,-1.6524333984468953e-12,5664,None,Driving
2025-04-11 15:30:50,a4b74d87,20.109539219063105,0.5125141143798828,0.0,0.0863543227314949,62.4841194152832,0.00034424884096040387,0.000860274916083002,0.06777946650981903,0.013601809740066528,0.6628579497337341,9.805135726928711,-0.00330268288962543,0.00033216155134141445,0.2553858757019043,4908,None,Driving
2025-04-11 15:30:50,8aba1b13,20.248648684228804,0.4174630343914032,0.0,0.12209452688694,65.15514373779297,0.00034439190990553925,0.0008941106680027727,-0.02943088486790657,-0.10480213165283203,1.9715561866760254,9.82972526550293,-0.07087166607379913,-0.0026875361800193787,0.3099788725376129,4888,None,Driving
2025-04-11 15:30:51,f22e1763,19.99377142364982,0.5748411417007446,0.0,0.00043982735951431096,-179.90391540527344,-0.00015159322289548527,0.0006337217780067936,-0.004457435570657253,-0.010509943589568138,0.0015018944395706058,9.80986213684082,-5.8510646340437233e-05,-1.3158917226974154e-06,0.0007006236701272428,5212,None,Driving
2025-04-11 15:30:52,d7c5a57f,0.0,0.0,1.0,0.0,-89.50728607177734,-0.000631380861790376,0.0009825289152048686,0.002853660611435771,0.06557486206293106,-2.2348016500473022e-05,9.809781074523926,0.0,0.0,0.0,5480,None,Driving
2025-04-11 15:30:52,47040b8d,4.806520682123074e-07,0.0,1.0,-0.00925731472671032,-89.09640502929688,-0.000460961566034257,0.0009836794293249334,-0.003609046805649996,-1.5675366739742458e-05,0.0,9.8100004196167,-3.5860467928472417e-09,-1.008882755115792e-09,3.030032279770223e-13,5548,Red,Driving
2025-04-11 15:30:53,44098733,4.291578568260834e-06,0.0,1.0,0.004172570537775755,-89.81353759765625,-0.0005398369952871462,0.0009832822631054912,-0.0014793777372688055,7.01665840097121e-06,2.2737367544323206e-13,9.8100004196167,-2.2033246338537538e-08,1.859837439610601e-08,-1.336293055376192e-11,5512,None,Driving
2025-04-11 15:30:54,0b334c6e,19.625169036351902,0.6926537752151489,0.0,-0.0031285895965993404,-179.36859130859375,-0.0011700622369517077,2.7701986133752952e-05,-0.003459358122199774,-0.1711297184228897,-0.02410656027495861,9.811431884765625,1.7748800019035116e-05,0.000348271889379248,-0.0026189140044152737,5948,None,Driving
2025-04-11 15:30:54,0ebdc813,4.0429891475667316e-05,0.0,1.0,0.002409034175798297,-89.68688201904297,-0.0006241027479916283,0.0009512144662843798,-0.0044970703311264515,-0.0026671714149415493,1.3662036508321762e-05,9.81030559539795,7.191556505858898e-08,-5.948814214207232e-05,-8.44873448979655e-10,5452,None,Driving
2025-04-11 15:30:55,4a1fe7a3,0.0,0.0,1.0,-0.0380280427634716,-86.2881088256836,-0.0008330202666400055,0.0009787956212781292,0.038797490298748016,-5.22512254974572e-06,-2.2737367544323206e-13,9.8100004196167,0.0,0.0,0.0,5228,None,Driving
2025-04-11 15:30:56,4beb76ed,19.970365012081896,0.29669392108917236,0.0,0.01927562803030014,178.7698516845703,-0.00014930872896457004,-2.368808219350463e-05,0.0016548156272619963,-1.0635014772415161,0.08084900677204132,9.826918601989746,-0.001656417385675013,0.017529921606183052,-0.016733422875404358,5572,None,Driving
2025-04-11 15:30:56,4069e686,15.626157218131796,0.5778599381446838,0.0,0.004919322207570076,-0.539306640625,-0.0002518186837932035,-0.0007356379881804995,0.009924774058163166,-1.8646374940872192,0.02854374796152115,9.881826400756836,-0.0008442839607596397,0.018054751679301262,0.01246560737490654,5140,None,Driving
2025-04-11 15:30:57,e4e03dd8,15.626166584555811,0.0,0.699999988079071,-0.0002485241857357323,0.11045002937316895,-0.000220070658883742,-0.0006120212874294406,0.042603377252817154,0.35797804594039917,-0.016308903694152832,9.812468528747559,-3.380705675226636e-05,0.00012861922732554376,0.000846036069560796,5332,Green,Driving
2025-04-11 15:30:57,788848d9,0.0,0.0,1.0,0.0,-179.843017578125,-0.00011786042064443336,-0.00020601882209884145,0.14165401458740234,-0.0030880470294505358,-8.303950380650349e-06,9.809999465942383,0.0,0.0,0.0,5132,Red,Driving
2025-04-11 15:30:59,b9a19950,18.889591530202257,0.6273715496063232,0.0,-0.010065993294119835,16.093141555786133,-0.0012444872798766937,-0.000663004408162557,-0.007013969123363495,0.04208642616868019,0.10578116774559021,9.774066925048828,0.0005810043076053262,-0.009768469259142876,-0.0705118477344513,5452,None,Driving
2025-04-11 15:31:00,da92861c,16.819219132083955,0.8500000238418579,0.0,0.07145600020885468,114.24803161621094,-0.0010041748510474235,0.0008756512456769161,-0.019491538405418396,1.630549430847168,1.320816993713379,9.80988597869873,0.010720886290073395,-0.002589808776974678,0.14234419167041779,5200,None,Driving
2025-04-11 15:31:01,7c350761,6.871461403699342e-08,0.0,1.0,-0.0023685432970523834,89.99590301513672,8.331564649211032e-05,-0.0004700492020265741,-0.011119689792394638,-2.090049019898288e-05,0.0,9.8100004196167,5.5974830104332796e-08,1.7800914520194056e-08,8.616959684855374e-14,5388,Red,Driving
2025-04-11 15:31:01,19a6c8fa,8.241605016132377e-07,0.0,1.0,0.0008796547190286219,-89.67719268798828,-0.0005111064227207862,0.0009520484810771998,-0.0011926268925890326,-6.270146695896983e-05,-3.995228325948119e-08,9.8100004196167,2.5887217702802445e-08,3.76366955379126e-08,1.014393105104594e-12,5308,None,Driving
2025-04-11 15:31:02,a4b74d87,15.936966846366015,0.794446587562561,0.0,-0.002802550094202161,90.25968933105469,9.217504040748281e-05,0.0008930198487536542,0.06803642213344574,0.784562349319458,-0.013717472553253174,9.739965438842773,-4.009809345006943e-05,-0.008694013580679893,-0.005827968940138817,5156,Green,Driving
2025-04-11 15:31:03,8aba1b13,16.134870693260567,0.31903520226478577,0.0,0.0006220098002813756,90.1365737915039,8.375676998184645e-05,0.0009244583478652025,-0.029570234939455986,-0.266997754573822,0.009852617979049683,9.809693336486816,8.82490276126191e-05,0.00015200329653453082,0.0013662668643519282,5264,Green,Driving
2025-04-11 15:31:03,f22e1763,19.991481126845976,0.5765368342399597,0.0,0.0,-179.83570861816406,-0.000150876353288254,0.00035935256855043233,-0.004458846990019083,0.0007065819809213281,-1.6069368939497508e-05,9.8100004196167,4.403048023959855e-06,-8.407091911522002e-08,-1.4068153308954834e-09,5412,None,Driving
2025-04-11 15:31:04,d7c5a57f,0.0,0.0,1.0,0.0,-89.50728607177734,-0.000631380861790376,0.0009825289152048686,0.002853660611435771,0.06557486206293106,-2.2348016500473022e-05,9.809781074523926,0.0,0.0,0.0,5476,None,Driving
2025-04-11 15:31:05,47040b8d,7.553104538968491e-07,0.0,1.0,-0.00925731472671032,-89.09640502929688,-0.000460961566034257,0.0009836794293249334,-0.003609046805649996,-1.5675366739742458e-05,0.0,9.8100004196167,5.252611234851656e-09,2.364637152751925e-09,-5.738258718017419e-13,5944,Red,Driving
2025-04-11 15:31:05,44098733,1.3744649862398461e-07,0.0,1.0,0.004172570537775755,-89.81353759765625,-0.0005398369952871462,0.0009832822631054912,-0.0014793777372688055,7.01665840097121e-06,2.2737367544323206e-13,9.8100004196167,-8.279170238267852e-09,4.108713369532779e-12,-7.001952836982461e-12,5528,None,Driving
2025-04-11 15:31:06,0b334c6e,15.852721585127535,0.08366183191537857,0.0,0.00017573311924934387,-179.6527557373047,-0.0011683134719362442,-0.00022538468465365188,-0.0035082625690847635,-0.35571035742759705,-0.012913307175040245,9.810359954833984,-4.7992369218263775e-05,2.305218185938429e-05,-0.000739842071197927,5848,Green,Driving
2025-04-11 15:31:06,0ebdc813,1.1683490378751348e-06,0.0,1.0,0.002409034175798297,-89.68688201904297,-0.0006241026109137238,0.0009512144662843798,-0.004500389099121094,-1.5675364920753054e-05,-2.2197127691470087e-08,9.8100004196167,-9.144255130877355e-08,-1.641704017174561e-08,-2.8027491352083933e-12,5524,None,Driving
2025-04-11 15:31:07,4a1fe7a3,1.373924903225801e-07,0.0,1.0,-0.0380280427634716,-86.2881088256836,-0.0008330202666400055,0.0009787956212781292,0.038797490298748016,-5.22512254974572e-06,-2.2737367544323206e-13,9.8100004196167,-1.2719750941414532e-07,-2.6170191347318905e-08,1.736667754048682e-11,4976,None,Driving
2025-04-11 15:31:08,4beb76ed,5.836486061414558e-07,0.0,1.0,0.010324266739189625,179.73751831054688,-0.00014951521085038166,-0.00014719279937602505,0.001401023822836578,1.1694429531416972e-06,0.0,9.8100004196167,2.089681174766156e-07,-6.165225272525277e-07,-2.2053268933230896e-10,5420,None,Driving
2025-04-11 15:31:08,4069e686,11.900102201174771,0.07721291482448578,0.0,0.1755833923816681,12.75117015838623,-0.0002584159436622713,-0.0005342491509889103,0.010633887723088264,0.7109065055847168,1.705937147140503,9.800291061401367,0.004961163736879826,-0.003261177334934473,0.282978355884552,5424,None,Driving
2025-04-11 15:31:09,e4e03dd8,22.213812352254894,0.4263121485710144,0.0,0.0,0.16748160123825073,-0.0002207292214819745,-0.00036237428727900803,0.04270046204328537,1.4726495742797852,-0.044253502041101456,9.804220199584961,-0.00048155453987419605,-0.0020959058310836554,-0.03747784346342087,5256,None,Driving
2025-04-11 15:31:10,788848d9,0.0,0.0,1.0,0.0,-179.843017578125,-0.00011786042064443336,-0.00020601882209884145,0.14165401458740234,-0.0030880470294505358,-8.303950380650349e-06,9.809999465942383,0.0,0.0,0.0,5376,Red,Driving
2025-04-11 15:31:11,b9a19950,20.12490668023739,0.8500000238418579,0.0,-0.0022828560322523117,0.5873438119888306,-0.0012611707283980422,-0.00042761810831870806,-0.007638206239789724,2.1555111408233643,-0.1961035579442978,9.776714324951172,0.0006666451808996499,-0.027426281943917274,0.029727211222052574,5708,None,Driving
2025-04-11 15:31:12,da92861c,19.026547975659305,0.8500000238418579,0.0,0.063791424036026,154.12222290039062,-0.0011745950720438714,0.0007107550961823392,-0.019660834223031998,4.951357841491699,0.6367909908294678,9.83195972442627,-0.004373278468847275,-0.015051115304231644,0.16540829837322235,5084,None,Driving
2025-04-11 15:31:13,7c350761,6.891993459081489e-08,0.0,1.0,-0.0023685432970523834,89.99590301513672,8.331564649211032e-05,-0.0004700492020265741,-0.011119689792394638,-2.090049019898288e-05,0.0,9.8100004196167,-9.308150694664619e-09,-1.6465037333546206e-08,-7.607047722854934e-14,5308,Red,Driving
2025-04-11 15:31:13,19a6c8fa,9.963516882730483e-07,0.0,1.0,0.0008796547190286219,-89.67719268798828,-0.0005111064227207862,0.0009520484810771998,-0.0011926268925890326,-6.270146695896983e-05,-3.995228325948119e-08,9.8100004196167,1.2624329315258365e-07,-1.3100020623824093e-08,1.0461356173691039e-12,5412,None,Driving
2025-04-11 15:31:14,a4b74d87,20.45421542883641,0.5498862862586975,0.0,0.0006155604496598244,90.37723541259766,-0.00016007517184846165,0.0008915194582659876,0.06755542755126953,0.8447027802467346,-0.15053564310073853,9.800705909729004,0.00014259712770581245,-0.007518352475017309,0.042752623558044434,5212,None,Driving
2025-04-11 15:31:15,8aba1b13,20.724405436719135,0.14702802896499634,0.0,0.0006155604496598244,90.39491271972656,-0.00016065825914779452,0.0009229745430936885,-0.029490012675523758,0.5763356685638428,-0.0016647577285766602,9.816248893737793,4.394678398966789e-08,-0.0008820801158435643,-1.4191982700140215e-08,5320,None,Driving
2025-04-11 15:31:15,f22e1763,19.981341564135644,0.6007695198059082,0.0,-0.0994541272521019,-170.45553588867188,-0.00012602192943234058,9.218394153094762e-05,-0.004469528328627348,0.011580556631088257,-1.1400630474090576,9.81032657623291,-0.01642124354839325,0.00031976262107491493,-0.17473715543746948,5768,None,Driving
2025-04-11 15:31:16,d7c5a57f,0.0,0.0,1.0,0.0,-89.50728607177734,-0.000631380861790376,0.0009825289152048686,0.002853660611435771,0.06557486206293106,-2.2348016500473022e-05,9.809781074523926,0.0,0.0,0.0,5296,None,Driving
2025-04-11 15:31:17,47040b8d,5.83651613556011e-07,0.0,1.0,-0.00925731472671032,-89.09640502929688,-0.000460961566034257,0.0009836794293249334,-0.003609046805649996,-1.5675366739742458e-05,0.0,9.8100004196167,-1.1375362873877748e-09,-5.1016635360667806e-09,2.747986842417671e-13,5884,Red,Driving
2025-04-11 15:31:17,44098733,0.0,0.0,1.0,0.004172570537775755,-89.81353759765625,-0.0005398369952871462,0.0009832822631054912,-0.0014793777372688055,7.01665840097121e-06,2.2737367544323206e-13,9.8100004196167,0.0,0.0,0.0,5444,None,Driving
2025-04-11 15:31:18,0b334c6e,19.789021948127736,0.571710467338562,0.0,0.0006155604496598244,-179.6488800048828,-0.0011667383771936102,-0.00048296296398791236,-0.0034874342381954193,-0.4644279181957245,0.012865033932030201,9.815120697021484,7.535843906225637e-05,0.000570808129850775,0.002737525850534439,5660,None,Driving
2025-04-11 15:31:19,0ebdc813,4.806602439332035e-07,0.0,1.0,0.002409034175798297,-89.68688201904297,-0.0006241026109137238,0.0009512144662843798,-0.004500389099121094,-1.5675364920753054e-05,-2.2197127691470087e-08,9.8100004196167,-3.355207223165735e-09,-1.4540051385125707e-09,-8.421900872003507e-13,5236,None,Driving
2025-04-11 15:31:20,4a1fe7a3,7.553411793999952e-07,0.0,1.0,-0.0380280427634716,-86.2881088256836,-0.0008330202666400055,0.0009787956212781292,0.038797490298748016,-5.22512254974572e-06,-2.2737367544323206e-13,9.8100004196167,1.166643386341093e-07,5.5613277538668626e-08,-2.6863103755325746e-11,5112,None,Driving
2025-04-11 15:31:21,4beb76ed,1.6708854581840274e-06,0.8500000238418579,0.0,0.010324266739189625,179.73751831054688,-0.00014951521085038166,-0.00014719279937602505,0.001401023822836578,1.1694429531416972e-06,0.0,9.8100004196167,3.470530884897016e-07,8.000596629642587e-09,-7.513975552875252e-11,5712,None,Driving
2025-04-11 15:31:22,4069e686,20.03642502655302,0.6047969460487366,0.0,0.0006012359517626464,89.7187271118164,-0.0004900304666222155,-0.00046860693008145916,0.010952300392091274,-0.339921772480011,0.015115797519683838,9.800570487976074,-0.00028795190155506134,0.0022904304787516594,0.003137735417112708,5432,None,Driving
2025-04-11 15:31:22,e4e03dd8,19.10568605095994,0.8457038402557373,0.0,-0.0002485241857357323,0.13630424439907074,-0.00022155113967414763,-6.97788278776717e-05,0.042792852967977524,2.0080220699310303,-0.05897916853427887,9.808927536010742,6.877254782011732e-05,-0.0008002823451533914,0.058952417224645615,5824,None,Driving
2025-04-11 15:31:23,788848d9,16.970459430927654,0.8500000238418579,0.0,0.0790073424577713,-177.28968811035156,-0.00011601947468875551,-0.00026434902100551383,0.14138248562812805,3.302110195159912,1.5917366743087769,9.796564102172852,0.021725689992308617,-0.005736918654292822,0.12159393727779388,5256,None,Driving
2025-04-11 15:31:25,b9a19950,19.694697994213723,0.6077835559844971,0.0,-0.00034333457006141543,0.3871946930885315,-0.0012631823975794987,-0.0001377841235382877,-0.006776733323931694,-1.2428948879241943,-0.16610711812973022,9.793782234191895,0.0005498979007825255,0.01028031762689352,0.04672349989414215,5860,None,Driving
2025-04-11 15:31:25,da92861c,17.17046791208685,0.8500000238418579,0.0,0.00043982735951431096,-179.97032165527344,-0.0012046829318705932,0.0004478465823194985,-0.01770763285458088,-4.425188064575195,0.022310666739940643,9.665243148803711,7.978993380675092e-05,0.008119785226881504,0.001199077581986785,5496,None,Driving
2025-04-11 15:31:26,7c350761,0.0,0.0,1.0,-0.0023685432970523834,89.99590301513672,8.331564649211032e-05,-0.0004700492020265741,-0.011119689792394638,-2.090049019898288e-05,0.0,9.8100004196167,0.0,0.0,0.0,5560,Red,Driving
2025-04-11 15:31:27,19a6c8fa,16.113629642278617,0.23239539563655853,0.0,-0.0009806097950786352,-89.57560729980469,-0.0004246241809653384,0.0009526300777188195,-0.001220283447764814,-3.0717098712921143,-0.0023784637451171875,9.81160831451416,4.9466267228126526e-05,0.010012478567659855,-0.0019485866650938988,5292,Green,Driving
2025-04-11 15:31:27,a4b74d87,19.95073292499387,0.40307387709617615,0.0,0.0037090699188411236,90.62236785888672,-0.0004534927849988435,0.0008894386362489928,0.06775397807359695,-0.36666053533554077,0.1853354424238205,9.83198356628418,-0.0005023358389735222,0.006329708732664585,-0.03395169973373413,5312,None,Driving
2025-04-11 15:31:28,8aba1b13,20.261423645061697,0.4605422616004944,0.0,-0.0002485241857357323,90.39512634277344,-0.00045851791433904054,0.0009209355280471614,-0.029444389045238495,0.33529525995254517,-0.012897878885269165,9.811102867126465,0.0002673006383702159,0.0012902708258479834,-0.0007324088364839554,5280,None,Driving
2025-04-11 15:31:29,f22e1763,16.549635467632868,0.5080610513687134,0.0,-0.00043982735951431096,-179.81199645996094,-0.00011791967001784087,-0.00018851746475686445,-0.004699935670942068,-0.3733367621898651,-0.002630960661917925,9.809852600097656,2.6678966605686583e-05,1.7569787814863957e-05,-0.0005997135885991156,5372,Green,Driving
2025-04-11 15:31:29,d7c5a57f,14.068895817296607,0.8500000238418579,0.0,-0.00026409426936879754,-89.52389526367188,-0.0006031485461051034,0.000982759538902612,0.004307555966079235,2.131742477416992,-0.19016051292419434,9.789772987365723,0.001917938468977809,-0.003768793074414134,0.0020878752693533897,5604,None,Driving
2025-04-11 15:31:30,47040b8d,20.54821083128501,0.20984992384910583,0.0,-0.0002485241857357323,-89.6328125,-0.00025285052778656336,0.0009852196392385701,-0.00348911271430552,-0.5757209658622742,0.003663003444671631,9.81640911102295,-9.257895726477727e-05,0.00018871200154535472,0.007251724135130644,5972,None,Driving
2025-04-11 15:31:31,44098733,15.010126683322133,0.3771260380744934,0.0,0.0,-89.6058120727539,-0.00039435918978369955,0.0009842499916677904,-5.893707202631049e-05,-0.33458295464515686,0.00712275505065918,9.804914474487305,0.0001998108346015215,-0.0009650277788750827,-0.0027367479633539915,5108,None,Driving
2025-04-11 15:31:31,0b334c6e,19.773846012148393,0.8003363609313965,0.0,0.08571332693099976,-145.73492431640625,-0.0011010112401663719,-0.000754214332951631,-0.0034434127155691385,-0.16955041885375977,0.43875017762184143,9.810395240783691,-0.0026974137872457504,0.0005341321229934692,0.1461542695760727,5632,None,Driving
2025-04-11 15:31:32,0ebdc813,18.108352363046645,0.0,0.2904163599014282,0.0,-89.59700775146484,-0.0005498086088095988,0.0009517340378304697,-0.005518455523997545,3.0343122482299805,-0.000978231430053711,9.865461349487305,9.126961231231689e-07,-0.0032121879048645496,1.1038722732337192e-05,5372,None,Driving
2025-04-11 15:31:33,4a1fe7a3,0.48209335864330677,0.8500000238418579,0.0,-0.0377056747674942,-86.30937957763672,-0.0008328504344063958,0.0009788027490239138,0.03875343129038811,0.0630243718624115,0.030973665416240692,9.8109712600708,-0.0002105924068018794,-0.0009897821582853794,0.0021555309649556875,5004,None,Driving
2025-04-11 15:31:34,4beb76ed,10.08431429114041,0.8500000238418579,0.0,-0.046472080051898956,171.5562286376953,-0.00015342318596367477,-0.0003088006079012695,-1.3542184206016827e-05,3.6031346321105957,-0.10761559009552002,9.778273582458496,-0.0034167272970080376,-0.013480213470757008,-0.06965421140193939,5424,None,Driving
2025-04-11 15:31:34,4069e686,20.188665332285872,0.42521044611930847,0.0,0.0,89.83975982666016,-0.0007725873313546572,-0.0004677069151041141,0.010809898376464844,-0.07989441603422165,-0.0002237260341644287,9.811511039733887,-4.2957253754138947e-07,0.0007728851051069796,-3.5897344787372276e-05,5448,None,Driving
2025-04-11 15:31:35,e4e03dd8,18.199717721381013,0.8500000238418579,0.0,-0.0009825967717915773,0.19004122912883759,-0.00022232576800718107,0.0002137407580182541,0.042586326599121094,2.035396099090576,-0.031148331239819527,9.862479209899902,-4.333665128797293e-05,-0.0020637528505176306,-0.0020580911077558994,5728,None,Driving
2025-04-11 15:31:36,788848d9,19.95337687750611,0.6681196689605713,0.0,0.002817444270476699,-89.87938690185547,0.00011017650507483268,-0.00037596055890872876,0.14175547659397125,0.4720635712146759,-0.12940168380737305,9.803465843200684,9.89206600934267e-05,-0.0022612984757870436,0.06607809662818909,5724,None,Driving
2025-04-11 15:31:38,b9a19950,20.182156922118676,0.4898061156272888,0.0,-0.0023275024723261595,0.5555825233459473,-0.0012659415205575897,0.00014797748537049416,-0.00736171705648303,-0.15414118766784668,-0.18974238634109497,9.826655387878418,0.0012160586193203926,0.004748638719320297,0.03867076709866524,5732,None,Driving
2025-04-11 15:31:38,da92861c,15.688436394113294,0.8500000238418579,0.0,-0.00017573311924934387,-179.6272430419922,-0.0012034973958350292,0.00019585426252784647,-0.019093474373221397,1.1118119955062866,-0.017254017293453217,9.817008018493652,-0.00021250927238725126,-0.006753689143806696,4.268562770448625e-05,5596,None,Driving
2025-04-11 15:31:39,7c350761,4.4632133724335036e-07,0.0,1.0,-0.0023685432970523834,89.99590301513672,8.331564649211032e-05,-0.0004700492020265741,-0.011119689792394638,-2.090049019898288e-05,0.0,9.8100004196167,4.1200955536169204e-08,-6.229875282315334e-09,8.171459385877822e-13,5636,Red,Driving
2025-04-11 15:31:40,19a6c8fa,23.655603052894506,0.0,0.699999988079071,-0.1675233542919159,-143.71365356445312,-0.00017415385761410107,0.0008780108036757005,-0.0007987594581209123,0.4395780563354492,-1.6370346546173096,9.762423515319824,0.012304403819143772,0.020784243941307068,-0.3729841411113739,5008,None,Driving
2025-04-11 15:31:41,a4b74d87,19.930685022233714,0.2543269693851471,0.0,-0.0008640846936032176,-179.93690490722656,-0.0005960295729181553,0.0007010305207075071,0.06777248531579971,-0.5126304030418396,0.1480128914117813,9.833806991577148,-0.0002323512453585863,0.007285943254828453,-0.04501312971115112,5652,None,Driving
2025-04-11 15:31:41,8aba1b13,20.26462364206591,0.4227196276187897,0.0,-0.0002485241857357323,90.40473937988281,-0.0007543543520114326,0.0009189178277019711,-0.029438132420182228,-0.007915627211332321,-0.013192957267165184,9.810052871704102,0.0004503851814661175,7.57134985178709e-05,-0.0007040559430606663,5492,None,Driving
2025-04-11 15:31:42,f22e1763,19.94542515298083,0.5864412784576416,0.0,0.09715916961431503,-94.17633056640625,1.3880677741440195e-05,-0.0003756891562807752,-0.0044738007709383965,-0.2227620780467987,0.5973290205001831,9.807586669921875,-0.003972076810896397,0.0011154781095683575,0.15736357867717743,5080,None,Driving
2025-04-11 15:31:43,d7c5a57f,18.717714203507875,0.8500000238418579,0.0,0.0,-89.6121826171875,-0.000361675905253378,0.0009844808209735852,0.0036963270977139473,0.7898163199424744,-0.014642775058746338,9.776540756225586,1.8272548913955688e-06,0.011451410129666328,1.6381090972572565e-06,5644,None,Driving
2025-04-11 15:31:43,47040b8d,20.490142816091847,0.2933288812637329,0.0,-0.0027052934747189283,-89.60118865966797,5.484396018573534e-05,0.0009873042992725256,-0.0034294510260224342,-0.20770888030529022,-0.019281283020973206,9.810445785522461,-9.700585360405967e-05,0.00010168007429456338,-0.007665549870580435,5976,None,Driving
2025-04-11 15:31:44,44098733,20.510839950950274,0.476383239030838,0.0,0.00017573311924934387,-89.60662078857422,-0.0001084130904871472,0.000986200115500061,-0.0011256790021434426,1.364127278327942,0.13062572479248047,9.714730262756348,8.283648639917374e-05,-0.008316141553223133,-0.01497886423021555,5020,None,Driving
2025-04-11 15:31:45,0b334c6e,19.79070136457157,0.7883507013320923,0.0,0.034970786422491074,-107.05677795410156,-0.0008515213588680126,-0.0009104373180106273,-0.0034665297716856003,-0.15033099055290222,0.22011002898216248,9.811569213867188,-0.004528211895376444,0.00037539517506957054,0.059766288846731186,5840,None,Driving
2025-04-11 15:31:46,0ebdc813,15.006704446222964,0.8500000238418579,0.0,-0.0006155604496598244,-89.6099853515625,-0.00030500833874214095,0.0009534245472297382,-0.003982772585004568,-0.539934515953064,-0.006642401218414307,9.797613143920898,-0.0002996656112372875,-0.005172925069928169,-0.0008438204531557858,5144,None,Driving
2025-04-11 15:31:47,4a1fe7a3,11.900050917914797,0.3673383295536041,0.0,0.000304378685541451,-89.52963256835938,-0.0006250208564893001,0.000982625550989064,0.038655318319797516,1.7681066989898682,0.015514850616455078,9.820950508117676,8.053705096244812e-05,-0.002069577807560563,-2.1197112801019102e-05,5304,None,Driving
2025-04-11 15:31:47,4beb76ed,20.45328177311774,0.3641722798347473,0.0,-0.00197596731595695,90.79280090332031,-0.00038352008161268714,-0.0004368076916435892,0.0014411925803869963,0.17463436722755432,-0.02640599012374878,9.814654350280762,0.00045872689224779606,-0.002301397267729044,-0.005909864325076342,5420,None,Driving
2025-04-11 15:31:48,4069e686,7.961136608845218e-06,0.0,1.0,0.004463762976229191,89.64232635498047,-0.0009600597246048892,-0.0004671709634499229,0.010660247877240181,1.6372994650737382e-05,0.0,9.810473442077637,-5.528636393137276e-08,2.428783045616001e-05,1.9456307676080087e-09,5424,Red,Driving
2025-04-11 15:31:48,e4e03dd8,1.9572049919129233,0.8500000238418579,0.0,-0.00043982735951431096,0.15996049344539642,-0.00022315997127009268,0.0004963192287440442,0.0427994541823864,-3.2888381481170654,-0.03786534443497658,9.773428916931152,-0.00010364971967646852,-0.008032097481191158,0.01881217584013939,5392,None,Driving
2025-04-11 15:31:49,788848d9,3.0206074325719223e-05,0.0,1.0,-0.006204534787684679,-89.390625,0.00029350035329400725,-0.0003747149167968458,0.14156043529510498,-0.00016720515850465745,-6.1465834733098745e-06,9.810073852539062,-1.2793097994290292e-06,-9.621339268051088e-05,9.228932285054725e-09,4704,None,Driving
2025-04-11 15:31:51,b9a19950,20.224420571674017,0.43885257840156555,0.0,-0.00034333457006141543,0.35520273447036743,-0.0012677178370665843,0.00043393109793134975,-0.00744083384051919,-0.21102593839168549,-0.15351994335651398,9.835440635681152,0.0007504994282498956,0.00627916818484664,0.04406411573290825,4768,None,Driving
2025-04-11 15:31:52,da92861c,20.185891423501822,0.8500000238418579,0.0,0.00017573311924934387,-179.60009765625,-0.001200825039461506,-5.822945524494826e-05,-0.019903143867850304,4.474681854248047,0.013866141438484192,9.791897773742676,0.00026485606213100255,-0.009383001364767551,-0.0005791352596133947,5652,None,Driving
2025-04-11 15:31:52,7c350761,1.716663268957492e-07,0.8500000238418579,0.0,-0.0023685432970523834,89.99590301513672,8.331564649211032e-05,-0.0004700492020265741,-0.011119689792394638,-2.090049019898288e-05,0.0,9.8100004196167,3.2717437647988845e-08,-1.2904514790079702e-08,6.264231754843363e-13,5472,Green,Driving
2025-04-11 15:31:53,19a6c8fa,20.76769900162105,0.14436516165733337,0.0,0.0,-179.82948303222656,-0.00015154833181441063,0.0005995303926939796,-0.0011099624680355191,-1.1836662292480469,-0.0021358272060751915,9.822471618652344,-2.187086283811368e-05,-0.0035601072013378143,-0.00013392744585871696,5280,None,Driving
2025-04-11 15:31:54,a4b74d87,0.0007221140030633544,0.0,1.0,0.0006155604496598244,-179.23814392089844,-0.000595617397337378,0.0005265143817002844,0.06762325018644333,-0.005486021284013987,5.60922926524654e-05,9.820634841918945,7.133454346330836e-06,-0.0011211169185116887,4.1999577149454126e-08,5924,None,Driving
2025-04-11 15:31:54,8aba1b13,20.27786138768526,0.4159418046474457,0.0,0.0354788638651371,119.59373474121094,-0.0010187541067807615,0.0008333456071484614,-0.029441986232995987,0.00030517578125,0.2685109078884125,9.813009262084961,0.019514042884111404,-0.0007468126714229584,0.0899614542722702,4812,None,Driving
2025-04-11 15:31:55,f22e1763,0.003400072755761931,0.0,1.0,0.0,-89.58201599121094,0.0002323252243030538,-0.0003752682765993956,-0.006194191053509712,0.035296693444252014,0.0020146220922470093,9.893983840942383,1.7074868083000183e-05,-0.010341913439333439,-1.6214835341088474e-06,5592,None,Driving
2025-04-11 15:31:56,d7c5a57f,19.43913992269042,0.05139685422182083,0.0,0.0,-89.608642578125,-0.00010520143274561633,0.0009862266389387018,0.004090614151209593,2.0943984985351562,-0.013016700744628906,9.594929695129395,-0.00490686297416687,-0.017109796404838562,-0.03226574510335922,5576,None,Driving
2025-04-11 15:31:57,47040b8d,20.418719629126638,0.27231308817863464,0.0,-0.10494056344032288,-106.71855163574219,0.00034182232326429585,0.0009624318932849909,-0.0034592817537486553,-0.08171367645263672,-0.5546870231628418,9.80872631072998,-0.0007343085017055273,0.0011760711204260588,-0.126460000872612,5068,None,Driving
2025-04-11 15:31:57,44098733,20.207148123358902,0.5321081876754761,0.0,0.0,-89.65860748291016,0.00017585308822276602,0.0009877981698121806,-0.0012821578420698643,0.19764739274978638,0.013779863715171814,9.795302391052246,0.0002890572650358081,-0.001959403743967414,0.0007419573958031833,4984,None,Driving
2025-04-11 15:31:58,0b334c6e,0.000638542785032732,0.0,1.0,0.03829270228743553,-92.9239501953125,-0.0007004445377560842,-0.0009331740046314222,-0.003459358122199774,0.009779443964362144,0.00036373455077409744,9.80155086517334,-0.00015918491408228874,0.0027995200362056494,1.5275152236426948e-06,5800,None,Driving
2025-04-11 15:31:59,0ebdc813,19.281446555554368,0.1665177196264267,0.0,-0.00017573311924934387,-89.60718536376953,-2.9464038576065832e-05,0.0009553005836274588,-0.004021034110337496,-5.129641056060791,-0.009839057922363281,9.883038520812988,-0.00019856169819831848,0.031329087913036346,7.667679892620072e-05,5428,None,Driving
2025-04-11 15:32:00,4a1fe7a3,6.869325880211937e-08,0.0,1.0,-0.00043982735951431096,-89.57098388671875,-0.0005760555731626482,0.000982999003746569,0.0387975312769413,-5.22512254974572e-06,2.2737367544323206e-13,9.8100004196167,-3.238853452103285e-08,-7.239037813633331e-09,6.785851313370964e-14,5256,None,Driving
2025-04-11 15:32:00,4beb76ed,20.389003666690055,0.3900763690471649,0.0,-0.011593766510486603,91.23892974853516,-0.0006746934314918462,-0.0004668844486301855,0.0015163039788603783,0.03597952425479889,-0.15805140137672424,9.809799194335938,0.0047874730080366135,-0.00028848834335803986,-0.03278500586748123,5424,None,Driving
2025-04-11 15:32:01,4069e686,4.188583928080139e-06,0.0,1.0,0.004463762976229191,89.64232635498047,-0.0009600597246048892,-0.0004671709634499229,0.010660247877240181,1.637220339034684e-05,0.0,9.8100004196167,9.25942345020303e-09,-3.1218750251582605e-08,-1.9478101857123287e-12,4940,Red,Driving
2025-04-11 15:32:02,e4e03dd8,10.991788383145822,0.8500000238418579,0.0,0.0002485241857357323,0.16503915190696716,-0.00022350511865454337,0.0006304121052021201,0.042640265077352524,0.325810968875885,-0.0046881153248250484,9.807662010192871,1.2035539839416742e-05,-0.0014296987792477012,0.01132304035127163,5324,None,Driving
2025-04-11 15:32:03,788848d9,17.153527298670912,0.0,0.4687354266643524,0.03704289719462395,-88.68572235107422,0.00039949216051127223,-0.0003737158672747045,0.14124660193920135,2.6521196365356445,0.19001340866088867,9.832934379577637,-0.0015856316313147545,0.0005973682273179293,0.06027742475271225,5276,Green,Driving
2025-04-11 15:32:04,b9a19950,20.144416764640674,0.4796007573604584,0.0,-0.023488953709602356,-21.951799392700195,-0.0012351414344493605,0.0007281056742865642,-0.007479400373995304,0.01568465679883957,0.004413344897329807,9.815465927124023,0.0054880110546946526,0.000679299293551594,-0.13556790351867676,4872,None,Driving
2025-04-11 15:32:05,da92861c,21.827981765383434,0.0,0.36021581292152405,0.0,-179.65721130371094,-0.0011992986053002141,-0.00030094812800317137,-0.01999969407916069,1.9380794763565063,-0.006479294970631599,9.855658531188965,7.987837307155132e-07,0.010495392605662346,-0.00015607557725161314,5492,None,Driving
2025-04-11 15:32:06,7c350761,21.274893471568642,0.0,0.20959743857383728,0.1859624683856964,159.39993286132812,-0.00010960735629339524,-0.0005460252150653925,-0.011068000458180904,-1.33150053024292,1.4680180549621582,9.826560974121094,-0.004736498463898897,0.0042045833542943,0.5095478296279907,5540,None,Driving
2025-04-11 15:32:06,19a6c8fa,20.845642100268858,0.09979337453842163,0.0,-0.0006155604496598244,-179.8347930908203,-0.00015071256933651966,0.0002995950214163815,-0.0011106109013780951,-1.050055980682373,-0.013312060385942459,9.821650505065918,-0.00012374401558190584,-0.003937970381230116,-0.0008946724701672792,5724,None,Driving
2025-04-11 15:32:07,a4b74d87,16.79304437067633,0.8500000238418579,0.0,0.20512400567531586,-168.93057250976562,-0.0005895151559656142,0.0004779788192119859,0.0660863071680069,2.928300380706787,1.8495261669158936,9.805334091186523,0.022476648911833763,0.0014517437666654587,0.2781376838684082,5776,None,Driving
2025-04-11 15:32:08,8aba1b13,20.276233702748097,0.411873996257782,0.0,0.027854997664690018,176.76316833496094,-0.0011719920741057877,0.0005876177363352974,-0.02943672053515911,-0.04627704247832298,0.2251845896244049,9.811326026916504,0.01769113354384899,-0.0005185224581509829,0.07069568336009979,4860,None,Driving
2025-04-11 15:32:09,f22e1763,15.439256285531133,0.4326295852661133,0.0,0.0,-89.56707763671875,0.0003600660627398611,-0.0003743019530254482,-0.004677505232393742,-0.0008169361390173435,0.003733143676072359,9.80981731414795,1.1970754712820053e-05,-0.0014492111513391137,4.022214739052288e-07,5244,Green,Driving
2025-04-11 15:32:09,d7c5a57f,20.18412823003512,0.6942737102508545,0.0,-0.037696342915296555,-90.27700805664062,0.00018287300972019693,0.000987696393826698,0.0028886031359434128,0.45421379804611206,-0.5900537967681885,9.812644004821777,-0.013061615638434887,-0.004997354466468096,-0.09835117310285568,5196,None,Driving
2025-04-11 15:32:10,47040b8d,20.63259770886371,0.2998344600200653,0.0,-0.10071096569299698,-150.51425170898438,0.0005649349532887982,0.000765642028452889,-0.00345439906232059,-0.05864599347114563,-0.4420478343963623,9.809915542602539,0.0008734534494578838,-0.00024910696083679795,-0.13233719766139984,5820,None,Driving
2025-04-11 15:32:11,44098733,20.25343604867251,0.3247864842414856,0.0,-0.11498239636421204,-128.70285034179688,0.0004417552724333973,0.0008706048016613911,-0.001436424208804965,0.715236485004425,-0.4160325527191162,9.775023460388184,0.016139065846800804,-0.007436323910951614,-0.11599034070968628,5236,None,Driving
2025-04-11 15:32:12,0b334c6e,0.00513837694338217,0.0,1.0,0.001263840589672327,-89.45361328125,-0.0005363617051727942,-0.0009333951018227804,-0.0019322586013004184,-0.007723466958850622,-0.0028213621117174625,9.785456657409668,6.440095603466034e-05,-0.01684466376900673,2.1479936549440026e-06,6128,None,Driving
2025-04-11 15:32:12,0ebdc813,19.221875900801205,0.8500000238418579,0.0,-0.05367567017674446,-98.11224365234375,0.0002629457974592242,0.0009500609365795599,-0.004199294839054346,2.2756905555725098,-0.3694603443145752,9.80413818359375,0.008347548544406891,-0.022984154522418976,-0.10215434432029724,5148,None,Driving
2025-04-11 15:32:13,4a1fe7a3,0.0,0.0,1.0,-0.00043982735951431096,-89.57098388671875,-0.0005760555731626482,0.000982999003746569,0.0387975312769413,-5.22512254974572e-06,2.2737367544323206e-13,9.8100004196167,0.0,0.0,0.0,5236,None,Driving
2025-04-11 15:32:14,4beb76ed,0.05534524146147654,0.0,1.0,-0.0008176579140126705,89.86919403076172,-0.0009033366439155088,-0.00046734374274918323,0.007475967053323984,0.6524336338043213,-0.0036083459854125977,9.295449256896973,-0.00020756572484970093,-0.027454180642962456,-4.080610233359039e-05,5048,None,Driving
2025-04-11 15:32:15,4069e686,4.600572991616857e-06,0.0,1.0,0.004463762976229191,89.64232635498047,-0.0009600597246048892,-0.0004671709634499229,0.010660247877240181,1.637220339034684e-05,0.0,9.8100004196167,1.8971527993016934e-07,-3.79459237365154e-08,4.620722207637762e-12,5524,Red,Driving
2025-04-11 15:32:15,e4e03dd8,8.895465860401293,0.0,0.699999988079071,-0.054534316062927246,-6.233922481536865,-0.0002203366642987703,0.0008305066397096427,0.042659301310777664,-4.25270938873291,0.06699312478303909,9.808528900146484,0.00023353913275059313,0.0014697047881782055,-0.0744788646697998,5236,None,Driving
2025-04-11 15:32:16,788848d9,20.756649626343478,0.15879282355308533,0.0,0.05918370559811592,-2.000182867050171,0.0005502268841297564,-0.0002355302940159021,0.14163340628147125,0.20186981558799744,0.4310418665409088,9.819863319396973,-0.0002921927662100643,0.0010969700524583459,0.12399733811616898,5148,None,Driving
2025-04-11 15:32:18,b9a19950,20.130839147561424,0.5057142972946167,0.0,-0.03538980334997177,-63.697574615478516,-0.00103467310455585,0.000930293641438239,-0.007439880166202784,0.07160966098308563,-0.15058791637420654,9.809430122375488,0.00898692011833191,-9.633181616663933e-05,-0.16736681759357452,4908,None,Driving
2025-04-11 15:32:18,da92861c,15.504381527664524,0.8500000238418579,0.0,0.007418660447001457,-177.26007080078125,-0.0011965259121780036,-0.0005602634355583477,-0.017544860020279884,-3.6027092933654785,0.03147217631340027,9.773401260375977,-0.001062382129020989,-0.0013665359001606703,0.015546034090220928,4812,None,Driving
2025-04-11 15:32:19,7c350761,0.0,0.0,1.0,0.0,-179.90956115722656,-0.00011633845844016832,-0.0007302683968440652,-0.011050415225327015,-0.0018549185479059815,0.0,9.8100004196167,0.0,0.0,0.0,4976,Red,Driving
2025-04-11 15:32:20,19a6c8fa,21.522673997117902,0.7649978399276733,0.0,0.00043982735951431096,-179.8521728515625,-0.00014995113420468442,2.2020298909176276e-05,-0.0008987045148387551,4.703947067260742,0.004224814474582672,9.83057975769043,4.7670473577454686e-05,-0.030555810779333115,0.0017873760079964995,5760,None,Driving
2025-04-11 15:32:20,a4b74d87,12.229275687876301,0.563914954662323,0.0,0.00031118179322220385,-90.6800765991211,-0.00039182339142485034,0.0003944046634347501,0.06797916442155838,-0.7987355589866638,0.03567206859588623,9.792684555053711,2.3059692466631532e-05,0.00035048089921474457,-0.007966636680066586,5708,None,Driving
2025-04-11 15:32:21,8aba1b13,20.26311155446255,0.4212677478790283,0.0,0.0,-179.6903839111328,-0.0011727141695843102,0.0003120589814970987,-0.029437636956572533,-0.029029561206698418,8.92063690116629e-06,9.809957504272461,3.632776133599691e-05,4.7161561269604135e-06,-2.0304541976656765e-06,5692,None,Driving
2025-04-11 15:32:22,f22e1763,20.62839098466499,0.12406457215547562,0.0,0.23994101583957672,-53.964481353759766,0.0005141354748019467,-0.00033770920274338225,-0.003952980041503906,-0.5812098979949951,1.622147798538208,9.775395393371582,0.0015095872804522514,0.0103163942694664,0.3935511112213135,5420,None,Driving
2025-04-11 15:32:22,d7c5a57f,20.197426132128108,0.6967718005180359,0.0,0.0016650059260427952,-124.72750091552734,0.0004369637481573818,0.0009118677332247737,0.0028797148261219263,0.5648754835128784,-0.14080113172531128,9.813743591308594,0.008073896169662476,-0.005839508958160877,-0.08695891499519348,5408,None,Driving
2025-04-11 15:32:23,47040b8d,20.47105242001443,0.3607026934623718,0.0,-0.010471204295754433,-179.33738708496094,0.0006098547953712341,0.0004956515165968629,-0.0034605024848133326,0.5475316047668457,-0.0029427390545606613,9.804750442504883,0.00027977637364529073,0.0003414141829125583,-0.016331486403942108,5924,None,Driving
2025-04-11 15:32:24,44098733,20.0395296337216,0.5489876866340637,0.0,-0.06524799764156342,-172.1505584716797,0.0005717975332260039,0.0006393213076807997,-0.0006297683576121926,0.12509527802467346,-0.5406794548034668,9.788016319274902,0.032805923372507095,0.001111118122935295,-0.19887322187423706,5388,None,Driving
2025-04-11 15:32:24,0b334c6e,2.197296638512884e-06,0.0,1.0,0.0015236068284139037,-89.45361328125,-0.0005363450851803009,-0.0009333948276787117,-0.003610267536714673,9.35554453462828e-06,0.0,9.8100004196167,1.5425239041633176e-07,-2.220292572019389e-08,-2.5997919095299693e-11,5152,None,Driving
2025-04-11 15:32:25,0ebdc813,20.11884894728625,0.4296324551105499,0.0,-0.1252957135438919,-138.95462036132812,0.0004918571570726726,0.0008203017638265535,-0.00433567026630044,-0.35742175579071045,-1.8246064186096191,9.809109687805176,-0.0329158641397953,0.004030514508485794,-0.16318465769290924,4908,None,Driving
2025-04-11 15:32:26,4a1fe7a3,6.869240235475325e-08,0.0,1.0,-0.00043982735951431096,-89.57098388671875,-0.0005760555731626482,0.000982999003746569,0.0387975312769413,-5.22512254974572e-06,2.2737367544323206e-13,9.8100004196167,1.2862564346960426e-08,-1.511496350303787e-08,5.341396812699739e-13,5308,None,Driving
2025-04-11 15:32:27,4beb76ed,1.3049615942840523e-06,0.0,1.0,-0.0006220098002813756,89.86859893798828,-0.0009034335538444793,-0.00046734309165702025,0.0014012145111337304,-5.22512254974572e-06,0.0,9.8100004196167,-3.772671774981973e-08,-2.194165560354122e-08,-8.340663771623513e-13,4900,None,Driving
2025-04-11 15:32:27,4069e686,1.4774455875728504e-06,0.0,1.0,0.004463762976229191,89.64232635498047,-0.0009600597246048892,-0.0004671709634499229,0.010660247877240181,1.637220339034684e-05,0.0,9.8100004196167,4.936690700674262e-08,2.3560943418488023e-08,-5.304559222429894e-11,5476,Red,Driving
2025-04-11 15:32:28,e4e03dd8,23.046808512317146,0.0,0.699999988079071,-0.05055562034249306,-83.12289428710938,-5.431499494079617e-05,0.0009826678377116518,0.042721595615148544,-2.366201877593994,-0.5427230596542358,9.819241523742676,0.0008626685012131929,0.003907086793333292,-0.21440845727920532,5032,None,Driving
2025-04-11 15:32:29,788848d9,20.467164634997776,0.3633877635002136,0.0,-0.004957979544997215,0.4238640069961548,0.0005474456925611548,3.436777774522896e-05,0.1419423222541809,1.3777068853378296,0.06953810155391693,9.603873252868652,0.001735473284497857,-0.001787479966878891,-0.022490624338388443,5692,None,Driving
2025-04-11 15:32:31,b9a19950,11.530542266360042,0.8500000238418579,0.0,-0.00839676521718502,-88.63906860351562,-0.0007773830020596506,0.0009807761065660015,-0.002292098943144083,-4.71905517578125,-0.05129194259643555,9.500505447387695,0.0027280186768621206,-0.005992197431623936,-0.01282335165888071,5224,None,Driving
2025-04-11 15:32:31,da92861c,15.27089935066613,0.8500000238418579,0.0,0.07595942169427872,-143.4649658203125,-0.0011194469490192205,-0.0007800234892217086,-0.017900580540299416,-1.6739376783370972,0.6419433951377869,9.783611297607422,-0.00010078400373458862,-0.008747407235205173,0.14213119447231293,4952,None,Driving
2025-04-11 15:32:32,7c350761,11.676456352109433,0.8500000238418579,0.0,0.005508766509592533,-179.2814178466797,-0.00011608755666259185,-0.0007711424550460818,-0.01074424758553505,4.395122051239014,0.17592644691467285,9.822244644165039,0.00021541031310334802,-0.012089467607438564,-0.015150845982134342,5124,Green,Driving
2025-04-11 15:32:33,19a6c8fa,0.004876578520268096,0.0,1.0,-0.007341319695115089,-177.41111755371094,-0.00011968445532772876,-0.0002078041853458594,-0.001379051129333675,-0.05877713859081268,-0.0001324317418038845,9.802927017211914,-0.00011104298755526543,-0.015028366819024086,-2.6986083412339212e-06,5888,Red,Driving
2025-04-11 15:32:33,a4b74d87,20.216276427404633,0.5956085920333862,0.0,0.011784028261899948,-0.1985168606042862,-0.00025443986089612736,0.0005276759986551292,0.06784427165985107,-0.10789148509502411,0.3072878122329712,9.784494400024414,-0.0015693247551098466,-0.003491196548566222,-0.007271101698279381,5624,None,Driving
2025-04-11 15:32:34,8aba1b13,20.264178470947705,0.42066532373428345,0.0,-0.00277691800147295,-179.37777709960938,-0.0011701426982284602,3.649213940887508e-05,-0.029437674209475517,-0.030257070437073708,-0.050901833921670914,9.809975624084473,0.0024505506735295057,-6.374393706209958e-07,-0.006795892957597971,5656,None,Driving
2025-04-11 15:32:35,f22e1763,19.989437163566247,0.5779062509536743,0.0,-0.0006220098002813756,0.7240540981292725,0.000548776456398059,-7.574764246263911e-05,-0.0044598388485610485,-0.0005959104164503515,-0.002566109411418438,9.810091972351074,3.719678716151975e-05,5.782300377177307e-06,-0.001005589496344328,5628,None,Driving
2025-04-11 15:32:35,d7c5a57f,19.80581304341937,0.4619622230529785,0.0,-0.016659405082464218,-163.99842834472656,0.0005911454221916301,0.0006944072685451822,0.002873496850952506,-0.27979210019111633,-0.35778895020484924,9.805191993713379,0.00118900160305202,0.005467935930937529,-0.16443321108818054,5120,None,Driving
2025-04-11 15:32:36,47040b8d,18.196755683045893,0.8500000238418579,0.0,0.004663922358304262,167.45050048828125,0.0005957692045939211,0.00032833673105670967,-0.0024899672716856003,-2.2604386806488037,-0.10606855154037476,9.81138801574707,-0.002968287095427513,-0.003089851699769497,-0.0025495365262031555,5604,None,Driving
2025-04-11 15:32:37,44098733,19.35483766149644,0.8500000238418579,0.0,-0.12872064113616943,-169.4595184326172,0.00060196952098579,0.0003794392757997273,-0.004424476530402899,1.3995728492736816,-2.621593713760376,9.7279691696167,-0.1235506534576416,0.007000545039772987,-0.031053928658366203,5580,None,Driving
2025-04-11 15:32:37,0b334c6e,8.411439333278446e-06,0.0,1.0,0.0015236068284139037,-89.45361328125,-0.0005363450851803009,-0.0009333948276787117,-0.003610267536714673,9.35554453462828e-06,0.0,9.8100004196167,-1.1336127414551811e-07,5.858139928704986e-08,-1.949028959058463e-11,6012,None,Driving
2025-04-11 15:32:38,0ebdc813,18.999860818545763,0.8500000238418579,0.0,-0.008894680067896843,-177.49485778808594,0.0005767550517390418,0.0005712544538262708,-0.00406227121129632,3.5866453647613525,-0.04333043098449707,9.795811653137207,0.004320034757256508,-0.029079904779791832,-0.05708737298846245,5472,None,Driving
2025-04-11 15:32:38,4a1fe7a3,3.4340846920504956e-08,0.0,1.0,-0.00043982735951431096,-89.57098388671875,-0.0005760555731626482,0.000982999003746569,0.0387975312769413,-5.22512254974572e-06,2.2737367544323206e-13,9.8100004196167,3.3790836795333234e-09,-1.5096793148927645e-08,6.644883211379127e-13,5316,None,Driving
2025-04-11 15:32:39,4beb76ed,15.214880443304192,0.340537965297699,0.0,0.005426439922302961,90.92870330810547,-0.0010207580313874587,-0.00046755137261316946,0.0015607833629474044,0.3131955862045288,0.011092543601989746,9.799988746643066,3.175344318151474e-05,-0.008564328774809837,0.009756513871252537,4948,None,Driving
2025-04-11 15:32:40,4069e686,20.23192362097732,0.4430791437625885,0.0,0.16979074478149414,145.85427856445312,-0.0011390698387714338,-0.0005217376611802926,0.010834388434886932,-0.17180752754211426,2.831773042678833,9.797840118408203,0.004939240403473377,0.002404445316642523,0.4515092968940735,5112,None,Driving
2025-04-11 15:32:40,e4e03dd8,19.350588402421597,0.8500000238418579,0.0,-0.009973972104489803,-91.42256164550781,0.00020460886489104269,0.0009871017753418179,0.04279586672782898,-1.084073781967163,-0.13218051195144653,9.811690330505371,0.00014482697588391602,-0.00014493451453745365,0.025249259546399117,5316,None,Driving
2025-04-11 15:32:41,788848d9,20.186530270452295,0.4782997965812683,0.0,-0.006833096966147423,1.1289384365081787,0.0005164575093346002,0.00029114668938509436,0.1417357623577118,-0.2177617847919464,-0.051677338778972626,9.807191848754883,-2.0755463992827572e-05,-0.00033011010964401066,-0.014138882048428059,5496,None,Driving
2025-04-11 15:32:43,b9a19950,4.1236387861039503e-07,0.0,1.0,-0.003171641146764159,-89.16735076904297,-0.0007365038722184636,0.0009815034107801034,-0.007588081061840057,0.010963525623083115,0.0,9.8099946975708,4.05767863753681e-09,1.64690856507832e-08,-3.3655873227234068e-12,5452,None,Driving
2025-04-11 15:32:44,da92861c,15.235090506029554,0.8500000238418579,0.0,0.0054428717121481895,-114.67403411865234,-0.00093370837991813,-0.0009137564487856688,-0.017805442214012146,-2.06709361076355,0.020587921142578125,9.782694816589355,-0.0003382870927453041,-0.008048627525568008,0.011230001226067543,4700,None,Driving
2025-04-11 15:32:44,7c350761,20.676264009963326,0.12646600604057312,0.0,0.023914936929941177,-91.03497314453125,2.9256532911858812e-05,-0.0009260427635099073,-0.011036872863769531,-0.2968093454837799,0.007340461015701294,9.820035934448242,-0.0003618798218667507,0.0016467247623950243,0.13297858834266663,5580,None,Driving
2025-04-11 15:32:45,19a6c8fa,1.0320716447113936e-07,0.0,1.0,-0.007346575614064932,-177.41114807128906,-0.0001196840612607275,-0.00020781201558581992,-0.0011922073317691684,0.0,0.0,9.8100004196167,-1.7585408684794857e-08,7.607576235635349e-10,1.0733998325601624e-12,5680,Red,Driving
2025-04-11 15:32:46,a4b74d87,1.3584823154020422e-06,0.0,1.0,0.0034351625945419073,-0.000457763671875,-0.00025510962913699586,0.0006921587388941969,0.06759899109601974,-5.225122094998369e-06,-5.428387517270039e-09,9.8100004196167,-7.719999750577244e-09,-5.896003472116718e-07,-3.477665377893402e-11,4892,Red,Driving
2025-04-11 15:32:46,8aba1b13,0.0006541904757579025,0.0,1.0,0.0,-179.64791870117188,-0.0011685211360514813,-0.00019277296886635443,-0.02949470467865467,-0.008728655986487865,0.004919596016407013,9.813955307006836,-2.184533514082432e-06,0.0050869169645011425,4.327152510086307e-06,5556,Red,Driving
2025-04-11 15:32:47,f22e1763,19.991484858046253,0.5765271782875061,0.0,-0.0006155604496598244,0.005694092717021704,0.000547137143385612,0.00019112952657687055,-0.004458808805793524,-0.0005446549621410668,-0.012591118924319744,9.8100004196167,9.249327490579162e-07,2.0047092164077185e-07,-0.0007693677907809615,5344,None,Driving
2025-04-11 15:32:48,d7c5a57f,19.795096740256824,0.45900630950927734,0.0,-0.0044203465804457664,-179.7344970703125,0.000609840951113938,0.0004288696445280668,0.0028829192742705345,0.4599767327308655,0.025587713345885277,9.813950538635254,0.000803654664196074,-0.005135120823979378,0.019382096827030182,5624,None,Driving
2025-04-11 15:32:49,47040b8d,20.45282488279803,0.27260690927505493,0.0,0.002650944981724024,-179.89674377441406,0.0005786903717961422,7.038855855433561e-05,-0.003465309040620923,-0.5273682475090027,0.02078818529844284,9.815133094787598,-0.0001418344909325242,0.0003294406342320144,0.003933284897357225,5788,None,Driving
2025-04-11 15:32:49,44098733,20.075097863994994,0.5678199529647827,0.0,0.006216859444975853,-179.9524383544922,0.0006099260728404943,0.00011341767613043449,-0.0016294479137286544,-0.019281908869743347,0.20211327075958252,9.811091423034668,0.006032781209796667,0.004216697998344898,0.003929891623556614,5696,None,Driving
2025-04-11 15:32:50,0b334c6e,2.952636530669461e-06,0.0,1.0,0.0015236068284139037,-89.45361328125,-0.0005363450851803009,-0.0009333948276787117,-0.003610267536714673,9.35554453462828e-06,0.0,9.8100004196167,1.571119696563983e-07,-1.3454766190079681e-08,9.667563624637943e-12,6004,None,Driving
2025-04-11 15:32:51,0ebdc813,18.882717146656613,0.8500000238418579,0.0,-0.0006155604496598244,179.98728942871094,0.0005786064837138838,0.00029217448976643425,-0.003996467683464289,3.3981611728668213,-0.02448013797402382,9.810708999633789,-0.0003120200417470187,-0.030794020742177963,-0.0018393833888694644,5312,None,Driving
2025-04-11 15:32:51,4a1fe7a3,1.3735309474138382e-07,0.0,1.0,-0.00043982735951431096,-89.57098388671875,-0.0005760555731626482,0.000982999003746569,0.0387975312769413,-5.22512254974572e-06,2.2737367544323206e-13,9.8100004196167,3.916538204862263e-09,3.399639680878863e-09,8.514946560345127e-13,5312,None,Driving
2025-04-11 15:32:52,4beb76ed,20.365141005851182,0.44940680265426636,0.0,0.10331154614686966,-166.4707794189453,-0.001154750605351751,-0.000642273633692001,0.0016183853149414062,0.7181556224822998,1.3420844078063965,9.773802757263184,-0.0038039435166865587,-0.006073391065001488,0.2649397850036621,5044,None,Driving
2025-04-11 15:32:53,4069e686,20.21930722811801,0.4538290500640869,0.0,0.04885273799300194,-138.3408203125,-0.0010796435605016086,-0.0007794038550905651,0.010824775323271751,0.04434007406234741,0.68901127576828,9.806503295898438,-0.0023268735967576504,0.00017768144607543945,0.1740335375070572,5112,None,Driving
2025-04-11 15:32:54,e4e03dd8,19.86076417033154,0.6911094188690186,0.0,-0.024048682302236557,-144.3070068359375,0.0004527849792879124,0.0008837005952843063,0.04272541031241417,0.28315967321395874,-0.06113936007022858,9.820916175842285,0.0003090634127147496,-0.00027014617808163166,-0.1567283570766449,4904,None,Driving
2025-04-11 15:32:54,788848d9,20.259916125193538,0.4710654616355896,0.0,0.05249312147498131,1.8976609706878662,0.000515190381179309,0.0005762346577812106,0.1417233943939209,-0.0012908357894048095,0.5989937782287598,9.810067176818848,-0.00337200821377337,0.0006239766371436417,0.11136554181575775,5500,None,Driving
2025-04-11 15:32:56,b9a19950,1.2364404977377724e-06,0.0,1.0,-0.003171641146764159,-89.16735076904297,-0.0007365038722184636,0.0009815034107801034,-0.007588081061840057,0.010963525623083115,0.0,9.8099946975708,-5.377068390544082e-08,3.321131458733362e-08,5.986206669250649e-11,5300,None,Driving
2025-04-11 15:32:57,da92861c,15.869068445324473,0.8500000238418579,0.0,0.011080512776970863,-91.974853515625,-0.0006916861145072062,-0.0009644783787573885,-0.019273681566119194,1.3966857194900513,0.038691043853759766,9.816259384155273,-0.0003019431605935097,-0.005173494108021259,0.024117639288306236,5704,None,Driving
2025-04-11 15:32:57,7c350761,20.133749323009802,0.4903784692287445,0.0,0.048288069665431976,-72.39042663574219,0.0003107863704627789,-0.0009036192864875336,-0.010949973948299885,-0.0725989043712616,0.6741515398025513,9.809367179870605,-0.001977749867364764,0.00014333892613649368,0.05958179011940956,5600,None,Driving
2025-04-11 15:32:58,19a6c8fa,1.4421908438410695e-06,0.0,1.0,-0.007346575614064932,-177.41114807128906,-0.0001196840612607275,-0.00020781201558581992,-0.0011922073317691684,0.0,0.0,9.8100004196167,-6.487805848109929e-09,-5.884725595706186e-08,5.579461372084982e-12,5520,Red,Driving
2025-04-11 15:32:59,a4b74d87,2.952587767696544e-06,0.0,1.0,0.0034351625945419073,-0.000457763671875,-0.00025510962913699586,0.0006921587388941969,0.06759899109601974,-5.225122094998369e-06,-5.428387517270039e-09,9.8100004196167,-1.7514752315150872e-08,1.8141240731850417e-09,-1.6172371601619329e-13,5408,Red,Driving
2025-04-11 15:33:00,8aba1b13,0.0,0.0,1.0,0.0,-179.64791870117188,-0.0011685211360514813,-0.00019277218070215709,-0.02951892837882042,-0.023366719484329224,-3.4377953852526844e-06,9.809972763061523,0.0,0.0,0.0,5544,Red,Driving
2025-04-11 15:33:01,f22e1763,19.991488582282223,0.5765329003334045,0.0,0.0,-0.025848388671875,0.0005472454645740754,0.00048545363138752386,-0.004458808805793524,-0.0005445405840873718,0.0025052246637642384,9.8100004196167,-4.567345612827012e-08,-6.620310699645415e-08,-1.0764504843052691e-08,5292,None,Driving
2025-04-11 15:33:01,d7c5a57f,20.194541967412114,0.6883538365364075,0.0,0.0007618034142069519,179.96923828125,0.0006099714436800241,0.0001344457512764285,0.0028884506318718195,0.46580255031585693,0.02784452773630619,9.813504219055176,0.00037557195173576474,-0.005243406631052494,0.01637573540210724,5612,None,Driving
2025-04-11 15:33:02,47040b8d,0.0035703981484027036,0.0,1.0,-0.00017573311924934387,-179.39251708984375,0.0005807358977705235,-0.00013296603296493773,-0.0036676404997706413,-0.02210746891796589,0.0003237355558667332,9.832524299621582,-6.982794002396986e-05,-0.010797742754220963,1.7574038224665856e-08,5700,None,Driving
2025-04-11 15:33:03,44098733,11.25105393135483,0.8500000238418579,0.0,-0.00017573311924934387,-179.42697143554688,0.0006122748021368807,-0.00013997600817109018,-0.003924598451703787,0.6045745611190796,-0.025881823152303696,9.707013130187988,0.0005901488475501537,0.07331184297800064,0.006249934900552034,5492,None,Driving
2025-04-11 15:33:03,0b334c6e,8.54876721870381e-06,0.0,1.0,0.0015236068284139037,-89.45361328125,-0.0005363450851803009,-0.0009333948276787117,-0.003610267536714673,9.35554453462828e-06,0.0,9.8100004196167,-1.1335426819414351e-07,5.493492238883846e-08,-2.4705686715170705e-12,5284,None,Driving
2025-04-11 15:33:04,0ebdc813,18.331909285097712,0.8500000238418579,0.0,0.00043982735951431096,-179.40142822265625,0.0005792342736299361,9.277706721570399e-06,-0.0040792846120893955,0.5097675323486328,0.004989350214600563,9.797207832336426,-8.44426904222928e-05,-0.006955759134143591,0.0009329146705567837,5548,None,Driving
2025-04-11 15:33:05,4a1fe7a3,6.869341329140764e-08,0.0,1.0,-0.00043982735951431096,-89.57098388671875,-0.0005760555731626482,0.000982999003746569,0.0387975312769413,-5.22512254974572e-06,2.2737367544323206e-13,9.8100004196167,-3.854810692871524e-09,-4.373276851765695e-09,5.660107934646677e-14,5424,None,Driving
2025-04-11 15:33:05,4beb76ed,20.368806819547856,0.35349440574645996,0.0,0.02733178436756134,-119.18111419677734,-0.0009736567906770688,-0.0008597783041026606,0.0015017318073660135,-0.06181022524833679,0.35168713331222534,9.813823699951172,-0.013585744425654411,0.0018158387392759323,0.0816698744893074,5228,None,Driving
2025-04-11 15:33:06,4069e686,20.245532315860878,0.43187445402145386,0.0,0.03278220817446709,-103.52622985839844,-0.0008282609885554848,-0.0009162170288737471,0.010798645205795765,0.052588582038879395,0.5191226601600647,9.809372901916504,-0.007155810482800007,4.704762250185013e-05,0.11011579632759094,4564,None,Driving
2025-04-11 15:33:07,e4e03dd8,20.074616695700907,0.5181963443756104,0.0,-0.02507549710571766,-173.6799774169922,0.0005731182565398285,0.000623868080675632,0.04277252033352852,-0.08308076113462448,-0.06959500908851624,9.809979438781738,0.0002579056890681386,6.595824379473925e-05,-0.16137395799160004,5344,None,Driving
2025-04-11 15:33:07,788848d9,20.221748530011947,0.48454776406288147,0.0,0.09850038588047028,50.72864532470703,0.0003945463959098561,0.0008287620553928351,0.14173072576522827,0.02224099636077881,1.0297828912734985,9.80478572845459,0.0011952950153499842,-0.0004436950257513672,0.19386377930641174,4864,None,Driving
2025-04-11 15:33:09,b9a19950,4.466004677707407e-07,0.0,1.0,-0.003171641146764159,-89.16735076904297,-0.0007365038722184636,0.0009815034107801034,-0.007588081061840057,0.010963525623083115,0.0,9.8099946975708,-3.428135997296522e-09,1.8480145413946047e-08,5.0014558466981995e-12,5432,None,Driving
2025-04-11 15:33:10,da92861c,7.092250974637487e-06,0.0,1.0,0.00043982735951431096,-89.48540496826172,-0.0005230780200520257,-0.0009646301174993807,-0.018990134820342064,-6.792657950427383e-05,-2.5309418560937047e-07,9.8100004196167,4.435205482877791e-07,-1.9090659407083876e-05,-5.581854423120092e-12,4996,None,Driving
2025-04-11 15:33:11,7c350761,17.99187652516066,0.41381388902664185,0.0,0.08808780461549759,-18.661779403686523,0.0005091234701382064,-0.0007131876450393991,-0.010861854068934917,-1.3606458902359009,0.47606784105300903,9.806978225708008,-0.002302175620570779,0.0012512182584032416,0.2707057297229767,4912,None,Driving
2025-04-11 15:33:11,19a6c8fa,3.7785362769797525e-07,0.0,1.0,-0.007346575614064932,-177.41114807128906,-0.0001196840612607275,-0.00020781201558581992,-0.0011922073317691684,0.0,0.0,9.8100004196167,2.6256934404500498e-08,2.0364796071703495e-08,-1.2477353677174674e-13,5688,Red,Driving
2025-04-11 15:33:12,a4b74d87,7.210283624777502e-07,0.0,1.0,0.0034351625945419073,-0.000457763671875,-0.00025510962913699586,0.0006921587388941969,0.06759899109601974,-5.225122094998369e-06,-5.428387517270039e-09,9.8100004196167,1.5205968040277185e-08,3.0238260784187787e-09,-6.845319124905436e-14,4992,Red,Driving
2025-04-11 15:33:12,8aba1b13,20.121846727427105,0.466948926448822,0.0,0.0,-179.64791870117188,-0.0011675645103395027,-0.0003479875492368671,-0.029421500861644745,-0.5063650608062744,-0.002065736800432205,9.807805061340332,-7.365042620222084e-07,-0.0011294003343209624,-1.2798994930562912e-07,5424,None,Driving
2025-04-11 15:33:13,f22e1763,20.02306533321386,0.556735634803772,0.0,0.0686526969075203,26.71742820739746,0.0005026736826323486,0.0007500953183203152,-0.004450492560863495,-0.003789469599723816,0.40410006046295166,9.807680130004883,-0.00455709733068943,0.00017901905812323093,0.11260765790939331,5092,None,Driving
2025-04-11 15:33:14,d7c5a57f,0.010666896071231285,0.0,1.0,0.0,-179.39468383789062,0.0006114286564695703,-5.984445937081181e-05,0.0016473769210278988,0.026691485196352005,0.0021056300029158592,9.833168983459473,-7.180497050285339e-07,-0.03042946197092533,-1.9096526102657663e-06,5668,None,Driving
2025-04-11 15:33:15,47040b8d,0.0,0.0,1.0,0.0,-179.39251708984375,0.0005807358292315712,-0.0001329701793939759,-0.004098624922335148,0.008819938637316227,-9.524008783046156e-05,9.809996604919434,0.0,0.0,0.0,5604,None,Driving
2025-04-11 15:33:15,44098733,4.531977860993244e-06,0.0,1.0,0.003015305148437619,-179.57008361816406,0.0006124281172219526,-0.000152805316625283,-0.0014786911197006702,2.3388863610307453e-06,0.0,9.8100004196167,-3.716988672408661e-08,-3.5399729370055866e-08,-1.0299650889111778e-11,5480,None,Driving
2025-04-11 15:33:16,0b334c6e,9.253986726665932,0.0,1.0,0.0,-89.39041137695312,-0.00048114011153188585,-0.0009328129568930234,-0.0035123061388731003,-2.7819149494171143,-0.0004515647888183594,9.824976921081543,-5.93625009059906e-05,0.00585838221013546,3.5034197935601696e-05,5112,Red,Driving
2025-04-11 15:33:17,0ebdc813,0.0,0.0,1.0,0.0,-179.3820343017578,0.000579944717983949,-5.726709390949293e-05,-0.004351424984633923,-0.006792658008635044,-3.637978807091713e-12,9.809998512268066,0.0,0.0,0.0,5856,None,Driving
2025-04-11 15:33:18,4a1fe7a3,16.608943415159487,0.13562043011188507,0.0,0.0,-89.60509490966797,-0.0004385759208815898,0.0009839629628279243,0.03875652328133583,-0.7816483974456787,0.0053931474685668945,9.828025817871094,6.705522537231445e-07,0.0014969565672799945,-1.844335770329053e-06,5440,Green,Driving
2025-04-11 15:33:18,4beb76ed,12.762018224692822,0.0,0.699999988079071,0.018666302785277367,-99.07774353027344,-0.0007747236675186286,-0.0009264228642610766,0.0003960037138313055,0.694374680519104,0.03509938716888428,9.918720245361328,0.0020104534924030304,-0.02264217473566532,0.02820349484682083,5716,None,Driving
2025-04-11 15:33:19,4069e686,0.00010090815941657341,0.8500000238418579,0.0,0.004218677990138531,-91.55963134765625,-0.000694286782220388,-0.00093313062133256,0.010366935282945633,-0.049469951540231705,-0.006594479084014893,9.848846435546875,1.6577541828155518e-06,-0.004588719457387924,4.795704171556281e-07,4700,None,Driving
2025-04-11 15:33:20,e4e03dd8,20.059518958021673,0.5375323295593262,0.0,0.0010462671052664518,-179.94476318359375,0.0005785887328926265,0.00035119733079652985,0.042772214859724045,-0.00384184205904603,-0.10498065501451492,9.809986114501953,5.993715240038e-05,-1.4266721564126783e-06,0.09418967366218567,5144,None,Driving
2025-04-11 15:33:20,788848d9,17.855890085408692,0.19620566070079803,0.0,0.003529970534145832,89.82709503173828,0.00013629426189254445,0.0008931724099278523,0.14162929356098175,-1.5576032400131226,0.012681722640991211,9.733431816101074,8.392380550503731e-07,0.0011215612757951021,0.006835722830146551,5132,None,Driving
2025-04-11 15:33:22,b9a19950,13.610317791032847,0.8500000238418579,0.0,0.0,-89.45429992675781,-0.0006626966128919776,0.0009823071326533388,-0.0071421051397919655,2.0223896503448486,0.0009286403656005859,9.775056838989258,4.813633859157562e-05,-0.028524231165647507,2.6850661015487276e-05,5236,None,Driving
2025-04-11 15:33:23,da92861c,9.613255457419715e-07,0.0,1.0,0.00043982735951431096,-89.48540496826172,-0.0005230780200520257,-0.0009646301174993807,-0.018991507589817047,-3.1350733479484916e-05,-2.308188413735479e-07,9.8100004196167,1.926422754650048e-08,-1.0212573897661059e-08,-1.17862837545335e-12,4992,None,Driving
2025-04-11 15:33:24,7c350761,20.987324531839164,0.0,0.003446231596171856,0.31942152976989746,50.223388671875,0.0004749145396090171,-0.0004864708772222211,-0.011077689938247204,0.5188331007957458,3.7659196853637695,9.824921607971191,0.009157639928162098,0.003250682260841131,0.5247722864151001,5636,None,Driving
2025-04-11 15:33:24,19a6c8fa,4.4661099150168295e-07,0.0,1.0,-0.007346575614064932,-177.41114807128906,-0.0001196840612607275,-0.00020781201558581992,-0.0011922073317691684,0.0,0.0,9.8100004196167,3.653564562000611e-08,2.9104263887802517e-08,-1.5905840013152872e-12,5524,Red,Driving
2025-04-11 15:33:25,a4b74d87,1.1329838513567613e-06,0.0,1.0,0.0034351625945419073,-0.000457763671875,-0.00025510962913699586,0.0006921587388941969,0.06759899109601974,-5.225122094998369e-06,-5.428387517270039e-09,9.8100004196167,9.869200567891312e-09,7.257418666029025e-09,2.3480390808766627e-12,4764,Red,Driving
2025-04-11 15:33:25,8aba1b13,20.29424707690523,0.4027405381202698,0.0,0.03541943430900574,-168.74551391601562,-0.0011571767803530975,-0.0006254535243605943,-0.029596060514450073,0.0037842392921447754,0.3226976990699768,9.811030387878418,0.01884010061621666,-0.0008849962614476681,0.10228991508483887,5120,None,Driving
2025-04-11 15:33:26,f22e1763,20.012122738214174,0.5593815445899963,0.0,0.06283842772245407,74.23991394042969,0.00028618874250696535,0.0009138639817965929,-0.004452171269804239,-0.05003514885902405,0.37924063205718994,9.807748794555664,-0.004809316713362932,0.0002981363795697689,0.10307276248931885,4896,None,Driving
2025-04-11 15:33:27,d7c5a57f,0.0,0.0,1.0,0.0,-179.39468383789062,0.0006114289306253795,-5.986216736424552e-05,0.0028562163934111595,0.06574909389019012,0.0,9.80978012084961,0.0,0.0,0.0,5652,None,Driving
2025-04-11 15:33:28,47040b8d,0.0,0.0,1.0,0.0,-179.39251708984375,0.0005807358292315712,-0.0001329701793939759,-0.004098624922335148,0.008819938637316227,-9.524008783046156e-05,9.809996604919434,0.0,0.0,0.0,5776,None,Driving
2025-04-11 15:33:28,44098733,5.802167447458395e-06,0.0,1.0,0.003015305148437619,-179.57008361816406,0.0006124281172219526,-0.000152805316625283,-0.0014786911197006702,2.3388863610307453e-06,0.0,9.8100004196167,-1.9353898039753403e-08,1.513824265941821e-08,1.6668878083381244e-11,5388,None,Driving
2025-04-11 15:33:29,0b334c6e,0.0,0.0,1.0,0.0,-89.3900375366211,-0.00047846823490260704,-0.0009327842403018333,-0.0036100386641919613,1.871108906925656e-05,0.0,9.8100004196167,0.0,0.0,0.0,5984,Red,Driving
2025-04-11 15:33:30,0ebdc813,0.0,0.0,1.0,0.0,-179.3820343017578,0.000579944717983949,-5.726709390949293e-05,-0.004351424984633923,-0.006792658008635044,-3.637978807091713e-12,9.809998512268066,0.0,0.0,0.0,5812,None,Driving
2025-04-11 15:33:31,4a1fe7a3,19.167204597329373,0.8500000238418579,0.0,-0.006442701909691095,-89.34713745117188,-0.00020476384194978436,0.000985546418968389,0.03861934691667557,3.064166784286499,-0.0327458381652832,9.829994201660156,1.774413976818323e-05,-0.00045056809904053807,-0.01810229942202568,5148,None,Driving
2025-04-11 15:33:31,4beb76ed,1.995464802377059e-05,0.0,1.0,0.018712226301431656,-92.33087158203125,-0.0007008730249253858,-0.0009328340659863087,0.0014001464005559683,0.0025330130010843277,0.00010167551226913929,9.809542655944824,-9.206050890497863e-07,3.4830965887522325e-05,8.750444813188096e-09,5488,None,Driving
2025-04-11 15:33:32,4069e686,2.88447332184018e-06,0.0,1.0,0.004976081196218729,-90.50579071044922,-0.0006465013464378444,-0.0009337671153239248,0.010660437867045403,0.0,0.0,9.8100004196167,-5.9489757120445574e-08,6.795038132167974e-08,7.121404854704139e-11,5112,None,Driving
2025-04-11 15:33:33,e4e03dd8,11.08278052151032,0.8500000238418579,0.0,-0.0009459785069338977,-179.74188232421875,0.0005786288264602035,8.674436635399077e-05,0.04256313294172287,3.989504814147949,-0.020478351041674614,9.81006908416748,1.674326449574437e-05,-0.0015705522382631898,0.010874524712562561,5440,None,Driving
2025-04-11 15:33:33,788848d9,0.0,0.0,1.0,0.0,90.2322769165039,8.544413529421035e-05,0.0008930743348872964,0.1416800618171692,-0.003908391576260328,-9.150244295597076e-06,9.809999465942383,0.0,0.0,0.0,5212,Red,Driving
2025-04-11 15:33:35,b9a19950,0.00010718251545252451,0.0,1.0,-0.0019171631429344416,-89.51190185546875,-0.0004954492325310866,0.0009835590115427834,-0.0075711822137236595,0.013158028945326805,-1.6071833670139313e-05,9.80982494354248,-2.157408744096756e-06,-0.00020707976364064962,1.029742691116553e-08,5572,None,Driving
2025-04-11 15:33:36,da92861c,1.922609695171989e-06,0.0,1.0,0.00043982735951431096,-89.48540496826172,-0.0005230780200520257,-0.0009646301174993807,-0.018991507589817047,-3.1350733479484916e-05,-2.308188413735479e-07,9.8100004196167,-3.4982878815981167e-09,7.992956518876326e-09,-1.1414918489605075e-12,5844,None,Driving
2025-04-11 15:33:36,7c350761,20.1277620886112,0.4846228063106537,0.0,0.00035146623849868774,90.40203857421875,0.00019446933808353606,-0.000469887662634128,-0.010952072218060493,-0.1404319405555725,-0.2302984744310379,9.809938430786133,0.0001621848059585318,0.00018490709771867841,0.07057614624500275,5404,None,Driving
2025-04-11 15:33:37,19a6c8fa,1.7166149982867088e-06,0.0,1.0,-0.007346575614064932,-177.41114807128906,-0.0001196840612607275,-0.00020781201558581992,-0.0011922073317691684,0.0,0.0,9.8100004196167,-1.1895440188425255e-10,5.304546579765201e-09,6.214780209554127e-13,5428,Red,Driving
2025-04-11 15:33:38,a4b74d87,3.6737976507375027e-06,0.8500000238418579,0.0,0.0034351625945419073,-0.000457763671875,-0.00025510962913699586,0.0006921587388941969,0.06759899109601974,-5.225122094998369e-06,-5.428387517270039e-09,9.8100004196167,8.173717702675276e-08,1.8150172476083526e-09,-3.406073979719121e-14,5008,Green,Driving
2025-04-11 15:33:38,8aba1b13,20.236156293102265,0.4446045160293579,0.0,0.0709928348660469,-121.53547668457031,-0.000990884894903843,-0.0008498448308475249,-0.02942710742354393,-0.029633760452270508,1.7380146980285645,9.825711250305176,-0.06254535913467407,-0.0009756535291671753,0.1761777549982071,5380,None,Driving
2025-04-11 15:33:39,f22e1763,5.4162901374123384e-06,0.0,1.0,0.010978111065924168,89.44056701660156,0.00015087753554610117,0.0009245606036028053,-0.0046124267391860485,-0.000574763398617506,-6.79574441164732e-08,9.8100004196167,-2.1773939806735143e-07,1.219972091348609e-05,1.2741543375938136e-09,5412,None,Driving
2025-04-11 15:33:40,d7c5a57f,0.0,0.0,1.0,0.0,-179.39468383789062,0.0006114289306253795,-5.986216736424552e-05,0.0028562163934111595,0.06574909389019012,0.0,9.80978012084961,0.0,0.0,0.0,5520,None,Driving
2025-04-11 15:33:40,47040b8d,0.0,0.0,1.0,0.0,-179.39251708984375,0.0005807358292315712,-0.0001329701793939759,-0.004098624922335148,0.008819938637316227,-9.524008783046156e-05,9.809996604919434,0.0,0.0,0.0,5808,None,Driving
2025-04-11 15:33:41,44098733,8.102464611326528e-06,0.0,1.0,0.003015305148437619,-179.57008361816406,0.0006124281172219526,-0.000152805316625283,-0.0014786911197006702,2.3388863610307453e-06,0.0,9.8100004196167,4.380830276318193e-08,-2.0618234231051247e-08,-2.1131334529411738e-11,5544,None,Driving
2025-04-11 15:33:41,0b334c6e,16.118311002611136,0.072245292365551,0.0,0.0006155604496598244,-89.36730194091797,-0.0004262254221742978,-0.0009322117589504958,-0.0029433821327984333,-0.4968801736831665,0.007854282855987549,9.799453735351562,2.608681097626686e-05,-0.0035397191531956196,0.0004092213639523834,5868,Green,Driving
2025-04-11 15:33:42,0ebdc813,0.0,0.0,1.0,0.0,-179.3820343017578,0.000579944717983949,-5.726709390949293e-05,-0.004351424984633923,-0.006792658008635044,-3.637978807091713e-12,9.809998512268066,0.0,0.0,0.0,5676,None,Driving
2025-04-11 15:33:43,4a1fe7a3,20.10602670062626,0.47386428713798523,0.0,-0.0020256328862160444,-89.65505981445312,4.733825539915415e-05,0.0009872648910626586,0.03887062147259712,-1.3229172229766846,0.1027688980102539,9.812884330749512,-0.00017059803940355778,0.0039071557112038136,-0.042582131922245026,5592,None,Driving
2025-04-11 15:33:43,4beb76ed,9.273241891554887e-07,0.0,1.0,0.018712226301431656,-92.33087158203125,-0.0007008730249253858,-0.0009328340659863087,0.0014012145111337304,-1.0450244189996738e-05,4.547473508864641e-13,9.8100004196167,1.3495846218347651e-08,3.040580054403108e-08,4.728504480328022e-12,4972,None,Driving
2025-04-11 15:33:44,4069e686,9.260869068563325,0.8500000238418579,0.0,-0.004190459847450256,-90.08223724365234,-0.0006354945306128457,-0.0009338363367012565,0.009518012404441833,3.6671671867370605,-0.020711183547973633,9.79069709777832,-9.787431918084621e-05,0.0022924996446818113,-0.0035165492445230484,5616,None,Driving
2025-04-11 15:33:45,e4e03dd8,4.119908610676829e-07,0.0,1.0,0.007941302843391895,-179.79476928710938,0.0005788146276159978,5.484052053642927e-05,0.04261207580566406,0.0,0.0,9.8100004196167,2.7542471414676584e-08,-1.9272741624831724e-08,-6.938273740264567e-13,5584,None,Driving
2025-04-11 15:33:45,788848d9,0.0,0.0,1.0,0.0,90.2322769165039,8.544413529421035e-05,0.0008930743348872964,0.1416800618171692,-0.003908391576260328,-9.150244295597076e-06,9.809999465942383,0.0,0.0,0.0,5196,Red,Driving
2025-04-11 15:33:47,b9a19950,2.8476888715270756e-07,0.0,1.0,-0.0020629733335226774,-89.51190185546875,-0.0004954490612050222,0.0009835590115427834,-0.007587432861328125,0.010951831936836243,4.656612873077393e-10,9.8099946975708,-3.740330356549748e-08,1.6582653472596576e-08,4.370618450488806e-11,5728,None,Driving
2025-04-11 15:33:48,da92861c,18.424024062780383,0.0,0.36890125274658203,-0.00017573311924934387,-89.4092788696289,-0.00046209175921774204,-0.0009640196671945366,-0.019796142354607582,4.2391462326049805,0.0015230178833007812,9.84447956085205,-0.00018539000302553177,-0.00881034042686224,-0.00010290391946909949,5176,Green,Driving
2025-04-11 15:33:48,7c350761,3.4373570060149195e-08,0.0,1.0,-0.049393180757761,92.22798156738281,0.00012447542277982393,-0.00046998923301155913,-0.011120414361357689,-5.225121640251018e-06,2.2737367544323206e-13,9.8100004196167,-1.1437236047129318e-08,-4.325223734724659e-09,-1.7449801640537915e-13,5504,None,Driving
2025-04-11 15:33:49,19a6c8fa,19.843711669922975,0.7107316851615906,0.0,-0.0006155604496598244,-179.80088806152344,-0.00011731975713757947,-0.00040676952043465394,-0.0008409118745476007,0.979300856590271,-0.012161731719970703,9.808351516723633,-8.279991743620485e-05,0.005017427261918783,-0.0007401698967441916,5548,None,Driving
2025-04-11 15:33:50,a4b74d87,20.240910873363546,0.5472010374069214,0.0,0.20291471481323242,33.14607238769531,-0.00028772382935926544,0.0008795874747504662,0.06792331486940384,-0.5842113494873047,2.20082950592041,9.773138046264648,4.964310210198164e-05,0.0016257351962849498,0.42252328991889954,5196,None,Driving
2025-04-11 15:33:51,8aba1b13,9.884002051913116,0.8500000238418579,0.0,0.03402828052639961,-95.7951889038086,-0.0007490881815499506,-0.0009297989484663782,-0.02966945618391037,-0.10800886154174805,0.07462430745363235,9.824859619140625,0.004120529629290104,-6.871763616800308e-06,0.05131831392645836,5752,None,Driving
2025-04-11 15:33:51,f22e1763,1.2704659731014041e-06,0.0,1.0,0.010978111065924168,89.44056701660156,0.00015087753554610117,0.0009245606036028053,-0.0046134949661791325,-0.0006008890923112631,-6.594927981495857e-08,9.8100004196167,2.5780469314895527e-08,6.024195187137593e-08,9.029652893455253e-12,5376,None,Driving
2025-04-11 15:33:52,d7c5a57f,0.0,0.0,1.0,0.0,-179.39468383789062,0.0006114289306253795,-5.986216736424552e-05,0.0028562163934111595,0.06574909389019012,0.0,9.80978012084961,0.0,0.0,0.0,5836,None,Driving
2025-04-11 15:33:53,47040b8d,0.0,0.0,1.0,0.0,-179.39251708984375,0.0005807358292315712,-0.0001329701793939759,-0.004098624922335148,0.008819938637316227,-9.524008783046156e-05,9.809996604919434,0.0,0.0,0.0,5696,None,Driving
2025-04-11 15:33:54,44098733,2.094304174064675e-06,0.0,1.0,0.003015305148437619,-179.57008361816406,0.0006124281172219526,-0.000152805316625283,-0.0014786911197006702,2.3388863610307453e-06,0.0,9.8100004196167,2.1162152918918764e-08,1.711526698144894e-09,3.833461759833456e-12,5484,None,Driving
2025-04-11 15:33:54,0b334c6e,0.0038849533505587457,0.0,1.0,0.26166632771492004,-33.0911979675293,-0.00026415989587746935,-0.0008611655416259961,-0.004063911270350218,-0.020504282787442207,-0.019474750384688377,9.839177131652832,0.006370308808982372,-0.010892505757510662,-3.1280156690627337e-05,5560,None,Driving
2025-04-11 15:33:55,0ebdc813,0.0,0.0,1.0,0.0,-179.3820343017578,0.000579944717983949,-5.726709390949293e-05,-0.004351424984633923,-0.006792658008635044,-3.637978807091713e-12,9.809998512268066,0.0,0.0,0.0,5628,None,Driving
2025-04-11 15:33:56,4a1fe7a3,20.095007658076057,0.5586260557174683,0.0,-0.03788943961262703,-105.85291290283203,0.00032211767005208003,0.0009685041844053668,0.03895946592092514,-0.6038726568222046,-0.5141034126281738,9.808910369873047,0.0022237703669816256,0.0006173669826239347,-0.0687815248966217,5192,None,Driving
2025-04-11 15:33:56,4beb76ed,4.675051401626753e-06,0.0,1.0,0.0006220098002813756,-90.31392669677734,-0.0006456872756217535,-0.0009337645109552728,0.0014006805140525103,2.5727746105985716e-05,0.0,9.8100004196167,-4.578350853989832e-08,-1.7905684899233165e-06,9.261322264642047e-11,4916,None,Driving
2025-04-11 15:33:57,4069e686,1.5106585433056106e-06,0.0,1.0,0.0012440196005627513,-89.8436508178711,-0.0005917560780943631,-0.0009337129033343513,0.010660171508789062,1.0524987374083139e-05,4.547473508864641e-13,9.8100004196167,3.961869055046918e-09,-4.6858172453312363e-08,-1.2472744191638352e-12,5900,None,Driving
2025-04-11 15:33:58,e4e03dd8,2.5062563213546378e-06,0.0,1.0,0.007941302843391895,-179.79476928710938,0.0005788146276159978,5.484052053642927e-05,0.04261207580566406,0.0,0.0,9.8100004196167,9.511212262225399e-09,-3.406182669252189e-09,-1.3684776104189514e-14,5504,None,Driving
2025-04-11 15:33:58,788848d9,0.0,0.0,1.0,0.0,90.2322769165039,8.544413529421035e-05,0.0008930743348872964,0.1416800618171692,-0.003908391576260328,-9.150244295597076e-06,9.809999465942383,0.0,0.0,0.0,5124,Red,Driving
2025-04-11 15:34:00,b9a19950,2.8517744510583154e-06,0.0,1.0,-0.0020629733335226774,-89.51190185546875,-0.0004954490612050222,0.0009835590115427834,-0.007587432861328125,0.010951831936836243,4.656612873077393e-10,9.8099946975708,2.3563912066038029e-07,1.2734253118651395e-07,-2.2832538637551636e-10,5488,None,Driving
2025-04-11 15:34:01,da92861c,21.394296610929885,0.07829757034778595,0.0,0.22568345069885254,-39.98661804199219,-0.00024223875357165525,-0.0009099198710810694,-0.020013540983200073,3.3975777626037598,2.8678460121154785,9.81804370880127,0.025061912834644318,0.004403761588037014,0.47760671377182007,5488,None,Driving
2025-04-11 15:34:01,7c350761,1.373880169895288e-07,0.0,1.0,-0.049393180757761,92.22798156738281,0.00012447542277982393,-0.00046998923301155913,-0.011120414361357689,-5.225121640251018e-06,2.2737367544323206e-13,9.8100004196167,-3.833335426861595e-08,-2.9855868888262194e-08,1.9417953356359874e-11,5264,None,Driving
2025-04-11 15:34:02,19a6c8fa,18.004267073696923,0.31331950426101685,0.0,0.0004304564790800214,-179.8848114013672,-0.00011653825806945406,-0.0006851309871585936,-0.0010927581461146474,-0.21587279438972473,-0.08596189320087433,9.796198844909668,-0.0004646116285584867,-0.0030591327231377363,0.04271967336535454,5208,None,Driving
2025-04-11 15:34:03,a4b74d87,19.851270177930836,0.46307194232940674,0.0,0.0,90.3869857788086,-0.0005518628045990681,0.0009203023923206374,0.06782294809818268,-0.37030312418937683,0.162430077791214,9.826645851135254,0.00012686336413025856,0.0054261283949017525,-0.04430478811264038,5580,None,Driving
2025-04-11 15:34:03,8aba1b13,1.0705613590576317e-07,0.0,1.0,0.012517756782472134,-92.05989837646484,-0.0006983554914086199,-0.0009328913620966545,-0.029593924060463905,-0.029908552765846252,-2.0023435354232788e-07,9.809954643249512,1.1255522025521714e-07,3.800394665631757e-09,-3.221652111751183e-11,5644,None,Driving
2025-04-11 15:34:04,f22e1763,5.677136195233399e-08,0.0,1.0,0.010978111065924168,89.44056701660156,0.00015087753554610117,0.0009245606036028053,-0.0046134949661791325,-0.0006008890923112631,-6.594927981495857e-08,9.8100004196167,-4.116451535196575e-08,5.036572048311427e-09,-1.8023171930586779e-12,5092,None,Driving
2025-04-11 15:34:05,d7c5a57f,0.0,0.0,1.0,0.0,-179.39468383789062,0.0006114289306253795,-5.986216736424552e-05,0.0028562163934111595,0.06574909389019012,0.0,9.80978012084961,0.0,0.0,0.0,5396,None,Driving
2025-04-11 15:34:06,47040b8d,0.0,0.0,1.0,0.0,-179.39251708984375,0.0005807358292315712,-0.0001329701793939759,-0.004098624922335148,0.008819938637316227,-9.524008783046156e-05,9.809996604919434,0.0,0.0,0.0,5712,None,Driving
2025-04-11 15:34:07,44098733,3.846687160857379e-06,0.0,1.0,0.003015305148437619,-179.57008361816406,0.0006124281172219526,-0.000152805316625283,-0.0014786911197006702,2.3388863610307453e-06,0.0,9.8100004196167,-1.5461674252037483e-07,3.1476496964444323e-09,-1.2433368223874197e-10,5464,None,Driving
2025-04-11 15:34:08,0b334c6e,7.93080710842392e-06,0.0,1.0,0.26173609495162964,-33.09111404418945,-0.00026415989587746935,-0.0008611721896196607,-0.003609733423218131,0.0,-4.024914517231082e-07,9.8100004196167,-9.284687507715716e-08,4.0464314565724635e-08,1.784841302532314e-10,5536,None,Driving
2025-04-11 15:34:08,0ebdc813,0.0,0.0,1.0,0.0,-179.3820343017578,0.000579944717983949,-5.726709390949293e-05,-0.004351424984633923,-0.006792658008635044,-3.637978807091713e-12,9.809998512268066,0.0,0.0,0.0,5688,None,Driving
2025-04-11 15:34:09,4a1fe7a3,19.665643055311048,0.8500000238418579,0.0,-0.06644350290298462,-147.8267364501953,0.0005494485205872479,0.000792634870275337,0.03904663026332855,-0.4096115827560425,-0.9005812406539917,9.797656059265137,0.0011613208334892988,-0.0007721337024122477,-0.11851737648248672,4936,None,Driving
2025-04-11 15:34:10,4beb76ed,0.0,0.0,1.0,0.0006220098002813756,-90.31392669677734,-0.0006456872756217535,-0.0009337645109552728,0.0014006805140525103,2.5727746105985716e-05,0.0,9.8100004196167,0.0,0.0,0.0,5884,None,Driving
2025-04-11 15:34:10,4069e686,2.7474500073866505e-07,0.0,1.0,0.0012440196005627513,-89.8436508178711,-0.0005917560780943631,-0.0009337129033343513,0.010660171508789062,1.0524987374083139e-05,4.547473508864641e-13,9.8100004196167,-4.104272477434279e-11,-4.968614852884912e-09,-5.870413747124936e-13,5148,None,Driving
2025-04-11 15:34:11,e4e03dd8,4.119873477008597e-06,0.0,1.0,0.007941302843391895,-179.79476928710938,0.0005788146276159978,5.484052053642927e-05,0.04261207580566406,0.0,0.0,9.8100004196167,-1.218227740906741e-08,-5.644643419344675e-09,-4.1558119792672876e-13,5396,None,Driving
2025-04-11 15:34:12,788848d9,0.0,0.0,1.0,0.0,90.2322769165039,8.544413529421035e-05,0.0008930743348872964,0.1416800618171692,-0.003908391576260328,-9.150244295597076e-06,9.809999465942383,0.0,0.0,0.0,5120,Green,Driving
2025-04-11 15:34:13,b9a19950,2.3393385606907654e-06,0.0,1.0,-0.0020629733335226774,-89.51190185546875,-0.0004954490612050222,0.0009835590115427834,-0.007587432861328125,0.010951831936836243,4.656612873077393e-10,9.8099946975708,-2.45753113858882e-07,-3.3020555179064104e-08,2.2382856679215024e-10,5512,None,Driving
2025-04-11 15:34:14,da92861c,1.937698433401337e-05,0.0,1.0,0.0010773526737466455,-0.0873413011431694,-0.0002199594934779725,-0.0007255044582912737,-0.018990248441696167,-0.002562700305134058,-4.093848474440165e-06,9.810259819030762,3.7141094821890874e-07,-5.188412615098059e-05,3.7137989905566826e-10,5124,None,Driving
2025-04-11 15:34:15,7c350761,4.647981381253133,0.8500000238418579,0.0,-0.04458506032824516,91.92265319824219,0.00012261076335562393,-0.00047000945113662135,-0.011261062696576118,4.117597579956055,-0.040102481842041016,9.901982307434082,-0.0008402452804148197,-0.004508527927100658,0.010486102662980556,5296,None,Driving
2025-04-11 15:34:16,19a6c8fa,15.35382513742695,0.629897952079773,0.0,0.004137509502470493,-179.21334838867188,-0.00011600331731642655,-0.0007756608975854061,-0.0011928557651117444,2.1103055477142334,0.016347423195838928,9.819437980651855,-0.00011021517275366932,-0.007410674821585417,0.0072719017043709755,5388,Green,Driving
2025-04-11 15:34:16,a4b74d87,19.946295825659515,0.41106799244880676,0.0,0.04421617090702057,92.9788818359375,-0.0008426747297818338,0.000916706581644321,0.06774944067001343,-0.3199766278266907,0.6432967185974121,9.830766677856445,0.0015801847912371159,0.006140436977148056,0.03494688495993614,5304,None,Driving
2025-04-11 15:34:17,8aba1b13,6.924516611803864e-08,0.0,1.0,0.012517756782472134,-92.05989837646484,-0.0006983554914086199,-0.0009328913620966545,-0.029593924060463905,-0.029908552765846252,-2.0023435354232788e-07,9.809954643249512,2.92079178620952e-08,-2.1348459000591902e-08,-4.321481367197677e-11,5752,None,Driving
2025-04-11 15:34:18,f22e1763,4.490478488016644,0.8500000238418579,0.0,0.007719559594988823,89.59722137451172,0.00014641464143494431,0.0009245688964608816,-0.004187469370663166,1.3856582641601562,0.0224301815032959,9.808382987976074,-2.0897481590509415e-05,0.001718866522423923,0.0052963257767260075,5268,None,Driving
2025-04-11 15:34:18,d7c5a57f,0.0,0.0,1.0,0.0,-179.39468383789062,0.0006114289306253795,-5.986216736424552e-05,0.0028562163934111595,0.06574909389019012,0.0,9.80978012084961,0.0,0.0,0.0,5568,None,Driving
2025-04-11 15:34:19,47040b8d,17.60141113501021,0.0,0.16889344155788422,0.0,-179.39593505859375,0.0005811977619742947,-0.0001765209888491956,-0.003990821540355682,-0.35313987731933594,-0.0012401994317770004,9.822030067443848,7.47168087400496e-08,0.0035500572994351387,-1.0572053724899888e-05,5748,Green,Driving
2025-04-11 15:34:20,44098733,15.011019291164093,0.8500000238418579,0.0,0.0011323104845359921,-179.46864318847656,0.0006127321429971744,-0.00018346939301093195,-0.00967357587069273,2.404513120651245,0.00382058322429657,9.771671295166016,-7.254385855048895e-05,0.0044192238710820675,0.002291641430929303,5444,None,Driving
2025-04-11 15:34:20,0b334c6e,3.1929679853930593e-06,0.0,1.0,0.26173609495162964,-33.09111404418945,-0.00026415989587746935,-0.0008611721896196607,-0.003609733423218131,0.0,-4.024914517231082e-07,9.8100004196167,1.4631750389071385e-07,-2.561619716345831e-08,-1.753832079565143e-10,5572,None,Driving
2025-04-11 15:34:21,0ebdc813,15.47683597328346,0.8253746628761292,0.0,0.0,-179.39749145507812,0.0005803459278297396,-9.530526022646109e-05,-0.0045228577218949795,1.674298882484436,-9.935349225997925e-05,9.746337890625,3.8470898289233446e-07,-0.005300231743603945,1.1628848369582556e-05,5412,None,Driving
2025-04-11 15:34:22,4a1fe7a3,20.423536248744824,0.5632627010345459,0.0,-0.012838054448366165,-178.4375457763672,0.0006088753471402697,0.0005445281485745581,0.038867224007844925,1.4330875873565674,-0.2508801817893982,9.81050968170166,0.0008193725952878594,-0.002393687842413783,-0.006480272393673658,5120,None,Driving
2025-04-11 15:34:22,4beb76ed,1.4078425656243819e-06,0.0,1.0,0.0006220098002813756,-90.31392669677734,-0.0006456872756217535,-0.0009337645109552728,0.0014006805140525103,2.5727746105985716e-05,0.0,9.8100004196167,-6.53184528687234e-09,-3.175349405637462e-08,-2.403101589248946e-12,4800,None,Driving
2025-04-11 15:34:23,4069e686,2.747413326638254e-07,0.0,1.0,0.0012440196005627513,-89.8436508178711,-0.0005917560780943631,-0.0009337129033343513,0.010660171508789062,1.0524987374083139e-05,4.547473508864641e-13,9.8100004196167,7.328486262281331e-09,-2.9112630528516092e-08,-1.1429579071381424e-12,4932,None,Driving
2025-04-11 15:34:24,e4e03dd8,8.438739069354112,0.8500000238418579,0.0,0.004909720737487078,-179.65504455566406,0.000578883300690336,4.752475047221213e-05,0.04254859685897827,3.703052043914795,0.025270648300647736,9.808608055114746,-1.3205717550590634e-05,-0.00022238105884753168,-0.005947474390268326,5736,None,Driving
2025-04-11 15:34:24,788848d9,20.12883494200802,0.5495046377182007,0.0,0.0,90.3939208984375,-0.00011181036089169538,0.0008918608361674614,0.1417182832956314,0.7072502970695496,-0.004873692989349365,9.808426856994629,-1.5208148397505283e-05,-0.0014785941457375884,1.1137650290038437e-05,5204,None,Driving
2025-04-11 15:34:26,b9a19950,1.4562290184861138e-06,0.0,1.0,-0.0020629733335226774,-89.51190185546875,-0.0004954490612050222,0.0009835590115427834,-0.007587432861328125,0.010951831936836243,4.656612873077393e-10,9.8099946975708,8.038668397603033e-09,-1.1013931100478658e-07,-4.4385536912550094e-12,5452,None,Driving
2025-04-11 15:34:27,da92861c,1.0986345459179756e-06,0.0,1.0,0.0010773526737466455,-0.0873413011431694,-0.0002199594934779725,-0.0007255044582912737,-0.018991317600011826,-3.657585693872534e-05,-1.7763568394002505e-15,9.8100004196167,-3.641757784222932e-09,3.627846689724379e-09,-7.505679021010958e-13,5684,None,Driving
2025-04-11 15:34:27,7c350761,15.766467310950933,0.8500000238418579,0.0,0.0,89.83110046386719,-5.4865120688418756e-05,-0.000469716733807331,-0.010614852420985699,-0.14636318385601044,0.0008382201194763184,9.798670768737793,2.271495759487152e-06,-0.006648901849985123,1.065258402377367e-05,5396,None,Driving
2025-04-11 15:34:28,19a6c8fa,18.753384176623676,0.8500000238418579,0.0,0.03716695308685303,-91.08804321289062,2.338394504874941e-05,-0.0009266730207237107,-0.0011356353061273694,2.9582302570343018,0.5607733726501465,9.897407531738281,-0.0011560767889022827,-0.015846792608499527,0.08194603025913239,5556,None,Driving
2025-04-11 15:34:29,a4b74d87,20.28777904471306,0.5946791172027588,0.0,0.12044405192136765,126.01571655273438,-0.0010773319777115375,0.0008320859151530606,0.06772392243146896,0.3255363702774048,1.04329252243042,9.793617248535156,0.01787414401769638,-0.00525558739900589,0.1854897290468216,5160,None,Driving
2025-04-11 15:34:29,8aba1b13,1.0317494196730541e-07,0.0,1.0,0.012517756782472134,-92.05989837646484,-0.0006983554914086199,-0.0009328913620966545,-0.029593924060463905,-0.029908552765846252,-2.0023435354232788e-07,9.809954643249512,-6.645528571880277e-09,4.0360024655683446e-08,4.1325713684425835e-11,5524,None,Driving
2025-04-11 15:34:30,f22e1763,19.78876217027796,0.8500000238418579,0.0,0.0006155604496598244,90.36096954345703,-2.884172081962788e-05,0.000923859274539207,-0.0036699294578284025,2.5123980045318604,0.016820907592773438,9.776934623718262,8.591823279857635e-05,-0.004506916739046574,0.0007680897833779454,5232,None,Driving
2025-04-11 15:34:31,d7c5a57f,14.520573272418556,0.8500000238418579,0.0,0.0,-179.4063262939453,0.0006127385853744727,-0.00018573683860265331,0.0024552918039262295,0.6860584616661072,0.005809696391224861,9.830843925476074,-6.787086022086442e-07,-0.003963054157793522,1.2506541224865941e-07,5336,None,Driving
2025-04-11 15:34:31,47040b8d,16.068946851370157,0.8500000238418579,0.0,-0.24246059358119965,166.2014923095703,0.0005700338958973816,-0.00035032000124086477,-0.004247855860739946,2.401010036468506,-0.9159550666809082,9.79631233215332,0.0002676986623555422,0.005138136446475983,-0.23454450070858002,5916,None,Driving
2025-04-11 15:34:32,44098733,16.751029666043543,0.8500000238418579,0.0,-0.0005661552422679961,-179.37330627441406,0.0006148223544499842,-0.0003859740136958902,-0.011948203667998314,2.0040674209594727,-0.003246493637561798,9.87395191192627,-1.9167346181347966e-05,-0.012733737006783485,-0.0013096611946821213,5520,None,Driving
2025-04-11 15:34:33,0b334c6e,7.0381456878211525e-06,0.0,1.0,0.26173609495162964,-33.09111404418945,-0.00026415989587746935,-0.0008611721896196607,-0.003609733423218131,0.0,-4.024914517231082e-07,9.8100004196167,-9.054171812294953e-08,3.702037787434165e-08,1.6544141057117656e-10,5488,None,Driving
2025-04-11 15:34:34,0ebdc813,13.097541724585668,0.7161314487457275,0.0,0.0,-179.40281677246094,0.0005821898208466791,-0.00027120731743868903,-0.003971977159380913,-0.03302351385354996,0.005089360289275646,9.771358489990234,-8.224757038988173e-06,-0.006374765653163195,1.9761946532526053e-06,5456,Green,Driving
2025-04-11 15:34:34,4a1fe7a3,19.88150728904471,0.7434507608413696,0.0,0.0,179.97268676757812,0.0006100412818881296,0.00028261222471424137,0.038995854556560516,-0.14334224164485931,0.13492590188980103,9.802803039550781,2.855077354979585e-06,-0.0008743390208110213,-0.03557249903678894,5396,None,Driving
2025-04-11 15:34:35,4beb76ed,3.84969096930516e-06,0.0,1.0,0.0006220098002813756,-90.31392669677734,-0.0006456872756217535,-0.0009337645109552728,0.0014006805140525103,2.5727746105985716e-05,0.0,9.8100004196167,-1.856657831922348e-07,1.4708965068166435e-07,-2.44481019630316e-12,5004,None,Driving
2025-04-11 15:34:36,4069e686,1.5793000706228467e-06,0.0,1.0,0.0012440196005627513,-89.8436508178711,-0.0005917560780943631,-0.0009337129033343513,0.010660171508789062,1.0524987374083139e-05,4.547473508864641e-13,9.8100004196167,-4.56137989601757e-08,-2.5516726509522414e-08,-1.6686450805087835e-14,5784,None,Driving
2025-04-11 15:34:36,e4e03dd8,14.8481009143719,0.8500000238418579,0.0,0.0,-179.3959503173828,0.0005806376171193506,-0.00012236064116456752,0.04257301241159439,4.06000280380249,-0.00277835875749588,9.809625625610352,6.766676960978657e-07,-0.0016749417409300804,8.031497600313742e-06,5324,None,Driving
2025-04-11 15:34:38,788848d9,20.236233714556203,0.47722989320755005,0.0,0.0,90.39246368408203,-0.0003919778030621046,0.0008899466937441999,0.14172157645225525,0.07370501756668091,-0.0030136406421661377,9.807954788208008,4.0960730984807014e-07,-0.0008135109674185514,1.7936641825144761e-06,5216,None,Driving
2025-04-11 15:34:39,b9a19950,2.612043207207579e-06,0.0,1.0,-0.0020629733335226774,-89.51190185546875,-0.0004954490612050222,0.0009835590115427834,-0.007587432861328125,0.010951831936836243,4.656612873077393e-10,9.8099946975708,2.663944655978412e-07,5.20621767918783e-08,-2.885933714225075e-10,5476,None,Driving
2025-04-11 15:34:40,da92861c,1.2359625738637737e-06,0.0,1.0,0.0010773526737466455,-0.0873413011431694,-0.0002199594934779725,-0.0007255044582912737,-0.018991317600011826,-3.657585693872534e-05,-1.7763568394002505e-15,9.8100004196167,-4.936312691938838e-09,-2.9051572258964597e-09,-7.691673903700846e-13,5840,None,Driving
2025-04-11 15:34:41,7c350761,19.77102083678817,0.5307863354682922,0.0,-0.0002485241857357323,89.81710815429688,-0.0003202835777074142,-0.00046897702457412315,-0.01087543461471796,-1.8376266956329346,0.23916220664978027,9.805716514587402,-3.405718598514795e-05,0.0019336112309247255,-0.07060917466878891,5136,None,Driving
2025-04-11 15:34:42,19a6c8fa,17.777969188905093,0.4497424364089966,0.0,0.14947782456874847,-89.00391387939453,0.000248088508243427,-0.000947660942330651,-0.0012281036470085382,-0.6921043395996094,2.5406527519226074,9.821181297302246,0.005509447306394577,0.0022570514120161533,0.27863365411758423,5112,None,Driving
2025-04-11 15:34:42,a4b74d87,20.32150517116999,0.5896643996238708,0.0,0.04508862644433975,176.0186309814453,-0.0012030051701685807,0.0005968532387916758,0.06770706176757812,0.4515925943851471,0.311491996049881,9.79138469696045,-0.004476911388337612,-0.006090905051678419,0.15865615010261536,4720,None,Driving
2025-04-11 15:34:43,8aba1b13,1.0322834533491856e-07,0.0,1.0,0.012517756782472134,-92.05989837646484,-0.0006983554914086199,-0.0009328913620966545,-0.029593924060463905,-0.029908552765846252,-2.0023435354232788e-07,9.809954643249512,-1.0288047747053497e-08,5.37686588586439e-08,4.6666698283459596e-12,5420,None,Driving
2025-04-11 15:34:44,f22e1763,20.004520132113058,0.5473513007164001,0.0,0.0,90.39325714111328,-0.00029227486075456,0.0009220693879150565,-0.004432258661836386,-0.19990643858909607,0.001377984881401062,9.805882453918457,-1.2467789929360151e-05,0.000627571833319962,-3.555586713943626e-09,5240,None,Driving
2025-04-11 15:34:45,d7c5a57f,11.309264889142336,0.4247749447822571,0.0,0.0,-179.40200805664062,0.0006148497002982367,-0.0003879202652431912,0.001782226492650807,-1.8852816820144653,-0.005352623760700226,9.830249786376953,5.2150426199659705e-08,0.0018663692753762007,1.6551006183362915e-06,5196,None,Driving
2025-04-11 15:34:45,47040b8d,20.48407079373034,0.3055979907512665,0.0,0.0455564484000206,99.23900604248047,0.00033823312632819125,-0.00044440758205044415,-0.0033959578722715378,-0.3871510624885559,0.13057807087898254,9.810961723327637,0.0006801792187616229,3.717350773513317e-05,0.06697734445333481,5484,None,Driving
2025-04-11 15:34:46,44098733,15.793169098035722,0.8500000238418579,0.0,-0.0009459785069338977,-179.77896118164062,0.0006168164098596662,-0.0005986187951297345,-0.01741664856672287,1.7828577756881714,-0.006372207310050726,9.9432954788208,-4.2660103645175695e-05,0.01988721452653408,-0.0019409348024055362,5752,None,Driving
2025-04-11 15:34:47,0b334c6e,5.664851166966245e-06,0.0,1.0,0.26173609495162964,-33.09111404418945,-0.00026415989587746935,-0.0008611721896196607,-0.003609733423218131,0.0,-4.024914517231082e-07,9.8100004196167,1.2454204068035324e-07,-6.0805209756154e-09,-1.0375708625609548e-10,5616,None,Driving
2025-04-11 15:34:47,0ebdc813,17.903388086893127,0.8500000238418579,0.0,0.0006155604496598244,-179.40292358398438,0.0005847932299900549,-0.0005210056965170238,-0.0037740706466138363,0.5864035487174988,0.023626159876585007,9.778397560119629,0.00034547760151326656,-0.013838665559887886,0.000953483919147402,5820,None,Driving
2025-04-11 15:34:48,4a1fe7a3,11.066912361224736,0.8500000238418579,0.0,0.0016763396561145782,-179.47787475585938,0.0006103621675208615,4.02291985330572e-05,0.03885837644338608,-0.5044390559196472,0.006877289619296789,9.801819801330566,6.380600825650617e-05,0.00023097320809029043,0.0023390846326947212,5628,None,Driving
2025-04-11 15:34:49,4beb76ed,2.8839334282723255e-06,0.0,1.0,0.0006220098002813756,-90.31392669677734,-0.0006456872756217535,-0.0009337645109552728,0.0014006805140525103,2.5727746105985716e-05,0.0,9.8100004196167,-3.9824561426371474e-09,-1.436562335754843e-08,6.528919657515508e-13,5652,None,Driving
2025-04-11 15:34:49,4069e686,1.029973487020494e-06,0.0,1.0,0.0012440196005627513,-89.8436508178711,-0.0005917560780943631,-0.0009337129033343513,0.010660171508789062,1.0524987374083139e-05,4.547473508864641e-13,9.8100004196167,-3.564172601500104e-08,1.1389669651862278e-08,8.974684060150673e-13,5716,None,Driving
2025-04-11 15:34:50,e4e03dd8,2.059959814894336e-06,0.0,1.0,-0.0026020542718470097,-179.2890625,0.0005815707350080856,-0.0002111222709466392,0.04261283949017525,-5.2251223678467795e-05,-2.1445666220643034e-07,9.8100004196167,-9.769549791371901e-08,-5.9029666488186194e-08,1.7935557553028225e-12,5308,Red,Driving
