Event_ID,Timestamp,Vehicle_ID,Speed_KPH,Throttle,Brake,Steer,Heading,Latitude,Longitude,Altitude,Accel_X,Accel_Y,Accel_Z,Gyro_X,Gyro_Y,Gyro_Z,LiDAR_Points,Proximity_Alert,Collision_Partner,Traffic_Light_State,Lane_Type
0de33f67,2025-04-11 15:09:55,942b19d7,9.379905849878995,0.8500000238418579,0.0,-0.18002769351005554,-2.508575677871704,-0.00021935723322030753,-0.0005750698196335593,-0.010959853418171406,2.6754000186920166,-1.535357117652893,9.804536819458008,-0.017283618450164795,0.022770239040255547,-0.19820070266723633,5020,True,None,None,Driving
96f5e4a8,2025-04-11 15:09:57,c165bcd4,8.498872670577915,0.8500000238418579,0.0,0.0013194821076467633,0.28604987263679504,-0.0002512726573513646,-0.0005936050427943949,-0.01965736411511898,1.6314523220062256,0.003214658936485648,9.806490898132324,0.00012476896517910063,0.0010095323668792844,0.0013802290195599198,5024,True,None,None,Driving
2065624c,2025-04-11 15:09:58,fb5b6afc,18.976201444108277,0.7930364012718201,0.0,0.13897448778152466,-174.80361938476562,-0.00011424727891551356,-0.0008182097704387617,-0.008924522437155247,-0.8354121446609497,1.6345478296279907,10.128503799438477,0.031419042497873306,0.03365813568234444,0.1732761412858963,5100,True,None,None,Driving
c96a3652,2025-04-11 15:09:58,646f1d3d,11.983663213653212,0.8500000238418579,0.0,0.005907639395445585,-88.83989715576172,0.0001487245622371347,-0.0009264408892335898,0.06616268306970596,3.04940128326416,0.0393373966217041,9.79499340057373,-4.947790876030922e-05,-0.002391799818724394,0.0037047264631837606,5280,True,None,None,Driving
52530bba,2025-04-11 15:10:00,e630cf78,2.2384689672326106e-05,0.8500000238418579,0.0,0.024810709059238434,-89.35881805419922,0.00015336798020371134,-0.0009580508654600724,-0.029593810439109802,-0.02997797355055809,-9.313225746154785e-10,9.810442924499512,-2.5285777383032837e-07,-1.2915988634176756e-07,6.049931666751718e-10,5488,True,None,None,Driving
fc06d4be,2025-04-11 15:10:01,6fbfba56,9.755344643445865,0.8500000238418579,0.0,-0.001263840589672327,90.4220199584961,-0.0005603520526165084,-0.0009969551985289109,-0.004340858198702335,1.6879929304122925,0.012417197227478027,9.814374923706055,7.15313944965601e-05,-0.0013334068935364485,-0.0010777887655422091,5144,True,None,None,Driving
9c1d1476,2025-04-11 15:10:02,da5adf95,16.129591834944446,0.8500000238418579,0.0,0.0,90.47974395751953,-0.0005796095768602072,-0.001028420152543083,0.001868019113317132,-1.424543857574463,0.001753687858581543,9.857587814331055,-0.00037584826350212097,0.014622130431234837,3.740019747056067e-05,5532,True,None,None,Driving
04881d48,2025-04-11 15:10:03,014ec065,19.59685619784776,0.8500000238418579,0.0,-0.07539517432451248,86.69078826904297,-0.0007331684298605978,-0.0009949331804146393,-0.003963585011661053,1.3772732019424438,-0.7679587006568909,9.812217712402344,-0.00876698736101389,-0.0022902358323335648,-0.07960063219070435,5916,True,None,None,Driving
1be04315,2025-04-11 15:10:03,54fc3bf5,19.908481019474475,0.765947163105011,0.0,-0.017191221937537193,87.48553466796875,-0.0007029025819917933,-0.001027972132598908,-0.0024336623027920723,1.0999195575714111,-0.21465396881103516,9.759428024291992,0.009128374978899956,-0.01397661678493023,-0.04023551195859909,5568,True,None,None,Driving
daca1364,2025-04-11 15:10:04,5762d3af,19.618175636020908,0.8500000238418579,0.0,-0.0012356688966974616,0.6909565925598145,0.0005176563756208452,-0.00010805158869787746,-0.0031743240542709827,0.41008758544921875,0.014902781695127487,9.794808387756348,-0.00012545545177999884,0.00028714811196550727,-0.006298495456576347,5864,True,None,None,Driving
34f55cfc,2025-04-11 15:10:05,7a03b94b,16.850296157470453,0.8500000238418579,0.0,0.0016384831396862864,90.47312927246094,-4.18559818626818e-06,-0.000990494856479375,-0.0054458617232739925,2.774616003036499,0.01215052604675293,9.810405731201172,-1.3781478628516197e-05,-0.0008028267184272408,0.0030159009620547295,5144,True,None,None,Driving
e52b90c8,2025-04-11 15:10:06,44672a60,16.19236412222918,0.3985832929611206,0.0,0.0030234623700380325,90.39924621582031,5.723327994644478e-05,-0.0010213033725211887,-0.0072440337389707565,-0.8150199055671692,0.025852978229522705,9.809366226196289,-4.648708272725344e-05,0.0003467703063506633,0.005307603161782026,5676,True,None,Yellow,Driving
c11013ed,2025-04-11 15:10:06,2144fa72,15.563261135664769,0.0,1.0,-0.00031118179322220385,90.7182846069336,9.439304584191177e-05,-0.0009891976067465706,-0.004305229056626558,-2.85770320892334,0.005316495895385742,9.841514587402344,0.00017044972628355026,0.01556986290961504,-0.0013564685359597206,5940,True,None,Yellow,Driving
62ac7480,2025-04-11 15:10:07,ba75dc0a,15.204258285931443,0.5723133683204651,0.0,-0.0009825967717915773,90.7510757446289,0.0001370539836500484,-0.001020128939331135,0.03889530152082443,0.47441357374191284,0.008706986904144287,9.794151306152344,4.721153527498245e-05,-0.0017676918068900704,-0.0011666774516925216,5756,True,None,None,Driving
d9ac1e20,2025-04-11 15:10:08,acf1b2a7,19.084429535673774,0.8500000238418579,0.0,0.001010760897770524,0.19499143958091736,-0.0012619587555349199,-0.00035285706752409356,-0.03128257766366005,-1.0523325204849243,0.0007172171026468277,9.929024696350098,0.0016419062158092856,0.007121256086975336,0.002282129367813468,5508,True,None,None,Driving
0e514ece,2025-04-11 15:10:09,42c0c07d,21.481956985639364,0.03466006740927696,0.0,-0.014198074117302895,0.7471429109573364,-0.001230608599357197,-0.0003504226339265618,0.00012001037248410285,4.528414726257324,0.19816085696220398,9.787393569946289,-0.0011721194023266435,-0.041793666779994965,-0.04131196811795235,5512,True,None,None,Driving
26831eec,2025-04-11 15:10:10,d97d087f,16.236816388760424,0.8500000238418579,0.0,0.0003670363512355834,-179.68203735351562,-0.001200425885699019,-0.00011579876300560927,0.04255836457014084,-4.6721296310424805,-0.009096309542655945,9.846590042114258,-1.0406412911834195e-05,0.0006796922534704208,0.0008384492830373347,5568,True,None,None,Driving
bcdd088c,2025-04-11 15:10:11,984f6ad5,20.402662322682957,0.29428791999816895,0.0,-0.052263036370277405,-2.139007568359375,-0.0012354604010766934,0.0005868401952206173,0.14170867204666138,-0.7038428783416748,-0.6464848518371582,9.810580253601074,-0.0009249248541891575,0.001755892182700336,-0.1041531190276146,4692,True,None,None,Driving
b5bbb136,2025-04-11 15:10:12,942b19d7,20.484169919786712,0.38338905572891235,0.0,-0.09977532178163528,-79.66515350341797,-8.080814492927857e-05,-0.000410957379495207,-0.0076478575356304646,0.43715977668762207,-1.035201907157898,9.842144012451172,0.016783177852630615,0.004318062216043472,-0.3145846128463745,5268,True,None,None,Driving
08813962,2025-04-11 15:10:12,c165bcd4,15.985152332443104,0.8500000238418579,0.0,-0.0006220098002813756,0.1690860539674759,-0.00025204456136407316,-0.00040804518132205297,-0.01926608942449093,1.3769298791885376,-0.014233754947781563,9.816287994384766,-9.963585034711286e-05,-0.005241262726485729,-0.0012889940990135074,5316,True,None,None,Driving
94ac9a7f,2025-04-11 15:10:13,fb5b6afc,19.756605170346482,0.8484053015708923,0.0,0.003731141798198223,-90.33358764648438,5.0796175898426554e-05,-0.0009260652433235358,-0.01091712899506092,0.9601165056228638,0.26095443964004517,9.802677154541016,-0.0002016127109527588,-0.002418785821646452,-0.05573875084519386,5308,True,None,None,Driving
cc48b02f,2025-04-11 15:10:14,646f1d3d,19.90398800865959,0.3800197243690491,0.0,0.08432028442621231,-64.34151458740234,0.00035790546480996,-0.0008842546404470278,0.0678587332367897,-0.9328722953796387,1.389484167098999,9.827075958251953,0.005129652563482523,0.00956595130264759,0.10283302515745163,4884,True,None,None,Driving
7f17d9a1,2025-04-11 15:10:15,e630cf78,19.862757159806527,0.6322517395019531,0.0,0.03876765817403793,-68.83490753173828,0.0003401503185926913,-0.0009260971811075324,-0.02942604012787342,-0.21175716817378998,0.2811827063560486,9.812767028808594,0.021255498751997948,-0.0009630853310227394,0.09661592543125153,5008,True,None,None,Driving
e561dc30,2025-04-11 15:10:19,6fbfba56,19.97802578890488,0.5805488228797913,0.0,-0.03504309803247452,80.99176025390625,-0.0007995529643665122,-0.0009862245143221699,-0.0044649504125118256,-0.04566188156604767,-0.19122228026390076,9.810014724731445,0.005111361853778362,0.0003197863698005676,-0.05786147713661194,4960,True,None,None,Driving
5f24f87d,2025-04-11 15:10:20,da5adf95,18.348684889433823,0.44695955514907837,0.0,0.007707282900810242,79.8087387084961,-0.0008197300363548266,-0.0010138364419876242,0.002756309462711215,-1.1417673826217651,0.0582423210144043,9.811478614807129,0.0053425258956849575,0.013737042434513569,0.05753267928957939,4944,True,None,None,Driving
552c9253,2025-04-11 15:10:21,014ec065,20.558191113448164,0.2808194160461426,0.0,-0.03257986903190613,64.62217712402344,-0.0009855723255327575,-0.0009246113202555036,-0.003464774927124381,-0.09959878027439117,-0.15173259377479553,9.811226844787598,0.0028689205646514893,0.00013013998977839947,-0.04655226320028305,5064,True,None,None,Driving
c7c2142f,2025-04-11 15:10:22,54fc3bf5,20.07136208817757,0.46203988790512085,0.0,-0.0034458357840776443,67.83052825927734,-0.0009521662259146524,-0.0009740344927020413,-0.0013755416730418801,-0.14342103898525238,-0.12061527371406555,9.82029914855957,-0.0013200793182477355,0.0015288357390090823,-0.027621060609817505,5760,True,None,None,Driving
173514f2,2025-04-11 15:10:23,5762d3af,19.787879722722735,0.7914758920669556,0.0,-0.0007618034142069519,0.04002871364355087,0.000515697410634175,0.0001452515852259853,-0.003461112966760993,0.16315126419067383,-0.0027418399695307016,9.808595657348633,6.0250335081946105e-05,-0.0003714594931807369,-0.0006363536231219769,5184,True,None,None,Driving
5bfd5101,2025-04-11 15:10:23,7a03b94b,20.398841171623726,0.4597490131855011,0.0,0.00017573311924934387,90.64552307128906,-0.0002640373363362869,-0.000993269742742149,-0.005199546925723553,0.31393417716026306,0.011455833911895752,9.808870315551758,2.0023260731250048e-05,-0.0003782099229283631,-0.0002724178193602711,5456,True,None,None,Driving
3f011c5f,2025-04-11 15:10:24,44672a60,16.634369932870026,0.8500000238418579,0.0,0.000870533986017108,90.64253234863281,-0.00016332230553928184,-0.0010235842511722734,-0.007305183447897434,2.329890012741089,0.003877878189086914,9.807626724243164,4.788604564964771e-05,-0.002682461403310299,0.0006667567067779601,5644,True,None,None,Driving
ab5f5ad6,2025-04-11 15:10:25,2144fa72,0.0,0.0,1.0,0.0,90.68994140625,8.051901716044085e-05,-0.0009893687411814192,-0.0044674682430922985,-0.001504835207015276,-3.326276782900095e-06,9.8100004196167,0.0,0.0,0.0,5752,True,None,Red,Driving
3b8e9885,2025-04-11 15:10:26,ba75dc0a,2.26667802923982e-06,0.0,1.0,-0.0008796547190286219,90.71247863769531,7.547103108151987e-05,-0.0010208835208800665,0.03879779577255249,-1.045024509949144e-05,0.0,9.8100004196167,-3.241736976633547e-07,2.2056411808080156e-07,5.183924123297601e-11,5056,True,None,Red,Driving
4b55c63c,2025-04-11 15:10:26,acf1b2a7,20.8875275754306,0.0,0.05585227534174919,0.001156342914327979,0.2974209785461426,-0.0012634579123727008,-9.393530234645205e-05,-0.028435707092285156,-1.5986491441726685,-0.0542655847966671,9.562687873840332,-0.003859913209453225,-0.02209404669702053,-0.0010597269283607602,5624,True,None,None,Driving
35f27866,2025-04-11 15:10:27,42c0c07d,20.38630753351826,0.401519775390625,0.0,0.0006155604496598244,0.35378706455230713,-0.0012320362045841193,-8.973682877024131e-05,0.0015205001691356301,0.13426458835601807,-0.0005536290700547397,9.808835983276367,0.00028582854429259896,-0.00234302063472569,0.0007733256788924336,5412,True,None,None,Driving
5db18ba1,2025-04-11 15:10:28,d97d087f,7.553103921422799e-07,0.0,1.0,-0.0022854101844131947,-179.54489135742188,-0.0011999517535201676,-0.00019427500421843294,0.042612724006175995,-4.180098039796576e-05,-2.908726060013578e-07,9.8100004196167,-1.0003257244761699e-07,-1.4454125008001029e-08,-2.6735025651647426e-11,5600,True,None,Red,Driving
562cacd7,2025-04-11 15:10:29,984f6ad5,20.105457921203996,0.4659867584705353,0.0,-0.08432896435260773,-42.907569885253906,-0.001138510173660734,0.0008188477722225041,0.14174067974090576,-0.1943800300359726,-1.0195496082305908,9.804071426391602,-0.0013170947786420584,-0.00013606224092654884,-0.18485254049301147,4804,True,None,None,Driving
af7fc4e2,2025-04-11 15:10:30,942b19d7,19.976537866114764,0.5805827379226685,0.0,0.0022066233213990927,-89.69812774658203,0.00017744344937398182,-0.00040705678915058005,-0.007430152501910925,0.18447428941726685,-0.1578194499015808,9.784937858581543,0.00037121400237083435,-0.0057692877016961575,0.04691736400127411,5368,True,None,None,Driving
863953ef,2025-04-11 15:10:31,c165bcd4,15.616622469590437,0.8500000238418579,0.0,0.0,0.16082251071929932,-0.0002526901021155936,-0.00017677601136904795,-0.019167251884937286,1.225070834159851,0.0003206380642950535,9.817107200622559,-1.4395578546100296e-05,-0.0061213173903524876,-6.960418249946088e-05,5884,True,None,None,Driving
f081e454,2025-04-11 15:10:31,fb5b6afc,20.08492329363452,0.5113359093666077,0.0,0.04872846230864525,-72.48877716064453,0.00031003381072025604,-0.0009038202340898467,-0.01094051357358694,-0.1585325300693512,0.6718976497650146,9.808842658996582,-0.0019988534040749073,0.00016278517432510853,0.06083152815699577,5436,True,None,None,Driving
8ba90c7d,2025-04-11 15:10:32,646f1d3d,14.644283158719473,0.8500000238418579,0.0,0.0754735991358757,-13.335771560668945,0.0005151260943989655,-0.0006921012371757997,0.06883025914430618,-6.653763294219971,0.2458154559135437,9.842782020568848,-0.010648093186318874,0.025197437033057213,0.12717577815055847,5820,True,None,None,Driving
0d62025b,2025-04-11 15:10:33,e630cf78,19.30397256317911,0.43153446912765503,0.0,0.0901680514216423,-23.24970245361328,0.0005295330848298363,-0.0007485444167880015,-0.029384078457951546,-0.48645585775375366,1.6976834535598755,9.829559326171875,-0.040314506739377975,-0.002131704008206725,0.2148519605398178,4800,True,None,None,Driving
91655e77,2025-04-11 15:10:34,6fbfba56,20.005277184282555,0.5765859484672546,0.0,-0.06725781410932541,62.453346252441406,-0.0010012968180888038,-0.0009162020880220062,-0.004453315865248442,0.06584101915359497,-0.36689695715904236,9.809758186340332,-0.0023872831370681524,1.1222553439438343e-05,-0.1106199249625206,4628,True,None,None,Driving
4782cbf3,2025-04-11 15:10:35,da5adf95,20.119058931730173,0.7195587754249573,0.0,-0.06511953473091125,62.7175407409668,-0.0010119724678787634,-0.0009451907672001704,0.0028853986877948046,0.2868538200855255,-0.8457337021827698,9.812331199645996,-0.019829681143164635,-0.002224060706794262,-0.22186100482940674,5280,True,None,None,Driving
fb254425,2025-04-11 15:10:36,014ec065,20.579688040365127,0.28445225954055786,0.0,-0.12930773198604584,38.798248291015625,-0.0011528588742208967,-0.0007885279179830413,-0.0034546279348433018,0.12989592552185059,-1.8003180027008057,9.805349349975586,-0.004400336183607578,0.0002430916647426784,-0.14399108290672302,5236,True,None,None,Driving
6802e426,2025-04-11 15:10:36,54fc3bf5,19.997280209289848,0.6259452104568481,0.0,-0.06413885205984116,46.64698028564453,-0.0011312781845873587,-0.0008602256386866639,-0.0006938552833162248,0.12794244289398193,-0.27851200103759766,9.784476280212402,0.00465594045817852,0.0011874401243403554,-0.14877259731292725,5092,True,None,None,Driving
8bbcb7c4,2025-04-11 15:10:37,5762d3af,19.78718947423142,0.7917893528938293,0.0,0.0,-0.028594965115189552,0.0005157413079359685,0.00034683813169307683,-0.0034612654708325863,0.15752921998500824,7.357270806096494e-05,9.8086576461792,2.5918669052771293e-05,-0.0003673226456157863,-0.0006074890843592584,5212,True,None,None,Driving
699f3777,2025-04-11 15:10:38,7a03b94b,20.210896788639268,0.3671847879886627,0.0,0.00043982735951431096,90.62922668457031,-0.0004744380429571038,-0.0009956284097727103,-0.005197067279368639,-0.027459103614091873,0.005317376926541328,9.810717582702637,2.6444613467901945e-06,0.00016800583398435265,0.0007162844995036721,5368,True,None,None,Driving
0fe23cb7,2025-04-11 15:10:39,44672a60,15.241210157866,0.8500000238418579,0.0,0.0,90.64466857910156,-0.000337597865978978,-0.0010255404061740542,-0.007496451959013939,3.462989330291748,0.0010797977447509766,9.812172889709473,-5.327165126800537e-07,-0.0011224611662328243,-6.149405089672655e-05,4968,True,None,None,Driving
e3d31161,2025-04-11 15:10:39,2144fa72,0.0,0.0,1.0,0.0,90.68994140625,8.051901716044085e-05,-0.0009893687411814192,-0.0044674682430922985,-0.001504835207015276,-3.326276782900095e-06,9.8100004196167,0.0,0.0,0.0,5596,True,None,Red,Driving
8af11629,2025-04-11 15:10:40,ba75dc0a,1.647967292834696e-06,0.0,1.0,-0.0008796547190286219,90.71247863769531,7.547103108151987e-05,-0.0010208835208800665,0.03879779577255249,-1.045024509949144e-05,0.0,9.8100004196167,8.59881765791215e-08,-6.404456343034326e-08,5.08236248225602e-12,5852,True,None,Red,Driving
37d46dec,2025-04-11 15:10:41,acf1b2a7,19.564327971544973,0.6539506912231445,0.0,-0.0016379806911572814,0.7240409255027771,-0.0012655627905218125,0.00011198464798063396,-0.03140735626220703,-2.6621406078338623,-0.005671793594956398,9.904539108276367,0.0001617055240785703,-0.008318711072206497,-0.003909049555659294,5084,True,None,None,Driving
75385c21,2025-04-11 15:10:41,42c0c07d,20.28392739153015,0.36193618178367615,0.0,-0.0009806097950786352,0.6812461018562317,-0.0012342299054211026,0.00012071978610973142,0.001549529959447682,-0.09001172333955765,-0.014893232844769955,9.81274700164795,0.00046136919991113245,0.0017815374303609133,-0.0027238023467361927,5424,True,None,None,Driving
860f3ed9,2025-04-11 15:10:42,d97d087f,3.1012965580047764e-07,0.0,1.0,-0.0022854101844131947,-179.54489135742188,-0.0011999517535201676,-0.00019427500421843294,0.042612724006175995,-4.180098039796576e-05,-2.908726060013578e-07,9.8100004196167,4.945378009324486e-07,-2.915886625487474e-07,-2.0818216941997925e-11,5484,True,None,Red,Driving
4d29efcd,2025-04-11 15:10:43,984f6ad5,20.24083956616387,0.4750426113605499,0.0,-0.06347917020320892,-71.42240905761719,-0.0009589353912531351,0.0009272145237952919,0.14172400534152985,0.0743151605129242,-0.605945348739624,9.807149887084961,7.891582208685577e-05,-0.0006498616421595216,-0.1280137449502945,5216,True,None,None,Driving
f26d2206,2025-04-11 15:10:45,942b19d7,15.09678195629177,0.35572636127471924,0.0,-0.0008176579140126705,-89.6292953491211,0.00036457042112658655,-0.0004057306514865427,-0.007507171481847763,-0.564373254776001,-0.007679939270019531,9.85987663269043,-0.00012307660654187202,0.0031043910421431065,-0.0014586930628865957,5056,True,None,Green,Driving
e4beb1f3,2025-04-11 15:10:46,c165bcd4,21.29130529544352,0.210749551653862,0.0,0.0,0.1570206731557846,-0.0002532004726987225,5.359097829681981e-06,-0.020100364461541176,4.092456340789795,-0.0024368097074329853,9.812140464782715,-2.0628491256502457e-05,-0.0031021039467304945,-0.0002932692877948284,5644,True,None,None,Driving
49dc82cd,2025-04-11 15:10:46,fb5b6afc,20.172212613354535,0.4846954643726349,0.0,0.04656548053026199,-37.42835235595703,0.00047136793780566677,-0.0007895208677996553,-0.01095657330006361,0.10002312064170837,0.623380720615387,9.81019401550293,-0.0022212716285139322,-6.40180369373411e-05,0.061770644038915634,6048,True,None,None,Driving
d28ac57d,2025-04-11 15:10:47,646f1d3d,5.839318666052216e-07,0.0,1.0,0.049539871513843536,-2.892181873321533,0.0005205728915598229,-0.0006376658887223171,0.06759925931692123,-1.0450244189996738e-05,-5.632619831885677e-06,9.8100004196167,-3.654998081970007e-08,7.962740689038128e-09,3.7190897063388295e-12,5060,True,None,Red,Driving
32edc568,2025-04-11 15:10:48,e630cf78,2.4439997668003032e-05,0.0,1.0,0.03440668061375618,-3.0801401138305664,0.0005516305017607692,-0.0006366536802848811,-0.02959117852151394,-0.02966339699923992,5.225127097219229e-06,9.810093879699707,-3.152648105242406e-06,0.0001881152275018394,2.3312541941322706e-07,4868,True,None,Red,Driving
8872fe6a,2025-04-11 15:10:48,6fbfba56,20.008393910253236,0.5739238858222961,0.0,-0.0691077932715416,39.346900939941406,-0.0011466119533167785,-0.0007966339468766228,-0.004464683588594198,0.06509071588516235,-0.3999645709991455,9.809727668762207,0.004479025956243277,1.7175450921058655e-05,-0.11341451853513718,4852,True,None,None,Driving
f80fbb24,2025-04-11 15:10:49,da5adf95,19.74212196321677,0.48187997937202454,0.0,-0.055497366935014725,40.100807189941406,-0.0011612560440994457,-0.0008263885160465501,0.002866134513169527,-0.6073656678199768,-2.0835797786712646,9.798447608947754,-0.01166933961212635,0.0076024653390049934,-0.12944410741329193,5084,True,None,None,Driving
f70ff432,2025-04-11 15:10:50,014ec065,18.036492373600197,0.09729497879743576,0.0,-0.09138579666614532,11.386012077331543,-0.0012231891642784376,-0.000615736145167564,-0.003265113802626729,-1.069010853767395,-0.31106194853782654,9.81174373626709,0.009955091401934624,0.0009716400527395308,-0.10535836219787598,5284,True,None,None,Driving
ad74a93a,2025-04-11 15:10:51,54fc3bf5,20.200320856556786,0.5272138118743896,0.0,-0.026051916182041168,20.790376663208008,-0.0012323599687391606,-0.0007031004454977735,-0.0016056442400440574,0.17908984422683716,-0.3806326985359192,9.804587364196777,0.01571287401020527,-0.00031505487277172506,-0.09640823304653168,5128,True,None,None,Driving
251f8570,2025-04-11 15:10:51,5762d3af,19.781027822352904,0.7892860174179077,0.0,0.0073668682016432285,0.10844958573579788,0.0005157702986906543,0.0005336772521937187,-0.0034607313573360443,0.16506566107273102,0.024632645770907402,9.808560371398926,0.00020605599274858832,-0.00033962217275984585,0.010132971219718456,5728,True,None,None,Driving
3444dc2c,2025-04-11 15:10:52,7a03b94b,20.223037979637024,0.3394254148006439,0.0,-0.007739623077213764,89.8458023071289,-0.0006620518260405106,-0.0009974583899668994,-0.005196761805564165,-0.21733170747756958,-0.07089430093765259,9.810958862304688,0.00014320091577246785,0.00030126722413115203,-0.019581878557801247,5600,True,None,None,Driving
38583c25,2025-04-11 15:10:53,44672a60,19.866021860486306,0.5066350102424622,0.0,0.0002485241857357323,90.63932037353516,-0.0005188106934923553,-0.0010275732529790367,-0.007087287958711386,-0.7181312441825867,-0.0020098090171813965,9.809226989746094,2.4359789676964283e-05,0.0005815834738314152,-0.00032322393963113427,5012,True,None,None,Driving
1c83cccf,2025-04-11 15:10:53,2144fa72,0.0,0.0,1.0,0.0,90.68994140625,8.051901716044085e-05,-0.0009893687411814192,-0.0044674682430922985,-0.001504835207015276,-3.326276782900095e-06,9.8100004196167,0.0,0.0,0.0,5316,True,None,Red,Driving
e2a20266,2025-04-11 15:10:54,ba75dc0a,8.239882632436827e-07,0.0,1.0,-0.0008796547190286219,90.71247863769531,7.547103108151987e-05,-0.0010208835208800665,0.03879779577255249,-1.045024509949144e-05,0.0,9.8100004196167,5.969857141963075e-08,-3.962085415309957e-08,3.080040020773944e-13,5968,True,None,Red,Driving
c3182f3a,2025-04-11 15:10:54,acf1b2a7,20.770177090871424,0.629840612411499,0.0,0.0002485241857357323,0.3501405715942383,-0.0012668834795732664,0.00028612178281296193,-0.028951015323400497,3.7067108154296875,0.00025797876878641546,9.839737892150879,0.001765399589203298,0.024774981662631035,0.0026828604750335217,5220,True,None,None,Driving
a464312a,2025-04-11 15:10:55,42c0c07d,20.36284858716329,0.41180741786956787,0.0,-0.00043982735951431096,0.3316674530506134,-0.001235535379478847,0.00030075489070278873,0.001547584543004632,0.09271968901157379,-0.0058072893880307674,9.806854248046875,-0.00022331888612825423,-0.0018154163844883442,-0.0008320386405102909,5400,True,None,None,Driving
52bb0ed7,2025-04-11 15:10:56,d97d087f,1.6479540370855325e-06,0.0,1.0,-0.0022854101844131947,-179.54489135742188,-0.0011999517535201676,-0.00019427500421843294,0.042612724006175995,-4.180098039796576e-05,-2.908726060013578e-07,9.8100004196167,1.2549301153796932e-08,8.71184013817583e-08,-9.423230425131823e-12,5416,True,None,Red,Driving
abdef9b8,2025-04-11 15:10:57,984f6ad5,20.144892369834952,0.42274171113967896,0.0,-0.006023230496793985,-88.36333465576172,-0.0007869514524969645,0.0009494114892809517,0.14173324406147003,-0.3468220829963684,-0.04593968391418457,9.810964584350586,0.00033080088905990124,0.001215306925587356,-0.011795205995440483,5188,True,None,None,Driving
8a8d7140,2025-04-11 15:10:58,942b19d7,20.144087356467733,0.31658217310905457,0.0,-0.07740624248981476,-109.50536346435547,0.0005150567359493152,-0.00042009103743008555,-0.007537040393799543,-0.638298511505127,-0.6339590549468994,9.830887794494629,0.018339993432164192,0.010525800287723541,-0.283098965883255,4972,True,None,None,Driving
b2b3d90c,2025-04-11 15:10:58,c165bcd4,20.9303343288629,0.44325652718544006,0.0,0.0,0.15361033380031586,-0.00025361814833502194,0.00015775784916329446,-0.0200361255556345,4.200964450836182,-0.0024810093455016613,9.810811996459961,-2.441782817186322e-05,-0.005073125008493662,-0.0002956298994831741,5904,True,None,None,Driving
6394dcbe,2025-04-11 15:10:59,fb5b6afc,0.0002863211470628,0.0,1.0,0.09186024218797684,-15.608875274658203,0.0005128609790432392,-0.0006982277402857491,-0.011075134389102459,-0.001296106493100524,-0.00014678138541057706,9.812090873718262,8.784430974628776e-05,-0.0008397336932830513,9.091922947845887e-07,5696,True,None,None,Driving
967e8f24,2025-04-11 15:11:00,646f1d3d,1.3732955816634324e-06,0.0,1.0,0.049539871513843536,-2.892181873321533,0.0005205728915598229,-0.0006376658887223171,0.06759925931692123,-1.0450244189996738e-05,-5.632619831885677e-06,9.8100004196167,-5.165626593139905e-09,4.16510559375638e-09,4.022141127102419e-12,5028,True,None,Red,Driving
a48805e3,2025-04-11 15:11:01,e630cf78,9.284135654913976e-07,0.0,1.0,0.034397680312395096,-3.0801401138305664,0.0005516305017607692,-0.0006366538173569155,-0.029593924060463905,-0.029898105189204216,-4.2159808799624443e-07,9.809954643249512,2.2896649909398548e-07,-3.155141712340992e-07,2.8389701700604064e-10,5584,True,None,Red,Driving
89a9c9df,2025-04-11 15:11:02,6fbfba56,18.170178321173275,0.5194110870361328,0.0,-0.12144948542118073,13.508243560791016,-0.001219290013196428,-0.0006370277498665404,-0.004557266365736723,-0.2575737535953522,-0.721808910369873,9.810405731201172,-0.010721053928136826,6.758156814612448e-05,-0.19516761600971222,5312,True,None,None,Driving
a4bc27cd,2025-04-11 15:11:03,da5adf95,19.250135625939755,0.6909910440444946,0.0,0.01603483036160469,16.017290115356445,-0.0012429271260003816,-0.0006658346029911791,0.0026688766665756702,0.0636250227689743,0.008092347532510757,9.82137393951416,0.01061322819441557,-0.005400348920375109,0.024347996339201927,4828,True,None,None,Driving
5829eb9f,2025-04-11 15:11:03,014ec065,20.323879288664163,0.3847113847732544,0.0,-0.006542257033288479,0.7509036660194397,-0.0012296438863756975,-0.00045672196227370966,-0.0037495039869099855,0.5189259648323059,-0.027903087437152863,9.815812110900879,0.0002504981239326298,0.00043282171827740967,-0.01762378215789795,5384,True,None,None,Driving
39851923,2025-04-11 15:11:04,54fc3bf5,15.258051501576809,0.379075825214386,0.0,-0.004499063827097416,2.078697919845581,-0.0012592573398677587,-0.0005364013189997685,-0.0006772232009097934,-0.0581834651529789,-0.02685454860329628,9.790634155273438,-0.00127569236792624,0.004121643491089344,-0.007836843840777874,5668,True,None,None,Driving
7cf20c5e,2025-04-11 15:11:05,5762d3af,19.730429940569323,0.7870764136314392,0.0,0.16432887315750122,23.282804489135742,0.0004833850773025006,0.0007204284752523527,-0.003447914030402899,-0.025061294436454773,1.874438762664795,9.807765007019043,0.003954834304749966,0.00012162810890004039,0.1743372082710266,5600,True,None,None,Driving
4a8059df,2025-04-11 15:11:06,7a03b94b,20.21879715318393,0.3490532636642456,0.0,-0.009188074618577957,75.60562896728516,-0.0008601849967959652,-0.0009729916486649347,-0.005197410471737385,0.17887812852859497,-0.125019833445549,9.808819770812988,6.163539364933968e-05,-0.00030312614399008453,-0.028955943882465363,4800,True,None,None,Driving
9688ae84,2025-04-11 15:11:07,44672a60,20.065962800633972,0.4541451334953308,0.0,-0.007496151141822338,86.85796356201172,-0.0007201883250331775,-0.0010272187846982852,-0.007113914471119642,-0.032892778515815735,-0.1326289027929306,9.810510635375977,0.0002045535802608356,0.00015993289707694203,-0.027212833985686302,4832,True,None,None,Driving
0487d9b7,2025-04-11 15:11:07,2144fa72,0.0,0.0,1.0,0.0,90.68994140625,8.051901716044085e-05,-0.0009893687411814192,-0.0044674682430922985,-0.001504835207015276,-3.326276782900095e-06,9.8100004196167,0.0,0.0,0.0,5120,True,None,Red,Driving
03882151,2025-04-11 15:11:08,ba75dc0a,2.0600563104461967e-07,0.0,1.0,-0.0008796547190286219,90.71247863769531,7.547103108151987e-05,-0.0010208835208800665,0.03879779577255249,-1.045024509949144e-05,0.0,9.8100004196167,7.677160240859848e-09,-1.706236574250397e-08,7.403008869984185e-13,5036,True,None,Red,Driving
c6ef447e,2025-04-11 15:11:09,acf1b2a7,14.72842438580883,0.8500000238418579,0.0,0.0006155604496598244,0.316799134016037,-0.001267973613465756,0.0004799192109298197,-0.03348178789019585,3.223588466644287,-0.013316981494426727,10.056471824645996,0.013666483573615551,0.06690096855163574,-4.2024359572678804e-05,4712,True,None,None,Driving
1d7671a8,2025-04-11 15:11:10,42c0c07d,20.283286865047735,0.3624010384082794,0.0,-0.00017573311924934387,0.32405757904052734,-0.0012366670462000684,0.0005036128659582197,0.0015472030499950051,0.09274979680776596,-0.005207414738833904,9.80712890625,0.000220198038732633,-0.0017889095470309258,0.000824477116111666,5580,True,None,None,Driving
26a2194b,2025-04-11 15:11:10,d97d087f,1.0643025879896107e-06,0.0,1.0,-0.0022854101844131947,-179.54489135742188,-0.0011999517535201676,-0.00019427500421843294,0.042612724006175995,-4.180098039796576e-05,-2.908726060013578e-07,9.8100004196167,7.453927253209258e-09,5.7138095144182444e-08,5.0404992679720095e-12,5464,True,None,Red,Driving
d41d5528,2025-04-11 15:11:11,984f6ad5,20.206344592134762,0.41383084654808044,0.0,0.0,-89.59716796875,-0.0005750224612341981,0.0009515774330312592,0.1417175978422165,-0.07489755004644394,0.0005267485976219177,9.81192398071289,-2.505083102732897e-06,0.0007847124943509698,-1.3246717571746558e-06,5260,True,None,None,Driving
2ccf5f48,2025-04-11 15:11:12,942b19d7,20.08378439373636,0.4972725808620453,0.0,-0.012591010890901089,-178.15452575683594,0.0006153042997141256,-0.0005866634408323617,-0.007407073862850666,-0.12728802859783173,0.13647116720676422,9.809446334838867,0.00198291870765388,0.0012463375460356474,-0.10443075001239777,4748,True,None,None,Driving
b8be2c86,2025-04-11 15:11:13,c165bcd4,14.805917443882308,0.8500000238418579,0.0,0.20599213242530823,48.40794372558594,-0.0002988927671054853,0.0003398396448368008,-0.018090514466166496,-0.6780078411102295,1.3063201904296875,9.78647232055664,-0.010279659181833267,-0.009823563508689404,0.3742009401321411,5752,True,None,None,Driving
07bd83cb,2025-04-11 15:11:14,fb5b6afc,5.4958253463906315e-06,0.0,1.0,0.0918627679347992,-15.608875274658203,0.0005128610818303514,-0.0006982272605336289,-0.011119766160845757,-2.0900492017972283e-05,-3.1382819543068763e-06,9.8100004196167,1.0994602916980512e-06,-5.053976792623871e-07,3.726439157247796e-10,5520,True,None,None,Driving
0a2ded6f,2025-04-11 15:11:15,646f1d3d,1.4077092710449126e-06,0.0,1.0,0.049539871513843536,-2.892181873321533,0.0005205728915598229,-0.0006376658887223171,0.06759925931692123,-1.0450244189996738e-05,-5.632619831885677e-06,9.8100004196167,-2.071276483661677e-08,-1.8456844941283634e-08,-9.533502459690979e-12,4968,True,None,Red,Driving
08ef3757,2025-04-11 15:11:15,e630cf78,1.2060277996696695e-06,0.0,1.0,0.034397680312395096,-3.0801401138305664,0.0005516305017607692,-0.0006366538173569155,-0.029593924060463905,-0.029898105189204216,-4.2159808799624443e-07,9.809954643249512,8.198248337976111e-07,-8.580078656450496e-07,6.664850338289341e-10,4816,True,None,Red,Driving
d7067135,2025-04-11 15:11:16,6fbfba56,20.29593476895016,0.5235779881477356,0.0,-0.004681802354753017,0.7419891357421875,-0.0012295253190615085,-0.00046078347518662826,-0.0044422149658203125,1.3674395084381104,-0.029316386207938194,9.81262493133545,0.00039253730210475624,-0.006995956879109144,-0.00795562844723463,5196,True,None,None,Driving
c09d7aec,2025-04-11 15:11:17,da5adf95,19.613063604949396,0.6759814023971558,0.0,0.0007428202079609036,1.3770334720611572,-0.0012599724446857863,-0.0004918135339039115,0.003746375907212496,2.0839130878448486,0.021973662078380585,9.782515525817871,0.0025365855544805527,0.0005359439528547227,0.020355207845568657,5856,True,None,None,Driving
5d8312af,2025-04-11 15:11:19,014ec065,20.657307168995548,0.30397605895996094,0.0,0.0016365943010896444,0.28095078468322754,-0.0012311581211292832,-0.00023354365762048954,-0.00343914027325809,0.3618796467781067,-0.051954325288534164,9.805435180664062,8.192862151190639e-05,-0.0005078628892078996,0.0010543281678110361,5752,True,None,None,Driving
f7b9e94a,2025-04-11 15:11:19,54fc3bf5,20.334021128486768,0.36504754424095154,0.0,0.004248390439897776,0.16377995908260345,-0.001262004400516048,-0.00032946226379851974,-0.0017638015560805798,-0.237335667014122,-0.03460143133997917,9.837960243225098,0.0007138538639992476,-0.001143603934906423,0.0016490919515490532,5424,True,None,None,Driving
3f8672ad,2025-04-11 15:11:20,5762d3af,19.577306044866972,0.7064766883850098,0.0,0.16086259484291077,63.445560455322266,0.00033311256061097083,0.0008656604763114346,-0.0034461591858416796,-0.29171568155288696,1.8371241092681885,9.81026554107666,0.004181676544249058,0.0006737846415489912,0.16572754085063934,5368,True,None,None,Driving
28ab813a,2025-04-11 15:11:21,7a03b94b,20.373537350884014,0.4594349265098572,0.0,-0.019773470237851143,54.582115173339844,-0.0010610195146654178,-0.0008787603135593622,-0.005196227692067623,0.16486448049545288,-0.2239900678396225,9.80876350402832,0.00012532855907920748,-0.0003049425722565502,-0.05326715111732483,4744,True,None,None,Driving
2b84cab0,2025-04-11 15:11:22,44672a60,20.256924423355823,0.5215073823928833,0.0,-0.048786427825689316,69.4332504272461,-0.0009336636259007491,-0.0009820693812098108,-0.007117690984159708,0.16276836395263672,-0.46532467007637024,9.808528900146484,0.0003205422544851899,-0.00029094284400343895,-0.11077002435922623,5204,True,None,None,Driving
67e9332c,2025-04-11 15:11:23,2144fa72,0.0,0.0,1.0,0.0,90.68994140625,8.051901716044085e-05,-0.0009893687411814192,-0.0044674682430922985,-0.001504835207015276,-3.326276782900095e-06,9.8100004196167,0.0,0.0,0.0,5704,True,None,Red,Driving
4b3a6148,2025-04-11 15:11:24,ba75dc0a,1.408857253960428e-06,0.0,1.0,-0.0008796547190286219,90.71247863769531,7.547103108151987e-05,-0.0010208835208800665,0.03879779577255249,-1.045024509949144e-05,0.0,9.8100004196167,-3.5786305829788034e-07,2.2992063009041885e-07,5.168234590291476e-11,5884,True,None,Red,Driving
dc67b61d,2025-04-11 15:11:24,acf1b2a7,20.178272918576344,0.7141533493995667,0.0,-0.05465863645076752,-16.539016723632812,-0.0012487659834476972,0.000691226237844718,-0.030143527314066887,1.130693793296814,-0.672766387462616,9.85422134399414,-0.009318679571151733,0.012655352242290974,-0.08870332688093185,4252,True,None,None,Driving
0b63b2d7,2025-04-11 15:11:25,42c0c07d,20.26561256976412,0.374743789434433,0.0,-0.07562436908483505,-23.826457977294922,-0.0012032125601422194,0.0007245563310298822,0.0015766905853524804,-0.09428153187036514,-0.7164769768714905,9.80366039276123,0.003072598949074745,0.003134592203423381,-0.17218667268753052,4360,True,None,None,Driving
46e4a594,2025-04-11 15:11:26,d97d087f,14.761149023419085,0.03690178692340851,0.0,-0.0006155604496598244,-179.64622497558594,-0.0011995608240766842,-0.0002566985167499862,0.04260856658220291,-0.7686826586723328,-0.02025938406586647,9.812565803527832,-2.568095806054771e-05,0.0006178435287438333,-0.007313448935747147,5500,True,None,None,Driving
2e34c8b4,2025-04-11 15:11:27,984f6ad5,0.0,0.0,1.0,0.0,-89.61181640625,-0.0004424891218519633,0.0009524886193794013,0.1416662186384201,-0.0034747060853987932,-8.923234418034554e-06,9.809999465942383,0.0,0.0,0.0,5476,True,None,Red,Driving
82057f59,2025-04-11 15:11:28,942b19d7,20.146643316159818,0.4936407208442688,0.0,-0.03524056822061539,154.00668334960938,0.0005755132476537028,-0.0007962380828415067,-0.007459907326847315,0.07830914855003357,-0.12670789659023285,9.812560081481934,0.00955403782427311,3.043562173843384e-06,-0.1686992347240448,4792,True,None,None,Driving
8185e0ff,2025-04-11 15:11:28,c165bcd4,10.882867985903838,0.8500000238418579,0.0,0.0044076223857700825,88.76737213134766,-0.0004427336241121793,0.000363245345789103,-0.01862216927111149,-0.5870360732078552,0.002703845500946045,9.787120819091797,-0.0001746596535667777,-0.0018586874939501286,0.0063657681457698345,5844,True,None,None,Driving
9b467f2d,2025-04-11 15:11:29,fb5b6afc,5.768457787717231e-06,0.0,1.0,0.0918627679347992,-15.608875274658203,0.0005128610818303514,-0.0006982272605336289,-0.011119766160845757,-2.0900492017972283e-05,-3.1382819543068763e-06,9.8100004196167,-3.776677814926188e-08,2.378220926857466e-07,-4.3652476078293034e-10,4908,True,None,None,Driving
37eb39cb,2025-04-11 15:11:30,646f1d3d,0.0,0.0,1.0,0.049539871513843536,-2.892181873321533,0.0005205728915598229,-0.0006376658887223171,0.06759925931692123,-1.0450244189996738e-05,-5.632619831885677e-06,9.8100004196167,0.0,0.0,0.0,5000,True,None,Red,Driving
8db532d3,2025-04-11 15:11:30,e630cf78,1.5815939875990568e-06,0.0,1.0,0.034397680312395096,-3.0801401138305664,0.0005516305017607692,-0.0006366538173569155,-0.029593924060463905,-0.029898105189204216,-4.2159808799624443e-07,9.809954643249512,-8.618165452389803e-07,6.737564035574906e-07,-8.381694227566072e-10,5560,True,None,Red,Driving
694e7ea8,2025-04-11 15:11:31,6fbfba56,19.98959537374377,0.5769421458244324,0.0,0.0,0.3563750982284546,-0.0012310617594977202,-0.000248701871339792,-0.0044589233584702015,-0.010527541860938072,6.219878559932113e-05,9.809953689575195,-7.658063623239286e-06,3.374871448613703e-05,-3.935699766088874e-09,5772,True,None,None,Driving
167fade7,2025-04-11 15:11:32,da5adf95,20.1856486557699,0.6897748112678528,0.0,0.0006155604496598244,0.37458544969558716,-0.0012622616847295376,-0.0002821759415630051,0.0028884888160973787,0.42282634973526,0.017527056857943535,9.81351375579834,0.0003034865076187998,-0.004666615277528763,0.015163499861955643,5740,True,None,None,Driving
a8e7eb93,2025-04-11 15:11:33,014ec065,20.698488676005184,0.20896822214126587,0.0,-0.0008381697698496282,0.46326684951782227,-0.001232418498503307,-3.0907242174532605e-05,-0.0034643171820789576,0.3695703148841858,0.032441891729831696,9.807065963745117,1.4349156117532402e-05,-0.0005326414830051363,-0.0006150639965198934,5464,True,None,None,Driving
7f833f3f,2025-04-11 15:11:33,54fc3bf5,20.29431232299955,0.44352060556411743,0.0,-0.0002485241857357323,0.3477184772491455,-0.0012631900736153057,-0.00013597527813839032,-0.001417884835973382,0.18276306986808777,-0.030977949500083923,9.798811912536621,-0.0006871978985145688,-0.003221993101760745,0.0006941604660823941,5892,True,None,None,Driving
18171ff5,2025-04-11 15:11:34,5762d3af,18.32579856888655,0.4692276120185852,0.0,0.012259969487786293,89.65386199951172,0.0001548616541526826,0.0008934155071807188,-0.0033388137817382812,-0.16255784034729004,0.06466958671808243,9.808403968811035,-0.0002240980975329876,-0.0006653695600107312,0.01897391490638256,5404,True,None,None,Driving
7717efb6,2025-04-11 15:11:35,7a03b94b,20.408530485231054,0.4482194185256958,0.0,-0.057260192930698395,28.363359451293945,-0.0011833057256893653,-0.0007390163340743672,-0.005198783706873655,0.25586938858032227,-0.6177502870559692,9.808846473693848,0.00022195297060534358,-0.00030290920403786004,-0.13156439363956451,5140,True,None,None,Driving
a6cade4e,2025-04-11 15:11:36,44672a60,20.36569109923221,0.5533092617988586,0.0,0.02096818946301937,42.4827995300293,-0.001080551525646456,-0.0008732934696145778,-0.00713348388671875,1.1099141836166382,0.1986084282398224,9.808052062988281,0.0001674949744483456,-0.0010763739701360464,0.036488570272922516,4980,True,None,None,Driving
d092bc79,2025-04-11 15:11:36,2144fa72,0.0,0.0,1.0,0.0,90.68994140625,8.051901716044085e-05,-0.0009893687411814192,-0.0044674682430922985,-0.001504835207015276,-3.326276782900095e-06,9.8100004196167,0.0,0.0,0.0,5228,True,None,Red,Driving
8bfa6dfc,2025-04-11 15:11:37,ba75dc0a,1.1002749286172295e-06,0.0,1.0,-0.0008796547190286219,90.71247863769531,7.547103108151987e-05,-0.0010208835208800665,0.03879779577255249,-1.045024509949144e-05,0.0,9.8100004196167,-3.673740422982519e-07,2.4893600425457407e-07,5.145653347859991e-11,6004,True,None,Red,Driving
9718e935,2025-04-11 15:11:38,acf1b2a7,19.839385733666383,0.5038454532623291,0.0,-0.0342426598072052,-44.7402458190918,-0.0011520073827284705,0.0008486889709181215,-0.030225830152630806,-1.66427743434906,-0.492900013923645,9.816770553588867,-0.00791243463754654,-0.012822810560464859,-0.03959166631102562,4908,True,None,None,Driving
751365a7,2025-04-11 15:11:39,42c0c07d,20.354757769873313,0.41583070158958435,0.0,-0.06859388947486877,-53.36585235595703,-0.001085365495498536,0.0008644819309603513,0.0015564727364107966,0.06583210825920105,-0.7501786351203918,9.80079460144043,-0.012606971897184849,-0.000443905359134078,-0.15488193929195404,4868,True,None,None,Driving
042f53a1,2025-04-11 15:11:39,d97d087f,19.961467728886724,0.30511674284935,0.0,0.000870533986017108,-179.6403045654297,-0.0011984997494636218,-0.00043108479713869504,0.04277358949184418,-1.0355548858642578,-0.07349570840597153,9.81106185913086,2.0011173546663485e-05,0.0012313122861087322,0.05816610902547836,5120,True,None,None,Driving
126c1106,2025-04-11 15:11:40,984f6ad5,0.0,0.0,1.0,0.0,-89.61181640625,-0.0004424891218519633,0.0009524886193794013,0.1416662186384201,-0.0034747060853987932,-8.923234418034554e-06,9.809999465942383,0.0,0.0,0.0,5456,True,None,Red,Driving
6e59d76a,2025-04-11 15:11:41,942b19d7,20.097567929833144,0.523150622844696,0.0,-0.055365681648254395,127.96311950683594,0.0004684353844055522,-0.0009238657854608372,-0.007391166407614946,0.029924750328063965,-0.9052296280860901,9.800668716430664,0.008781252428889275,0.00013048946857452393,-0.0811358392238617,6156,True,None,None,Driving
de19a88f,2025-04-11 15:11:42,c165bcd4,5.986563763202805e-06,0.0,1.0,0.03715566545724869,91.51895904541016,-0.0004916650506316955,0.0003633068911325127,-0.018991049379110336,-7.493712473660707e-05,-0.001255070441402495,9.8103666305542,2.6706393327913247e-06,-1.4873119653202593e-05,-7.38008276712776e-09,5676,True,None,None,Driving
0bac1f8d,2025-04-11 15:11:43,fb5b6afc,7.828014487912038e-06,0.0,1.0,0.0918627679347992,-15.608875274658203,0.0005128610818303514,-0.0006982272605336289,-0.011119766160845757,-2.0900492017972283e-05,-3.1382819543068763e-06,9.8100004196167,-2.5883196030918043e-07,2.138695833764359e-07,-6.90682372406215e-11,5028,True,None,None,Driving
c2ab66e1,2025-04-11 15:11:43,646f1d3d,1.0643388991120856e-06,0.0,1.0,0.049539871513843536,-2.892181873321533,0.0005205728915598229,-0.0006376658887223171,0.06759925931692123,-1.0450244189996738e-05,-5.632619831885677e-06,9.8100004196167,1.3156384426338263e-08,-1.1320153703309188e-08,-5.805191830715595e-12,5444,True,None,Red,Driving
60ab9275,2025-04-11 15:11:44,e630cf78,1.3055890011495162e-06,0.0,1.0,0.034397680312395096,-3.0801401138305664,0.0005516305017607692,-0.0006366538173569155,-0.029593924060463905,-0.029898105189204216,-4.2159808799624443e-07,9.809954643249512,-1.9092975378498522e-07,1.1633301255642436e-07,1.8435312998388298e-10,5400,True,None,Red,Driving
bb5237c1,2025-04-11 15:11:45,6fbfba56,19.991516205283148,0.5765256285667419,0.0,0.0,0.3563750982284546,-0.001232028939782026,-9.15670916755012e-05,-0.004458846990019083,-0.00019459340546745807,0.004997959826141596,9.809985160827637,-3.435241922034038e-07,-6.136056072136853e-07,-5.793361901318406e-10,5744,True,None,None,Driving
396e92b8,2025-04-11 15:11:45,da5adf95,20.181237732726405,0.6907150149345398,0.0,-0.00017573311924934387,0.35798904299736023,-0.0012632366780991333,-0.00012747645219646052,0.002887725830078125,0.4058714210987091,0.01297096349298954,9.81365966796875,8.592120866524056e-05,-0.0044108107686042786,0.01529452484101057,5924,True,None,None,Driving
65b8840e,2025-04-11 15:11:46,014ec065,20.64506780917284,0.25229963660240173,0.0,-0.00017573311924934387,0.609117329120636,-0.0012343151642397743,0.0001280724842366946,-0.0037189864087849855,-0.40250641107559204,-0.0341186597943306,9.83493423461914,0.0033484294544905424,0.0005480551044456661,-0.0028208871372044086,5960,True,None,None,Driving
b18b567c,2025-04-11 15:11:47,54fc3bf5,20.076075391971592,0.5699724555015564,0.0,0.0026167689356952906,0.6485301852226257,-0.001264269927105488,1.7381270460284738e-05,-0.0013985824771225452,-0.3968607485294342,0.0228571854531765,9.838529586791992,-0.002761119743809104,0.003302190685644746,0.009648500941693783,5596,True,None,None,Driving
1478f474,2025-04-11 15:11:47,5762d3af,18.71789693092999,0.8500000238418579,0.0,0.0,90.37015533447266,2.342376447472816e-05,0.0008927802468376629,-0.004339484963566065,3.2331221103668213,-0.0007925033569335938,9.830426216125488,-1.515774056315422e-05,-0.006807976868003607,6.056339043425396e-05,5772,True,None,None,Driving
54b3f649,2025-04-11 15:11:48,7a03b94b,17.128180233192946,0.32481324672698975,0.0,-0.0400225929915905,5.15615701675415,-0.0012251579299089599,-0.0005948261490121346,-0.005366019904613495,-0.23916476964950562,-0.21446166932582855,9.807799339294434,0.00040802895091474056,-0.00018888407794293016,-0.0869666114449501,4892,True,None,None,Driving
e2b9fe27,2025-04-11 15:11:49,44672a60,20.272653688172134,0.5473690032958984,0.0,-0.07708460092544556,29.115530014038086,-0.0011796493291598154,-0.000746826424445852,-0.0071210479363799095,0.48913300037384033,-0.883487343788147,9.807844161987305,-0.0007868303800933063,-0.0005435054772533476,-0.1465187668800354,4912,True,None,None,Driving
d20fe0a6,2025-04-11 15:11:50,2144fa72,0.0,0.0,1.0,0.0,90.68994140625,8.051901716044085e-05,-0.0009893687411814192,-0.0044674682430922985,-0.001504835207015276,-3.326276782900095e-06,9.8100004196167,0.0,0.0,0.0,5240,True,None,Red,Driving
4896e614,2025-04-11 15:11:50,ba75dc0a,1.235983672738924e-06,0.0,1.0,-0.0008796547190286219,90.71247863769531,7.547103108151987e-05,-0.0010208835208800665,0.03879779577255249,-1.045024509949144e-05,0.0,9.8100004196167,-5.676195513615312e-08,6.151780951313413e-08,-7.262668656575488e-13,4876,True,None,Red,Driving
0b9d2e45,2025-04-11 15:11:51,acf1b2a7,19.908997975756815,0.8098164200782776,0.0,-0.026609141379594803,-63.8171501159668,-0.0010283544949913903,0.000933363232574801,-0.03014848567545414,1.3891702890396118,-0.4107847213745117,9.876456260681152,-0.00036492524668574333,0.014426271431148052,-0.012013842351734638,5380,True,None,None,Driving
6c8bbb74,2025-04-11 15:11:51,42c0c07d,20.37751501619022,0.40670859813690186,0.0,-0.0317608118057251,-73.01829528808594,-0.0009490270707175341,0.0009302336038872069,0.0015353774651885033,0.14405472576618195,-0.4236351251602173,9.806403160095215,0.01043012272566557,-0.0019713290967047215,-0.08691995590925217,4700,True,None,None,Driving
409f64c0,2025-04-11 15:11:52,d97d087f,20.391308553159693,0.108364038169384,0.0,0.04687032848596573,-175.6533966064453,-0.0011950747305462528,-0.0005808498046407477,0.042759206146001816,-0.3611949682235718,0.3858259320259094,9.812135696411133,-0.0006649392889812589,0.001305976533330977,0.1833389699459076,4888,True,None,None,Driving
f12b7aaa,2025-04-11 15:11:53,984f6ad5,0.0,0.0,1.0,0.0,-89.61181640625,-0.0004424891218519633,0.0009524886193794013,0.1416662186384201,-0.0034747060853987932,-8.923234418034554e-06,9.809999465942383,0.0,0.0,0.0,5284,True,None,Red,Driving
d372dd1e,2025-04-11 15:11:54,942b19d7,20.132618553021626,0.5026823282241821,0.0,-0.025534233078360558,107.6451416015625,0.0003263673828683977,-0.0009967948927847735,-0.007453231606632471,0.06827008724212646,-0.5451226234436035,9.810805320739746,0.008966611698269844,-0.0003398284316062927,-0.007633924949914217,5816,True,None,None,Driving
901cd2f0,2025-04-11 15:11:54,c165bcd4,6.223663793253769e-06,0.0,1.0,0.03715566545724869,91.51895904541016,-0.0004916650506316955,0.0003633068911325127,-0.018992118537425995,-1.5675364920753054e-05,-3.6321762308944017e-07,9.8100004196167,-6.637779392804077e-07,1.2513544334069593e-07,4.913360274194645e-10,5764,True,None,None,Driving
3d31907c,2025-04-11 15:11:55,fb5b6afc,6.524983611623083e-06,0.0,1.0,0.0918627679347992,-15.608875274658203,0.0005128610818303514,-0.0006982272605336289,-0.011119766160845757,-2.0900492017972283e-05,-3.1382819543068763e-06,9.8100004196167,-6.665828209406754e-07,1.0679599427021458e-06,-1.1216355622067908e-10,5040,True,None,None,Driving
530d2d90,2025-04-11 15:11:56,646f1d3d,3.7811596326494616e-07,0.0,1.0,0.049539871513843536,-2.892181873321533,0.0005205728915598229,-0.0006376658887223171,0.06759925931692123,-1.0450244189996738e-05,-5.632619831885677e-06,9.8100004196167,3.340811360885709e-08,-9.822341162646353e-09,-4.400113953750839e-12,5280,True,None,Red,Driving
f9bf1701,2025-04-11 15:11:57,e630cf78,7.012170571987551e-08,0.0,1.0,0.034397680312395096,-3.0801401138305664,0.0005516305017607692,-0.0006366538173569155,-0.029593924060463905,-0.029898105189204216,-4.2159808799624443e-07,9.809954643249512,4.682009802081666e-08,-8.023702235959718e-08,-8.09117911559909e-11,5564,True,None,Red,Driving
71b0d779,2025-04-11 15:11:58,6fbfba56,19.991515254567812,0.5765081644058228,0.0,0.0011636738199740648,0.8420940637588501,-0.001233659000405396,7.803377268603872e-05,-0.004458732437342405,-0.0014073316706344485,0.005253595765680075,9.810076713562012,-6.360912084346637e-05,-4.434609834902403e-08,0.0018811618210747838,5536,True,None,None,Driving
34ba3801,2025-04-11 15:11:58,da5adf95,20.172773937022747,0.705451250076294,0.0,-0.00037348567275330424,0.7719488739967346,-0.001264605753590331,4.21774333413548e-05,0.0028722381684929132,0.4993087649345398,0.01905910111963749,9.814605712890625,-0.00047972166794352233,-0.005491207353770733,0.011041590943932533,5748,True,None,None,Driving
52e6e645,2025-04-11 15:11:59,014ec065,20.526766559623812,0.26449596881866455,0.0,0.001578650320880115,0.2725115716457367,-0.0012355264697987423,0.00030254840973584874,-0.003457145532593131,-0.32249581813812256,0.011565121822059155,9.812531471252441,2.253398452012334e-05,8.622047607786953e-05,0.0074264975264668465,5896,True,None,None,Driving
e461ab9b,2025-04-11 15:12:00,54fc3bf5,20.209936247949464,0.5272818803787231,0.0,-0.0008176579140126705,0.4037034511566162,-0.0012663057209607587,0.00019335447983795273,-0.0013595962664112449,0.15776187181472778,-0.016877826303243637,9.799220085144043,0.0004129694716539234,-0.0014331202255561948,-0.002045133849605918,5288,True,None,None,Driving
ff561159,2025-04-11 15:12:00,5762d3af,19.785096455799113,0.7918391823768616,0.0,0.0,90.39540100097656,-0.00014464961624582884,0.000891639190687966,-0.003463554196059704,0.15319150686264038,-0.001046299934387207,9.808778762817383,1.874309964478016e-05,-0.00038262142334133387,-0.0005327104008756578,5568,True,None,None,Driving
0e3a5d55,2025-04-11 15:12:01,7a03b94b,20.507228979912455,0.09143923223018646,0.0,-0.0014079684624448419,0.6119029521942139,-0.001229677880246527,-0.00044350455148834403,-0.005212860181927681,-0.939956784248352,-0.02000783570110798,9.81309700012207,1.95509255718207e-05,0.001001969212666154,-0.0035593772772699594,5412,True,None,None,Driving
f4444b81,2025-04-11 15:12:02,44672a60,16.96325298384576,0.34296146035194397,0.0,-0.03362596780061722,4.564023494720459,-0.0012258214956375468,-0.0005901965410529767,-0.007251777686178684,-0.4955641031265259,-0.20232164859771729,9.810458183288574,0.0004082184168510139,9.106475772568956e-05,-0.07043447345495224,5460,True,None,None,Driving
f64f783c,2025-04-11 15:12:03,2144fa72,0.0,0.0,1.0,0.0,90.68994140625,8.051901716044085e-05,-0.0009893687411814192,-0.0044674682430922985,-0.001504835207015276,-3.326276782900095e-06,9.8100004196167,0.0,0.0,0.0,5240,True,None,Red,Driving
1a8082f0,2025-04-11 15:12:03,ba75dc0a,0.0,0.0,1.0,-0.0008796547190286219,90.71247863769531,7.547103108151987e-05,-0.0010208835208800665,0.03879779577255249,-1.045024509949144e-05,0.0,9.8100004196167,0.0,0.0,0.0,5900,True,None,Red,Driving
13eccb80,2025-04-11 15:12:04,acf1b2a7,20.347997962678054,0.2666717767715454,0.0,-0.023685317486524582,-85.49381256103516,-0.0008532817064690335,0.0009776388018444856,-0.029749182984232903,-1.8144667148590088,-0.13417351245880127,9.761357307434082,-0.00466851145029068,-0.01598726212978363,-0.055835288017988205,5212,True,None,None,Driving
46a9b6b9,2025-04-11 15:12:04,42c0c07d,20.365510796429053,0.4094245433807373,0.0,-0.005577913485467434,-88.92217254638672,-0.0007681433188935216,0.0009497196957501203,0.0015443420270457864,0.07673294842243195,-0.06860042363405228,9.807143211364746,0.0023159801494330168,-0.0016156155616044998,-0.015780363231897354,5436,True,None,None,Driving
fc6febbf,2025-04-11 15:12:05,d97d087f,20.126125708579945,0.5256962776184082,0.0,0.04404449462890625,-148.7225799560547,-0.0011400916422559249,-0.0007504677430375626,0.042771413922309875,0.2814487814903259,0.4281691908836365,9.809778213500977,-0.0007731450605206192,-0.0001370831159874797,0.1586209237575531,4968,True,None,None,Driving
113aea79,2025-04-11 15:12:06,984f6ad5,0.0,0.0,1.0,0.0,-89.61181640625,-0.0004424891218519633,0.0009524886193794013,0.1416662186384201,-0.0034747060853987932,-8.923234418034554e-06,9.809999465942383,0.0,0.0,0.0,5376,True,None,Red,Driving
c64e67ac,2025-04-11 15:12:06,942b19d7,0.03163284401244739,0.0,1.0,-0.025344552472233772,93.26380920410156,0.0001937657473405352,-0.0010174361592169188,-0.001016807509586215,0.4163246154785156,-0.004224032163619995,9.007076263427734,-0.0012303367257118225,-0.03913502022624016,-4.093829193152487e-05,5004,True,None,None,Driving
fe57cb7a,2025-04-11 15:12:07,c165bcd4,9.159320239389958,0.8500000238418579,0.0,0.17845265567302704,95.0508041381836,-0.0005088114256608378,0.00036161418858069507,-0.019553184509277344,1.2101044654846191,2.223238468170166,9.809844970703125,0.02408502623438835,0.0015197135508060455,0.18754035234451294,5784,True,None,None,Driving
649791e0,2025-04-11 15:12:08,fb5b6afc,0.0,0.0,1.0,0.0918627679347992,-15.608875274658203,0.0005128610818303514,-0.0006982272605336289,-0.011119766160845757,-2.0900492017972283e-05,-3.1382819543068763e-06,9.8100004196167,0.0,0.0,0.0,5028,True,None,None,Driving
e169bd8c,2025-04-11 15:12:09,646f1d3d,4.154227801302511e-06,0.0,1.0,0.049539871513843536,-2.892181873321533,0.0005205728915598229,-0.0006376658887223171,0.06759925931692123,-1.0450244189996738e-05,-5.632619831885677e-06,9.8100004196167,2.3778278901431804e-08,3.368823275895494e-10,-1.2611728068129269e-12,5312,True,None,Red,Driving
f81af3e9,2025-04-11 15:12:09,e630cf78,4.4675246540690806e-07,0.0,1.0,0.034397680312395096,-3.0801401138305664,0.0005516305017607692,-0.0006366538173569155,-0.029593924060463905,-0.029898105189204216,-4.2159808799624443e-07,9.809954643249512,-7.986945149696112e-08,5.8191169216570415e-08,7.424576231596092e-11,5400,True,None,Red,Driving
b90f4e15,2025-04-11 15:12:10,6fbfba56,19.991474452248532,0.5765455961227417,0.0,0.0,0.3498094081878662,-0.001235282070368271,0.00025761109095247584,-0.0044587706215679646,0.0008591414080001414,0.02491605468094349,9.809969902038574,0.00011846274719573557,4.06828846166718e-08,0.00010659272084012628,5412,True,None,None,Driving
1b9047cf,2025-04-11 15:12:11,da5adf95,19.811684241458412,0.44437354803085327,0.0,0.0,0.35607337951660156,-0.0012664958398573845,0.00022431720191837636,0.0028887176886200905,-0.4175463616847992,-0.03226892650127411,9.8053617477417,-0.0002526381576899439,0.005970361642539501,-0.015764597803354263,5344,True,None,None,Driving
73d7b1fd,2025-04-11 15:12:11,014ec065,20.46355755268255,0.3242826759815216,0.0,0.002917485311627388,0.2027226835489273,-0.0012365852142011136,0.0004898183133723497,-0.0034384536556899548,0.5670621991157532,-0.017036303877830505,9.804071426391602,5.527200301003177e-06,0.00028241670224815607,0.004747860133647919,5132,True,None,None,Driving
13ad7b8a,2025-04-11 15:12:12,54fc3bf5,20.28386417338993,0.44948187470436096,0.0,0.0,0.3189239799976349,-0.0012674012006357316,0.0003768879197569207,-0.0013893508585169911,0.1782284379005432,-0.0010084988316521049,9.798176765441895,8.912871271604672e-05,-0.0031280082184821367,-5.494085780810565e-05,4916,True,None,None,Driving
a913d7e5,2025-04-11 15:12:13,5762d3af,19.622407012717872,0.6907870173454285,0.0,0.0,90.3935775756836,-0.00032410802452886855,0.000890409380396047,-0.0034590528812259436,-0.16385439038276672,-0.01388414204120636,9.81140422821045,2.5719928089529276e-06,0.0003600014606490731,0.0027083775494247675,5296,True,None,None,Driving
3ae00066,2025-04-11 15:12:13,7a03b94b,20.348606926544072,0.4779897928237915,0.0,0.00017573311924934387,0.35452136397361755,-0.0012310007624449781,-0.0002585351963398527,-0.005195083562284708,0.18740800023078918,-0.006164971273392439,9.808658599853516,1.4713048585690558e-05,-0.00034537946339696646,-0.00017842922534327954,5176,True,None,None,Driving
7171b95a,2025-04-11 15:12:14,44672a60,19.988356563021924,0.8116507530212402,0.0,-0.0019599399529397488,0.5038948655128479,-0.0012298547031548424,-0.0004290649036409556,-0.007088355720043182,1.1905728578567505,-0.02058934047818184,9.802986145019531,-5.2421797590795904e-05,-0.0015993565320968628,-0.0033216795418411493,5132,True,None,None,Driving
94bdd3bb,2025-04-11 15:12:15,2144fa72,3.7164254065745617,0.8500000238418579,0.0,0.0,90.68964385986328,7.906506839105987e-05,-0.0009893860807937607,-0.005454444792121649,4.049798011779785,0.0018267631530761719,9.797292709350586,0.00029430072754621506,-0.013230960816144943,0.011961200274527073,5316,True,None,Green,Driving
5fe0f330,2025-04-11 15:12:15,ba75dc0a,3.93840775724787,0.8500000238418579,0.0,-0.00022260929108597338,90.71612548828125,7.38019306396609e-05,-0.0010209029165729228,0.038464851677417755,2.691817283630371,0.06172513961791992,9.807103157043457,-2.7931469958275557e-05,-0.0008673205156810582,-0.01314719021320343,4972,True,None,Green,Driving
b4aec762,2025-04-11 15:12:16,acf1b2a7,21.001212143620656,0.1268358677625656,0.0,0.000304378685541451,-89.47805786132812,-0.0006668553784265896,0.0009822993880833997,-0.028805311769247055,1.7778252363204956,-0.04382467269897461,9.740501403808594,-0.0006149820983409882,0.005561779253184795,0.01295112818479538,5504,True,None,None,Driving
a360eb38,2025-04-11 15:12:17,42c0c07d,20.284201360105516,0.36151358485221863,0.0,-0.000870533986017108,-89.59121704101562,-0.0005805071245532645,0.0009515407662620786,0.0015451812651008368,0.09282186627388,-0.005812875926494598,9.807083129882812,0.00020475138444453478,-0.0017375695751979947,-0.0001912023581098765,5608,True,None,None,Driving
0bdbee1f,2025-04-11 15:12:17,d97d087f,20.119297315315954,0.5134660601615906,0.0,0.05306413397192955,-120.89813995361328,-0.0010002779616797852,-0.000880136516783935,0.04277076572179794,0.10785239934921265,0.503955602645874,9.809967041015625,-0.0008868772420100868,1.930329017341137e-05,0.12461388856172562,4676,True,None,None,Driving
23436042,2025-04-11 15:12:18,984f6ad5,15.39222212055907,0.5372373461723328,0.0,-0.00017573311924934387,-89.62679290771484,-0.00040959995513389913,0.0009527055358737127,0.14156733453273773,-2.87416672706604,0.003734111785888672,9.782471656799316,9.726779535412788e-05,0.00744723342359066,0.0007705310126766562,5432,True,None,None,Driving
589b1830,2025-04-11 15:12:19,942b19d7,0.0,0.0,1.0,-0.025323932990431786,93.2633285522461,0.00019372556809571506,-0.0010174378040813305,-0.007587928790599108,0.010960016399621964,-4.656612873077393e-10,9.8099946975708,2.502094105238939e-07,-1.0825780805134855e-07,-6.148392905913624e-10,4952,True,None,None,Driving
0cbe36ff,2025-04-11 15:12:19,c165bcd4,15.344283963902377,0.8500000238418579,0.0,0.014233503490686417,177.59170532226562,-0.0005940171498508562,0.00024185923538653782,-0.017963599413633347,-1.501082181930542,0.0591467022895813,9.790059089660645,-0.0006462230812758207,-0.009447479620575905,0.029270455241203308,5912,True,None,None,Driving
e4587382,2025-04-11 15:12:20,fb5b6afc,14.619441343423011,0.0,0.06782211363315582,0.10364784300327301,-9.218182563781738,0.0005171446857303863,-0.0006746152319016665,-0.011212920770049095,-0.8811050653457642,0.6358263492584229,9.807814598083496,-0.0031230589374899864,0.005322187207639217,0.1230500191450119,5304,True,None,None,Driving
9bf02050,2025-04-11 15:12:21,646f1d3d,17.33645083632832,0.8500000238418579,0.0,0.02249179221689701,0.7971661686897278,0.0005207561568738583,-0.0005834828898840177,0.06650932133197784,2.8957865238189697,0.13173949718475342,9.822052955627441,-0.0009858590783551335,-0.007364502176642418,0.045267533510923386,5444,True,None,Green,Driving
845312ad,2025-04-11 15:12:21,e630cf78,20.58797022054939,0.21806523203849792,0.0,0.015444939956068993,-0.2441100925207138,0.0005530573873642197,-0.0005540913902649955,-0.029439810663461685,-0.22624914348125458,0.3584040403366089,9.809464454650879,-0.013852597214281559,-0.00185457116458565,0.04052657261490822,4928,True,None,None,Driving
7c404147,2025-04-11 15:12:22,6fbfba56,19.991477087967713,0.5765407085418701,0.0,-0.0006155604496598244,0.3174051344394684,-0.0012364666468869245,0.0004671264493067775,-0.0044587706215679646,0.0005957717075943947,-0.020053822547197342,9.810030937194824,-0.00011271263065282255,1.845182495685549e-08,-0.0007881930214352906,5428,True,None,None,Driving
aeccd069,2025-04-11 15:12:23,da5adf95,19.7911954745228,0.4644659757614136,0.0,-0.000304378685541451,0.30908235907554626,-0.001267704952283566,0.0004338948766462807,0.002868080046027899,-0.3413045406341553,-0.027740342542529106,9.806676864624023,-0.00025442717014811933,0.005201846826821566,-0.014970813877880573,5504,True,None,None,Driving
855b7403,2025-04-11 15:12:23,014ec065,20.5229631583709,0.2986705005168915,0.0,-0.13461478054523468,-17.335399627685547,-0.0012126701193153622,0.0007023555960632786,-0.0034508896060287952,-0.41300779581069946,-1.0520676374435425,9.810714721679688,-0.005050383508205414,0.0006440817378461361,-0.16621753573417664,4760,True,None,None,Driving
022de9d2,2025-04-11 15:12:24,54fc3bf5,20.142176290856124,0.3722960352897644,0.0,-0.04436734691262245,-2.576477289199829,-0.0012669298099297066,0.0005856246404202676,-0.0018154525896534324,-0.7882542014122009,0.23906667530536652,9.865083694458008,-0.01049260888248682,0.006347895134240389,-0.12906409800052643,5368,True,None,None,Driving
2dcc759a,2025-04-11 15:12:25,5762d3af,19.679339228801886,0.8432326316833496,0.0,0.14019250869750977,98.53621673583984,-0.0005275437926712812,0.0008831206435070985,-0.0034294510260224342,-0.07231378555297852,1.3544152975082397,9.806193351745605,0.014062829315662384,0.0002902969717979431,0.17864689230918884,5616,True,None,None,Driving
d953f3c3,2025-04-11 15:14:25,0725ac35,6.3991230898963325,0.8500000238418579,0.0,-0.10406559705734253,-0.463043212890625,-0.00021975349135061606,-0.0005797004556329745,-0.010877761989831924,10.7654390335083,-0.5699308514595032,9.434869766235352,-0.012753650546073914,-0.057063695043325424,-0.07858260720968246,4976,True,None,None,Driving
02bdfa8d,2025-04-11 15:14:26,9d42b0e9,6.730537439081485,0.8500000238418579,0.0,0.0016811230452731252,0.2617316246032715,-0.00025124615103777614,-0.0005982852303342168,-0.019747085869312286,1.8271507024765015,-0.013598056510090828,9.814577102661133,-0.00013697089161723852,0.0042177848517894745,0.0013654810609295964,5332,True,None,None,Driving
bdf81e76,2025-04-11 15:14:27,6097143a,17.02668659870529,0.8500000238418579,0.0,0.0737031102180481,-176.57191467285156,-0.00011535487234937136,-0.0008070528607413028,-0.011766776442527771,6.187325954437256,0.4050403833389282,9.784980773925781,2.866610884666443e-06,-0.003382394090294838,0.14558859169483185,5080,True,None,None,Driving
a825467f,2025-04-11 15:14:28,fe4493fd,9.911406848518315,0.8500000238418579,0.0,0.007945648394525051,-88.9413833618164,0.00014325818948179858,-0.0009265678864733872,0.06624717265367508,2.8191521167755127,0.04646635055541992,9.797451972961426,-8.063972927629948e-05,-0.0020095647778362036,0.0014117704704403877,5172,True,None,None,Driving
67674741,2025-04-11 15:14:28,8daa3c29,3.591295808924337e-05,0.8500000238418579,0.0,0.024810709059238434,-89.35881805419922,0.00015336798020371134,-0.0009580508654600724,-0.029589271172881126,-0.02998035028576851,-9.313225746154785e-10,9.811220169067383,-2.4324890546267852e-08,2.4166297407646198e-06,2.3945085914078845e-09,5308,True,None,None,Driving
d25b8c12,2025-04-11 15:14:29,cf8c6717,8.026930644452584,0.8500000238418579,0.0,-0.0016811230452731252,90.44454193115234,-0.0005526357880683008,-0.0009969025628677318,-0.0041824341751635075,0.9749733805656433,-0.007606327533721924,9.809321403503418,-0.00024762647808529437,-0.0005583998281508684,-0.0011718976311385632,5664,True,None,None,Driving
5fe41ca4,2025-04-11 15:14:30,74f08caa,19.690804756554044,0.8500000238418579,0.0,0.0,90.48908996582031,-0.0005667391982058234,-0.0010283133048923305,0.0037318419199436903,2.485624074935913,0.016698837280273438,9.780481338500977,-0.0007940559880807996,-0.0027127331122756004,0.014041508547961712,5188,True,None,None,Driving
b1c1827b,2025-04-11 15:14:31,dc1d68a4,18.325919263060417,0.8500000238418579,0.0,-0.07209484279155731,89.23479461669922,-0.0006822897580178733,-0.0010288623469257992,-0.008661155588924885,0.940416693687439,-1.7998602390289307,9.881600379943848,-0.06394878029823303,0.013961367309093475,-0.046046510338783264,5476,True,None,None,Driving
33e31e9e,2025-04-11 15:14:32,737618c8,19.68364159449708,0.8462224006652832,0.0,-0.0008796547190286219,0.7120058536529541,0.0005179184573336215,-0.00013016460612951853,-0.004145774524658918,-0.1865011304616928,-0.005295993760228157,9.827689170837402,0.0002930627088062465,0.0018122384790331125,-0.006682226900011301,5212,True,None,None,Driving
2ff8916b,2025-04-11 15:14:32,c1b2511a,15.802349751636116,0.8500000238418579,0.0,0.0033766403794288635,90.389892578125,1.4783474824753284e-05,-0.0009902961705656281,-0.005362357944250107,1.149806261062622,0.03767681121826172,9.806892395019531,-1.1701136827468872e-05,-0.0006952807889319956,0.002227600198239088,5700,True,None,None,Driving
7bb19040,2025-04-11 15:14:33,ff157def,16.1970041180707,0.4129222631454468,0.0,0.003178770886734128,90.39057159423828,5.777121916139549e-05,-0.0010212957650232838,-0.007241554092615843,-0.8072191476821899,0.03068143129348755,9.808951377868652,-9.287381544709206e-06,0.0003298605151940137,0.0032400856725871563,4968,True,None,Green,Driving
8335b854,2025-04-11 15:14:34,10664a45,17.861269170909868,0.317445307970047,0.0,0.00017573311924934387,90.76346588134766,0.0001118321467856731,-0.0009889793880679331,-0.004640998784452677,-0.6256171464920044,0.008390307426452637,9.772252082824707,0.0002849879674613476,0.007498684339225292,2.459392271703109e-05,5320,True,None,None,Driving
9ca39428,2025-04-11 15:14:34,ed7f6965,14.724835330085323,0.8500000238418579,0.0,-0.0012130666291341186,90.77540588378906,0.00014768836618372916,-0.0010199937177692783,0.03898479416966438,-1.6309518814086914,-0.007936954498291016,9.794626235961914,6.124889478087425e-05,0.001098646316677332,-0.0027106241323053837,5804,True,None,None,Driving
bdb3162c,2025-04-11 15:14:35,5058becd,20.363754263800786,0.8222295045852661,0.0,0.0022902037017047405,0.14373870193958282,-0.001261860063678455,-0.0003783922853335826,-0.029605388641357422,2.982607364654541,0.023181209340691566,9.883637428283691,0.0029617773834615946,0.02510831132531166,0.002624892396852374,5436,True,None,None,Driving
7ff1c00f,2025-04-11 15:14:36,625e19ab,18.290385444490255,0.0,0.248666450381279,0.0017930591711774468,0.39559438824653625,-0.0012305340321745462,-0.0003763377468791688,-8.453369082417339e-05,4.356206893920898,-0.10619905591011047,9.795727729797363,0.00019858732412103564,-0.004476899281144142,0.05015811324119568,5524,True,None,None,Driving
b49e1e79,2025-04-11 15:14:37,10bf3d87,19.40967436213023,0.1780148446559906,0.0,0.0,-179.67669677734375,-0.0011689853990475285,-0.00011603755105639686,0.010674781166017056,0.03232404589653015,-0.00016779238649178296,9.830127716064453,7.178889063652605e-06,-0.002699148142710328,4.914930468657985e-05,5416,True,None,None,Driving
04fa728f,2025-04-11 15:14:38,139a51c2,19.6135161957895,0.19298414885997772,0.0,0.0011190581135451794,-179.6341094970703,-0.00120052183612529,-9.972347740769106e-05,0.04281169921159744,-1.7205822467803955,-0.10903170704841614,9.807878494262695,-4.364747292129323e-05,-0.00018742214888334274,0.09501699358224869,5548,True,None,None,Driving
36e40e5c,2025-04-11 15:14:38,878fb440,19.828898430353096,0.6936076283454895,0.0,-0.009626179002225399,-1.1986998319625854,-0.0012360759915850394,0.0005690202139348635,0.14177481830120087,0.2772118151187897,-0.06555815786123276,9.80367660522461,0.0005676100845448673,-0.0016178612131625414,-0.018602486699819565,5484,True,None,None,Driving
2141d3f3,2025-04-11 15:14:39,0725ac35,0.02807353575768676,0.0,1.0,-0.11523813754320145,-49.9471549987793,-0.00014909532494300493,-0.00044130242072097615,-0.0030974959954619408,0.14165964722633362,0.018173977732658386,9.497758865356445,-0.008558244444429874,-0.04088637977838516,-0.00010832169209606946,5256,True,None,None,Driving
bfdca138,2025-04-11 15:14:40,9d42b0e9,15.671953275367189,0.8500000238418579,0.0,-0.00043982735951431096,0.18358011543750763,-0.00025198245060664703,-0.00042916657682241246,-0.017522430047392845,-3.9606432914733887,-0.008732612244784832,9.775707244873047,-1.968857213796582e-05,0.0008517105015926063,-0.0005211760872043669,5120,True,None,None,Driving
e3db03a3,2025-04-11 15:14:41,6097143a,19.825147258610578,0.8500000238418579,0.0,0.040662460029125214,-91.6297607421875,2.292956196470186e-05,-0.0009258697786025955,-0.010981902480125427,2.308478832244873,1.0009901523590088,9.80284309387207,0.003127296455204487,-0.003813641844317317,0.007480076048523188,5472,True,None,None,Driving
7b48449d,2025-04-11 15:14:42,fe4493fd,19.894160381810032,0.5062891840934753,0.0,0.08578265458345413,-67.52103424072266,0.0003396683733143391,-0.0008928692065879366,0.06772930175065994,0.25233399868011475,1.4585881233215332,9.82448959350586,0.005780903156846762,0.0020753780845552683,0.1153465211391449,5112,True,None,None,Driving
fee1265a,2025-04-11 15:14:42,8daa3c29,20.160661675245773,0.4634959399700165,0.0,0.03754175081849098,-71.81542205810547,0.0003214870701668815,-0.0009330847022010627,-0.02943832240998745,-0.21703150868415833,0.27225208282470703,9.811944961547852,0.020465707406401634,-0.0015111099928617477,0.09458305686712265,4960,True,None,None,Driving
1b416ba9,2025-04-11 15:14:43,cf8c6717,20.00083467571918,0.5442764759063721,0.0,-0.10419736057519913,87.03485107421875,-0.0007277971936616723,-0.0009951675050573095,-0.004436378367245197,-0.16723716259002686,-1.8511520624160767,9.804566383361816,-0.013151105493307114,0.00040365196764469147,-0.11306165158748627,5332,True,None,None,Driving
247cdab7,2025-04-11 15:14:44,74f08caa,19.65722723235074,0.29921671748161316,0.0,0.003849221859127283,83.37776947021484,-0.0007517747934144836,-0.0010239909438981008,0.0031841276213526726,0.18192118406295776,-0.15820078551769257,9.788379669189453,0.0033009541220963,0.00042656250298023224,-0.09216350317001343,5276,True,None,None,Driving
04ea4672,2025-04-11 15:14:45,dc1d68a4,20.3284616319873,0.5457803606987,0.0,-0.11070074886083603,75.66700744628906,-0.0008719847057960806,-0.0010019204959001182,-0.0011738204630091786,0.23135054111480713,-2.189826011657715,9.782624244689941,-0.09334031492471695,0.0001306384801864624,-0.05761100351810455,4824,True,None,None,Driving
1013bbb9,2025-04-11 15:14:45,737618c8,19.78321436215708,0.7890443801879883,0.0,-0.0025028246454894543,0.3278520107269287,0.0005158672428819955,5.927551619136023e-05,-0.0034628675784915686,0.1718626320362091,-0.013451927341520786,9.808809280395508,0.00024039956042543054,-0.00035051468876190484,-0.0034911492839455605,6112,True,None,None,Driving
95183532,2025-04-11 15:14:47,c1b2511a,20.295697141482783,0.211238294839859,0.0,-0.15607863664627075,48.48511505126953,-0.00017613727283105618,-0.0009462381346144095,-0.005203895270824432,-0.3046458959579468,-1.731805443763733,9.81145191192627,0.0005054729990661144,0.0008726272499188781,-0.38254788517951965,5296,True,None,None,Driving
f4a1e7ed,2025-04-11 15:14:48,ff157def,20.49318874046754,0.3017089366912842,0.0,0.00043982735951431096,90.63729858398438,-0.00012667111117536933,-0.0010231733777493993,-0.0071682739071547985,1.077383279800415,0.013048410415649414,9.813942909240723,8.145027095451951e-06,-0.00043352198554202914,0.0005285743973217905,5556,True,None,None,Driving
69d867f9,2025-04-11 15:14:48,10664a45,21.98822329244837,0.0,0.699999988079071,-0.01913585141301155,90.31173706054688,-5.8653680355291726e-05,-0.0009909346521014908,-0.005376205313950777,-1.79092276096344,-0.4826101064682007,9.880353927612305,-0.0076810456812381744,0.027138352394104004,-0.047976020723581314,5380,True,None,None,Driving
4c34a2b5,2025-04-11 15:14:49,ed7f6965,19.80521951154251,0.15884184837341309,0.0,0.0,90.63992309570312,-1.69884659158015e-05,-0.0010219524086036939,0.03872501105070114,1.6626780033111572,0.006179094314575195,9.809465408325195,1.0051298886537552e-06,0.0027936899568885565,0.0010070014977827668,4888,True,None,None,Driving
5a4a8cfc,2025-04-11 15:14:50,5058becd,22.214312420869646,0.0,0.14692139625549316,0.00017573311924934387,0.3372025191783905,-0.0012629422473793284,-0.00017785595052544233,-0.02840953692793846,3.337249279022217,0.06326418370008469,9.839025497436523,0.0031355908140540123,-1.6919293557293713e-05,-0.008363151922821999,5836,True,None,None,Driving
d2414e95,2025-04-11 15:14:51,625e19ab,20.307890557932136,0.37412047386169434,0.0,0.0,0.3399447202682495,-0.0012315543963978826,-0.00016834441925995213,0.0015270232688635588,0.1636563092470169,-0.0009380004485137761,9.812209129333496,-6.903897156007588e-05,-0.002602468943223357,4.2364990804344416e-05,5752,True,None,None,Driving
c128cd5e,2025-04-11 15:14:52,10bf3d87,20.28474142470074,0.4926663935184479,0.0,0.00017573311924934387,-179.6463623046875,-0.0011679354272615683,-0.0002880825468618966,0.010485649108886719,1.1769471168518066,0.012829836457967758,9.783169746398926,7.450854172930121e-05,0.010475738905370235,2.3657728888792917e-05,5452,True,None,None,Driving
e4e38e9b,2025-04-11 15:14:53,139a51c2,17.829784600033676,0.8500000238418579,0.0,0.0,-179.64559936523438,-0.0011994907802659327,-0.00026952210244674614,0.042569998651742935,3.796262502670288,-0.00846945121884346,9.80946159362793,-2.416641655145213e-05,-0.001260003075003624,-0.00015469698701053858,5608,True,None,None,Driving
3eefc33b,2025-04-11 15:14:54,878fb440,20.24095154039159,0.4588187336921692,0.0,-0.0786324143409729,-31.973346710205078,-0.0011793510604292123,0.0007676287505183231,0.14172954857349396,-0.0790833979845047,-0.6782432794570923,9.807104110717773,0.0006147213280200958,-0.00022900811745785177,-0.1589955985546112,4372,True,None,None,Driving
7f653a8a,2025-04-11 15:14:55,0725ac35,18.8312239885208,0.8500000238418579,0.0,-0.15106411278247833,-82.20629119873047,-7.164299469764046e-05,-0.0004100097319859357,-0.005522766150534153,-1.064378261566162,-2.9986958503723145,9.696259498596191,-0.025591764599084854,-0.01415717601776123,-0.2793023884296417,5604,True,None,None,Driving
3975d083,2025-04-11 15:14:56,9d42b0e9,16.21304886810048,0.8500000238418579,0.0,0.0,0.16331560909748077,-0.00025248960000112675,-0.00024945335163394707,-0.01931007392704487,1.445595622062683,0.0021418435499072075,9.815634727478027,-1.0730725989560597e-05,-0.004848433192819357,-8.426902786595747e-05,5636,True,None,None,Driving
85e26b32,2025-04-11 15:14:56,6097143a,20.438925003338127,0.34116560220718384,0.0,0.04109460115432739,-84.13341522216797,0.00023399637227328185,-0.0009211688931855912,-0.011005592532455921,0.3505510687828064,0.5925630927085876,9.814742088317871,-0.0018222973449155688,0.0002061738632619381,0.04112378880381584,5428,True,None,None,Driving
fcf3585d,2025-04-11 15:14:57,fe4493fd,20.30556134920419,0.5922095775604248,0.0,0.06704142689704895,-28.97161102294922,0.0004919691449032371,-0.0007571024407147534,0.06773200631141663,0.3815937638282776,0.5408992767333984,9.789383888244629,-0.005040926858782768,-0.005566325969994068,0.2013556957244873,5948,True,None,None,Driving
8f4b8d0b,2025-04-11 15:14:58,8daa3c29,20.441430880062782,0.36057761311531067,0.0,0.06759000569581985,-38.36182403564453,0.0004908298706993719,-0.000815744735509568,-0.029456863179802895,0.43328288197517395,0.6056931018829346,9.82080364227295,0.008691424503922462,-0.00199737842194736,0.17216907441616058,6336,True,None,None,Driving
04e674df,2025-04-11 15:14:59,cf8c6717,19.97888127148955,0.582218587398529,0.0,-0.03402646631002426,68.98207092285156,-0.0009336135260724632,-0.000947996289062615,-0.004467811435461044,-0.024494469165802002,-0.1853397786617279,9.810132026672363,0.004765224177390337,0.0002126938197761774,-0.05619049817323685,4956,True,None,None,Driving
123bed62,2025-04-11 15:14:59,74f08caa,19.862676229527146,0.8500000238418579,0.0,0.020533112809062004,67.31371307373047,-0.0009470186227247268,-0.0009755706589906655,0.0027402876876294613,-1.0285049676895142,-0.0454639196395874,9.817862510681152,0.011417457833886147,0.01647813618183136,0.005909680854529142,5020,True,None,None,Driving
65de204b,2025-04-11 15:15:00,dc1d68a4,20.285811943822775,0.4545390009880066,0.0,-0.023079756647348404,55.075225830078125,-0.0010673321615826126,-0.000912190880545683,-0.0013505935203284025,0.28088754415512085,-0.4388655722141266,9.793935775756836,0.02183542214334011,-0.0026846122927963734,-0.10109654814004898,4884,True,None,None,Driving
1d715121,2025-04-11 15:15:01,737618c8,19.620849087366246,0.695297360420227,0.0,0.0,-0.024505615234375,0.0005157148187890925,0.0002682383714433265,-0.003459129249677062,-0.1500084102153778,0.0074410694651305676,9.811251640319824,2.589657378848642e-05,0.00036769412690773606,-0.0021536529529839754,5412,True,None,None,Driving
1bf6b0c8,2025-04-11 15:15:02,c1b2511a,20.065048906767856,0.0,0.699999988079071,0.01623469777405262,-0.1616515815258026,-0.00021932233126165102,-0.0007554840997415543,-0.0051998901180922985,-0.455386221408844,0.13354098796844482,9.813252449035645,5.199653060117271e-06,0.0007736525149084628,-0.03737667202949524,5196,True,None,None,Driving
0685269d,2025-04-11 15:15:02,ff157def,20.27117525252227,0.3552052676677704,0.0,0.0,90.6424560546875,-0.0003231762088518053,-0.001025381813830346,-0.007140006870031357,0.2579422891139984,0.00211140513420105,9.812705993652344,7.342896424233913e-08,0.00010509513231227174,1.578921546752099e-05,5596,True,None,None,Driving
3a190006,2025-04-11 15:15:03,10664a45,18.731453413957393,0.8500000238418579,0.0,-0.17044907808303833,32.7523307800293,-0.00022897321336756704,-0.000926453842540833,-0.004005546681582928,3.785670042037964,-1.2739148139953613,9.833674430847168,0.021004462614655495,-0.030835332348942757,-0.3367697298526764,5684,True,None,None,Driving
356641eb,2025-04-11 15:15:04,ed7f6965,15.485824292632778,0.8500000238418579,0.0,0.0006155604496598244,90.63703155517578,-0.00020095317087509557,-0.0010240133551757122,0.0392400361597538,-4.882379531860352,0.00902557373046875,9.82278823852539,2.9675429686903954e-05,0.0021824680734425783,9.070256055565551e-06,5652,True,None,None,Driving
0bc522de,2025-04-11 15:15:05,5058becd,19.8345701749297,0.8500000238418579,0.0,0.0038899434730410576,0.5790132880210876,-0.00126423497374617,1.4014025259446358e-05,-0.0294712632894516,2.7269287109375,0.033236585557460785,9.834773063659668,0.0037778252735733986,0.01965855434536934,0.00509343296289444,5824,True,None,None,Driving
4ce162c6,2025-04-11 15:15:05,625e19ab,20.36483536202959,0.40982818603515625,0.0,0.001263840589672327,0.7229060530662537,-0.0012330021512099165,3.200162529654345e-05,0.0015454101376235485,0.08303575962781906,0.01503400132060051,9.807294845581055,-0.0004474732559174299,-0.0016425943467766047,0.0034994459711015224,5480,True,None,None,Driving
2646a753,2025-04-11 15:15:06,10bf3d87,20.21641624921778,0.4105207622051239,0.0,0.0008793866727501154,-179.62306213378906,-0.0011666894424706697,-0.000490000721982021,0.010792998597025871,-0.059213344007730484,0.015807289630174637,9.812766075134277,4.2564748582663015e-05,0.0006176529568620026,0.0026046738494187593,5112,True,None,None,Driving
59a9373a,2025-04-11 15:15:07,139a51c2,20.063865150686336,0.22483417391777039,0.0,0.0006155604496598244,-179.64630126953125,-0.0011982990760230905,-0.00046386900094717994,0.04276542738080025,-0.14925025403499603,0.06083853542804718,9.809579849243164,-3.553092392394319e-05,-6.697530625388026e-05,-0.05775948613882065,5236,True,None,None,Driving
9d55bb5e,2025-04-11 15:15:07,878fb440,20.25525827778713,0.46276238560676575,0.0,-0.03837237507104874,-60.925132751464844,-0.0010334724905902704,0.0008964501449485292,0.1417209655046463,0.049193039536476135,-0.2880379557609558,9.808300018310547,0.00025037891464307904,-0.0006498578004539013,-0.07870800048112869,5180,True,None,None,Driving
cf71d298,2025-04-11 15:15:08,0725ac35,20.186932808576397,0.4601530134677887,0.0,0.0015161167830228806,-89.94990539550781,0.00012360630897489955,-0.00040730074310366105,-0.007741317618638277,0.3943478465080261,-0.16531798243522644,9.811362266540527,0.0005182623863220215,-0.004710904322564602,0.04480494186282158,5488,True,None,None,Driving
db3da7f2,2025-04-11 15:15:09,9d42b0e9,19.814545467447292,0.8500000238418579,0.0,0.0,0.15752853453159332,-0.0002529714424639451,-7.644129549231545e-05,-0.01985214278101921,4.599250793457031,-0.002611886477097869,9.773367881774902,-2.9134462238289416e-05,-0.011127158999443054,-0.000298892380669713,5668,True,None,None,Driving
55b0769f,2025-04-11 15:15:10,6097143a,20.10557722742829,0.5295324325561523,0.0,0.05262726545333862,-53.683231353759766,0.000413488688735697,-0.0008487387280665797,-0.010948333889245987,0.13152608275413513,0.7132095098495483,9.808730125427246,-0.0020779299084097147,-0.00021329044830054045,0.07050348818302155,5964,True,None,None,Driving
7218ed2f,2025-04-11 15:15:10,fe4493fd,6.428849005206741e-05,0.0,1.0,0.051897626370191574,-3.0776069164276123,0.0005204663523130648,-0.0006376192156946312,0.06760349124670029,-0.002585225272923708,-0.0001691688084974885,9.810413360595703,2.6811996576725505e-05,-9.234719618689269e-05,-6.116071205042317e-08,4696,True,None,Red,Driving
430a25cb,2025-04-11 15:15:11,8daa3c29,16.13728518309674,0.3248158395290375,0.0,0.05820663645863533,-4.09848165512085,0.0005512145223747211,-0.0006453274615446161,-0.02956443652510643,-0.32661888003349304,1.0349678993225098,9.815245628356934,-0.03398529067635536,-0.0005263879429548979,0.12694789469242096,4900,True,None,None,Driving
bb4bc007,2025-04-11 15:15:12,cf8c6717,20.014504902169712,0.5700250864028931,0.0,-0.06881269812583923,49.9758415222168,-0.0010974469560522948,-0.0008495384748508197,-0.004458503797650337,0.06558330357074738,-0.40530019998550415,9.809371948242188,0.0029751225374639034,2.8065405786037445e-06,-0.11300569027662277,5008,True,None,None,Driving
8b9fb8ee,2025-04-11 15:15:12,74f08caa,19.785339713741006,0.47391194105148315,0.0,-0.03250517696142197,49.15532302856445,-0.0011131218970774626,-0.0008761362750703573,0.0028676986694335938,-0.3068532943725586,-0.6107287406921387,9.804187774658203,-0.005966641008853912,0.005936609115451574,-0.1646891087293625,4804,True,None,None,Driving
95076459,2025-04-11 15:15:13,dc1d68a4,20.115266795622663,0.5260958075523376,0.0,-0.019127579405903816,30.606342315673828,-0.001202179585291674,-0.0007686619995130272,-0.0015289688017219305,-0.02380421571433544,-0.28718623518943787,9.819149017333984,0.012785471975803375,0.0008302988717332482,-0.08128198981285095,4736,True,None,None,Driving
e0d5f09b,2025-04-11 15:15:14,737618c8,19.780118160442413,0.7906962633132935,0.0,0.0,-0.025115966796875,0.0005157978501841853,0.0004649106113359776,-0.0034590528812259436,-0.1550084352493286,0.007426251657307148,9.811312675476074,9.477792445977684e-06,0.00036117970012128353,-0.002132625784724951,5512,True,None,None,Driving
70f1b438,2025-04-11 15:15:15,c1b2511a,1.2704442714608483e-06,0.0,1.0,-0.0011636738199740648,0.34450995922088623,-0.00021960463112691286,-0.0006966007637743878,-0.005357665941119194,-1.045024509949144e-05,-3.465310669525934e-07,9.8100004196167,5.557262738875579e-07,2.42801945660176e-07,3.029487771755157e-11,5164,True,None,None,Driving
c5da5a6b,2025-04-11 15:15:15,ff157def,20.044659939452004,0.45125874876976013,0.0,0.0,90.64676666259766,-0.000539766334640035,-0.0010278054530051747,-0.0071110534481704235,-0.18278831243515015,-0.01293899118900299,9.810547828674316,-7.1342510636895895e-06,0.00028007826767861843,0.00021259400818962604,4884,True,None,None,Driving
75d2952f,2025-04-11 15:15:16,10664a45,8.208351920120503,0.0,1.0,-0.0014193737879395485,0.413252592086792,-0.0002508554614877312,-0.0007655216106707389,-0.0036997986026108265,-4.494501113891602,-0.0004048346891067922,9.794227600097656,1.6436490113846958e-05,0.01851699873805046,-0.0013355400878936052,5336,True,None,None,Driving
67a76e13,2025-04-11 15:15:17,ed7f6965,20.505558713575706,0.6872650384902954,0.0,0.0,90.63471221923828,-0.00040525244141065286,-0.0010262995796361354,0.03868747502565384,3.0543930530548096,-0.003747224807739258,9.798308372497559,8.142204023897648e-06,-0.0013395313872024417,0.0015408812323585153,5228,True,None,None,Driving
374e9e02,2025-04-11 15:15:18,5058becd,21.309388900544807,0.0,0.4631403088569641,-0.00043982735951431096,0.3821939527988434,-0.0012665887747118632,0.00023653640274781088,-0.027922248467803,3.718938112258911,-0.06031416729092598,9.735898971557617,-0.00013031964772380888,0.00669262045994401,0.0024055433459579945,5404,True,None,None,Driving
ac8704b8,2025-04-11 15:15:18,625e19ab,20.28325685025011,0.3622363805770874,0.0,0.0,0.34776628017425537,-0.0012352968741424775,0.000260204545243823,0.0015467453049495816,0.08779299259185791,-0.0005155463586561382,9.80706787109375,3.178044062224217e-05,-0.0017578572733327746,-4.913554948871024e-05,5572,True,None,None,Driving
c0abe093,2025-04-11 15:15:19,10bf3d87,20.191661951573636,0.4290579557418823,0.0,0.06015326455235481,-152.49473571777344,-0.0011247517052908051,-0.0007154398756353109,0.01081642135977745,-0.028934478759765625,0.7217472791671753,9.808568954467773,-0.004397679585963488,0.0009914874099195004,0.17056626081466675,4964,True,None,None,Driving
8c9c45fc,2025-04-11 15:15:20,139a51c2,0.019381769251743466,0.8500000238418579,0.0,0.21469081938266754,-148.06297302246094,-0.0011690940971789132,-0.0006817767659427662,0.04278590902686119,-19.689456939697266,-2.3899173736572266,9.799314498901367,-0.0024936795234680176,0.005993605591356754,0.0002543476293794811,5140,True,None,None,Driving
0124e1a0,2025-04-11 15:15:20,878fb440,20.258685139561223,0.5070888996124268,0.0,-0.013244864530861378,-88.00094604492188,-0.0008046965924535243,0.0009489211826141891,0.14171065390110016,0.48525622487068176,-0.08397525548934937,9.807756423950195,5.010759923607111e-05,-0.00171191047411412,-0.027407463639974594,5136,True,None,None,Driving
67a845f8,2025-04-11 15:15:21,0725ac35,15.879546540669766,0.8151707649230957,0.0,0.000870533986017108,-89.57882690429688,0.00034010436520759413,-0.0004059012376332539,-0.006852226331830025,0.14939570426940918,0.02537759393453598,9.700492858886719,0.0005372604355216026,-0.007170668337494135,0.001280912198126316,5296,True,None,None,Driving
2b47157c,2025-04-11 15:15:22,9d42b0e9,15.737897693449046,0.8500000238418579,0.0,0.0,0.16446302831172943,-0.0002535593786916479,0.00013551558137029178,-0.019157828763127327,1.2104418277740479,-0.0009640833595767617,9.817052841186523,-1.4434440345212352e-05,-0.006203060038387775,-6.91370660206303e-05,5696,True,None,None,Driving
ac89ed51,2025-04-11 15:15:23,6097143a,0.0019454953615102547,0.0,1.0,0.12995681166648865,-17.485361099243164,0.0005121725347407846,-0.000700865965730306,-0.010783195495605469,-0.023194804787635803,-0.0005451056640595198,9.824844360351562,0.0009331472683697939,-0.006216124631464481,9.829283953877166e-06,4748,True,None,None,Driving
fcf6a7e6,2025-04-11 15:15:23,fe4493fd,3.5018930919977564e-06,0.0,1.0,0.051897626370191574,-3.0776069164276123,0.0005204663523130648,-0.000637619147158614,0.06759929656982422,-1.0450246008986142e-05,-5.531559963856125e-06,9.8100004196167,2.239748386756446e-09,-1.1753888973231597e-09,-4.380991663194278e-12,5392,True,None,Red,Driving
b4bd4cd2,2025-04-11 15:15:24,8daa3c29,7.897147695044796e-07,0.0,1.0,0.034344207495450974,-3.093109369277954,0.0005516105235017221,-0.0006366140664669627,-0.029594801366329193,-0.029986925423145294,-1.232256181538105e-07,9.809954643249512,-4.052040480928554e-08,7.540118751592217e-09,2.2921952530507994e-11,5132,True,None,Red,Driving
78472c19,2025-04-11 15:15:24,cf8c6717,18.47155896036307,0.536147952079773,0.0,-0.028721550479531288,16.043407440185547,-0.0012173959518122501,-0.0006459162544680376,-0.004566764924675226,-0.36977627873420715,-0.1482136845588684,9.81074047088623,0.0003391292120795697,-6.770763866370544e-05,-0.04378728196024895,5252,True,None,None,Driving
368c2e65,2025-04-11 15:15:25,74f08caa,19.647253822047734,0.5755778551101685,0.0,0.015118454582989216,15.80106258392334,-0.0012404432436738944,-0.0006745900791833688,0.0027703475207090378,-0.2930607795715332,-0.06709225475788116,9.81539535522461,0.012276842258870602,-0.00019668822642415762,-0.0473870113492012,4756,True,None,None,Driving
446c09e3,2025-04-11 15:15:26,dc1d68a4,15.767930563666821,0.43376773595809937,0.0,-0.020197229459881783,2.8265323638916016,-0.0012585327771006405,-0.0005545619928268246,-0.0016964339883998036,-0.04327123612165451,-0.12953346967697144,9.806356430053711,0.011484243907034397,0.008313567377626896,-0.04424485191702843,4760,True,None,None,Driving
47d06176,2025-04-11 15:15:27,737618c8,19.76848884406413,0.8012237548828125,0.0,0.09361504018306732,18.96672821044922,0.0004931711638533898,0.000698038855022456,-0.0034432602114975452,-0.09433261305093765,0.49446171522140503,9.809714317321777,-0.0029861549846827984,0.0005612944951280951,0.15485739707946777,5940,True,None,None,Driving
9dcf6c22,2025-04-11 15:15:27,c1b2511a,3.193221064845177e-06,0.0,1.0,-0.0011636738199740648,0.34450995922088623,-0.00021960463112691286,-0.0006966007637743878,-0.005357665941119194,-1.045024509949144e-05,-3.465310669525934e-07,9.8100004196167,-1.781173324388874e-07,7.513238386991361e-08,-4.443903144774053e-12,5264,True,None,None,Driving
2d980c1b,2025-04-11 15:15:28,ff157def,20.24753847485023,0.5150590538978577,0.0,-0.10052461922168732,82.93635559082031,-0.0007786668872853397,-0.0010216793611113285,-0.00711963651701808,0.12826406955718994,-0.7113157510757446,9.80900764465332,-0.004409056156873703,-0.000254056416451931,-0.06403008103370667,5564,True,None,None,Driving
9d06f662,2025-04-11 15:15:29,10664a45,7.042541342415868e-08,0.0,1.0,-0.001585820340551436,0.4290125072002411,-0.00025086135558183287,-0.0007643597195718255,-0.004500579554587603,-5.225121640251018e-06,-1.3341362148366898e-07,9.8100004196167,-1.7616837766354365e-08,1.703615382098178e-08,4.467625054627167e-12,5132,True,None,None,Driving
c4e57288,2025-04-11 15:15:30,ed7f6965,19.957068099272394,0.4252404272556305,0.0,0.01212434470653534,85.21404266357422,-0.0006344590884594936,-0.0010012678274087035,0.03893722593784332,-0.521210789680481,0.26848819851875305,9.81800365447998,-0.0004934297176077962,0.0019737842958420515,0.002532241865992546,5424,True,None,None,Driving
9aa75b20,2025-04-11 15:15:30,5058becd,19.19714366733179,0.8500000238418579,0.0,0.0006357255624607205,0.28791749477386475,-0.001267878348414797,0.0004631426562373183,-0.031318970024585724,-2.1209070682525635,0.0019312638323754072,9.918030738830566,0.00048192706890404224,-0.003091523190960288,0.0015601081540808082,4788,True,None,None,Driving
3366127c,2025-04-11 15:15:31,625e19ab,20.36479164204934,0.41043564677238464,0.0,0.0,0.31995370984077454,-0.00123657698988211,0.0004884178141296938,0.0015453338855877519,0.08784936368465424,-0.0004889065749011934,9.807159423828125,-1.6841592298533214e-07,-0.0017564092995598912,-7.839430509193335e-06,5496,True,None,None,Driving
48aa0ff6,2025-04-11 15:15:32,10bf3d87,20.247320455283326,0.4749884307384491,0.0,0.007775834761559963,-118.58879852294922,-0.0009626556633293148,-0.0008654585692048812,0.010818137787282467,0.13633088767528534,0.09582141041755676,9.807561874389648,-0.000486982986330986,-0.0013041999191045761,0.02441461943089962,4696,True,None,None,Driving
11daee69,2025-04-11 15:15:32,139a51c2,19.213023921936088,0.7933391332626343,0.0,0.04557301849126816,-129.01596069335938,-0.0010443103651454066,-0.0008128783536638855,0.042764052748680115,-0.5654322504997253,0.3507077991962433,9.813313484191895,-0.0007495550671592355,0.0010236389935016632,0.06660794466733932,4924,True,None,None,Driving
abb66483,2025-04-11 15:15:33,878fb440,20.268478103999563,0.4625621438026428,0.0,0.0,-89.5924301147461,-0.0005826553174586024,0.0009515252771222003,0.1417149007320404,0.1326790302991867,-0.0009427517652511597,9.808655738830566,7.939524948596954e-08,-0.0008122135186567903,1.721738698279296e-07,5388,True,None,None,Driving
2eb4ac20,2025-04-11 15:15:34,0725ac35,20.44935260273636,0.39691275358200073,0.0,-0.11820372939109802,-130.97438049316406,0.0005348972960774745,-0.0004472263999002177,-0.007935600355267525,1.0307621955871582,-1.1975198984146118,9.813840866088867,0.0178512092679739,-0.005593448877334595,-0.3569451570510864,5616,True,None,None,Driving
5e8f1243,2025-04-11 15:15:34,9d42b0e9,19.657317877960473,0.18669867515563965,0.0,0.20831690728664398,39.692604064941406,-0.0002877247888477541,0.0003300489663734179,-0.01829853095114231,-3.9188103675842285,2.7447574138641357,9.869673728942871,-0.011281298473477364,0.022765539586544037,0.4625101089477539,5580,True,None,None,Driving
276fd5af,2025-04-11 15:15:35,6097143a,6.868713342073937e-08,0.0,1.0,0.12994921207427979,-17.485273361206055,0.0005121730487616105,-0.0007008624703934308,-0.011120567098259926,0.0,0.0,9.8100004196167,-6.866782142900263e-10,-1.1256712895146848e-08,-1.797100662725981e-11,5112,True,None,None,Driving
bd03f60d,2025-04-11 15:15:36,fe4493fd,2.334607128871613e-06,0.0,1.0,0.051897626370191574,-3.0776069164276123,0.0005204663523130648,-0.000637619147158614,0.06759929656982422,-1.0450246008986142e-05,-5.531559963856125e-06,9.8100004196167,-1.2043697594776859e-08,-5.026989047252073e-09,-5.0892182314058246e-14,5264,True,None,Red,Driving
3bb311ed,2025-04-11 15:15:36,8daa3c29,2.3346054332725318e-06,0.0,1.0,0.034344207495450974,-3.093109369277954,0.0005516105235017221,-0.0006366140664669627,-0.029594801366329193,-0.029986925423145294,-1.232256181538105e-07,9.809954643249512,-3.1986221671331805e-08,1.1033050029141123e-08,1.2344396338459518e-11,5484,True,None,Red,Driving
f629ced4,2025-04-11 15:15:37,cf8c6717,20.390196812957505,0.3358546197414398,0.0,-0.0038168071769177914,0.6993035674095154,-0.001229555474907329,-0.0004582052530250949,-0.004316634964197874,0.8778824806213379,-0.022358862683176994,9.798355102539062,0.00041521707316860557,-0.005018987692892551,-0.007198932580649853,5536,True,None,None,Driving
a919d9e1,2025-04-11 15:15:38,74f08caa,20.18738312495863,0.8387637734413147,0.0,0.0010773526737466455,1.3996111154556274,-0.001260097317299369,-0.00048655250361865867,0.003558540251106024,1.9380849599838257,0.026158683001995087,9.800299644470215,0.001748584909364581,0.0011390120489522815,0.018921788781881332,5720,True,None,None,Driving
c0cf7c36,2025-04-11 15:15:38,dc1d68a4,20.627212172383814,0.25725266337394714,0.0,-0.0012007019249722362,0.4940849244594574,-0.001261791390575695,-0.0003529758747098404,-0.0019090651767328382,0.44706034660339355,-0.14267601072788239,9.805609703063965,0.00013083287922199816,-0.010953927412629128,0.02031007781624794,5396,True,None,None,Driving
0c30984e,2025-04-11 15:15:39,737618c8,19.60585034655695,0.7130276560783386,0.0,0.10058555752038956,58.55268096923828,0.0003572050609790267,0.0008536757200627001,-0.0034415817353874445,-0.12764020264148712,0.4989793598651886,9.81003475189209,-0.003667402546852827,0.0005552424117922783,0.15442445874214172,5076,True,None,None,Driving
67bdda77,2025-04-11 15:15:40,c1b2511a,3.1248536487521864e-06,0.0,1.0,-0.0011636738199740648,0.34450995922088623,-0.00021960463112691286,-0.0006966007637743878,-0.005357665941119194,-1.045024509949144e-05,-3.465310669525934e-07,9.8100004196167,-3.531293941705371e-07,-1.5501366590342514e-07,2.5340113687932764e-11,5332,True,None,None,Driving
cecf6d89,2025-04-11 15:15:41,ff157def,20.283480463932943,0.4987476170063019,0.0,-0.026489807292819023,64.38871765136719,-0.000985250686014183,-0.0009597964092811203,-0.007121086120605469,0.10879221558570862,-0.3211274743080139,9.809057235717773,0.0002613078395370394,-0.00024473751545883715,-0.07729262113571167,5308,True,None,None,Driving
bc7a12d6,2025-04-11 15:15:41,10664a45,5.582971368736951e-07,0.0,1.0,-0.001585820340551436,0.4290125072002411,-0.00025086135558183287,-0.0007643597195718255,-0.004500579554587603,-5.225121640251018e-06,-1.3341362148366898e-07,9.8100004196167,-1.7044975209046243e-07,4.983577639450232e-08,1.3307541917376153e-12,4880,True,None,None,Driving
748c669f,2025-04-11 15:15:42,ed7f6965,19.97942303252207,0.6121536493301392,0.0,-0.01249660924077034,76.1200180053711,-0.0008490683177342362,-0.0009755589393317311,0.0389840304851532,-0.7846279740333557,-0.2567428946495056,9.806647300720215,0.0006519994931295514,0.0006121950573287904,-0.0008498822571709752,4612,True,None,None,Driving
1b820222,2025-04-11 15:15:43,5058becd,20.82008881859162,0.5273773074150085,0.0,-0.13076892495155334,-14.194169044494629,-0.0012515256547089848,0.0006824506805995004,-0.029096240177750587,3.083606004714966,-1.5977890491485596,9.841440200805664,0.07106328010559082,0.021558765321969986,-0.19117584824562073,4372,True,None,None,Driving
db5132b6,2025-04-11 15:15:43,625e19ab,20.34308864664712,0.4258486032485962,0.0,-0.07620358467102051,-19.930631637573242,-0.0012120898933716262,0.0007035669701665815,0.001574783236719668,0.09638343006372452,-0.8255951404571533,9.797440528869629,-0.0053754402324557304,-0.0005376972258090973,-0.18053777515888214,4916,True,None,None,Driving
51233740,2025-04-11 15:15:44,10bf3d87,20.21576050547279,0.39011847972869873,0.0,0.11303442716598511,-98.0682373046875,-0.0007590521532989669,-0.0009288622667198525,0.011581954546272755,-0.20080280303955078,1.1289697885513306,9.74235725402832,0.018561726436018944,0.0003777984529733658,0.1299097239971161,5760,True,None,None,Driving
2084befd,2025-04-11 15:15:45,139a51c2,19.207147146796615,0.0,0.006787540856748819,0.04252844676375389,-108.23870849609375,-0.0008713403987030688,-0.000903680694758909,0.0427536778151989,1.1651979684829712,0.40726006031036377,9.810525894165039,-0.000945495325140655,-0.0005870552849955857,0.07360397279262543,5452,True,None,None,Driving
cd4adc84,2025-04-11 15:15:45,878fb440,0.0,0.0,1.0,0.0,-89.60540008544922,-0.0004977295286181516,0.0009521158519820681,0.1416475623846054,-0.0028894925490021706,-8.490285836160183e-06,9.8100004196167,0.0,0.0,0.0,5364,True,None,None,Driving
c1af2b97,2025-04-11 15:15:46,0725ac35,20.113223892469396,0.5629689693450928,0.0,-0.01533148717135191,177.23373413085938,0.000583369736901318,-0.000639177930332901,-0.007577667012810707,0.5481590032577515,0.02089323103427887,9.792557716369629,0.0027451564092189074,-0.008238296024501324,-0.085169218480587,6004,True,None,None,Driving
d211e846,2025-04-11 15:15:47,9d42b0e9,11.826386429227275,0.7338402271270752,0.0,0.008739075623452663,88.59197998046875,-0.00043308310179668297,0.000363075479270572,-0.01892494224011898,0.7152625918388367,0.03226345777511597,9.808699607849121,-0.00033458974212408066,-0.006146008614450693,0.013784443028271198,5604,True,None,None,Driving
6fd7d219,2025-04-11 15:15:48,6097143a,1.0302560230422013e-07,0.0,1.0,0.12994921207427979,-17.485273361206055,0.0005121730487616105,-0.0007008624703934308,-0.011120567098259926,0.0,0.0,9.8100004196167,-5.424985349833378e-09,-9.825154023701543e-09,-1.2437124247144382e-11,4972,True,None,None,Driving
d60dd886,2025-04-11 15:15:49,fe4493fd,1.9912846207809445e-06,0.0,1.0,0.051897626370191574,-3.0776069164276123,0.0005204663523130648,-0.000637619147158614,0.06759929656982422,-1.0450246008986142e-05,-5.531559963856125e-06,9.8100004196167,1.0699315211581961e-08,1.628470275294447e-10,-3.3555679936070337e-12,4936,True,None,Red,Driving
a3132d94,2025-04-11 15:15:50,8daa3c29,1.4076247068778212e-06,0.0,1.0,0.034344207495450974,-3.093109369277954,0.0005516105235017221,-0.0006366140664669627,-0.029594801366329193,-0.029986925423145294,-1.232256181538105e-07,9.809954643249512,-6.049041822997481e-10,1.3526481268399948e-08,3.658217392205065e-12,4928,True,None,Red,Driving
48c03932,2025-04-11 15:15:50,cf8c6717,19.991280647000586,0.5759969353675842,0.0,0.0,0.3645998239517212,-0.0012310512049538147,-0.0002511614233876128,-0.004458160139620304,-0.008048946969211102,-0.004995454102754593,9.809908866882324,1.9626759240054525e-05,2.2341815565596335e-05,1.2297900866542477e-05,5384,True,None,None,Driving
c7f6a03f,2025-04-11 15:15:51,74f08caa,19.785285653348915,0.46800726652145386,0.0,0.0,0.36391481757164,-0.0012622486628828256,-0.00028434817349288696,0.0028649901505559683,-0.34028175473213196,-0.02776467055082321,9.806936264038086,-0.00022175360936671495,0.0052458373829722404,-0.01626361533999443,5276,True,None,None,Driving
818f64cf,2025-04-11 15:15:52,dc1d68a4,20.033920629047174,0.4077624976634979,0.0,0.0,0.35923996567726135,-0.001263107007972053,-0.00014922410412062165,-0.0013634872157126665,-0.2477332353591919,-0.003376138862222433,9.82765007019043,-6.284601840889081e-05,0.0026770990807563066,2.889137431338895e-05,5412,True,None,None,Driving
d672b1ea,2025-04-11 15:15:53,737618c8,18.4829594083127,0.49211299419403076,0.0,0.015930283814668655,89.4334945678711,0.00016162927741447675,0.0008933513574686571,-0.0033279035706073046,-0.3443170189857483,0.07025101780891418,9.809574127197266,-0.00028292310889810324,-0.0004798063018824905,0.02433231845498085,5520,True,None,None,Driving
b2530527,2025-04-11 15:15:53,c1b2511a,1.9230643888019787e-06,0.0,1.0,-0.0011636738199740648,0.34450995922088623,-0.00021960463112691286,-0.0006966007637743878,-0.005357665941119194,-1.045024509949144e-05,-3.465310669525934e-07,9.8100004196167,3.638412522377621e-07,-1.752434002355585e-07,-2.1446584091977527e-11,5196,True,None,None,Driving
e17af634,2025-04-11 15:15:54,ff157def,20.079420048398422,0.42622101306915283,0.0,-0.07006079703569412,42.678993225097656,-0.0011500872776792903,-0.0008418885531514379,-0.007114486303180456,-0.23129460215568542,-0.7160296440124512,9.81061840057373,0.0008571911021135747,0.0004249363555572927,-0.13857361674308777,5056,True,None,None,Driving
140e8e6d,2025-04-11 15:15:55,10664a45,1.9241790624734815e-06,0.0,1.0,-0.001585820340551436,0.4290125072002411,-0.00025086135558183287,-0.0007643597195718255,-0.004500579554587603,-5.225121640251018e-06,-1.3341362148366898e-07,9.8100004196167,1.3672935494923877e-07,-4.103510775621544e-08,3.1958669651638294e-12,4908,True,None,None,Driving
7c8ec568,2025-04-11 15:15:55,ed7f6965,19.677732310009187,0.7127887606620789,0.0,-0.006054571829736233,59.701560974121094,-0.0010294238624481977,-0.0008997909331049933,0.038982849568128586,0.5211316347122192,0.05823738873004913,9.807236671447754,7.285969331860542e-05,-0.0006887293420732021,-0.04849185422062874,5328,True,None,None,Driving
e01263fb,2025-04-11 15:15:56,5058becd,19.74720367081005,0.80867600440979,0.0,-0.03654460981488228,-44.685401916503906,-0.0011506928619269274,0.0008501139717869122,-0.030188539996743202,1.546544075012207,-0.284925639629364,9.872637748718262,-0.0014604385942220688,0.014039169996976852,-0.0799146369099617,4740,True,None,None,Driving
8b8f16ec,2025-04-11 15:15:57,625e19ab,20.300056134568038,0.3560374081134796,0.0,-0.030274512246251106,-52.1876335144043,-0.001091503169973862,0.0008600107097368502,0.0015377425588667393,-0.039466679096221924,-0.39599692821502686,9.812756538391113,0.013885194435715675,0.0015670843422412872,-0.08056560903787613,4996,True,None,None,Driving
874c8164,2025-04-11 15:15:58,10bf3d87,12.304191019967869,0.0,0.699999988079071,0.00246323156170547,-89.648193359375,-0.0005862796391227221,-0.0009337387414128206,0.010462760925292969,-3.957597255706787,0.07265114784240723,9.831963539123535,0.00023872405290603638,0.04153730720281601,-0.014143871143460274,5024,True,None,None,Driving
61aa1919,2025-04-11 15:15:58,139a51c2,11.403085912532607,0.8500000238418579,0.0,0.030089793726801872,-92.73796844482422,-0.0007013057613249885,-0.0009328662779143739,0.042561642825603485,4.100347518920898,0.10359764099121094,9.809110641479492,4.2259227484464645e-05,-0.0012044348986819386,0.04014753922820091,5608,True,None,None,Driving
0581f474,2025-04-11 15:15:59,878fb440,0.0,0.0,1.0,0.0,-89.60540008544922,-0.0004977295286181516,0.0009521158519820681,0.1416475623846054,-0.0028894925490021706,-8.490285836160183e-06,9.8100004196167,0.0,0.0,0.0,5456,True,None,None,Driving
0aeed5f7,2025-04-11 15:16:00,0725ac35,19.966885154133557,0.6200045943260193,0.0,-0.045382674783468246,145.91799926757812,0.0005239117949855654,-0.0008225520754139848,-0.00735828373581171,0.3025563359260559,-0.3424077033996582,9.776857376098633,0.0120383370667696,-0.007254159078001976,-0.16886241734027863,6268,True,None,None,Driving
64459175,2025-04-11 15:16:00,9d42b0e9,6.069089449914331e-06,0.0,1.0,0.03933845832943916,91.4506607055664,-0.0004912434513073549,0.00036334859529895455,-0.018991928547620773,-2.08995770663023e-05,-1.2145592336310074e-06,9.80957317352295,6.217037480382714e-07,-6.141468475107104e-06,-3.1947058332093548e-09,5820,True,None,None,Driving
49250869,2025-04-11 15:16:01,6097143a,6.874437257329381e-08,0.0,1.0,0.12994921207427979,-17.485273361206055,0.0005121730487616105,-0.0007008624703934308,-0.011120567098259926,0.0,0.0,9.8100004196167,-4.465203318204658e-09,2.479167804381177e-08,3.362780193194581e-11,5060,True,None,None,Driving
7197c88f,2025-04-11 15:16:02,fe4493fd,1.304629363717747e-06,0.0,1.0,0.051897626370191574,-3.0776069164276123,0.0005204663523130648,-0.000637619147158614,0.06759929656982422,-1.0450246008986142e-05,-5.531559963856125e-06,9.8100004196167,1.4557665073411385e-09,3.050884433974943e-09,1.4112330011181728e-12,5116,True,None,Red,Driving
59fd6c7b,2025-04-11 15:16:03,8daa3c29,1.8209157554448612e-06,0.0,1.0,0.034344207495450974,-3.093109369277954,0.0005516105235017221,-0.0006366140664669627,-0.029594801366329193,-0.029986925423145294,-1.232256181538105e-07,9.809954643249512,-6.117270459071733e-07,5.985430107102729e-07,-7.354494235833897e-10,5688,True,None,Red,Driving
6858bbd7,2025-04-11 15:16:03,cf8c6717,19.991470567545743,0.5765475630760193,0.0,0.0,0.3446057140827179,-0.001232167930822925,-6.908440810130339e-05,-0.004458808805793524,-0.0002609923540148884,-0.005001788958907127,9.810030937194824,-6.647459031228209e-06,-1.806662766057343e-07,-7.051805805957656e-09,5712,True,None,None,Driving
7fe56ac7,2025-04-11 15:16:04,74f08caa,20.189303220246657,0.6869555711746216,0.0,-0.00017573311924934387,0.35186758637428284,-0.0012633891022062471,-0.00010219162215866334,0.0028911589179188013,0.4182700216770172,0.012917635031044483,9.81338119506836,7.822518819011748e-05,-0.004632558673620224,0.015394982881844044,5776,True,None,None,Driving
bd9322fc,2025-04-11 15:16:05,dc1d68a4,20.21877117139384,0.5275330543518066,0.0,0.0,0.7554186582565308,-0.0012645096660861554,3.67992064667583e-05,-0.0014061355032026768,0.2164246141910553,0.011358078569173813,9.796126365661621,-2.5238527086912654e-05,-0.0015310045564547181,0.001802538987249136,5172,True,None,None,Driving
b7c9980b,2025-04-11 15:16:05,737618c8,16.40766371354076,0.0,0.4233054518699646,0.0007661748677492142,90.33013916015625,6.087766551843288e-05,0.0008930147770883843,-0.004843330476433039,0.7106202840805054,-0.0013831853866577148,9.824320793151855,-6.175041198730469e-05,0.009849757887423038,0.0011286773951724172,5536,True,None,Green,Driving
9bced461,2025-04-11 15:16:06,c1b2511a,1.2416425007200274,0.8500000238418579,0.0,-0.0007661748677492142,0.32195398211479187,-0.00021960742395776833,-0.0006963534858244746,-0.005409126169979572,2.21111798286438,0.006317748222500086,9.80848217010498,-4.102429738850333e-05,-0.0010530534200370312,-0.023130716755986214,4936,True,None,None,Driving
0585bd4f,2025-04-11 15:16:07,ff157def,20.03681142107695,0.40198859572410583,0.0,-0.057036906480789185,17.20844841003418,-0.0012398164132605416,-0.0006832664648117559,-0.00710372906178236,-0.2105320394039154,-0.5980614423751831,9.80911636352539,0.00041341304313391447,-8.138315752148628e-05,-0.1380121409893036,4956,True,None,None,Driving
8c713e92,2025-04-11 15:16:07,10664a45,1.924791817632653e-06,0.0,1.0,-0.001585820340551436,0.4290125072002411,-0.00025086135558183287,-0.0007643597195718255,-0.004500579554587603,-5.225121640251018e-06,-1.3341362148366898e-07,9.8100004196167,-1.6438200134416547e-07,3.670529835630987e-08,-1.665465508560171e-12,5368,True,None,None,Driving
07f5bcc5,2025-04-11 15:16:08,ed7f6965,20.18442065453055,0.6853123307228088,0.0,-0.029381033033132553,34.46095275878906,-0.0011625622035182914,-0.0007736481318334513,0.03892498090863228,1.0836070775985718,-0.4312119483947754,9.80524730682373,0.0013665425358340144,-0.0024258592166006565,-0.05366424471139908,4992,True,None,None,Driving
2528e01b,2025-04-11 15:16:09,5058becd,20.515943989285248,0.0812298133969307,0.0,-0.05410716310143471,-68.49927520751953,-0.000995924485323485,0.0009471508972909464,-0.029103869572281837,-1.4771745204925537,-0.5422444939613342,9.721755981445312,-0.009952105581760406,-0.020746475085616112,-0.2048036754131317,5176,True,None,None,Driving
d729cbb3,2025-04-11 15:16:10,625e19ab,20.308265651907817,0.4379476010799408,0.0,-0.07261879742145538,-76.89051818847656,-0.0009219926275534363,0.0009371536855398518,0.001507835346274078,-0.21992933750152588,-1.3192297220230103,9.821117401123047,-0.022341791540384293,0.004008539021015167,-0.12208934128284454,5364,True,None,None,Driving
bc186f8c,2025-04-11 15:16:10,10bf3d87,2.6782761810069827e-06,0.0,1.0,-0.002564612776041031,-89.39586639404297,-0.000552624479610131,-0.0009334804291641446,0.010660171508789062,1.1694430213537998e-05,0.0,9.8100004196167,-1.1360882012922957e-08,-7.450901762240392e-08,1.673006004565547e-11,5004,True,None,None,Driving
6f9c70c2,2025-04-11 15:16:11,139a51c2,8.135064499684788e-06,0.0,1.0,0.0040787928737699986,-89.9858627319336,-0.0006005781713156466,-0.000933731613667036,0.042614515870809555,-0.002646306762471795,6.167683750391006e-07,9.810230255126953,-6.526533979922533e-08,-0.0001386032672598958,-9.18623666024132e-09,4800,True,None,None,Driving
3efc0dcb,2025-04-11 15:16:12,878fb440,0.0,0.0,1.0,0.0,-89.60540008544922,-0.0004977295286181516,0.0009521158519820681,0.1416475623846054,-0.0028894925490021706,-8.490285836160183e-06,9.8100004196167,0.0,0.0,0.0,5156,True,None,None,Driving
96179252,2025-04-11 15:16:13,0725ac35,20.17142202015477,0.42287248373031616,0.0,-0.10307356715202332,116.15319061279297,0.00037654177859280935,-0.0009439981719655693,-0.007410507183521986,-0.4269254207611084,-1.851555585861206,9.84152889251709,-0.04713059216737747,0.009002342820167542,-0.11180785298347473,5284,True,None,None,Driving
610dff05,2025-04-11 15:16:14,9d42b0e9,16.721648534107835,0.8500000238418579,0.0,0.18393027782440186,113.08393096923828,-0.000545256103876568,0.00034972589677611333,-0.019424017518758774,0.9759293794631958,1.382034420967102,9.76828670501709,-0.0030156660359352827,-0.0021823192946612835,0.38905733823776245,5908,True,None,None,Driving
4aa53738,2025-04-11 15:16:14,6097143a,6.867656225056394e-08,0.0,1.0,0.12994921207427979,-17.485273361206055,0.0005121730487616105,-0.0007008624703934308,-0.011120567098259926,0.0,0.0,9.8100004196167,1.997240062223682e-08,5.535858438321384e-09,8.585121329118817e-12,5156,True,None,None,Driving
f8e23aa6,2025-04-11 15:16:15,fe4493fd,1.922617271151802e-06,0.0,1.0,0.051897626370191574,-3.0776069164276123,0.0005204663523130648,-0.000637619147158614,0.06759929656982422,-1.0450246008986142e-05,-5.531559963856125e-06,9.8100004196167,9.160969760557691e-09,-2.889476213852049e-09,-2.333704410273363e-12,5400,True,None,Red,Driving
53859923,2025-04-11 15:16:16,8daa3c29,1.338962492185346e-06,0.0,1.0,0.034344207495450974,-3.093109369277954,0.0005516105235017221,-0.0006366140664669627,-0.029594801366329193,-0.029986925423145294,-1.232256181538105e-07,9.809954643249512,5.817615722492064e-09,1.360200396760547e-08,1.3709824291455175e-12,5388,True,None,Red,Driving
4f0f9dcc,2025-04-11 15:16:16,cf8c6717,19.991396553664433,0.5765950083732605,0.0,-0.0014328258112072945,0.7099572420120239,-0.001234213593861,0.00012046702527844535,-0.004458961542695761,0.0004586766881402582,-0.020320463925600052,9.80998420715332,0.00017545091395732015,4.7438007300115714e-07,-0.0023508991580456495,5576,True,None,None,Driving
44d26d94,2025-04-11 15:16:17,74f08caa,19.792700075623824,0.4653392732143402,0.0,-0.006277512758970261,0.8436873555183411,-0.0012653027648639181,8.990754342198472e-05,0.0028668593149632215,-0.3222297728061676,-0.14972232282161713,9.806666374206543,-0.0016359365545213223,0.004965644329786301,-0.02194257453083992,5392,True,None,None,Driving
d3a5500b,2025-04-11 15:16:18,dc1d68a4,20.283855656343423,0.4493500590324402,0.0,-0.0003670363512355834,0.3680839538574219,-0.001266537783905619,0.0002278632897142432,-0.0013688277686014771,0.15597616136074066,-0.02137700468301773,9.799860000610352,-0.0009066182537935674,-0.001671232283115387,-0.0007358872098848224,5460,True,None,None,Driving
57e69fea,2025-04-11 15:16:18,737618c8,19.88215255648462,0.5750723481178284,0.0,0.0,90.39318084716797,-0.0001178864386162104,0.0008918247862224353,-0.0035875318571925163,-0.6207894682884216,0.006775915622711182,9.819271087646484,-2.598995342850685e-05,0.00031206230050884187,-0.0015326085267588496,5388,True,None,None,Driving
ee2b4265,2025-04-11 15:16:20,c1b2511a,14.736884730958913,0.2554666996002197,0.0,-0.013592683710157871,-4.197511196136475,-0.00021743085713410437,-0.000560877141324007,-0.005277175921946764,-2.1427972316741943,-0.02698272466659546,9.807560920715332,5.27495431015268e-05,0.00027871853671967983,-0.031899262219667435,5232,True,None,None,Driving
836d5583,2025-04-11 15:16:21,ff157def,17.631393196200193,0.8500000238418579,0.0,-0.009874771349132061,1.3322190046310425,-0.0012601372052643,-0.0005119827585178672,-0.007458076346665621,3.6677699089050293,-0.06566563993692398,9.80984878540039,0.0001252491638297215,-0.0015772035112604499,-0.0204472616314888,5844,True,None,None,Driving
e65948cc,2025-04-11 15:16:21,10664a45,14.025561829052657,0.45050984621047974,0.0,-0.0009834838565438986,0.23987162113189697,-0.0002511964452907023,-0.0006958184251385065,-0.004560394212603569,3.382758855819702,-0.004564139526337385,9.77454948425293,-1.2817949937016238e-05,-0.018995419144630432,-0.0014968671603128314,5456,True,None,None,Driving
53914ccd,2025-04-11 15:16:22,ed7f6965,16.933936084601676,0.46139732003211975,0.0,-0.037497565150260925,5.459090709686279,-0.001224648570229192,-0.0005952068665874583,0.03886024281382561,-0.6389063596725464,-0.15694154798984528,9.809354782104492,0.0011888783192262053,0.0004135822528041899,-0.08010987192392349,5404,True,None,None,Driving
6d57c757,2025-04-11 15:16:23,5058becd,20.266368095745225,0.2238951176404953,0.0,-0.0058909934014081955,-88.01827239990234,-0.0007956062492837646,0.000980344535265945,-0.029985083267092705,-1.8252246379852295,-0.087432861328125,9.79182243347168,-0.0029982300475239754,-0.0156076205894351,-0.0013999640941619873,5060,True,None,None,Driving
be0b2f19,2025-04-11 15:16:23,625e19ab,20.281116699837717,0.3623981773853302,0.0,-0.0019087940454483032,-89.35054779052734,-0.0007199590720574633,0.0009503903206780309,0.0015526580391451716,-0.10519654303789139,-0.02121850848197937,9.81269645690918,0.0011177435517311096,0.0019685220904648304,-0.005311185028403997,5356,True,None,None,Driving
a893aa75,2025-04-11 15:16:24,10bf3d87,14.43194301630681,0.6836872100830078,0.0,0.0,-89.44513702392578,-0.0005007851726901436,-0.0009329854620482151,0.010788535699248314,-0.2319413721561432,-0.00031287968158721924,9.803106307983398,7.94214429333806e-06,-0.0004799901507794857,8.410495865973644e-06,5020,True,None,None,Driving
d13efab5,2025-04-11 15:16:25,139a51c2,14.354560962685467,0.8500000238418579,0.0,0.004281566943973303,-89.75133514404297,-0.0005819896271219704,-0.0009336460121816032,0.04253707826137543,4.3795366287231445,0.01110696792602539,9.808076858520508,-2.4013512302190065e-05,-0.00022565816470887512,0.008040614426136017,5844,True,None,None,Driving
d5a76015,2025-04-11 15:16:25,878fb440,0.0,0.0,1.0,0.0,-89.60540008544922,-0.0004977295286181516,0.0009521158519820681,0.1416475623846054,-0.0028894925490021706,-8.490285836160183e-06,9.8100004196167,0.0,0.0,0.0,5564,True,None,None,Driving
3a8bc799,2025-04-11 15:16:26,0725ac35,20.23751707270863,0.4041011929512024,0.0,-0.020144058391451836,92.6407241821289,0.0001872074673201496,-0.0009864457485855623,-0.007472038269042969,-0.20032228529453278,-0.4106014370918274,9.838114738464355,0.006082251667976379,0.006688628811389208,-0.01188468374311924,5124,True,None,None,Driving
61410337,2025-04-11 15:16:27,9d42b0e9,21.88329980438921,0.0,0.6164138913154602,0.009396136738359928,179.3116912841797,-0.0005948042174850343,0.00019269339855043166,-0.01973148249089718,-0.25449877977371216,0.21285051107406616,9.881881713867188,0.0015887678600847721,0.019276386126875877,0.02468334510922432,5912,True,None,None,Driving
00991da3,2025-04-11 15:16:28,6097143a,1.7167212905322995e-07,0.0,1.0,0.12994921207427979,-17.485273361206055,0.0005121730487616105,-0.0007008624703934308,-0.011120567098259926,0.0,0.0,9.8100004196167,-4.124794017457134e-08,4.764603156459657e-10,1.3076059332539636e-11,4900,True,None,None,Driving
1b6ae421,2025-04-11 15:16:29,fe4493fd,2.471924026472775e-06,0.0,1.0,0.051897626370191574,-3.0776069164276123,0.0005204663523130648,-0.000637619147158614,0.06759929656982422,-1.0450246008986142e-05,-5.531559963856125e-06,9.8100004196167,-2.7360431698042476e-09,1.778181490941222e-09,-2.211402502089177e-12,4916,True,None,Red,Driving
e51fa9d9,2025-04-11 15:16:29,8daa3c29,2.094277696855542e-06,0.0,1.0,0.034344207495450974,-3.093109369277954,0.0005516105235017221,-0.0006366140664669627,-0.029594801366329193,-0.029986925423145294,-1.232256181538105e-07,9.809954643249512,1.709938857175075e-08,1.9251391591978972e-08,3.817414700318933e-12,5544,True,None,Red,Driving
e3d55fa2,2025-04-11 15:16:30,cf8c6717,19.99148483427099,0.5765348076820374,0.0,0.0,0.33320000767707825,-0.001235602133561997,0.00031251728184384763,-0.0044587706215679646,0.0007065661484375596,2.9306600481504574e-05,9.8100004196167,-1.694742422841955e-05,9.808157130919426e-08,1.1236115149415582e-08,5448,True,None,None,Driving
568e0d66,2025-04-11 15:16:31,74f08caa,19.779052951973718,0.4686431586742401,0.0,-0.00017573311924934387,0.3309226334095001,-0.0012668313922006291,0.0002795369622222594,0.0028646087739616632,-0.37150245904922485,-0.022564798593521118,9.806885719299316,-0.0002534748346079141,0.005643353797495365,-0.015590603463351727,5308,True,None,None,Driving
0ab0f0f7,2025-04-11 15:16:31,dc1d68a4,20.283556101624818,0.4491669535636902,0.0,0.0,0.31749245524406433,-0.0012676371016340227,0.0004188813081911944,-0.0012752150651067495,0.15310053527355194,-0.0008696331642568111,9.79768180847168,0.0001230110792675987,-0.0015053136739879847,-8.698860619915649e-05,5428,True,None,None,Driving
f4653479,2025-04-11 15:16:32,737618c8,19.855000947783395,0.7528377771377563,0.0,-0.0006155604496598244,90.39163208007812,-0.000302940675624086,0.0008905532374960659,-0.0034551620483398438,0.5449892282485962,0.008735895156860352,9.805091857910156,-7.400609320029616e-05,-0.0005459367530420423,-0.003923298791050911,5580,True,None,None,Driving
2b59ee1a,2025-04-11 15:16:33,c1b2511a,18.712733294406128,0.8500000238418579,0.0,-0.17191016674041748,-36.75383758544922,-0.00017628152400561703,-0.0004516453624106343,-0.005281028803437948,3.0564022064208984,-1.8055660724639893,9.85759162902832,-0.004404024686664343,0.0001439281040802598,-0.30031245946884155,5308,True,None,None,Driving
75be3362,2025-04-11 15:16:34,ff157def,19.571594721835716,0.6676667928695679,0.0,0.0,0.37295544147491455,-0.0012619531355824165,-0.0003364201430646285,-0.007051925640553236,-0.9112575650215149,-0.004078170750290155,9.806439399719238,2.05504875339102e-06,0.00044058103230781853,-0.00013694698282051831,5396,True,None,None,Driving
6fca9002,2025-04-11 15:16:35,10664a45,11.144135960833491,0.8500000238418579,0.0,0.03047839179635048,3.3408470153808594,-0.00025294078973558953,-0.0005760779159099657,-0.004244423005729914,0.15129944682121277,0.05386379733681679,9.777078628540039,-0.0015453844098374248,-0.003229331923648715,0.037969090044498444,4980,True,None,None,Driving
13003c95,2025-04-11 15:16:35,ed7f6965,20.195035746243803,0.5741933584213257,0.0,-0.001162917586043477,0.7222474813461304,-0.0012295260044226097,-0.0004494523469335487,0.03892616182565689,0.140177920460701,-0.1369038224220276,9.809957504272461,0.00013348252105060965,-0.0006094023701734841,0.030722951516509056,5548,True,None,None,Driving
4f7fc201,2025-04-11 15:16:36,5058becd,20.25391491904279,0.24397817254066467,0.0,0.00017573311924934387,-89.55669403076172,-0.0006266714093783321,0.0009826298687581451,-0.02993711456656456,-1.7286816835403442,0.062180399894714355,9.78622817993164,-0.0025600194931030273,-0.014601849019527435,-0.013559818267822266,5396,True,None,None,Driving
7b9613ea,2025-04-11 15:16:37,625e19ab,11.1951712647087,0.8424807190895081,0.0,-0.0006155604496598244,-89.58584594726562,-0.0005789784972165535,0.0009515487164400691,0.0018993759294971824,-0.12200906127691269,-0.004359312355518341,9.758235931396484,-0.00028460146859288216,0.004981709644198418,-0.0005535534000955522,5140,True,None,None,Driving
9c4a1414,2025-04-11 15:16:38,10bf3d87,0.0,0.0,1.0,0.0,-89.3775634765625,-0.00045307135705741075,-0.000932476102368682,0.01048484817147255,0.006338380742818117,5.224952474236488e-06,9.809998512268066,0.0,0.0,0.0,5604,True,None,Red,Driving
1724aad5,2025-04-11 15:16:38,139a51c2,4.4751962048566656e-06,0.0,1.0,-0.0020629733335226774,-89.36126708984375,-0.0005024296944213802,-0.0009329790881986192,0.04261394590139389,0.002384889405220747,-2.853316254913807e-05,9.810214042663574,-6.983536877669394e-07,-0.00011098029062850401,4.155409349948513e-09,4840,True,None,None,Driving
9580d419,2025-04-11 15:16:39,878fb440,0.0,0.0,1.0,0.0,-89.60540008544922,-0.0004977295286181516,0.0009521158519820681,0.1416475623846054,-0.0028894925490021706,-8.490285836160183e-06,9.8100004196167,0.0,0.0,0.0,5452,True,None,None,Driving
e9f3eaad,2025-04-11 15:16:40,0725ac35,0.004700263552617837,0.0,1.0,0.0006948008667677641,90.86131286621094,7.187827026200466e-05,-0.0009892919123061829,-0.00702678645029664,-0.046800028532743454,-0.004298102110624313,9.878130912780762,2.0330771803855896e-06,-0.0118941068649292,6.259884344217426e-07,5296,True,None,Red,Driving
649d3e09,2025-04-11 15:16:41,9d42b0e9,20.011334977923767,0.8500000238418579,0.0,-0.0002485241857357323,-179.9776153564453,-0.0005951468290277262,4.765893114330819e-05,-0.019874457269906998,4.537069797515869,-0.006749764550477266,9.785150527954102,-0.0003682346432469785,-0.010223571211099625,1.8052909581456333e-05,5872,True,None,None,Driving
de416428,2025-04-11 15:16:42,6097143a,2.0601911089084193e-07,0.0,1.0,0.12994921207427979,-17.485273361206055,0.0005121730487616105,-0.0007008624703934308,-0.011120567098259926,0.0,0.0,9.8100004196167,-3.1523260446419954e-08,-1.871038790568491e-08,-2.672119123192651e-11,4952,True,None,None,Driving
dc981d0d,2025-04-11 15:16:43,fe4493fd,3.330232448012783e-06,0.0,1.0,0.051897626370191574,-3.0776069164276123,0.0005204663523130648,-0.000637619147158614,0.06759929656982422,-1.0450246008986142e-05,-5.531559963856125e-06,9.8100004196167,-3.5618277216542538e-09,-3.6886398380175933e-09,7.297300784470107e-13,5364,True,None,Red,Driving
d4ed3f2f,2025-04-11 15:16:43,8daa3c29,3.4337155001380076e-07,0.0,1.0,0.034344207495450974,-3.093109369277954,0.0005516105235017221,-0.0006366140664669627,-0.029594801366329193,-0.029986925423145294,-1.232256181538105e-07,9.809954643249512,-2.7310905537092367e-08,5.0666164597146235e-09,3.6243083187392777e-12,5408,True,None,Red,Driving
95e5f9b2,2025-04-11 15:16:44,cf8c6717,19.991482946266117,0.5765358209609985,0.0,0.0,0.3131122887134552,-0.0012365858995622148,0.0004896084560878059,-0.004458885174244642,-0.0005434126942418516,5.225122094998369e-06,9.8100004196167,-9.596767114317117e-08,-1.2335790700035432e-07,-7.928036005466765e-09,4792,True,None,None,Driving
5ebdee02,2025-04-11 15:16:45,74f08caa,19.820297739731696,0.4469872713088989,0.0,-0.00017573311924934387,0.31416478753089905,-0.001267849974496471,0.00045918435856624263,0.002884254325181246,-0.34021809697151184,-0.012783650308847427,9.805536270141602,-0.00027365388814359903,0.004973092582076788,-0.015424905344843864,5380,True,None,None,Driving
6130549a,2025-04-11 15:16:46,dc1d68a4,20.361964367444074,0.492310494184494,0.0,-0.010513098910450935,-4.300996780395508,-0.001265918355386475,0.0006023728554696734,-0.0008839797810651362,0.7174931168556213,-0.4271683692932129,9.75820255279541,0.01232853438705206,-0.008445780724287033,-0.06382925063371658,4540,True,None,None,Driving
6dc2e674,2025-04-11 15:16:47,737618c8,19.861704993144816,0.7004507184028625,0.0,0.0,90.39163208007812,-0.0004904622777814893,0.0008892764800323922,-0.003465003799647093,0.13761326670646667,0.0015561580657958984,9.808930397033691,4.3462205212563276e-07,-0.00015281756350304931,-0.0012056356063112617,5644,True,None,None,Driving
bfacfc94,2025-04-11 15:16:48,c1b2511a,20.56865009020345,0.10001609474420547,0.0,-0.037305887788534164,-87.74004364013672,-6.859567037054148e-06,-0.00037626043825181234,-0.005196189973503351,-1.4413379430770874,-0.6426414251327515,9.808358192443848,0.0003641394432634115,0.0011487873271107674,-0.036071404814720154,5504,True,None,None,Driving
d0bd06e6,2025-04-11 15:16:49,ff157def,20.218294178556135,0.4123026132583618,0.0,0.0,0.35108980536460876,-0.0012632298245023321,-0.00012992010388830023,-0.007133559789508581,0.4765559136867523,0.0020814903546124697,9.811436653137207,7.984481840139779e-07,-0.00015243736561387777,1.0568908692221157e-05,5976,True,None,None,Driving
af1b9936,2025-04-11 15:16:49,10664a45,18.15805542498261,0.8500000238418579,0.0,0.08958057314157486,85.24784851074219,-0.0003531792896040997,-0.0004698320113881941,-0.00359905231744051,-0.49093371629714966,1.0251264572143555,9.697851181030273,-0.019281644374132156,-0.008109496906399727,0.1857912391424179,5176,True,None,None,Driving
3356a855,2025-04-11 15:16:50,ed7f6965,20.125811956292445,0.5942863821983337,0.0,0.0,0.37012436985969543,-0.0012311430432134784,-0.00023536954278765334,0.03894359618425369,-0.08054812252521515,-0.12946482002735138,9.808874130249023,9.525540917820763e-06,-0.00035958545049652457,0.03575262427330017,5596,True,None,None,Driving
9fadbc9f,2025-04-11 15:16:51,5058becd,0.0,0.0,1.0,0.0,-89.58114624023438,-0.0005122761612028626,0.0009834462697945552,-0.02968229167163372,-0.010215111076831818,0.001635462511330843,9.8099946975708,0.0,0.0,0.0,5432,True,None,None,Driving
aeaceabd,2025-04-11 15:16:52,625e19ab,0.0,0.0,1.0,0.0,-89.59327697753906,-0.0005589467558593242,0.0009516909972116933,0.0014308929676190019,-0.0012017780682072043,-2.6951893232762814e-06,9.8100004196167,0.0,0.0,0.0,5324,True,None,None,Driving
3b812a2f,2025-04-11 15:16:53,10bf3d87,0.0,0.0,1.0,0.0,-89.3775634765625,-0.00045307135705741075,-0.000932476102368682,0.01048484817147255,0.006338380742818117,5.224952474236488e-06,9.809998512268066,0.0,0.0,0.0,5352,True,None,Red,Driving
0ea41871,2025-04-11 15:16:53,139a51c2,2.506813586093192e-06,0.0,1.0,-0.002015542471781373,-89.36126708984375,-0.0005024296601590095,-0.0009329790881986192,0.042612381279468536,-2.0900486561004072e-05,-2.9402144718915224e-08,9.8100004196167,9.418894819646084e-08,5.9065087043563835e-08,-3.080968119517635e-11,5576,True,None,None,Driving
fead70b4,2025-04-11 15:16:54,878fb440,0.0,0.0,1.0,0.0,-89.60540008544922,-0.0004977295286181516,0.0009521158519820681,0.1416475623846054,-0.0028894925490021706,-8.490285836160183e-06,9.8100004196167,0.0,0.0,0.0,5320,True,None,None,Driving
21d9680a,2025-04-11 15:16:55,0725ac35,0.027369281408210017,0.8500000238418579,0.0,0.0,90.86131286621094,7.187485202564403e-05,-0.0009892919808422,-0.00781967118382454,0.011314157396554947,-4.697125405073166e-06,9.854656219482422,-3.3257379072892945e-07,-3.6425851703825174e-06,3.0001712225669053e-10,5288,True,None,Green,Driving
42ab3cc3,2025-04-11 15:16:56,9d42b0e9,15.616595211268793,0.8500000238418579,0.0,0.0,-179.91932678222656,-0.0005949153143518515,-0.00016400218282074615,-0.01916728913784027,1.2250713109970093,0.0032788333483040333,9.817107200622559,-1.3918301192461513e-05,-0.0061223371885716915,-6.960862810956314e-05,6084,True,None,None,Driving
53f10759,2025-04-11 15:16:57,6097143a,1.716679503205924e-07,0.0,1.0,0.12994921207427979,-17.485273361206055,0.0005121730487616105,-0.0007008624703934308,-0.011120567098259926,0.0,0.0,9.8100004196167,3.142681492818156e-08,-9.295479941329177e-09,-2.427047278430461e-11,5716,True,None,None,Driving
80c781d8,2025-04-11 15:16:59,fe4493fd,7.74998617485977,0.8500000238418579,0.0,0.03158837929368019,-2.059417724609375,0.0005206452656096872,-0.0006285266793700486,0.06632594764232635,2.6287574768066406,0.017747601494193077,9.799827575683594,0.00016486078675370663,-0.0016218442469835281,0.03859447315335274,4976,True,None,Green,Driving
5b26f61a,2025-04-11 15:17:00,8daa3c29,13.91604092294874,0.8500000238418579,0.0,0.005312953144311905,-1.6820679903030396,0.0005523472514141758,-0.0006124521733693256,-0.029921110719442368,5.292482376098633,0.020898697897791862,9.845152854919434,-0.0003370123158674687,0.004511498846113682,0.011476405896246433,5404,True,None,Green,Driving
655c018e,2025-04-11 15:17:00,cf8c6717,19.939747227581,0.5706915855407715,0.0,-0.15546128153800964,-25.18650245666504,-0.0011955433798362947,0.0007401476581096273,-0.004465599078685045,-0.27456358075141907,-2.197479009628296,9.802763938903809,-0.008915967307984829,0.0011533030774444342,-0.1886550486087799,4972,True,None,None,Driving
dc14ec71,2025-04-11 15:17:01,74f08caa,19.746226821931963,0.48415446281433105,0.0,-0.0514780730009079,-19.927427291870117,-0.0012414611405944243,0.0007105825910271475,0.002866287250071764,-0.4596176743507385,-1.1290342807769775,9.802191734313965,-0.010259633883833885,0.007386490236967802,-0.1868065446615219,5100,True,None,None,Driving
4416d354,2025-04-11 15:17:02,dc1d68a4,20.198488650413605,0.4340452253818512,0.0,-0.08302246779203415,-42.40870666503906,-0.001163426305623716,0.0008373798427265503,-0.0019407272338867188,-0.997002124786377,-1.8843108415603638,9.877357482910156,-0.04755423963069916,0.0025306157767772675,-0.13630150258541107,4916,True,None,None,Driving
ba2f307a,2025-04-11 15:17:03,737618c8,19.50195518699603,0.7878773808479309,0.0,0.0,90.39108276367188,-0.0007389036608458355,0.0008875821326161628,-0.0034512709826231003,-0.1000925824046135,0.008195020258426666,9.809632301330566,1.0580988600850105e-05,0.0010419662576168776,-0.0009740000823512673,5936,True,None,None,Driving
3a621a00,2025-04-11 15:17:04,c1b2511a,10.189930742627247,0.0,0.699999988079071,0.019891437143087387,-90.1900634765625,0.00024904821810878275,-0.0003753606288825187,-0.005178146064281464,-17.9168643951416,-0.48003387451171875,9.79280948638916,-0.0005110516212880611,0.0072911265306174755,0.0037819845601916313,5616,True,None,None,Driving
8fc7d988,2025-04-11 15:17:05,ff157def,20.28305650867265,0.5195960998535156,0.0,-0.0008006644784472883,0.6595188975334167,-0.0012657805980040848,0.0001294933643774535,-0.007122344803065062,0.3018757998943329,-0.008537479676306248,9.808822631835938,7.154926151997643e-06,-0.0004320865264162421,-0.002806575270369649,5204,True,None,None,Driving
e453308e,2025-04-11 15:17:06,10664a45,20.72697527316832,0.0,0.029470883309841156,0.01876823790371418,83.11653900146484,-0.0006071742832318705,-0.00044145693517166337,-0.004462699871510267,-2.3562729358673096,0.19035577774047852,9.804738998413086,-0.004017319530248642,0.020254697650671005,0.04992800951004028,5724,True,None,None,Driving
580b8adf,2025-04-11 15:17:07,ed7f6965,19.93083430349658,0.8157376050949097,0.0,0.0020548501051962376,0.6940721273422241,-0.0012328765932352326,2.0948888203417252e-05,0.03901073336601257,-0.14494866132736206,0.14689114689826965,9.807188034057617,-0.00016558414790779352,0.0002723369107116014,-0.027915963903069496,5332,True,None,None,Driving
fab21946,2025-04-11 15:17:08,5058becd,15.916136438113291,0.3839262127876282,0.0,-0.00017573311924934387,-89.6236572265625,-0.00043743685228037066,0.0009839611808914782,-0.029897212982177734,-3.3549082279205322,0.020606279373168945,9.749218940734863,-0.005664452910423279,-0.028269805014133453,0.0008342140936292708,5696,True,None,Green,Driving
41bd2a03,2025-04-11 15:17:09,625e19ab,17.904646852104523,0.8500000238418579,0.0,0.0,-89.61043548583984,-0.0005125479750347495,0.0009520018080495139,-0.0019261932466179132,5.720902442932129,0.0070037841796875,9.797203063964844,-2.34115868806839e-05,-0.021311147138476372,-7.831581751815975e-05,5240,True,None,None,Driving
a77b69be,2025-04-11 15:17:10,10bf3d87,0.0,0.0,1.0,0.0,-89.3775634765625,-0.00045307135705741075,-0.000932476102368682,0.01048484817147255,0.006338380742818117,5.224952474236488e-06,9.809998512268066,0.0,0.0,0.0,4876,True,None,Red,Driving
007f89b8,2025-04-11 15:17:10,139a51c2,2.437601911700574e-06,0.0,1.0,-0.002015542471781373,-89.36126708984375,-0.0005024296601590095,-0.0009329790881986192,0.042612381279468536,-2.0900486561004072e-05,-2.9402144718915224e-08,9.8100004196167,-1.631391057799192e-07,-1.0467124411661644e-07,-2.3824156189511392e-11,5548,True,None,None,Driving
adc0ddd0,2025-04-11 15:17:11,878fb440,16.448370238705845,0.0,0.1190960556268692,0.0,-89.62227630615234,-0.00037872896852775284,0.0009529188884951318,0.1413959115743637,2.12758731842041,0.005971670150756836,9.82816219329834,1.7886050045490265e-06,-0.0012475796975195408,-1.4644921975559555e-05,5212,True,None,None,Driving
7cd03254,2025-04-11 15:17:12,0725ac35,19.588584994087135,0.5587144494056702,0.0,-0.02220098115503788,88.01057434082031,-0.00011075637117130555,-0.0009902196158344605,-0.006692466791719198,-1.7680107355117798,-0.10442900657653809,9.78920841217041,0.006764564663171768,0.0157550610601902,-0.11073152720928192,5580,True,None,None,Driving
d72b9ae7,2025-04-11 15:17:13,9d42b0e9,0.1806775361927965,0.8500000238418579,0.0,0.046071574091911316,-176.65135192871094,-0.0005931705244393015,-0.0002519685891957104,-0.019045714288949966,0.5712958574295044,0.046960100531578064,9.800491333007812,0.00034986925311386585,-0.0021761825773864985,-0.01300747785717249,5852,True,None,None,Driving
ee13d28e,2025-04-11 15:17:13,6097143a,8.555582735157499,0.0,0.699999988079071,0.07216473668813705,6.4612345695495605,0.0005187959582428903,-0.0005609369732669876,-0.009773788042366505,-27.400835037231445,0.008893312886357307,9.782196044921875,-0.007202972657978535,0.028608977794647217,0.1199975311756134,5276,True,None,None,Driving
fc85d9fb,2025-04-11 15:17:14,fe4493fd,20.119280986262787,0.22449317574501038,0.0,0.29554998874664307,76.16024780273438,0.00043866049432494947,-0.0004704220722279331,0.06784678995609283,-1.1555402278900146,2.790673017501831,9.829690933227539,0.006659966893494129,0.015937216579914093,0.5420306921005249,5452,True,None,None,Driving
a9784f69,2025-04-11 15:17:15,8daa3c29,19.884055977927627,0.6160634160041809,0.0,0.0,0.5517481565475464,0.0005520416493283165,-0.0003977757102427903,-0.02939792536199093,-0.4118521809577942,-0.006542158778756857,9.805707931518555,0.00039161788299679756,0.0009689182043075562,2.4646289602969773e-05,5296,True,None,None,Driving
50a0d769,2025-04-11 15:17:15,cf8c6717,20.005602532730183,0.5743578672409058,0.0,-0.06345311552286148,-59.63051223754883,-0.001041498812099917,0.0008920617152337574,-0.00446052523329854,0.053463831543922424,-0.35358572006225586,9.809710502624512,0.0024357123766094446,1.6677659004926682e-06,-0.10427304357290268,4804,True,None,None,Driving
f84af545,2025-04-11 15:17:16,74f08caa,19.831244875791718,0.43834155797958374,0.0,0.004098857287317514,-52.26054382324219,-0.001110660083327275,0.0008831305812295867,0.0028929137624800205,-0.35791558027267456,-0.1535910964012146,9.804640769958496,0.006879073102027178,0.005521110724657774,-0.09216848015785217,4804,True,None,None,Driving
72d15efe,2025-04-11 15:17:17,dc1d68a4,20.321986292470854,0.34132859110832214,0.0,-0.027220919728279114,-70.04004669189453,-0.000982689906280143,0.0009521622508656854,-0.001663856441155076,-0.4376356601715088,-0.21630150079727173,9.853075981140137,0.01815422996878624,0.0001610172912478447,-0.08842220902442932,5196,True,None,None,Driving
aa8af271,2025-04-11 15:17:18,737618c8,19.773295188951394,0.8083174228668213,0.0,0.07805848121643066,106.1580810546875,-0.0009459240340135011,0.000866062851268181,-0.003451194614171982,0.21346983313560486,0.3933291435241699,9.80738639831543,-0.0021349755115807056,-0.00031417980790138245,0.12302900105714798,5424,True,None,None,Driving
69d47682,2025-04-11 15:17:18,c1b2511a,1.3046302941133048e-06,0.0,1.0,0.004007019568234682,-89.64400482177734,0.0002995649683867896,-0.0003749194282720512,-0.005357627756893635,-1.0450243280502036e-05,-6.471327651524916e-08,9.8100004196167,5.575705586124968e-08,8.669953643902772e-09,7.142152537789603e-13,4888,True,None,None,Driving
e4e4d282,2025-04-11 15:17:19,ff157def,20.28159923296395,0.511474609375,0.0,0.0,0.3207757771015167,-0.001267136514570666,0.00032843113942034757,-0.007119369227439165,-0.10125187039375305,-0.0044342996552586555,9.811266899108887,4.9866835070133675e-06,0.0002720110642258078,-0.00015201172209344804,5108,True,None,None,Driving
195aabec,2025-04-11 15:17:20,10664a45,22.939933079925357,0.0,0.37624475359916687,-0.0013800958404317498,89.7497329711914,-0.0008036219476963424,-0.0004362928148146747,-0.005341606214642525,9.482221603393555,0.09454154968261719,9.744470596313477,-0.000837523490190506,-0.043646007776260376,-0.035047270357608795,5496,True,None,None,Driving
15d500e8,2025-04-11 15:17:21,ed7f6965,20.222039834065164,0.32905104756355286,0.0,0.00017573311924934387,0.3874720335006714,-0.0012350132721081764,0.00021585199289286353,0.03886806219816208,0.17783252894878387,-0.12620729207992554,9.823318481445312,6.863888120278716e-05,0.0014049133751541376,0.033656854182481766,5524,True,None,None,Driving
d64aeea7,2025-04-11 15:17:21,5058becd,19.640660568685195,0.6306681632995605,0.0,0.0005190677475184202,-89.62738800048828,-0.0002686765393349333,0.0009851089535708566,-0.02895463816821575,2.5669121742248535,-0.02915334701538086,9.794621467590332,0.001996787264943123,0.011656845919787884,0.008548782207071781,4816,True,None,None,Driving
73e61660,2025-04-11 15:17:22,625e19ab,18.107573013353953,0.13394194841384888,0.0,0.0,-89.60478973388672,-0.0003611722683416474,0.0009530377299488873,0.0004439926124177873,-0.7760400176048279,0.0006906986236572266,9.928040504455566,-1.204339787364006e-05,0.00576125318184495,-7.066116813803092e-05,4928,True,None,None,Driving
9e71c65b,2025-04-11 15:17:23,10bf3d87,0.0,0.0,1.0,0.0,-89.3775634765625,-0.00045307135705741075,-0.000932476102368682,0.01048484817147255,0.006338380742818117,5.224952474236488e-06,9.809998512268066,0.0,0.0,0.0,5512,True,None,Red,Driving
a03cf5cc,2025-04-11 15:17:24,139a51c2,3.776559392254435e-07,0.0,1.0,-0.002015542471781373,-89.36126708984375,-0.0005024296601590095,-0.0009329790881986192,0.042612381279468536,-2.0900486561004072e-05,-2.9402144718915224e-08,9.8100004196167,-1.3146994604085194e-10,2.150582290028069e-08,-3.1419615173500226e-13,4852,True,None,None,Driving
1c84dc27,2025-04-11 15:17:25,878fb440,18.402370700774398,0.8500000238418579,0.0,0.0,-89.6065902709961,-0.00020032179995155275,0.0009541355398717561,0.1417316049337387,1.8993455171585083,0.001936197280883789,9.878541946411133,7.185153663158417e-07,-0.004261137917637825,-6.826086519140517e-06,4776,True,None,None,Driving
1a625218,2025-04-11 15:17:25,0725ac35,20.346766607623934,0.3743833005428314,0.0,-0.09664945304393768,10.587281227111816,-0.0002467374234811359,-0.0008734955137931655,-0.007855262607336044,0.6202306747436523,-1.2886922359466553,9.820940971374512,0.023934444412589073,-0.0033263531513512135,-0.22889037430286407,4960,True,None,None,Driving
f536d1cc,2025-04-11 15:17:26,9d42b0e9,15.967404705095195,0.8500000238418579,0.0,0.31278571486473083,-129.34596252441406,-0.0005410678678714476,-0.0003557632002597289,-0.019056739285588264,0.8095545768737793,2.49575138092041,9.816446304321289,0.025661520659923553,-0.0013996772468090057,0.4597994387149811,5468,True,None,None,Driving
853e820d,2025-04-11 15:17:27,6097143a,19.624986447036775,0.8500000238418579,0.0,0.0491560734808445,87.3295669555664,0.0004006067274957559,-0.00046936675463570346,-0.01077625248581171,-0.03528475761413574,0.21520689129829407,9.793009757995605,-0.0014028145233169198,-0.0035183457657694817,0.148611381649971,5228,True,None,None,Driving
cecc0041,2025-04-11 15:17:28,fe4493fd,20.248609644677057,0.6232935190200806,0.0,-0.0010553877800703049,90.4770278930664,0.00024082502689282137,-0.00046949244969117493,0.06775562465190887,0.3438150882720947,0.1469895839691162,9.788300514221191,-4.818802699446678e-05,-0.006076473742723465,-0.04486997798085213,5044,True,None,None,Driving
680c40be,2025-04-11 15:17:28,8daa3c29,20.30915100281703,0.4057982861995697,0.0,0.0,0.5977797508239746,0.000549988378779176,-0.0001980628185468231,-0.029444007202982903,0.0973505899310112,0.006335300859063864,9.810734748840332,-0.00018483458552509546,0.000153915912960656,-3.59052573912777e-05,5116,True,None,None,Driving
1f5381bf,2025-04-11 15:17:29,cf8c6717,19.9768876623401,0.5764028429985046,0.0,-0.04441480711102486,-85.02547454833984,-0.000851304785044249,0.0009467873822559297,-0.00447299936786294,-0.0985991358757019,-0.24560320377349854,9.809687614440918,0.00484850537031889,0.000510083045810461,-0.07317306101322174,5180,True,None,None,Driving
19243146,2025-04-11 15:17:30,74f08caa,20.182792973765036,0.674155056476593,0.0,-0.07524670660495758,-76.83432006835938,-0.0009308050571661397,0.0009661854053367925,0.0028878783341497183,-0.31501880288124084,-0.10083846747875214,9.804853439331055,0.008562520146369934,0.00472587626427412,-0.051330383867025375,4800,True,None,None,Driving
906e27bc,2025-04-11 15:17:31,dc1d68a4,19.958288214776644,0.4294271171092987,0.0,-0.012004475109279156,-88.54669189453125,-0.0007818743728620348,0.0009807521874960127,-0.0006086349603720009,0.09095561504364014,0.3708340525627136,9.791144371032715,-0.0012308359146118164,0.0034771482460200787,-0.04916987195611,5188,True,None,None,Driving
f02abb49,2025-04-11 15:17:32,737618c8,19.722026575407106,0.7959551215171814,0.0,0.17513610422611237,139.26632690429688,-0.001112898949415353,0.0007544262463166897,-0.0034479903988540173,-0.08873054385185242,0.4708945155143738,9.810184478759766,-0.004947611130774021,0.0005075526423752308,0.14401711523532867,5408,True,None,None,Driving
7414ba37,2025-04-11 15:17:33,c1b2511a,2.746585388594237e-07,0.0,1.0,0.004007019568234682,-89.64400482177734,0.0002995649683867896,-0.0003749194282720512,-0.005357627756893635,-1.0450243280502036e-05,-6.471327651524916e-08,9.8100004196167,-1.3655474973006676e-08,6.883940528723542e-09,5.3843319641191587e-14,4920,True,None,None,Driving
781042d8,2025-04-11 15:17:34,ff157def,20.234397066949374,0.5358099937438965,0.0,-0.038894474506378174,-0.02294921688735485,-0.0012682528292060624,0.0005424766257048993,-0.0071163177490234375,0.16262084245681763,-0.3820197880268097,9.808333396911621,-0.0005536185344681144,-0.0003344864526297897,-0.058208856731653214,5464,True,None,None,Driving
afcb4819,2025-04-11 15:17:34,10664a45,0.00966195962914135,0.0,1.0,-0.0025496529415249825,89.96101379394531,-0.0009634952980803746,-0.0004357164269103591,-0.0038330841343849897,-0.055797774344682693,-7.438287138938904e-05,9.825223922729492,2.253800630569458e-05,-0.014546574093401432,1.4952620404073969e-06,5512,True,None,Yellow,Driving
972a0155,2025-04-11 15:17:35,ed7f6965,19.42844193000231,0.8500000238418579,0.0,0.0,0.3156343400478363,-0.0012362301976196477,0.00042540830151741824,0.03878471255302429,2.8576276302337646,0.004290904849767685,9.780937194824219,2.4171265522454632e-06,-0.003028949722647667,8.260606591647957e-06,5520,True,None,None,Driving
b27d7b8e,2025-04-11 15:17:36,5058becd,20.10421904708463,0.8500000238418579,0.0,0.0013194821076467633,-89.65251922607422,-6.774932219855145e-05,0.0009864791256259193,-0.029499949887394905,3.0797698497772217,-0.01151418685913086,9.985940933227539,0.0020025884732604027,0.014612396247684956,0.01974802277982235,5680,True,None,None,Driving
db76a690,2025-04-11 15:17:37,625e19ab,14.578811018774458,0.8500000238418579,0.0,0.0,-89.60657501220703,-0.00018100363845974243,0.0009542701446094583,0.003237075638025999,2.480745315551758,0.0024368762969970703,9.706934928894043,8.87364149093628e-06,-0.07105863094329834,-3.322909469716251e-05,5480,True,None,None,Driving
dad22063,2025-04-11 15:17:37,10bf3d87,0.0,0.0,1.0,0.0,-89.3775634765625,-0.00045307135705741075,-0.000932476102368682,0.01048484817147255,0.006338380742818117,5.224952474236488e-06,9.809998512268066,0.0,0.0,0.0,5688,True,None,Red,Driving
d92edd09,2025-04-11 15:17:38,139a51c2,6.523611226476943e-07,0.0,1.0,-0.002015542471781373,-89.36126708984375,-0.0005024296601590095,-0.0009329790881986192,0.042612381279468536,-2.0900486561004072e-05,-2.9402144718915224e-08,9.8100004196167,-8.391116068651172e-08,-1.7804744345539802e-08,-5.654939407365167e-13,5588,True,None,None,Driving
0760da2e,2025-04-11 15:17:39,878fb440,18.505581732599772,0.5281863212585449,0.0,0.0,-89.61299133300781,9.630156412754332e-06,0.0009555706840710864,0.1418944150209427,-0.7315146327018738,-0.00010401010513305664,9.806612968444824,2.4694018065929413e-06,-0.0019239344401285052,-5.420054094429361e-06,5572,True,None,None,Driving
67646940,2025-04-11 15:17:40,0725ac35,0.00303064951512766,0.0,1.0,0.0002485241857357323,0.22130057215690613,-0.0002511246538006162,-0.0007046717707632007,-0.0012374495854601264,-18.929155349731445,-0.0017411125591024756,10.311905860900879,-1.2535708265204448e-05,0.10313273221254349,-0.0005693298298865557,5688,True,None,None,Driving
332d6b9d,2025-04-11 15:17:41,9d42b0e9,6.4932146014554274e-06,0.0,1.0,0.0027467214968055487,-90.99541473388672,-0.0004251178801411015,-0.0003738247024699546,-0.01899089850485325,-6.270146695896983e-05,-6.754416972398758e-07,9.8100004196167,2.3737629817333072e-07,-9.42671158554731e-06,-2.0113614940253655e-10,5772,True,None,Red,Driving
a3593b3e,2025-04-11 15:17:42,6097143a,19.62061607098834,0.2487632930278778,0.0,0.01589345932006836,88.43536376953125,0.00017800947119894772,-0.0004395038642906549,-0.010894584469497204,-1.0446287393569946,0.19579285383224487,9.813610076904297,-0.00021792342886328697,0.0019781743176281452,-0.030888769775629044,5408,True,None,None,Driving
ce8aa274,2025-04-11 15:17:43,fe4493fd,2.6938310419626934e-06,0.0,1.0,-0.007731471210718155,90.41130828857422,0.00013532990872988648,-0.0004701198626602661,0.06759834289550781,2.6897188945440575e-05,-9.094947017729282e-13,9.8100004196167,3.8909990962565644e-07,2.244619736302411e-06,-8.575256477127979e-11,5260,True,None,None,Driving
9a721220,2025-04-11 15:17:44,8daa3c29,20.269848085458364,0.4172036349773407,0.0,-0.0049773030914366245,0.4617929458618164,0.0005474753343719385,2.9480065287197105e-05,-0.029438171535730362,-0.029388923197984695,-0.04828716814517975,9.809976577758789,0.0019013992277905345,-4.346507557784207e-05,-0.012859548442065716,5140,True,None,None,Driving
b2a4ce79,2025-04-11 15:17:45,cf8c6717,19.991504664468753,0.5765095353126526,0.0,-0.0006155604496598244,-89.5676498413086,-0.000629390438788846,0.0009511932886550774,-0.004458732437342405,0.0018810625188052654,-0.010081023909151554,9.80993938446045,-9.026100087794475e-06,3.676950655062683e-07,-0.000771444640122354,5264,True,None,None,Driving
344d4dce,2025-04-11 15:17:45,74f08caa,20.027711166117026,0.5558558106422424,0.0,0.0019086695974692702,-89.25900268554688,-0.0007069857523021028,0.00098174047686346,0.0028806303162127733,0.05723175033926964,0.0037607140839099884,9.809895515441895,0.0011064358986914158,-1.0192161425948143e-06,0.00969539675861597,5260,True,None,None,Driving
a168942f,2025-04-11 15:17:46,dc1d68a4,19.96756461773263,0.3084174692630768,0.0,-0.000870533986017108,-89.6015625,-0.0005531422692257593,0.0009831634216517359,-0.0012488936772570014,-0.42366236448287964,-0.027354001998901367,9.836020469665527,-0.000680738128721714,0.0038873404264450073,-0.0008052951889112592,5436,True,None,None,Driving
2e1ef272,2025-04-11 15:17:47,737618c8,19.62160840828823,0.6940029859542847,0.0,0.02180197462439537,178.98509216308594,-0.0011736141845659631,0.0005472512558763677,-0.0034590528812259436,-0.15201860666275024,0.11538217961788177,9.8113374710083,-0.0012809651670977473,0.0003741653054021299,0.03846088424324989,5960,True,None,None,Driving
5d3351bd,2025-04-11 15:17:48,c1b2511a,3.433237075014294e-07,0.0,1.0,0.004007019568234682,-89.64400482177734,0.0002995649683867896,-0.0003749194282720512,-0.005357627756893635,-1.0450243280502036e-05,-6.471327651524916e-08,9.8100004196167,1.1317508707975321e-08,1.7465872304001095e-08,8.815767668819696e-13,5056,True,None,None,Driving
ca412e69,2025-04-11 15:17:49,ff157def,20.053882914468677,0.43997326493263245,0.0,-0.07785564661026001,-27.887195587158203,-0.0012212879751700711,0.000758930090684359,-0.007111205719411373,-0.25007110834121704,-0.8044939637184143,9.810221672058105,0.0009092462132684886,0.00043528719106689095,-0.15189430117607117,4572,True,None,None,Driving
214a5a0a,2025-04-11 15:17:50,10664a45,3.398939901705614e-06,0.0,1.0,-0.0026020542718470097,89.96104431152344,-0.000963506263843783,-0.0004357164269103591,-0.004499893169850111,-3.657585330074653e-05,-1.8189894035458565e-12,9.8100004196167,8.303871368298132e-09,2.5754964383395418e-08,2.0281602189798492e-13,5252,True,None,Red,Driving
d5f83421,2025-04-11 15:17:50,ed7f6965,21.858795349112878,0.0,0.699999988079071,-0.03408291935920715,-9.974166870117188,-0.0012286421639373657,0.00064369794920062,0.038833387196063995,-3.664201021194458,-0.22896379232406616,9.830480575561523,0.0028620935045182705,0.009234368801116943,-0.16667692363262177,4544,True,None,None,Driving
e4e4445f,2025-04-11 15:17:51,5058becd,15.62154637771945,0.8500000238418579,0.0,0.0018742046086117625,-89.76250457763672,0.000149744463811885,0.0009876640448265985,-0.029363535344600677,4.980662822723389,0.007880687713623047,9.706550598144531,0.006335105746984482,0.051980145275592804,0.003068480407819152,5368,True,None,None,Driving
9fe79a6c,2025-04-11 15:17:52,625e19ab,20.011229289780072,0.14959019422531128,0.0,0.01693463698029518,-90.36344909667969,3.405230003750148e-05,0.0009557245474296106,0.0014483642298728228,-1.3119205236434937,0.0015490055084228516,9.861771583557129,-0.00031599216163158417,0.020146168768405914,-0.024750176817178726,5148,True,None,None,Driving
a91883d6,2025-04-11 15:17:53,10bf3d87,15.051179054759313,0.26307418942451477,0.0,0.029506951570510864,-88.77252197265625,-0.00040407386180163485,-0.0009318362501124762,0.010762939229607582,-1.0698778629302979,0.07591533660888672,9.826905250549316,-0.0004571586614474654,0.0006491716485470533,0.061753399670124054,5084,True,None,None,Driving
eccb0e23,2025-04-11 15:17:54,139a51c2,14.355065413899542,0.8500000238418579,0.0,0.0002485241857357323,-89.39806365966797,-0.0004838352218712316,-0.0009327844459098848,0.042537152767181396,4.374860763549805,0.016586780548095703,9.808141708374023,3.699885564856231e-05,-0.00022772856755182147,0.00029509211890399456,4684,True,None,None,Driving
7926169b,2025-04-11 15:17:54,878fb440,19.66541641648749,0.6854415535926819,0.0,-0.05892400071024895,-94.75879669189453,0.00023636148171135574,0.0009536483858617828,0.14181838929653168,-1.0312083959579468,-0.7228327989578247,9.799234390258789,-0.0010000463807955384,0.00027397111989557743,-0.12775848805904388,5308,True,None,None,Driving
9d51f2e3,2025-04-11 15:17:55,0725ac35,3.3729150330925686e-06,0.0,1.0,0.0011636738199740648,0.22110053896903992,-0.00025112489369405466,-0.000704632910841471,-0.007587623316794634,0.010955339297652245,0.0,9.8099946975708,4.6539207687601447e-07,-6.4819976053343e-09,-5.163423577592141e-10,5212,True,None,None,Driving
9d77205f,2025-04-11 15:17:56,9d42b0e9,4.3078830337719954e-07,0.0,1.0,0.0027467214968055487,-90.99541473388672,-0.0004251178801411015,-0.0003738247024699546,-0.018991928547620773,-2.0900488379993476e-05,-4.8125002649612725e-08,9.8100004196167,1.2438199803455063e-07,3.411264515307266e-08,-3.2039632058555867e-10,5764,True,None,Red,Driving
4b2f5a79,2025-04-11 15:17:57,6097143a,21.569808324963468,0.14814135432243347,0.0,-0.09555001556873322,84.89041900634766,-1.1483936802392236e-05,-0.0004352399302510542,-0.011466674506664276,4.2365875244140625,-1.6085238456726074,9.81643295288086,-0.01126055233180523,-0.0007980000227689743,-0.1027577817440033,5288,True,None,None,Driving
604e7c83,2025-04-11 15:17:58,fe4493fd,16.078651818350973,0.7561808228492737,0.0,-0.0011014206102117896,89.91844940185547,8.351720235566518e-05,-0.00047007380645673456,0.06816551089286804,-1.712527871131897,-0.010092616081237793,9.743175506591797,-5.322275683283806e-05,0.007491741795092821,-0.0018779904348775744,5616,True,None,Green,Driving
ab3e5ed5,2025-04-11 15:17:59,8daa3c29,20.264600662492562,0.42033740878105164,0.0,0.0,-0.0167236328125,0.0005471524269324846,0.0002544950152622751,-0.02943771332502365,-0.0302893053740263,-0.0024947747588157654,9.809969902038574,4.232495030009886e-06,-3.344604920130223e-06,7.406620028405086e-08,5740,True,None,None,Driving
fb77b7a4,2025-04-11 15:17:59,cf8c6717,0.0,0.0,1.0,0.0,-89.61144256591797,-0.0004907531789086761,0.0009521558084800724,-0.004413070622831583,0.004143336322158575,-8.100410923361778e-06,9.809999465942383,0.0,0.0,0.0,5448,True,None,None,Driving
f6bbda22,2025-04-11 15:18:00,74f08caa,11.486786133699182,0.0,1.0,-0.0006155604496598244,-89.5985107421875,-0.0005034484480432866,0.0009834989739917512,0.0028059768956154585,-0.0049221813678741455,-0.004714101552963257,9.807759284973145,-0.00011653173714876175,0.004811910912394524,-0.0008451112662442029,5284,True,None,None,Driving
210fe085,2025-04-11 15:18:01,dc1d68a4,0.0,0.0,1.0,0.0,-89.6053466796875,-0.0004481026328733151,0.0009838809252153838,0.0018877028487622738,-0.040416207164525986,-3.725290298461914e-09,9.809917449951172,0.0,0.0,0.0,5300,True,None,Red,Driving
24d2b283,2025-04-11 15:18:02,737618c8,19.78042822433721,0.7909104824066162,0.0,0.0,-179.67605590820312,-0.0011728083380830867,0.00032845207717358997,-0.0034605024848133326,0.14754575490951538,0.0041764285415410995,9.80859661102295,-4.428604370332323e-06,-0.00034045433858409524,0.0005678905872628093,5192,True,None,None,Driving
b95930b7,2025-04-11 15:18:03,c1b2511a,21.25606374489169,0.0,0.19060735404491425,0.16756270825862885,-77.54608154296875,0.00042590984809010024,-0.0003668937235905812,-0.0052781677804887295,3.062415838241577,2.478928804397583,9.810945510864258,0.002036997815594077,-0.00022518308833241463,0.3412124812602997,5268,True,None,None,Driving
9dbe2721,2025-04-11 15:18:03,ff157def,20.23646530456994,0.526871919631958,0.0,-0.07163603603839874,-59.44731140136719,-0.0010649185972084751,0.0009153192755849683,-0.0071166991256177425,0.07519608736038208,-1.046554446220398,9.808467864990234,-0.0016861162148416042,-0.00024381373077630997,-0.1183432936668396,4844,True,None,None,Driving
2e76aec6,2025-04-11 15:18:04,10664a45,9.269807963864175e-07,0.0,1.0,-0.0026020542718470097,89.96104431152344,-0.000963506263843783,-0.0004357164269103591,-0.004499893169850111,-3.657585330074653e-05,-1.8189894035458565e-12,9.8100004196167,-6.851399447782569e-09,-1.9447661259164306e-09,5.745186769899602e-13,5436,True,None,Red,Driving
efffc256,2025-04-11 15:18:05,ed7f6965,19.96205841171572,0.612112283706665,0.0,-0.11186781525611877,-45.63609313964844,-0.0011269752192930582,0.0008298356721016464,0.038946762681007385,-1.0137542486190796,-0.12557169795036316,9.818745613098145,0.0012543590273708105,0.002883206820115447,-0.11375222355127335,4836,True,None,None,Driving
641a62a1,2025-04-11 15:18:06,5058becd,20.146729423860915,0.5380902886390686,0.0,-0.050695691257715225,-112.37919616699219,0.0003646015365035282,0.000953024776641644,-0.029947470873594284,0.26403653621673584,-0.6388850808143616,9.815643310546875,-0.01152917928993702,0.002451132982969284,-0.08107823133468628,5232,True,None,None,Driving
9cd89fe2,2025-04-11 15:18:07,625e19ab,20.184926384934066,0.48989981412887573,0.0,-0.02700510434806347,-96.296142578125,0.00024953732540211604,0.0009521640328021316,0.0017595291137695312,-0.21766415238380432,-0.37982362508773804,9.794852256774902,0.0113469073548913,0.0007344130426645279,-0.07362943142652512,5156,True,None,None,Driving
eaaf7be0,2025-04-11 15:18:08,10bf3d87,3.419659114612199,0.8500000238418579,0.0,0.14252600073814392,-8.742837905883789,-0.0002543252172699795,-0.0008286139490597523,0.014284973032772541,5.715724945068359,0.42586708068847656,9.6724271774292,0.007443508133292198,-0.09555328637361526,0.050728730857372284,5012,True,None,None,Driving
83e8b72e,2025-04-11 15:18:08,139a51c2,11.7390245583624,0.0,0.15805067121982574,0.2229486107826233,-69.83979034423828,-0.00032268850654304515,-0.0009167966379708692,0.042603492736816406,-1.4994211196899414,1.6978737115859985,9.813831329345703,0.003006224986165762,0.001425313763320446,0.2758232653141022,5228,True,None,None,Driving
90b8edcf,2025-04-11 15:18:09,878fb440,20.202474174538285,0.4915436804294586,0.0,-0.05207086727023125,-127.275146484375,0.00043947579878533816,0.0008724818660993691,0.14173248410224915,-0.001642465591430664,-0.39277809858322144,9.807012557983398,0.00043752125930041075,-0.0007227844325825572,-0.10615500807762146,5260,True,None,None,Driving
1dcf6bc0,2025-04-11 15:18:10,0725ac35,2.750513965484533e-06,0.0,1.0,0.0011636738199740648,0.22110053896903992,-0.00025112489369405466,-0.000704632910841471,-0.007587623316794634,0.010955339297652245,0.0,9.8099946975708,-3.942016633118328e-07,-5.1631186437361976e-08,4.275358678196284e-10,5256,True,None,None,Driving
c2fbb9c9,2025-04-11 15:18:11,9d42b0e9,1.4422463608680717e-06,0.0,1.0,0.0027467214968055487,-90.99541473388672,-0.0004251178801411015,-0.0003738247024699546,-0.018991928547620773,-2.0900488379993476e-05,-4.8125002649612725e-08,9.8100004196167,1.0860942012413943e-07,6.367777416471654e-09,9.499954642389064e-12,5140,True,None,Red,Driving
2be68321,2025-04-11 15:18:12,6097143a,20.231342675212403,0.26298967003822327,0.0,-0.21677835285663605,29.819162368774414,-0.00020531029674941692,-0.00033857841078101394,-0.010947532020509243,-0.32212674617767334,-2.5976040363311768,9.814810752868652,-0.0076143983751535416,0.002572867553681135,-0.46019017696380615,5404,True,None,None,Driving
bfa10f10,2025-04-11 15:18:13,fe4493fd,15.464958169424962,0.8500000238418579,0.0,-0.0008381697698496282,89.86148834228516,-9.810121275677375e-05,-0.00046962208556763305,0.06610679626464844,3.052201271057129,-0.0027616024017333984,9.815077781677246,4.229368641972542e-06,-0.0014698328450322151,-0.0015653716400265694,5336,True,None,None,Driving
41cbbff2,2025-04-11 15:18:14,8daa3c29,20.264055568440995,0.4206981956958771,0.0,0.0,-0.0231323204934597,0.0005472441281284546,0.00048456708373755073,-0.02943771332502365,-0.030283749103546143,-0.002505050739273429,9.809953689575195,1.3088001651340164e-06,-6.668911964879953e-07,-4.0079839891404845e-08,5424,True,None,None,Driving
da88e01e,2025-04-11 15:18:14,cf8c6717,0.0,0.0,1.0,0.0,-89.61144256591797,-0.0004907531789086761,0.0009521558084800724,-0.004413070622831583,0.004143336322158575,-8.100410923361778e-06,9.809999465942383,0.0,0.0,0.0,5588,True,None,None,Driving
11752a25,2025-04-11 15:18:15,74f08caa,0.0,0.0,1.0,0.0,-89.60136413574219,-0.0004896256928930143,0.0009835948558797579,0.0028527830727398396,0.06552457809448242,-2.209097146987915e-06,9.809782028198242,0.0,0.0,0.0,5580,True,None,None,Driving
8a070759,2025-04-11 15:18:16,dc1d68a4,0.0,0.0,1.0,0.0,-89.6053466796875,-0.0004481026328733151,0.0009838809252153838,0.0018877028487622738,-0.040416207164525986,-3.725290298461914e-09,9.809917449951172,0.0,0.0,0.0,5224,True,None,Red,Driving
4e14cf9c,2025-04-11 15:18:17,737618c8,19.78646614251203,0.791802167892456,0.0,0.0016594893531873822,-179.153564453125,-0.0011709386755427431,9.737136413377068e-05,-0.0034608840942382812,0.1569574773311615,0.00284397741779685,9.808749198913574,-0.00015604907821398228,-0.0003674778272397816,0.002176955807954073,5668,True,None,None,Driving
16183f6f,2025-04-11 15:18:18,c1b2511a,21.355991645735433,0.1782321035861969,0.0,-0.00918705016374588,1.1338282823562622,0.0005186018299667694,-0.00018910961594512682,-0.00554111460223794,2.7339489459991455,0.1597108095884323,9.788434982299805,0.002796379616484046,-0.00264767580665648,-0.01280163787305355,5556,True,None,None,Driving
d91995c7,2025-04-11 15:18:19,ff157def,20.268636800904055,0.4128842055797577,0.0,-0.005610432475805283,-87.20297241210938,-0.0008394788267622744,0.0009792836662563256,-0.006629409734159708,-0.020734190940856934,-0.06661238521337509,9.886181831359863,0.003480984130874276,-0.004138466902077198,-0.06964101642370224,5056,True,None,None,Driving
19ef3259,2025-04-11 15:18:19,10664a45,1.4762908275380409e-06,0.0,1.0,-0.0026020542718470097,89.96104431152344,-0.000963506263843783,-0.0004357164269103591,-0.004499893169850111,-3.657585330074653e-05,-1.8189894035458565e-12,9.8100004196167,-9.150375568367508e-09,-1.945134719960606e-09,5.675730068224749e-13,5168,True,None,Red,Driving
9d1b4ff9,2025-04-11 15:18:20,ed7f6965,19.521839399727682,0.6609911322593689,0.0,-0.019449589774012566,-76.20817565917969,-0.0009237174049445684,0.0009365076650421017,0.03903285786509514,-0.8756356239318848,-0.34347963333129883,9.808588981628418,0.0009191094432026148,0.0015167840756475925,-0.02075348049402237,5080,True,None,None,Driving
d54c1d61,2025-04-11 15:18:21,5058becd,20.232262679048354,0.4545348584651947,0.0,-0.03871535882353783,-145.5314483642578,0.0005416640969428954,0.0008048786926689362,-0.029887065291404724,0.18877212703227997,-0.07250227779150009,9.816489219665527,-0.00332561950199306,0.0007981685921549797,-0.1462518572807312,5004,True,None,None,Driving
1f0e1f71,2025-04-11 15:18:21,625e19ab,20.37830931031061,0.40515226125717163,0.0,-0.03352060914039612,-131.71043395996094,0.00045610387020644794,0.0008581710659642416,0.0015476607950404286,-0.043274521827697754,-0.4835363030433655,9.810791015625,0.016787488013505936,0.0016291923820972443,-0.1025615707039833,4928,True,None,None,Driving
ccb54e8c,2025-04-11 15:18:22,10bf3d87,5.5499261224897025e-06,0.0,1.0,-0.0009834838565438986,-0.6422423720359802,-0.0002517970264221958,-0.0007551938497088817,0.010659713298082352,3.0404149583773687e-05,-9.569532721798168e-09,9.809557914733887,-3.219421884637086e-08,2.3612918084836565e-05,-5.592858953740176e-10,5124,True,None,None,Driving
8148e536,2025-04-11 15:18:23,139a51c2,0.0003259645264467433,0.0,1.0,0.03752046078443527,-4.838991641998291,-0.00025394599036587806,-0.0008035808261119774,0.042677078396081924,-0.009654706344008446,0.000583479821216315,9.810700416564941,0.00018359981186222285,-0.0034251713659614325,1.5142877600737847e-06,5176,True,None,None,Driving
ac9636f8,2025-04-11 15:18:24,878fb440,20.182449947849058,0.43909725546836853,0.0,-0.07202866673469543,-162.5814208984375,0.0005617032744567041,0.0006883713700499183,0.14172546565532684,0.011166781187057495,-0.5609276294708252,9.81035041809082,0.0046763611026108265,0.0006085697095841169,-0.13797469437122345,5080,True,None,None,Driving
66a81bd4,2025-04-11 15:18:24,0725ac35,2.5945450893855527e-06,0.0,1.0,0.0011636738199740648,0.22110053896903992,-0.00025112489369405466,-0.000704632910841471,-0.007587623316794634,0.010955339297652245,0.0,9.8099946975708,1.3003362937524798e-06,-2.20163243191962e-09,-1.6988078721524857e-09,5724,True,None,None,Driving
10870322,2025-04-11 15:18:25,9d42b0e9,2.060049086598845e-07,0.0,1.0,0.0027467214968055487,-90.99541473388672,-0.0004251178801411015,-0.0003738247024699546,-0.018991928547620773,-2.0900488379993476e-05,-4.8125002649612725e-08,9.8100004196167,-2.140311039511289e-09,-5.81774628471976e-09,-9.061380660570217e-13,5220,True,None,Red,Driving
deaaa750,2025-04-11 15:18:26,6097143a,20.174837506191913,0.2891184985637665,0.0,0.01071332860738039,-0.2623595893383026,-0.00022132476522074285,-0.00012289224934867117,-0.010951346717774868,-0.4489027261734009,0.15166832506656647,9.814865112304688,-6.126049993326887e-05,0.0017654774710536003,-0.047569651156663895,5460,True,None,None,Driving
44842c89,2025-04-11 15:18:27,fe4493fd,19.723186523120862,0.4355178773403168,0.0,-0.00017573311924934387,89.8413314819336,-0.0002734736321770015,-0.0004691083395830017,0.06807155162096024,-1.4175541400909424,-0.1776261329650879,9.814423561096191,-0.00035868678241968155,0.010509133338928223,0.047206781804561615,5536,True,None,None,Driving
6a77b46f,2025-04-11 15:18:28,8daa3c29,20.26281140869059,0.42280280590057373,0.0,0.07834838330745697,18.402053833007812,0.0005261324989902505,0.0006972931146197382,-0.0294272992759943,-0.0794520378112793,1.548330307006836,9.827943801879883,-0.03832992538809776,-0.0021861251443624496,0.19532035291194916,5332,True,None,None,Driving
1fba9593,2025-04-11 15:18:28,cf8c6717,0.0,0.0,1.0,0.0,-89.61144256591797,-0.0004907531789086761,0.0009521558084800724,-0.004413070622831583,0.004143336322158575,-8.100410923361778e-06,9.809999465942383,0.0,0.0,0.0,5500,True,None,None,Driving
668228a6,2025-04-11 15:18:29,74f08caa,0.0,0.0,1.0,0.0,-89.60136413574219,-0.0004896256928930143,0.0009835948558797579,0.0028527830727398396,0.06552457809448242,-2.209097146987915e-06,9.809782028198242,0.0,0.0,0.0,5416,True,None,None,Driving
9c7eea43,2025-04-11 15:18:30,dc1d68a4,0.0,0.0,1.0,0.0,-89.6053466796875,-0.0004481026328733151,0.0009838809252153838,0.0018877028487622738,-0.040416207164525986,-3.725290298461914e-09,9.809917449951172,0.0,0.0,0.0,5536,True,None,Red,Driving
dc7a8836,2025-04-11 15:18:30,737618c8,19.314498681984887,0.4569805860519409,0.0,-0.0006948008667677641,-179.6223602294922,-0.0011691154804083226,-9.671137085552204e-05,-0.0033964919857680798,-0.46091052889823914,-0.01199437864124775,9.81171703338623,-6.881625449750572e-05,0.0009414342348463833,-0.0026836965698748827,5948,True,None,None,Driving
7060c837,2025-04-11 15:18:31,c1b2511a,20.309880960506103,0.39936667680740356,0.0,-0.0004775827983394265,0.6251606345176697,0.0005162274339198802,8.84343842215112e-06,-0.005196533165872097,0.010421019047498703,0.03735437989234924,9.809771537780762,1.3712327017856296e-05,-2.9819088013027795e-05,-0.013862060382962227,5828,True,None,None,Driving
cc0adef5,2025-04-11 15:18:32,ff157def,20.19726313288352,0.46001651883125305,0.0,0.0,-89.56387329101562,-0.000643009504898373,0.0009825396068235456,-0.007119254674762487,0.013919562101364136,0.19489361345767975,9.809985160827637,-2.6487914510653354e-06,-8.37767765915487e-06,-0.045799121260643005,5292,True,None,None,Driving
2fdc7b5c,2025-04-11 15:18:33,10664a45,2.3002830732095332e-06,0.0,1.0,-0.0026020542718470097,89.96104431152344,-0.000963506263843783,-0.0004357164269103591,-0.004499893169850111,-3.657585330074653e-05,-1.8189894035458565e-12,9.8100004196167,-1.603419974571807e-08,-5.833642902075553e-09,6.757594700826375e-13,5308,True,None,Red,Driving
dc6b36d5,2025-04-11 15:18:33,ed7f6965,19.563197318550547,0.7456841468811035,0.0,-0.004838791210204363,-89.15465545654297,-0.00073556787582163,0.0009501639462133513,0.039009131491184235,0.14363093674182892,-0.19283877313137054,9.806279182434082,3.216465120203793e-05,-0.0003007100604008883,0.020589547231793404,5228,True,None,None,Driving
966d4c83,2025-04-11 15:18:34,5058becd,20.11914892828004,0.4933684170246124,0.0,-0.023572120815515518,-173.60379028320312,0.0006042505367247486,0.0006260654824578159,-0.03002012148499489,-0.12331492453813553,0.03781363368034363,9.816390991210938,-9.346942533738911e-05,0.00019656600488815457,-0.11120297014713287,5164,True,None,None,Driving
5e4eb9e8,2025-04-11 15:18:35,625e19ab,20.344417147370077,0.4145779311656952,0.0,-0.0890781506896019,-161.70663452148438,0.0005596669323182368,0.0006954425050843839,0.0015605926746502519,-0.06718796491622925,-1.7420291900634766,9.800134658813477,-0.0292523056268692,0.00035746581852436066,-0.17467020452022552,5424,True,None,None,Driving
01157e94,2025-04-11 15:18:36,10bf3d87,1.7166464601340673e-06,0.0,1.0,-0.0009834838565438986,-0.6422423720359802,-0.0002517970264221958,-0.0007551938497088817,0.010660743340849876,-5.225122094998369e-06,-5.3797059251792234e-08,9.8100004196167,8.658147976348118e-08,2.6587168022729202e-08,2.7853268736582892e-12,5032,True,None,None,Driving
e9de6872,2025-04-11 15:18:37,139a51c2,5.149871943472981e-07,0.0,1.0,0.03750808537006378,-4.83896017074585,-0.00025394593896521656,-0.0008035793183195999,0.04261260852217674,-4.702610749518499e-05,-3.6255923987482674e-06,9.8100004196167,-8.510350646417919e-09,-8.027443154645653e-10,7.703268361733406e-13,5332,True,None,None,Driving
84ad7f89,2025-04-11 15:18:38,878fb440,20.25371441479866,0.4623015522956848,0.0,-0.004659688100218773,-179.5150909423828,0.0005783307633180357,0.0004954666064225652,0.14171935617923737,0.039771463721990585,-0.03358179330825806,9.808424949645996,4.241743590682745e-05,-0.0006545925862155855,-0.009698943234980106,5348,True,None,None,Driving
0cec2b4d,2025-04-11 15:18:38,0725ac35,1.4837334763880723e-06,0.0,1.0,0.0011636738199740648,0.22110053896903992,-0.00025112489369405466,-0.000704632910841471,-0.007587623316794634,0.010955339297652245,0.0,9.8099946975708,2.4626729100418743e-07,1.2103815549835417e-07,-2.5178889528909565e-10,5304,True,None,None,Driving
c2324442,2025-04-11 15:18:39,9d42b0e9,3.546155148211148,0.8500000238418579,0.0,0.002336454577744007,-90.97428894042969,-0.0004232142579922993,-0.0003738548240494964,-0.01986316591501236,2.0898141860961914,0.0015096664428710938,9.820823669433594,-8.935749065130949e-06,0.0007591078756377101,0.0011072924826294184,5124,True,None,Green,Driving
02c17f8e,2025-04-11 15:18:40,6097143a,20.124918428837802,0.3390505909919739,0.0,0.010673830285668373,-0.3415221571922302,-0.00022195856915629975,8.486838135828302e-05,-0.010945739224553108,-0.2733842134475708,0.16399231553077698,9.813672065734863,-4.0054252167465165e-05,0.0013853742275387049,-0.04823065549135208,5472,True,None,None,Driving
4359d307,2025-04-11 15:18:41,fe4493fd,19.625051800659165,0.5122072100639343,0.0,-0.2752142548561096,88.61372375488281,-0.0004738780694140132,-0.00046826586059206245,0.06794296205043793,-1.3472628593444824,-3.858912467956543,9.82714557647705,-0.04182058945298195,0.011738501489162445,-0.273036390542984,5512,True,None,None,Driving
b02bb539,2025-04-11 15:18:42,8daa3c29,20.266247845627113,0.42282047867774963,0.0,0.04494142159819603,52.70075988769531,0.00040760809287121447,0.0008574175124555673,-0.029441870748996735,-0.004614807665348053,0.33999335765838623,9.81469440460205,0.023731065914034843,-0.0011756825260818005,0.11382094025611877,4968,True,None,None,Driving
648dcee1,2025-04-11 15:18:42,cf8c6717,0.0,0.0,1.0,0.0,-89.61144256591797,-0.0004907531789086761,0.0009521558084800724,-0.004413070622831583,0.004143336322158575,-8.100410923361778e-06,9.809999465942383,0.0,0.0,0.0,5384,True,None,None,Driving
718eeec7,2025-04-11 15:18:43,74f08caa,0.0,0.0,1.0,0.0,-89.60136413574219,-0.0004896256928930143,0.0009835948558797579,0.0028527830727398396,0.06552457809448242,-2.209097146987915e-06,9.809782028198242,0.0,0.0,0.0,5424,True,None,None,Driving
4a8fa3c2,2025-04-11 15:18:44,dc1d68a4,0.0,0.0,1.0,0.0,-89.6053466796875,-0.0004481026328733151,0.0009838809252153838,0.0018877028487622738,-0.040416207164525986,-3.725290298461914e-09,9.809917449951172,0.0,0.0,0.0,5332,True,None,Red,Driving
2d20acde,2025-04-11 15:18:44,737618c8,0.0,0.0,1.0,0.0,-179.62123107910156,-0.0011686738343001934,-0.00016761754339595747,-0.004901771433651447,0.023468362167477608,-3.9896687667351216e-05,9.809972763061523,0.0,0.0,0.0,5928,True,None,Red,Driving
bd957acc,2025-04-11 15:18:45,c1b2511a,20.325133703709373,0.38585013151168823,0.0,0.00017573311924934387,-0.011413573287427425,0.0005157004604825488,0.00021932771133311135,-0.005198287777602673,-0.002480012597516179,-0.047506071627140045,9.810015678405762,6.217392638063757e-06,-6.438988293666625e-07,0.011287195608019829,4932,True,None,None,Driving
c7ad6e25,2025-04-11 15:18:46,ff157def,5.841417006706331e-07,0.0,1.0,-0.0013194821076467633,-89.54718017578125,-0.0005388134783856913,0.0009832708175906255,-0.007278213277459145,-5.225122094998369e-06,-2.2737367544323206e-13,9.8100004196167,-5.488254828378558e-08,-3.04471001300044e-07,5.966991224043428e-13,5204,True,None,None,Driving
70d2c935,2025-04-11 15:18:46,10664a45,19.134910662334985,0.8500000238418579,0.0,0.040122177451848984,92.69141387939453,-0.0010504980023711141,-0.00043680652653129744,-0.005272407550364733,-0.5436698794364929,0.2788766324520111,9.876466751098633,-0.008118621073663235,0.013639512471854687,0.024421922862529755,5300,True,None,None,Driving
2a09464a,2025-04-11 15:18:47,ed7f6965,8.974604786778931,0.0,1.0,0.0,-89.59647369384766,-0.0005557624697019037,0.000951693464508311,0.039121054112911224,-5.511755466461182,-0.0012331008911132812,9.816362380981445,-1.9861850887537003e-05,0.006349771283566952,-6.963105988688767e-06,5388,True,None,None,Driving
bed4a489,2025-04-11 15:18:48,5058becd,20.210017739570716,0.4491855204105377,0.0,-0.0017372046131640673,-179.91400146484375,0.0006099987895424874,0.00040956150643370933,-0.029828928411006927,-0.02576921507716179,0.1954752802848816,9.807608604431152,0.0010112007148563862,-0.00029661928419955075,-0.0576738677918911,5584,True,None,None,Driving
ba29ced8,2025-04-11 15:18:49,625e19ab,20.370591550784425,0.40811771154403687,0.0,-0.0011323104845359921,-179.66375732421875,0.0005784145143366004,0.0004790612085309937,0.001538505544885993,0.1005420982837677,-0.019019288942217827,9.807519912719727,0.0004233993822708726,-0.0019327052868902683,-0.003458028193563223,5288,True,None,None,Driving
6267c843,2025-04-11 15:18:49,10bf3d87,3.9324173173459176,0.8500000238418579,0.0,-0.0023932361509650946,-0.5548400282859802,-0.00025177034876833204,-0.0007534679757247587,0.009706535376608372,3.5031497478485107,0.02512422576546669,9.806249618530273,1.7112508430727758e-05,-0.007297388277947903,0.0005766706308349967,5368,True,None,None,Driving
